specimen_id,latitude,longitude
Coffea_abbayesii,-24.36666,46.45
Coffea_abbayesii,-24.73,46.83
Coffea_abbayesii,-24.7333,46.8333
Coffea_abbayesii,-24.66667,46.83333
Coffea_abbayesii,-24.733333,46.833333
Coffea_abbayesii,-24.8,46.85
Coffea_abbayesii,-24.760833,46.863333
Coffea_abbayesii,-24.836667,46.962222
Coffea_abbayesii,-24.842778,47.136111
Coffea_abbayesii,-24.835833,47.136667
Coffea_abbayesii,-24.835216,47.1401
Coffea_abbayesii,-24.796389,47.166111
Coffea_abbayesii,-21.3825,47.863889
Coffea_abbayesii,-21.383333,47.866667
Coffea_abbayesii,-21.377889,47.867861
Coffea_ambanjensis,-14.06667,48.28333
Coffea_ambanjensis,-14.066667,48.283333
Coffea_ambanjensis,-13.783333,48.316667
Coffea_ambanjensis,-13.820833,48.317778
Coffea_ambanjensis,-13.838611,48.3225
Coffea_ambanjensis,-13.8,48.33333
Coffea_ambongensis,-16.15,45.25
Coffea_ambongensis,-16.121389,45.335
Coffea_ambongensis,-16.12,45.34
Coffea_ambongensis,-15.577499,46.416667
Coffea_ambongensis,-15.5775,46.416667
Coffea_ambongensis,-15.5775,46.41667
Coffea_ambongensis,-15.57528,46.41833
Coffea_ambongensis,-15.575,46.418333
Coffea_ambongensis,-15.575277,46.418333
Coffea_ambongensis,-15.575278,46.418333
Coffea_ambongensis,-15.575278,46.418611
Coffea_ambongensis,-15.58,46.42
Coffea_ambongensis,-15.218889,47.135
Coffea_ambongensis,-15.03556,47.81083
Coffea_andrambovatensis,-21.516667,47.75
Coffea_andrambovatensis,-21.525,47.758333
Coffea_andrambovatensis,-21.383333,47.866667
Coffea_ankaranensis,-21.383333,47.866667
Coffea_ankaranensis,-12.7,49.13333
Coffea_ankaranensis,-12.9,49.13333
Coffea_ankaranensis,-12.783333,49.15
Coffea_ankaranensis,-12.883333,49.2
Coffea_ankaranensis,-12.916667,49.2
Coffea_ankaranensis,-12.91666,49.21666
Coffea_ankaranensis,-12.9,49.216667
Coffea_ankaranensis,-12.876667,49.220278
Coffea_ankaranensis,-12.45,49.266667
Coffea_ankaranensis,-12.220198,49.394219
Coffea_anthonyi,3.183333,12.55
Coffea_anthonyi,1.733333,12.866667
Coffea_anthonyi,1.73333,12.86667
Coffea_anthonyi,4.58,13.68
Coffea_anthonyi,4.583333,13.683333
Coffea_anthonyi,4.58333,13.73333
Coffea_anthonyi,4.7,13.816667
Coffea_anthonyi,4.7,13.83333
Coffea_anthonyi,4.7,13.833333
Coffea_anthonyi,2.116667,14.0
Coffea_anthonyi,2.05,14.133333
Coffea_arenesiana,-18.939287,47.5331
Coffea_arenesiana,-18.919722,47.928889
Coffea_arenesiana,-18.883333,48.033333
Coffea_arenesiana,-19.177222,48.216667
Coffea_arenesiana,-19.177222,48.228611
Coffea_arenesiana,-19.120401,48.254139
Coffea_arenesiana,-18.95,48.275
Coffea_augagneurii,-21.3825,47.863889
Coffea_augagneurii,-12.479722,49.213056
Coffea_bakossii,5.0,9.633333
Coffea_bakossii,5.180528,9.676028
Coffea_bakossii,4.833333,9.683333
Coffea_bakossii,4.766667,9.7
Coffea_bakossii,5.1,9.718
Coffea_bakossii,4.925833,9.733333
Coffea_benghalensis,18.7,100.0
Coffea_benghalensis,-6.5897,106.7913
Coffea_benghalensis,8.68834,77.309471
Coffea_benghalensis,26.934315,89.085388
Coffea_benghalensis,26.908314,89.365808
Coffea_benghalensis,26.86083,89.415985
Coffea_benghalensis,24.5,90.16667
Coffea_benghalensis,27.500227,90.508064
Coffea_benghalensis,27.137598,90.675743
Coffea_benghalensis,27.115768,90.712921
Coffea_benghalensis,26.795279,90.957779
Coffea_benghalensis,26.795,90.959198
Coffea_benghalensis,27.232744,91.195992
Coffea_benghalensis,26.154205,91.85257
Coffea_benghalensis,11.633333,99.6
Coffea_bertrandii,-24.820319,46.486576
Coffea_bertrandii,-25.01666,46.63333
Coffea_bertrandii,-25.023333,46.639722
Coffea_bertrandii,-25.03333,46.66666
Coffea_bertrandii,-25.122222,46.674722
Coffea_bertrandii,-25.06667,46.68333
Coffea_bertrandii,-25.066667,46.683333
Coffea_bertrandii,-25.15,46.75833
Coffea_bertrandii,-21.383333,47.866667
Coffea_betamponensis,-17.0,49.0
Coffea_betamponensis,-17.931667,49.203333
Coffea_betamponensis,-16.8625,49.266945
Coffea_bissetiae,-16.05,45.8
Coffea_bissetiae,-15.716667,46.316667
Coffea_bissetiae,-15.404856,46.402183
Coffea_bissetiae,-16.71056,46.40694
Coffea_bissetiae,-16.710555,46.406944
Coffea_bissetiae,-16.71,46.41
Coffea_bissetiae,-15.588889,46.432222
Coffea_bissetiae,-15.428146,46.474407
Coffea_bissetiae,-16.32475,46.672742
Coffea_bissetiae,-16.32,46.8
Coffea_bissetiae,-16.319444,46.801111
Coffea_bissetiae,-16.328888,46.805277
Coffea_bissetiae,-16.328889,46.805278
Coffea_bissetiae,-16.33,46.81
Coffea_bissetiae,-16.234735,46.820657
Coffea_bissetiae,-15.466667,47.15
Coffea_bissetiae,-15.47,47.15
Coffea_bissetiae,-15.767105,47.495654
Coffea_bissetiae,-15.403732,47.504282
Coffea_bissetiae,-15.487327,47.549289
Coffea_bissetiae,-15.692281,47.552669
Coffea_bissetiae,-15.407416,47.590008
Coffea_bissetiae,-14.999613,47.709321
Coffea_boinensis,-16.139983,46.778291
Coffea_boinensis,-16.3,46.8
Coffea_boinensis,-16.319444,46.801111
Coffea_boinensis,-16.3194,46.8075
Coffea_boinensis,-16.31944,46.8075
Coffea_boinensis,-16.319444,46.8075
Coffea_boinensis,-16.32,46.81
Coffea_boinensis,-16.3,46.816667
Coffea_boinensis,-16.314444,46.817778
Coffea_boinensis,-16.3,46.82
Coffea_boinensis,-16.31,46.82
Coffea_boinensis,-16.88,46.95
Coffea_boinensis,-15.03556,47.81083
Coffea_boiviniana,-18.00056,44.27417
Coffea_boiviniana,-18.000608,44.2743
Coffea_boiviniana,-18.057006,44.568119
Coffea_boiviniana,-16.461111,45.341667
Coffea_boiviniana,-16.333333,45.35
Coffea_boiviniana,-16.433333,45.358333
Coffea_boiviniana,-16.449722,45.396944
Coffea_boiviniana,-17.069855,45.883351
Coffea_boiviniana,-17.154961,45.893891
Coffea_boiviniana,-19.37333,46.70611
Coffea_boiviniana,-16.319444,46.801111
Coffea_boiviniana,-16.319444,46.8075
Coffea_boiviniana,-16.314444,46.817777
Coffea_boiviniana,-16.879999,46.95
Coffea_boiviniana,-16.021247,47.241667
Coffea_boiviniana,-15.01666,47.26666
Coffea_boiviniana,-16.090702,47.300588
Coffea_boiviniana,-16.02418,47.348442
Coffea_boiviniana,-21.376389,47.867778
Coffea_boiviniana,-12.9,49.083333
Coffea_boiviniana,-12.922778,49.086389
Coffea_boiviniana,-12.921111,49.108889
Coffea_boiviniana,-12.208129,49.201458
Coffea_boiviniana,-12.257155,49.233713
Coffea_boiviniana,-12.370286,49.24682
Coffea_boiviniana,-12.89944,49.2875
Coffea_boiviniana,-12.899444,49.2875
Coffea_boiviniana,-12.374073,49.300204
Coffea_boiviniana,-12.343523,49.331899
Coffea_boiviniana,-12.263782,49.340043
Coffea_boiviniana,-12.917028,49.349672
Coffea_boiviniana,-12.33,49.35
Coffea_boiviniana,-12.34625,49.352111
Coffea_boiviniana,-12.336711,49.353747
Coffea_boiviniana,-12.25,49.38333
Coffea_boiviniana,-12.388317,49.39833
Coffea_boiviniana,-12.593611,49.442778
Coffea_boiviniana,-13.140555,49.461111
Coffea_boiviniana,-13.133889,49.476945
Coffea_boiviniana,-12.673611,49.544444
Coffea_boiviniana,-13.208889,49.554167
Coffea_boiviniana,-12.9,49.583333
Coffea_boiviniana,-13.274722,49.600833
Coffea_bonnieri,-21.3825,47.863889
Coffea_bonnieri,-13.75,48.08
Coffea_bonnieri,-13.75806,48.08694
Coffea_bonnieri,-13.75889,48.08972
Coffea_bonnieri,-13.76,48.09
Coffea_bonnieri,-13.76194,48.09222
Coffea_bonnieri,-13.761667,48.092222
Coffea_bonnieri,-12.61,49.15
Coffea_bonnieri,-12.53333,49.16666
Coffea_bonnieri,-12.516667,49.166667
Coffea_bonnieri,-12.51667,49.16667
Coffea_bonnieri,-12.51556,49.17611
Coffea_bonnieri,-12.515555,49.176111
Coffea_bonnieri,-12.515556,49.176111
Coffea_bonnieri,-14.3,49.75
Coffea_brassii,-13.326034,141.840486
Coffea_brassii,-10.686839,142.118768
Coffea_brassii,-10.8603,142.3642
Coffea_brassii,-10.859005,142.365454
Coffea_brassii,-12.211944,142.461667
Coffea_brassii,-9.42,142.533333
Coffea_brassii,-9.423515,142.542771
Coffea_brassii,-12.302386,142.594731
Coffea_brassii,-12.75,142.716667
Coffea_brassii,-12.75,142.71667
Coffea_brassii,-12.75683,142.726121
Coffea_brassii,-9.900111,142.771694
Coffea_brassii,-13.994612,142.811621
Coffea_brassii,-13.179611,142.999194
Coffea_brassii,-12.883333,143.016667
Coffea_brassii,-13.179722,143.107778
Coffea_brassii,-13.216864,143.150054
Coffea_brassii,-13.962222,143.19
Coffea_brassii,-13.962222,143.190278
Coffea_brassii,-12.356829,143.192781
Coffea_brassii,-13.966667,143.2
Coffea_brassii,-11.990165,143.242778
Coffea_brassii,-11.988889,143.248611
Coffea_brassii,-12.423496,143.276114
Coffea_brassii,-12.033333,143.3
Coffea_brassii,-13.7,143.3
Coffea_brassii,-12.039722,143.300556
Coffea_brassii,-13.706822,143.309452
Coffea_brassii,-14.016667,143.316667
Coffea_brassii,-14.1,143.316667
Coffea_brassii,-14.011389,143.323333
Coffea_brassii,-12.6,143.4
Coffea_brassii,-12.606827,143.40945
Coffea_brassii,-12.619444,143.4475
Coffea_brassii,-13.552892,143.513885
Coffea_brassii,-14.534972,143.848304
Coffea_brassii,-14.5,144.116667
Coffea_brassii,-14.5,144.1167
Coffea_brassii,-14.508241,144.132996
Coffea_brassii,-14.51667,144.13333
Coffea_brassii,-14.516667,144.133333
Coffea_brassii,-14.513835,144.13524
Coffea_brassii,-14.523479,144.142779
Coffea_brassii,-14.512556,144.59748
Coffea_brassii,-14.512566,144.598407
Coffea_brassii,-8.783333,146.5
Coffea_brassii,-8.75,146.583333
Coffea_brassii,-9.38333,147.11666
Coffea_brassii,-9.33333,147.23333
Coffea_brevipes,2.703916,10.261388
Coffea_brevipes,4.51667,10.33333
Coffea_brevipes,4.516667,10.333333
Coffea_brevipes,4.35,10.4
Coffea_brevipes,3.4,10.41
Coffea_brevipes,3.4,10.416667
Coffea_brevipes,3.08333,10.41667
Coffea_brevipes,4.36667,10.41667
Coffea_brevipes,4.37139,10.42111
Coffea_brevipes,4.371416,10.421166
Coffea_brevipes,3.18111,10.52472
Coffea_brevipes,3.181111,10.524722
Coffea_brevipes,3.19416,10.53583
Coffea_brevipes,3.19428,10.53583
Coffea_brevipes,3.194166,10.535833
Coffea_brevipes,3.19428,10.53589
Coffea_brevipes,2.750028,10.539056
Coffea_brevipes,3.31555,10.64583
Coffea_brevipes,3.315555,10.645833
Coffea_brevipes,3.3075,10.66666
Coffea_brevipes,3.3075,10.666667
Coffea_brevipes,3.41,10.76
Coffea_brevipes,3.43,10.76
Coffea_brevipes,3.416667,10.766667
Coffea_brevipes,3.433333,10.766667
Coffea_brevipes,-1.116667,11.133333
Coffea_brevipes,3.58,11.23
Coffea_brevipes,3.96667,11.38333
Coffea_brevipes,3.8,11.43333
Coffea_brevipes,0.566667,12.883333
Coffea_brevipes,2.28,14.1
Coffea_brevipes,-4.283333,20.416667
Coffea_brevipes,-0.71667,22.6
Coffea_brevipes,-4.972499,23.436111
Coffea_brevipes,-1.7,25.05
Coffea_brevipes,0.287166,25.308666
Coffea_brevipes,0.207305,25.345388
Coffea_brevipes,0.207277,25.345555
Coffea_brevipes,0.207305,25.345583
Coffea_brevipes,-0.243805,25.402722
Coffea_brevipes,-0.243777,25.402777
Coffea_brevipes,-0.243861,25.402888
Coffea_brevipes,-0.232805,25.412694
Coffea_brevipes,-0.388555,25.542777
Coffea_brevipes,-0.388583,25.542805
Coffea_brevipes,-0.388638,25.542916
Coffea_brevipes,-0.388611,25.543277
Coffea_brevipes,3.444444,25.691944
Coffea_brevipes,3.466667,25.716667
Coffea_brevipes,3.46667,25.71667
Coffea_brevipes,2.983333,25.933333
Coffea_brevipes,-0.733333,26.583333
Coffea_brevipes,-2.55,26.616667
Coffea_brevipes,-2.55,26.61667
Coffea_brevipes,-1.5,27.0
Coffea_brevipes,-4.766667,27.1
Coffea_brevipes,-4.76667,27.1
Coffea_brevipes,-1.416667,28.05
Coffea_brevipes,-1.41667,28.05
Coffea_brevipes,-2.0,28.66667
Coffea_brevipes,7.0,4.25
Coffea_brevipes,6.93333,4.43333
Coffea_brevipes,5.52777,8.6125
Coffea_brevipes,4.783333,8.983333
Coffea_brevipes,4.054167,9.0
Coffea_brevipes,4.066667,9.05
Coffea_brevipes,4.06667,9.05
Coffea_brevipes,4.35,9.05
Coffea_brevipes,4.05,9.066667
Coffea_brevipes,4.06666,9.08333
Coffea_brevipes,4.06667,9.08333
Coffea_brevipes,4.066667,9.083333
Coffea_brevipes,4.066667,9.116667
Coffea_brevipes,4.05,9.15
Coffea_brevipes,4.01,9.16
Coffea_brevipes,4.083333,9.166667
Coffea_brevipes,4.2,9.18
Coffea_brevipes,4.08333,9.18333
Coffea_brevipes,4.083333,9.183333
Coffea_brevipes,4.216667,9.183333
Coffea_brevipes,4.366667,9.2
Coffea_brevipes,4.108333,9.201389
Coffea_brevipes,4.10833,9.20139
Coffea_brevipes,4.108333,9.201667
Coffea_brevipes,4.45,9.316667
Coffea_brevipes,4.93333,9.35
Coffea_brevipes,4.933334,9.35
Coffea_brevipes,4.815,9.6
Coffea_brevipes,4.78333,9.68333
Coffea_brevipes,4.783333,9.683333
Coffea_brevipes,4.816667,9.683333
Coffea_brevipes,4.833333,9.683333
Coffea_brevipes,4.833334,9.683333
Coffea_brevipes,4.825833,9.691111
Coffea_brevipes,4.85,9.7
Coffea_bridsoniae,-5.13,38.58
Coffea_bridsoniae,-5.061944,38.749444
Coffea_bridsoniae,-5.06,38.75
Coffea_bridsoniae,-5.03875,38.76806
Coffea_bridsoniae,-4.85,38.78
Coffea_buxifolia,-23.42,46.44583
Coffea_buxifolia,-20.616193,46.557159
Coffea_buxifolia,-20.62,46.56
Coffea_buxifolia,-20.581111,46.560278
Coffea_buxifolia,-20.618055,46.563888
Coffea_buxifolia,-20.618056,46.563889
Coffea_buxifolia,-20.566667,46.566667
Coffea_buxifolia,-20.577778,46.581389
Coffea_buxifolia,-20.5725,46.58166
Coffea_buxifolia,-20.526388,46.582777
Coffea_buxifolia,-20.566667,46.616667
Coffea_buxifolia,-20.595751,46.63298
Coffea_buxifolia,-20.51194,46.77527
Coffea_buxifolia,-19.566667,46.866667
Coffea_buxifolia,-20.095278,47.003889
Coffea_buxifolia,-20.06944,47.00444
Coffea_buxifolia,-20.089166,47.004722
Coffea_buxifolia,-20.089167,47.004722
Coffea_buxifolia,-22.726667,47.090555
Coffea_buxifolia,-20.25,47.15
Coffea_buxifolia,-20.657222,47.1925
Coffea_buxifolia,-18.141111,47.223889
Coffea_buxifolia,-21.25,47.25
Coffea_buxifolia,-18.072757,47.26181
Coffea_buxifolia,-18.166667,47.283333
Coffea_buxifolia,-19.661388,47.731666
Coffea_buxifolia,-19.270833,47.808611
Coffea_buxifolia,-21.383333,47.866667
Coffea_callmanderi,-13.64,48.67
Coffea_callmanderi,-13.64472,48.67194
Coffea_canephora,5.65,-0.183333
Coffea_canephora,7.11,-0.6
Coffea_canephora,6.35,-1.07
Coffea_canephora,6.583333,-1.116667
Coffea_canephora,6.2,-1.25
Coffea_canephora,10.383333,-12.25
Coffea_canephora,10.386206,-12.254522
Coffea_canephora,11.316667,-12.283333
Coffea_canephora,10.355756,-12.291886
Coffea_canephora,10.3546,-12.2939
Coffea_canephora,10.349975,-12.295578
Coffea_canephora,10.350475,-12.296417
Coffea_canephora,10.350639,-12.296919
Coffea_canephora,10.352722,-12.297417
Coffea_canephora,10.364242,-12.306739
Coffea_canephora,12.116667,-12.316667
Coffea_canephora,11.345072,-12.360817
Coffea_canephora,9.97958,-13.25443
Coffea_canephora,5.2,-2.4
Coffea_canephora,7.0,-3.0
Coffea_canephora,5.355809,-3.885371
Coffea_canephora,5.35,-4.03333
Coffea_canephora,5.33333,-4.5
Coffea_canephora,5.333333,-4.5
Coffea_canephora,5.283333,-4.783333
Coffea_canephora,6.045288,-5.83485
Coffea_canephora,6.131944,-5.950556
Coffea_canephora,6.131934,-5.950601
Coffea_canephora,7.3,-7.016667
Coffea_canephora,7.4,-7.166667
Coffea_canephora,5.681658,-7.391724
Coffea_canephora,7.863889,-7.465278
Coffea_canephora,7.7,-7.516667
Coffea_canephora,12.863724,-7.561091
Coffea_canephora,7.453822,-7.599114
Coffea_canephora,7.642778,-7.607222
Coffea_canephora,7.838056,-7.619167
Coffea_canephora,7.762778,-7.694167
Coffea_canephora,7.695556,-7.699444
Coffea_canephora,7.849167,-7.759722
Coffea_canephora,9.010628,-7.977667
Coffea_canephora,7.120278,-8.149167
Coffea_canephora,7.421389,-8.387222
Coffea_canephora,8.973875,-8.459211
Coffea_canephora,8.522856,-8.872361
Coffea_canephora,8.619806,-8.958458
Coffea_canephora,8.764736,-8.969828
Coffea_canephora,8.636267,-8.970319
Coffea_canephora,8.21346,-9.13471
Coffea_canephora,8.39766,-9.19295
Coffea_canephora,8.3403,-9.20356
Coffea_canephora,8.40862,-9.20483
Coffea_canephora,8.40849,-9.20489
Coffea_canephora,8.40849,-9.20493
Coffea_canephora,8.40853,-9.20494
Coffea_canephora,8.40863,-9.20495
Coffea_canephora,8.40861,-9.20496
Coffea_canephora,8.40852,-9.20498
Coffea_canephora,8.40878,-9.20498
Coffea_canephora,8.4086,-9.20499
Coffea_canephora,8.4086,-9.205
Coffea_canephora,8.40857,-9.20501
Coffea_canephora,8.40862,-9.20502
Coffea_canephora,8.40851,-9.20503
Coffea_canephora,8.40869,-9.20503
Coffea_canephora,8.40873,-9.20503
Coffea_canephora,8.40875,-9.20503
Coffea_canephora,8.40877,-9.20503
Coffea_canephora,8.40852,-9.20504
Coffea_canephora,8.40862,-9.20504
Coffea_canephora,8.40875,-9.20504
Coffea_canephora,8.4087,-9.20506
Coffea_canephora,8.40868,-9.20508
Coffea_canephora,8.40869,-9.20509
Coffea_canephora,8.4087,-9.20509
Coffea_canephora,8.40877,-9.20509
Coffea_canephora,8.40878,-9.20511
Coffea_canephora,8.40878,-9.20512
Coffea_canephora,8.40867,-9.20513
Coffea_canephora,8.40877,-9.20513
Coffea_canephora,8.40879,-9.20513
Coffea_canephora,8.40875,-9.20514
Coffea_canephora,8.40862,-9.20515
Coffea_canephora,8.40865,-9.20521
Coffea_canephora,8.3355,-9.20684
Coffea_canephora,8.33177,-9.21413
Coffea_canephora,8.39884,-9.21786
Coffea_canephora,8.39503,-9.24617
Coffea_canephora,8.39873,-9.24649
Coffea_canephora,8.460642,-9.270061
Coffea_canephora,8.444603,-9.273122
Coffea_canephora,8.36865,-9.29589
Coffea_canephora,8.36863,-9.29591
Coffea_canephora,8.36873,-9.29591
Coffea_canephora,8.36861,-9.29592
Coffea_canephora,8.36864,-9.29592
Coffea_canephora,8.36878,-9.29592
Coffea_canephora,8.36862,-9.29594
Coffea_canephora,8.36865,-9.29594
Coffea_canephora,8.36871,-9.29598
Coffea_canephora,8.36874,-9.29598
Coffea_canephora,8.36864,-9.29599
Coffea_canephora,8.36866,-9.29601
Coffea_canephora,8.3669,-9.29602
Coffea_canephora,8.36889,-9.29602
Coffea_canephora,8.36874,-9.29603
Coffea_canephora,8.36876,-9.29603
Coffea_canephora,8.36878,-9.29603
Coffea_canephora,8.36879,-9.29603
Coffea_canephora,8.36883,-9.29603
Coffea_canephora,8.36889,-9.29603
Coffea_canephora,8.36868,-9.29604
Coffea_canephora,8.3687,-9.29605
Coffea_canephora,8.36873,-9.29605
Coffea_canephora,8.36877,-9.29605
Coffea_canephora,8.36878,-9.29605
Coffea_canephora,8.36879,-9.29605
Coffea_canephora,8.36882,-9.29605
Coffea_canephora,8.36873,-9.29607
Coffea_canephora,8.36885,-9.29608
Coffea_canephora,8.36879,-9.29609
Coffea_canephora,8.3688,-9.29609
Coffea_canephora,8.36881,-9.29609
Coffea_canephora,8.36887,-9.29609
Coffea_canephora,8.3689,-9.29609
Coffea_canephora,8.36886,-9.2961
Coffea_canephora,8.36888,-9.2961
Coffea_canephora,8.3688,-9.29611
Coffea_canephora,8.36881,-9.29611
Coffea_canephora,8.36887,-9.29612
Coffea_canephora,8.36882,-9.29613
Coffea_canephora,8.36883,-9.29614
Coffea_canephora,8.36884,-9.29614
Coffea_canephora,8.36874,-9.296593
Coffea_canephora,8.37125,-9.29682
Coffea_canephora,8.37104,-9.29694
Coffea_canephora,8.37125,-9.29694
Coffea_canephora,8.383333,-9.298333
Coffea_canephora,8.37391,-9.2987
Coffea_canephora,8.38031,-9.29889
Coffea_canephora,8.38033,-9.29889
Coffea_canephora,8.38034,-9.29889
Coffea_canephora,8.38028,-9.29892
Coffea_canephora,8.38029,-9.29893
Coffea_canephora,8.38032,-9.29895
Coffea_canephora,8.38034,-9.29895
Coffea_canephora,8.38025,-9.29896
Coffea_canephora,8.38022,-9.29898
Coffea_canephora,8.3803,-9.29898
Coffea_canephora,8.38034,-9.29898
Coffea_canephora,8.38026,-9.298982
Coffea_canephora,8.38022,-9.29899
Coffea_canephora,8.38031,-9.29899
Coffea_canephora,8.38026,-9.299
Coffea_canephora,8.38028,-9.29901
Coffea_canephora,8.38029,-9.29901
Coffea_canephora,8.3803,-9.29902
Coffea_canephora,8.38031,-9.29902
Coffea_canephora,8.38029,-9.29903
Coffea_canephora,8.38018,-9.29913
Coffea_canephora,8.38017,-9.29914
Coffea_canephora,8.38022,-9.29914
Coffea_canephora,8.38015,-9.29915
Coffea_canephora,8.38017,-9.29916
Coffea_canephora,8.3802,-9.29916
Coffea_canephora,8.38016,-9.29919
Coffea_canephora,8.38019,-9.29919
Coffea_canephora,8.38013,-9.2992
Coffea_canephora,8.38015,-9.2992
Coffea_canephora,8.38019,-9.29921
Coffea_canephora,8.38535,-9.29936
Coffea_canephora,8.40245,-9.31028
Coffea_canephora,8.4013,-9.31106
Coffea_canephora,8.40573,-9.321506
Coffea_canephora,8.311689,-9.397281
Coffea_canephora,8.612981,-9.406722
Coffea_canephora,8.3814,-9.4333
Coffea_canephora,8.478333,-9.529722
Coffea_canephora,8.570994,-9.564989
Coffea_canephora,8.592011,-9.619356
Coffea_canephora,7.0,0.052083
Coffea_canephora,5.39,0.11
Coffea_canephora,6.947778,0.579722
Coffea_canephora,7.11361,0.59527
Coffea_canephora,7.0,0.8
Coffea_canephora,6.12,1.15
Coffea_canephora,6.566,1.65
Coffea_canephora,6.566667,1.65
Coffea_canephora,6.56667,1.65
Coffea_canephora,6.5833,1.6666
Coffea_canephora,6.5667,1.723
Coffea_canephora,5.4,10.016667
Coffea_canephora,5.4,10.01667
Coffea_canephora,5.06666,10.03333
Coffea_canephora,5.06667,10.03333
Coffea_canephora,5.066667,10.033333
Coffea_canephora,4.359278,10.228833
Coffea_canephora,-2.0945,10.446167
Coffea_canephora,-2.0945,10.44617
Coffea_canephora,-2.28333,10.5
Coffea_canephora,-2.283333,10.5
Coffea_canephora,-1.463889,10.575
Coffea_canephora,-1.46389,10.575
Coffea_canephora,-2.333333,10.666667
Coffea_canephora,-2.33333,10.66667
Coffea_canephora,-2.33,10.67
Coffea_canephora,4.71,11.66
Coffea_canephora,4.716667,11.666667
Coffea_canephora,3.373056,12.733056
Coffea_canephora,-0.8,12.83333
Coffea_canephora,-0.8,12.833333
Coffea_canephora,-5.160555,12.984166
Coffea_canephora,-0.58333,13.0
Coffea_canephora,-0.583333,13.0
Coffea_canephora,4.2,13.28
Coffea_canephora,4.2,13.283333
Coffea_canephora,4.4,13.33
Coffea_canephora,4.4,13.333333
Coffea_canephora,-5.516667,13.366667
Coffea_canephora,-5.51667,13.36667
Coffea_canephora,4.93,13.5
Coffea_canephora,4.933333,13.5
Coffea_canephora,-1.50111,13.79194
Coffea_canephora,-1.501111,13.791944
Coffea_canephora,-11.391111,14.173888
Coffea_canephora,3.31,14.26
Coffea_canephora,-11.0625,14.260833
Coffea_canephora,-10.7,14.266667
Coffea_canephora,3.316667,14.266667
Coffea_canephora,-8.498333,14.544444
Coffea_canephora,1.63333,14.56667
Coffea_canephora,-9.325833,14.761666
Coffea_canephora,-9.33444,14.77417
Coffea_canephora,3.48,14.8
Coffea_canephora,3.483333,14.8
Coffea_canephora,-9.293711,14.80751
Coffea_canephora,-9.34056,14.81
Coffea_canephora,-9.33389,14.8925
Coffea_canephora,-5.45,14.9
Coffea_canephora,-9.333333,14.9
Coffea_canephora,2.25,14.9
Coffea_canephora,-9.335252,14.902954
Coffea_canephora,-9.2025,14.99083
Coffea_canephora,-5.061944,15.128056
Coffea_canephora,2.05,15.16
Coffea_canephora,2.05,15.166667
Coffea_canephora,2.65,15.38333
Coffea_canephora,2.06,15.6
Coffea_canephora,2.066667,15.6
Coffea_canephora,2.7,16.116667
Coffea_canephora,2.7,16.11667
Coffea_canephora,2.35,16.15
Coffea_canephora,1.406111,16.320833
Coffea_canephora,-9.546,16.347
Coffea_canephora,3.116667,16.45
Coffea_canephora,3.11667,16.45
Coffea_canephora,-8.745555,16.605833
Coffea_canephora,-12.295286,17.544676
Coffea_canephora,-10.896944,18.084999
Coffea_canephora,0.05,18.3
Coffea_canephora,0.05,18.316667
Coffea_canephora,0.05,18.31667
Coffea_canephora,-3.266111,18.904722
Coffea_canephora,0.416667,19.9
Coffea_canephora,0.41667,19.9
Coffea_canephora,6.733,2.116
Coffea_canephora,6.733333,2.116667
Coffea_canephora,6.73333,2.11667
Coffea_canephora,6.65,2.15
Coffea_canephora,6.67246,2.48052
Coffea_canephora,6.67237,2.48061
Coffea_canephora,7.174405,2.521811
Coffea_canephora,7.174185,2.522031
Coffea_canephora,6.786699,2.545583
Coffea_canephora,6.786619,2.545663
Coffea_canephora,6.58333,2.55
Coffea_canephora,6.583333,2.55
Coffea_canephora,7.078186,2.618718
Coffea_canephora,7.077966,2.618938
Coffea_canephora,6.46783,2.628116
Coffea_canephora,6.46764,2.628306
Coffea_canephora,6.543911,2.638502
Coffea_canephora,6.543851,2.638562
Coffea_canephora,7.685542,2.6439
Coffea_canephora,7.685482,2.64396
Coffea_canephora,6.554767,2.645191
Coffea_canephora,6.554647,2.645311
Coffea_canephora,7.372619,2.65327
Coffea_canephora,6.789144,2.653294
Coffea_canephora,7.372549,2.65334
Coffea_canephora,6.788834,2.653604
Coffea_canephora,7.669441,2.670611
Coffea_canephora,7.669421,2.670631
Coffea_canephora,6.732537,2.708781
Coffea_canephora,6.732487,2.708831
Coffea_canephora,7.1557,2.745
Coffea_canephora,0.43333,20.96667
Coffea_canephora,8.48333,21.2
Coffea_canephora,1.294,23.431
Coffea_canephora,-7.0,23.45
Coffea_canephora,-6.75,23.95
Coffea_canephora,-7.51667,24.18333
Coffea_canephora,-7.516667,24.183333
Coffea_canephora,0.858333,24.391667
Coffea_canephora,0.85833,24.39167
Coffea_canephora,0.766667,24.45
Coffea_canephora,0.76667,24.45
Coffea_canephora,0.81667,24.45
Coffea_canephora,0.83333,24.45
Coffea_canephora,0.833333,24.45
Coffea_canephora,0.816667,24.466667
Coffea_canephora,0.81667,24.46667
Coffea_canephora,0.813305,24.487999
Coffea_canephora,0.816305,24.491972
Coffea_canephora,0.766667,24.5
Coffea_canephora,0.76667,24.5
Coffea_canephora,0.795555,24.524722
Coffea_canephora,1.066667,24.666667
Coffea_canephora,1.06667,24.66667
Coffea_canephora,4.331167,24.706167
Coffea_canephora,4.33117,24.70617
Coffea_canephora,-6.0,25.0
Coffea_canephora,2.313355,25.020799
Coffea_canephora,-2.708333,25.135833
Coffea_canephora,0.331999,25.270333
Coffea_canephora,0.332138,25.270749
Coffea_canephora,0.331583,25.270833
Coffea_canephora,0.331749,25.270916
Coffea_canephora,0.331666,25.270944
Coffea_canephora,0.300333,25.295138
Coffea_canephora,0.273777,25.295277
Coffea_canephora,0.305361,25.297277
Coffea_canephora,0.321666,25.301777
Coffea_canephora,0.293111,25.307611
Coffea_canephora,0.294583,25.313666
Coffea_canephora,0.295333,25.314638
Coffea_canephora,0.295611,25.314805
Coffea_canephora,0.287833,25.315138
Coffea_canephora,0.296388,25.315361
Coffea_canephora,0.296416,25.315638
Coffea_canephora,0.295777,25.320277
Coffea_canephora,-0.243194,25.402916
Coffea_canephora,-0.243944,25.4035
Coffea_canephora,-0.260888,25.450444
Coffea_canephora,-0.261083,25.450472
Coffea_canephora,-0.260888,25.453222
Coffea_canephora,-0.415166,25.458222
Coffea_canephora,-0.415166,25.45825
Coffea_canephora,-0.414888,25.458472
Coffea_canephora,-0.415027,25.4585
Coffea_canephora,-0.264888,25.460527
Coffea_canephora,-0.265027,25.460583
Coffea_canephora,-0.264888,25.460638
Coffea_canephora,-0.264805,25.460722
Coffea_canephora,-0.265083,25.460777
Coffea_canephora,-0.264555,25.460861
Coffea_canephora,-0.265305,25.460861
Coffea_canephora,-0.264694,25.46125
Coffea_canephora,-0.26475,25.461361
Coffea_canephora,-0.264861,25.461472
Coffea_canephora,-0.265861,25.461527
Coffea_canephora,-0.408638,25.469361
Coffea_canephora,-0.408722,25.469361
Coffea_canephora,-0.408777,25.469555
Coffea_canephora,-0.408583,25.469611
Coffea_canephora,-0.408638,25.469611
Coffea_canephora,-0.408666,25.469611
Coffea_canephora,-0.368972,25.539999
Coffea_canephora,-0.379027,25.548083
Coffea_canephora,3.466667,25.716667
Coffea_canephora,3.46667,25.71667
Coffea_canephora,4.38333,25.8
Coffea_canephora,4.383333,25.8
Coffea_canephora,-7.26667,26.78333
Coffea_canephora,-7.266667,26.783333
Coffea_canephora,-7.43306,26.83306
Coffea_canephora,-7.433333,26.833333
Coffea_canephora,2.86667,27.63333
Coffea_canephora,2.866667,27.633333
Coffea_canephora,-1.88333,28.45
Coffea_canephora,-1.883333,28.45
Coffea_canephora,0.383333,28.8
Coffea_canephora,-0.984,29.6934
Coffea_canephora,1.3,29.8
Coffea_canephora,6.7,3.0
Coffea_canephora,-0.4504,30.0308
Coffea_canephora,-0.4018,30.0389
Coffea_canephora,-0.4774,30.074
Coffea_canephora,-0.337,30.0857
Coffea_canephora,-0.3541,30.1262
Coffea_canephora,0.8076,30.1442
Coffea_canephora,-0.2623,30.1568
Coffea_canephora,-0.3375,30.2103
Coffea_canephora,-0.382,30.2288
Coffea_canephora,0.2857,30.2477
Coffea_canephora,1.566667,30.25
Coffea_canephora,1.56667,30.25
Coffea_canephora,-0.1822,30.2603
Coffea_canephora,0.3195,30.2733
Coffea_canephora,-0.211,30.3593
Coffea_canephora,0.229,30.3674
Coffea_canephora,0.3523,30.3701
Coffea_canephora,0.5404,30.3998
Coffea_canephora,1.4,30.43333
Coffea_canephora,1.4,30.433333
Coffea_canephora,0.544,30.4988
Coffea_canephora,0.4261,30.5114
Coffea_canephora,0.225971,30.529396
Coffea_canephora,0.8706,30.7291
Coffea_canephora,0.5534,30.8133
Coffea_canephora,1.2909,31.0144
Coffea_canephora,1.6715,31.4274
Coffea_canephora,1.71666,31.46666
Coffea_canephora,1.7075,31.4724
Coffea_canephora,-1.08333,31.5
Coffea_canephora,1.7939,31.557
Coffea_canephora,1.8002,31.5939
Coffea_canephora,1.8173,31.683
Coffea_canephora,1.9082,31.7226
Coffea_canephora,-1.328985,31.806083
Coffea_canephora,0.35,32.75
Coffea_canephora,0.49417,32.90611
Coffea_canephora,0.5,32.95
Coffea_canephora,0.42528,32.97556
Coffea_canephora,0.39444,32.98417
Coffea_canephora,0.39528,32.98417
Coffea_canephora,0.40528,33.03056
Coffea_canephora,7.31667,5.03333
Coffea_canephora,7.316667,5.033333
Coffea_canephora,7.25,5.2
Coffea_canephora,6.33333,5.25
Coffea_canephora,6.333333,5.25
Coffea_canephora,6.566667,5.35
Coffea_canephora,6.56667,5.35
Coffea_canephora,5.83333,8.83333
Coffea_canephora,5.833333,8.833333
Coffea_canephora,4.05,9.15
Coffea_canephora,4.054167,9.15
Coffea_canephora,4.63333,9.43333
Coffea_canephora,0.416667,9.45
Coffea_canephora,0.416667,9.483333
Coffea_canephora,-2.04133,9.5375
Coffea_canephora,-2.041333,9.5375
Coffea_canephora,4.36,9.56
Coffea_canephora,4.366667,9.566667
Coffea_canephora,-2.336333,9.601667
Coffea_canephora,-2.33633,9.60167
Coffea_canephora,0.333333,9.666667
Coffea_canephora,4.75,9.68333
Coffea_canephora,4.81667,9.68333
Coffea_canephora,4.75,9.683333
Coffea_canephora,4.816667,9.683333
Coffea_canephora,1.46667,9.78333
Coffea_canephora,1.466667,9.783333
Coffea_canephora,0.9949,9.7847
Coffea_carrissoi,-9.25652,17.071681
Coffea_carrissoi,5.016667,8.85
Coffea_carrissoi,4.75,9.48333
Coffea_charrieriana,4.733333,9.583333
Coffea_commersoniana,-24.9525,46.636944
Coffea_commersoniana,-25.066667,46.85
Coffea_commersoniana,-25.065583,46.859733
Coffea_commersoniana,-25.05527,46.86527
Coffea_commersoniana,-25.05,46.866667
Coffea_commersoniana,-25.066667,46.866667
Coffea_commersoniana,-25.083333,46.866667
Coffea_commersoniana,-25.08333,46.86667
Coffea_commersoniana,-25.061944,46.868333
Coffea_commersoniana,-25.055833,46.887778
Coffea_commersoniana,-25.0525,46.890278
Coffea_commersoniana,-25.033333,46.933333
Coffea_commersoniana,-25.047222,46.933333
Coffea_commersoniana,-25.05,46.933334
Coffea_commersoniana,-25.06666,46.95
Coffea_commersoniana,-25.066667,46.95
Coffea_commersoniana,-25.168437,46.960229
Coffea_commersoniana,-25.00842,46.96167
Coffea_commersoniana,-25.0,46.966667
Coffea_commersoniana,-24.9525,46.973056
Coffea_commersoniana,-24.94722,46.975
Coffea_commersoniana,-24.95,46.98333
Coffea_commersoniana,-24.95,46.983334
Coffea_commersoniana,-24.974167,46.993889
Coffea_commersoniana,-24.95,47.0
Coffea_commersoniana,-24.9575,47.001389
Coffea_commersoniana,-24.944167,47.001944
Coffea_commersoniana,-24.953889,47.002222
Coffea_commersoniana,-24.941944,47.021111
Coffea_commersoniana,-24.94083,47.02777
Coffea_commersoniana,-24.940833,47.027778
Coffea_congensis,0.68,11.15
Coffea_congensis,-0.1167,14.66
Coffea_congensis,0.6333,14.9
Coffea_congensis,2.05,15.08
Coffea_congensis,2.05,15.083333
Coffea_congensis,-4.45,15.16667
Coffea_congensis,2.05,15.17
Coffea_congensis,2.05,15.2
Coffea_congensis,2.03,15.21
Coffea_congensis,2.5,16.06666
Coffea_congensis,2.5,16.066667
Coffea_congensis,2.5,16.06667
Coffea_congensis,2.38333,16.11666
Coffea_congensis,2.7,16.11666
Coffea_congensis,2.35,16.13333
Coffea_congensis,2.35,16.133333
Coffea_congensis,2.35,16.15
Coffea_congensis,2.36666,16.15
Coffea_congensis,2.35,16.16666
Coffea_congensis,2.38333,16.16666
Coffea_congensis,2.38,16.17
Coffea_congensis,0.05,18.31667
Coffea_congensis,4.21667,18.6
Coffea_congensis,4.13333,18.63333
Coffea_congensis,3.216667,19.8
Coffea_congensis,3.21667,19.8
Coffea_congensis,1.83333,23.08333
Coffea_congensis,1.833333,23.083333
Coffea_congensis,0.767499,24.446944
Coffea_congensis,0.5734,25.0245
Coffea_congensis,0.566667,25.066667
Coffea_congensis,0.56667,25.06667
Coffea_congensis,0.519,25.1938
Coffea_congensis,0.816667,25.216667
Coffea_congensis,0.81667,25.21667
Coffea_congensis,0.416667,9.45
Coffea_costatifructa,-7.833333,37.733333
Coffea_costatifructa,-7.8,37.866667
Coffea_costatifructa,-7.8,37.9
Coffea_costatifructa,-8.63333,38.08333
Coffea_costatifructa,-8.616667,38.083333
Coffea_costatifructa,-6.426778,38.553694
Coffea_costatifructa,-9.04361,39.12694
Coffea_costatifructa,-9.04,39.13
Coffea_costatifructa,-7.83333,39.73333
Coffea_coursiana,-19.37333,46.70611
Coffea_coursiana,-25.083333,46.866667
Coffea_coursiana,-21.3825,47.863889
Coffea_coursiana,-21.382389,47.863972
Coffea_coursiana,-21.383333,47.866667
Coffea_coursiana,-19.164722,48.553056
Coffea_coursiana,-17.931667,49.203333
Coffea_coursiana,-17.916667,49.216667
Coffea_coursiana,-16.8575,49.262778
Coffea_coursiana,-16.857778,49.266111
Coffea_coursiana,-16.8625,49.266944
Coffea_coursiana,-16.862778,49.2825
Coffea_coursiana,-13.737222,49.389722
Coffea_coursiana,-13.2,49.766667
Coffea_coursiana,-14.116667,49.766667
Coffea_dactylifera,0.766667,24.283333
Coffea_dactylifera,0.766667,24.45
Coffea_dactylifera,0.76667,24.45
Coffea_dactylifera,0.83333,24.46667
Coffea_dactylifera,0.813277,24.488611
Coffea_dactylifera,0.814638,24.490666
Coffea_dactylifera,0.813083,24.490972
Coffea_dactylifera,2.31343,25.019449
Coffea_dactylifera,2.313391,25.019988
Coffea_dactylifera,-0.243277,25.400638
Coffea_dactylifera,-0.243249,25.400777
Coffea_dactylifera,-0.246138,25.401444
Coffea_dactylifera,-0.247111,25.401944
Coffea_dactylifera,-0.247138,25.40225
Coffea_dactylifera,-0.247861,25.402611
Coffea_dactylifera,-0.243944,25.403333
Coffea_dactylifera,-0.243944,25.403527
Coffea_dactylifera,-0.234444,25.411083
Coffea_dactylifera,-0.234805,25.411861
Coffea_dactylifera,-0.232805,25.412861
Coffea_dactylifera,-0.235666,25.413277
Coffea_dactylifera,-0.236472,25.4135
Coffea_dactylifera,-0.233638,25.422472
Coffea_dactylifera,-0.233999,25.422833
Coffea_dactylifera,-0.237694,25.424694
Coffea_dactylifera,-0.238527,25.424694
Coffea_dactylifera,-0.237944,25.424722
Coffea_dactylifera,-0.235638,25.429888
Coffea_dactylifera,-0.265805,25.471583
Coffea_dactylifera,-0.356638,25.523305
Coffea_dactylifera,-0.351333,25.530222
Coffea_dactylifera,-0.351027,25.532583
Coffea_dactylifera,-0.349083,25.533111
Coffea_dactylifera,-0.348083,25.533916
Coffea_dactylifera,-0.388083,25.534666
Coffea_dactylifera,-0.386166,25.536166
Coffea_dactylifera,-0.373249,25.547027
Coffea_dactylifera,-0.373472,25.548111
Coffea_dactylifera,-0.374916,25.551527
Coffea_dactylifera,-0.375416,25.55175
Coffea_dactylifera,3.466667,25.716667
Coffea_dactylifera,3.46667,25.71667
Coffea_darainensis,-13.13,49.46
Coffea_darainensis,-12.91,49.66
Coffea_decaryana,-16.466667,45.333333
Coffea_decaryana,-16.43,45.35
Coffea_decaryana,-16.453333,45.389722
Coffea_decaryana,-16.4575,45.390278
Coffea_decaryana,-12.95,49.16667
Coffea_dubardii,-16.931667,44.732222
Coffea_dubardii,-16.958611,44.749166
Coffea_dubardii,-16.958611,44.749167
Coffea_dubardii,-15.066667,47.233333
Coffea_dubardii,-15.016667,47.266667
Coffea_dubardii,-21.3825,47.863889
Coffea_dubardii,-21.382389,47.863972
Coffea_dubardii,-21.375833,47.8675
Coffea_dubardii,-12.922222,49.055556
Coffea_dubardii,-12.85,49.066667
Coffea_dubardii,-12.9325,49.072222
Coffea_dubardii,-12.5,49.08333
Coffea_dubardii,-12.9,49.083333
Coffea_dubardii,-12.9,49.1
Coffea_dubardii,-12.846388,49.105
Coffea_dubardii,-12.84639,49.105
Coffea_dubardii,-12.8464,49.105
Coffea_dubardii,-12.91638,49.10666
Coffea_dubardii,-12.916389,49.106667
Coffea_dubardii,-12.91639,49.10667
Coffea_dubardii,-12.91,49.106944
Coffea_dubardii,-12.90888,49.10972
Coffea_dubardii,-12.91167,49.11167
Coffea_dubardii,-12.933333,49.116667
Coffea_dubardii,-12.93333,49.11667
Coffea_dubardii,-12.57,49.13
Coffea_dubardii,-12.566667,49.133333
Coffea_dubardii,-12.75,49.133333
Coffea_dubardii,-12.95,49.16667
Coffea_dubardii,-12.487778,49.1725
Coffea_dubardii,-12.48778,49.1725
Coffea_dubardii,-12.482778,49.174722
Coffea_dubardii,-12.479722,49.213056
Coffea_dubardii,-12.578889,49.218333
Coffea_dubardii,-12.86666,49.23333
Coffea_dubardii,-12.459167,49.256111
Coffea_dubardii,-12.825,49.258333
Coffea_dubardii,-12.38333,49.33333
Coffea_dubardii,-13.18,49.7
Coffea_dubardii,-13.2,49.766667
Coffea_dubardii,-13.613056,49.985833
Coffea_ebracteolata,6.633333,-0.383333
Coffea_ebracteolata,6.266667,-0.5
Coffea_ebracteolata,6.1,-0.983333
Coffea_ebracteolata,9.155394,-10.028533
Coffea_ebracteolata,8.633333,-10.3
Coffea_ebracteolata,10.225761,-10.805583
Coffea_ebracteolata,10.390419,-10.973039
Coffea_ebracteolata,9.166667,-11.116667
Coffea_ebracteolata,9.16667,-11.11667
Coffea_ebracteolata,10.769836,-11.128356
Coffea_ebracteolata,9.09,-11.13
Coffea_ebracteolata,9.23333,-11.13333
Coffea_ebracteolata,9.216667,-11.166667
Coffea_ebracteolata,9.15,-11.21667
Coffea_ebracteolata,9.370833,-11.336111
Coffea_ebracteolata,9.32633,-11.68353
Coffea_ebracteolata,8.11333,-12.07333
Coffea_ebracteolata,12.111608,-12.260622
Coffea_ebracteolata,10.548917,-12.28855
Coffea_ebracteolata,9.940833,-12.321389
Coffea_ebracteolata,9.940833,-12.321417
Coffea_ebracteolata,9.864778,-12.513722
Coffea_ebracteolata,9.716917,-12.654417
Coffea_ebracteolata,9.384028,-13.232917
Coffea_ebracteolata,9.437667,-13.382278
Coffea_ebracteolata,9.439056,-13.383167
Coffea_ebracteolata,9.462978,-13.796994
Coffea_ebracteolata,10.30694,-14.40278
Coffea_ebracteolata,10.306833,-14.402833
Coffea_ebracteolata,6.617,-2.85
Coffea_ebracteolata,9.23333,-3.68333
Coffea_ebracteolata,9.233333,-3.683333
Coffea_ebracteolata,9.920033,-4.6025
Coffea_ebracteolata,6.225,-5.01667
Coffea_ebracteolata,6.99333,-5.51433
Coffea_ebracteolata,6.993333,-5.514444
Coffea_ebracteolata,6.988611,-5.748611
Coffea_ebracteolata,5.383333,-5.916667
Coffea_ebracteolata,7.13833,-5.93333
Coffea_ebracteolata,7.134167,-5.933333
Coffea_ebracteolata,7.009,-5.96133
Coffea_ebracteolata,5.066667,-6.066667
Coffea_ebracteolata,5.683333,-6.066667
Coffea_ebracteolata,5.23333,-6.06667
Coffea_ebracteolata,5.25,-6.06667
Coffea_ebracteolata,7.3,-7.016667
Coffea_ebracteolata,5.833333,-7.166667
Coffea_ebracteolata,4.9,-7.316
Coffea_ebracteolata,4.41667,-7.35
Coffea_ebracteolata,5.76667,-7.38333
Coffea_ebracteolata,5.766667,-7.383333
Coffea_ebracteolata,4.5,-7.4
Coffea_ebracteolata,6.174,-7.788
Coffea_ebracteolata,7.65083,-8.33317
Coffea_ebracteolata,7.652667,-8.3405
Coffea_ebracteolata,7.674444,-8.379722
Coffea_ebracteolata,7.677222,-8.384722
Coffea_ebracteolata,7.677167,-8.385
Coffea_ebracteolata,7.67717,-8.385
Coffea_ebracteolata,7.6785,-8.3855
Coffea_ebracteolata,7.675,-8.38908
Coffea_ebracteolata,7.675,-8.389083
Coffea_ebracteolata,7.722967,-8.401903
Coffea_ebracteolata,7.70383,-8.40633
Coffea_ebracteolata,7.703833,-8.406333
Coffea_ebracteolata,7.630945,-8.416833
Coffea_ebracteolata,7.615094,-8.420436
Coffea_ebracteolata,8.318758,-8.701819
Coffea_ebracteolata,8.559722,-8.881667
Coffea_ebracteolata,8.548611,-8.899722
Coffea_ebracteolata,8.534167,-8.902222
Coffea_ebracteolata,8.534722,-8.902778
Coffea_ebracteolata,8.53472,-8.90278
Coffea_ebracteolata,8.53417,-8.90694
Coffea_ebracteolata,8.534167,-8.906944
Coffea_ebracteolata,8.5325,-8.907222
Coffea_ebracteolata,8.530556,-8.926667
Coffea_ebracteolata,7.739639,-9.273722
Coffea_ebracteolata,8.497594,-9.275758
Coffea_ebracteolata,8.39336,-9.32947
Coffea_ebracteolata,8.550214,-9.476056
Coffea_ebracteolata,9.739417,-9.84675
Coffea_ebracteolata,6.18,0.03
Coffea_ebracteolata,6.3,0.05
Coffea_ebracteolata,7.0,0.052083
Coffea_ebracteolata,5.41,0.17
Coffea_ebracteolata,6.45,0.21
Coffea_ebracteolata,6.38,0.23
Coffea_ebracteolata,7.07,0.27
Coffea_ebracteolata,6.16,0.3
Coffea_ebracteolata,6.75,0.35
Coffea_ebracteolata,8.18,0.36
Coffea_ebracteolata,7.116667,0.45
Coffea_ebracteolata,6.947778,0.579722
Coffea_ebracteolata,6.06,0.59
Coffea_ebracteolata,8.3,0.6
Coffea_ebracteolata,7.0,0.8
Coffea_ebracteolata,6.13,1.1
Coffea_ebracteolata,2.799608,10.02108
Coffea_ebracteolata,2.799611,10.021083
Coffea_ebracteolata,2.809416,10.029138
Coffea_ebracteolata,3.182611,10.279194
Coffea_ebracteolata,3.16666,10.4
Coffea_ebracteolata,3.13333,10.46666
Coffea_ebracteolata,3.22833,10.58138
Coffea_ebracteolata,3.58,11.23
Coffea_ebracteolata,6.170556,12.823528
Coffea_ebracteolata,-2.31775,13.65619
Coffea_ebracteolata,6.85,2.0833
Coffea_ebracteolata,6.65,2.15
Coffea_ebracteolata,6.93778,2.1625
Coffea_ebracteolata,6.938472,2.168333
Coffea_ebracteolata,6.940972,2.170833
Coffea_ebracteolata,6.941,2.170833
Coffea_ebracteolata,6.943042,2.177971
Coffea_ebracteolata,6.83333,2.38333
Coffea_ebracteolata,6.833333,2.38333
Coffea_ebracteolata,7.436755,2.428899
Coffea_ebracteolata,7.439969,2.43952
Coffea_ebracteolata,6.5333,2.6166
Coffea_ebracteolata,7.13333,3.83333
Coffea_ebracteolata,4.333333,8.95
Coffea_ebracteolata,4.25,9.033333
Coffea_ebracteolata,4.049722,9.125833
Coffea_ebracteolata,4.05,9.129999
Coffea_ebracteolata,4.058611,9.228055
Coffea_ebracteolata,3.966667,9.25
Coffea_ebracteolata,4.25,9.33333
Coffea_ebracteolata,4.55,9.41
Coffea_ebracteolata,4.65,9.41666
Coffea_ebracteolata,4.65,9.416667
Coffea_ebracteolata,4.65,9.41667
Coffea_ebracteolata,4.637777,9.440833
Coffea_ebracteolata,5.05,9.483333
Coffea_ebracteolata,4.733333,9.583333
Coffea_ebracteolata,5.180527,9.676027
Coffea_ebracteolata,5.180528,9.676028
Coffea_eugenioides,-10.48333,27.55
Coffea_eugenioides,-10.483333,27.55
Coffea_eugenioides,-1.7,28.15
Coffea_eugenioides,-2.73333,28.65
Coffea_eugenioides,-2.266667,28.816667
Coffea_eugenioides,-2.26667,28.81667
Coffea_eugenioides,-0.71667,29.08333
Coffea_eugenioides,-0.716667,29.083333
Coffea_eugenioides,-0.984,29.6934
Coffea_eugenioides,-1.733333,29.916667
Coffea_eugenioides,-5.68333,29.91667
Coffea_eugenioides,-5.68333,30.03389
Coffea_eugenioides,-0.2794,30.0479
Coffea_eugenioides,-5.03333,30.15
Coffea_eugenioides,-6.12556,30.16299
Coffea_eugenioides,0.8283,30.164
Coffea_eugenioides,-0.3375,30.2103
Coffea_eugenioides,-5.929444,30.223056
Coffea_eugenioides,-6.18,30.243056
Coffea_eugenioides,0.3523,30.3701
Coffea_eugenioides,0.6466,30.3872
Coffea_eugenioides,-1.06667,30.4
Coffea_eugenioides,0.4279,30.4718
Coffea_eugenioides,0.544,30.4988
Coffea_eugenioides,1.93333,30.5
Coffea_eugenioides,1.933333,30.5
Coffea_eugenioides,0.4261,30.5114
Coffea_eugenioides,-1.5248,30.6315
Coffea_eugenioides,2.163333,30.645833
Coffea_eugenioides,0.8706,30.7291
Coffea_eugenioides,1.2909,31.0144
Coffea_eugenioides,-1.753821,31.101589
Coffea_eugenioides,1.6715,31.4274
Coffea_eugenioides,-1.08222,31.4275
Coffea_eugenioides,-1.14,31.4425
Coffea_eugenioides,1.71666,31.46666
Coffea_eugenioides,1.7075,31.4724
Coffea_eugenioides,-1.08333,31.5
Coffea_eugenioides,-1.00111,31.53194
Coffea_eugenioides,-1.001111,31.531944
Coffea_eugenioides,-1.050179,31.536578
Coffea_eugenioides,1.7939,31.557
Coffea_eugenioides,-1.04916,31.57111
Coffea_eugenioides,1.8002,31.5939
Coffea_eugenioides,-1.04972,31.59833
Coffea_eugenioides,-0.9215,31.5984
Coffea_eugenioides,1.8173,31.683
Coffea_eugenioides,1.9082,31.7226
Coffea_eugenioides,-2.33333,31.86667
Coffea_eugenioides,0.35,32.75
Coffea_eugenioides,-18.385,32.948056
Coffea_eugenioides,0.39083,33.01361
Coffea_eugenioides,0.39667,33.02028
Coffea_eugenioides,0.37,33.8917
Coffea_eugenioides,0.25,34.866667
Coffea_eugenioides,0.733333,34.866667
Coffea_eugenioides,0.18333,34.86667
Coffea_eugenioides,0.25,34.86667
Coffea_eugenioides,0.73333,34.86667
Coffea_eugenioides,0.183333,34.916667
Coffea_eugenioides,0.18333,34.91667
Coffea_eugenioides,-8.599979,35.284133
Coffea_eugenioides,-4.38333,35.86666
Coffea_eugenioides,-0.5833,37.6667
Coffea_eugenioides,0.3667,38.0333
Coffea_fadenii,-4.3,37.916667
Coffea_fadenii,-4.29416,37.92166
Coffea_fadenii,-4.2825,37.926111
Coffea_fadenii,-4.282778,37.926111
Coffea_fadenii,-4.290833,37.928333
Coffea_fadenii,-4.3,37.93
Coffea_fadenii,-4.27972,37.93027
Coffea_fadenii,-4.26667,37.93333
Coffea_fadenii,-4.3,37.933333
Coffea_fadenii,-4.29444,37.94166
Coffea_fadenii,-4.3,37.966667
Coffea_fadenii,-3.4,38.3
Coffea_fadenii,-3.366667,38.333333
Coffea_fadenii,-3.383333,38.35
Coffea_fadenii,-5.06667,38.36667
Coffea_fadenii,-3.366667,38.383333
Coffea_fadenii,-4.7,38.4
Coffea_fadenii,-5.083333,38.433333
Coffea_fadenii,-3.31666,38.46666
Coffea_fadenii,-3.283333,38.466667
Coffea_fadenii,-4.76667,38.48333
Coffea_farafanganensis,-23.141667,47.641667
Coffea_farafanganensis,-23.0,47.7
Coffea_farafanganensis,-21.3825,47.863889
Coffea_farafanganensis,-21.382389,47.863972
Coffea_farafanganensis,-21.383333,47.866667
Coffea_floresiana,-8.675,122.09167
Coffea_fotsoana,4.22,11.02
Coffea_fotsoana,4.23,11.02
Coffea_fotsoana,4.21,11.03
Coffea_fotsoana,4.21,11.04
Coffea_fotsoana,4.22,11.04
Coffea_fotsoana,4.24,11.12
Coffea_fotsoana,4.25,11.12
Coffea_fotsoana,4.25,11.13
Coffea_fotsoana,3.55,11.21
Coffea_fotsoana,3.916667,11.35
Coffea_fotsoana,3.925,11.358333
Coffea_fotsoana,3.93,11.38
Coffea_fotsoana,3.96,11.39
Coffea_gallienii,-24.8,46.53333
Coffea_gallienii,-12.48333,49.16667
Coffea_grevei,-22.08333,43.36666
Coffea_grevei,-22.25,43.41666
Coffea_grevei,-22.25,43.416667
Coffea_grevei,-22.783333,43.55
Coffea_grevei,-22.876944,43.565278
Coffea_grevei,-23.04437,43.572825
Coffea_grevei,-22.76666,43.6
Coffea_grevei,-23.874999,43.797499
Coffea_grevei,-23.875,43.7975
Coffea_grevei,-20.0,44.0
Coffea_grevei,-18.05,44.016667
Coffea_grevei,-20.28333,44.28333
Coffea_grevei,-21.416667,44.333333
Coffea_grevei,-23.874729,44.348875
Coffea_grevei,-20.216667,44.4
Coffea_grevei,-20.283333,44.45
Coffea_grevei,-20.316667,44.45
Coffea_grevei,-20.161389,44.471111
Coffea_grevei,-20.15,44.48333
Coffea_grevei,-20.133333,44.483333
Coffea_grevei,-20.15,44.483333
Coffea_grevei,-20.166667,44.483333
Coffea_grevei,-18.032096,44.497196
Coffea_grevei,-20.191667,44.516667
Coffea_grevei,-19.866667,44.55
Coffea_grevei,-19.60777,44.59166
Coffea_grevei,-20.054444,44.622222
Coffea_grevei,-20.067504,44.658621
Coffea_grevei,-20.07,44.67
Coffea_grevei,-20.071944,44.674722
Coffea_grevei,-20.076667,44.676033
Coffea_grevei,-22.83,44.68
Coffea_grevei,-22.68,44.83
Coffea_grevei,-16.038333,45.258333
Coffea_grevei,-16.139167,45.3375
Coffea_grevei,-16.14,45.34
Coffea_grevei,-16.314444,45.415555
Coffea_grevei,-16.314444,45.415556
Coffea_grevei,-15.71666,46.31666
Coffea_grevei,-15.716667,46.316667
Coffea_grevei,-16.314444,46.817777
Coffea_grevei,-15.754718,47.463088
Coffea_grevei,-15.466667,47.595555
Coffea_grevei,-15.466667,47.595556
Coffea_grevei,-15.45648,47.601607
Coffea_grevei,-13.424722,48.314722
Coffea_heimii,-19.37333,46.70611
Coffea_heimii,-21.3825,47.863889
Coffea_heimii,-21.383333,47.866667
Coffea_heimii,-12.221671,49.202966
Coffea_heimii,-12.281807,49.226443
Coffea_heimii,-12.279828,49.263119
Coffea_heimii,-12.398991,49.2757
Coffea_heimii,-12.318289,49.303872
Coffea_heimii,-12.355424,49.306528
Coffea_heimii,-12.231176,49.319958
Coffea_heimii,-12.396327,49.3425
Coffea_heimii,-12.210881,49.347115
Coffea_heimii,-12.37361,49.35305
Coffea_heimii,-12.322474,49.387585
Coffea_heimii,-12.38876,49.398762
Coffea_heimii,-12.56666,49.43333
Coffea_heimii,-12.566667,49.433333
Coffea_heimii,-12.278797,49.435269
Coffea_heimii,-12.593611,49.442777
Coffea_heimii,-12.58472,49.45611
Coffea_heimii,-12.580463,49.549809
Coffea_heimii,-12.454103,49.569592
Coffea_heimii,-12.970278,49.583333
Coffea_heterocalyx,5.25,10.5
Coffea_heterocalyx,3.916667,11.416667
Coffea_heterocalyx,3.88333,11.45
Coffea_heterocalyx,3.883333,11.45
Coffea_homollei,-21.3825,47.863889
Coffea_homollei,-21.383333,47.866667
Coffea_homollei,-19.163056,48.581389
Coffea_homollei,-17.50388,48.73111
Coffea_homollei,-17.503889,48.731111
Coffea_homollei,-17.916667,49.2
Coffea_homollei,-17.931667,49.203333
Coffea_homollei,-16.8625,49.26694
Coffea_homollei,-16.8625,49.266944
Coffea_horsfieldiana,-7.75,113.68333
Coffea_humbertii,-23.078725,43.610638
Coffea_humbertii,-23.250722,43.625805
Coffea_humbertii,-23.250722,43.625806
Coffea_humbertii,-23.066388,43.665555
Coffea_humbertii,-23.002222,43.714444
Coffea_humbertii,-23.451389,43.784722
Coffea_humbertii,-22.875,43.7975
Coffea_humbertii,-23.2,43.916667
Coffea_humbertii,-23.26667,43.98333
Coffea_humbertii,-23.266667,43.983333
Coffea_humbertii,-23.266667,43.983334
Coffea_humbertii,-23.216667,44.033333
Coffea_humbertii,-23.188611,44.0525
Coffea_humbertii,-23.186389,44.052778
Coffea_humbertii,-23.133333,44.1
Coffea_humbertii,-23.5318,44.1366
Coffea_humbertii,-23.526389,44.155
Coffea_humbertii,-23.88333,44.28333
Coffea_humbertii,-23.883333,44.283333
Coffea_humbertii,-23.883334,44.283333
Coffea_humbertii,-23.733333,44.35
Coffea_humbertii,-23.733333,44.383333
Coffea_humbertii,-23.833333,44.4
Coffea_humbertii,-22.92,44.58
Coffea_humbertii,-22.916667,44.583333
Coffea_humbertii,-23.650485,44.632515
Coffea_humbertii,-23.66666,44.63333
Coffea_humbertii,-23.666667,44.633333
Coffea_humbertii,-23.66666,44.65
Coffea_humbertii,-22.83,44.68
Coffea_humbertii,-22.88,44.68
Coffea_humbertii,-22.878083,44.681028
Coffea_humbertii,-22.783333,44.683333
Coffea_humbertii,-22.888583,44.690055
Coffea_humbertii,-22.7,44.7
Coffea_humbertii,-20.166667,45.1
Coffea_humbertii,-20.183333,45.116667
Coffea_humblotiana,-12.3,43.65
Coffea_humblotiana,-12.911156,45.02758
Coffea_humblotiana,-12.71667,45.06667
Coffea_humblotiana,-12.71537,45.07651
Coffea_humblotiana,-12.869054,45.095965
Coffea_humblotiana,-12.684678,45.140836
Coffea_humblotiana,-12.95982,45.14128
Coffea_humblotiana,-12.8206,45.14743
Coffea_humblotiana,-12.87556,45.15794
Coffea_humblotiana,-12.87102,45.16626
Coffea_humblotiana,-12.76447,45.17279
Coffea_humblotiana,-12.76532,45.1834
Coffea_humblotiana,-21.3825,47.863889
Coffea_humblotiana,-21.383333,47.866667
Coffea_humilis,7.270212,-10.203209
Coffea_humilis,6.2605,-10.266
Coffea_humilis,7.962333,-10.280333
Coffea_humilis,7.3,-10.283333
Coffea_humilis,6.4,-10.316667
Coffea_humilis,6.4,-10.31667
Coffea_humilis,7.957638,-10.325386
Coffea_humilis,7.305,-10.34333
Coffea_humilis,7.305,-10.343333
Coffea_humilis,6.383333,-10.366667
Coffea_humilis,7.44615,-10.68215
Coffea_humilis,7.446153,-10.682152
Coffea_humilis,7.66186,-10.89408
Coffea_humilis,5.25,-5.95
Coffea_humilis,5.716667,-6.283333
Coffea_humilis,4.8,-6.433333
Coffea_humilis,4.85,-6.483333
Coffea_humilis,7.6278,-6.53327
Coffea_humilis,5.783333,-6.6
Coffea_humilis,5.833333,-7.166667
Coffea_humilis,5.4,-7.183333
Coffea_humilis,5.4,-7.216667
Coffea_humilis,6.45,-7.25
Coffea_humilis,4.59,-7.27
Coffea_humilis,4.951111,-7.301944
Coffea_humilis,4.956667,-7.311667
Coffea_humilis,4.95667,-7.31167
Coffea_humilis,4.9,-7.316
Coffea_humilis,6.616667,-7.333333
Coffea_humilis,4.983333,-7.45
Coffea_humilis,5.866667,-7.45
Coffea_humilis,4.5,-7.466667
Coffea_humilis,4.5,-7.46667
Coffea_humilis,6.216667,-7.483333
Coffea_humilis,6.15,-7.55
Coffea_humilis,7.5,-7.55
Coffea_humilis,4.85,-7.6
Coffea_humilis,6.2,-7.683333
Coffea_humilis,6.866667,-7.683333
Coffea_humilis,6.174,-7.788
Coffea_humilis,7.356667,-8.13
Coffea_humilis,7.35667,-8.13
Coffea_humilis,5.65,-8.174999
Coffea_humilis,5.65,-8.175
Coffea_humilis,5.65,-8.183333
Coffea_humilis,6.55,-8.53333
Coffea_humilis,6.55,-8.533333
Coffea_humilis,7.533333,-8.533333
Coffea_humilis,5.074166,-8.559166
Coffea_humilis,7.5,-8.566667
Coffea_humilis,7.42917,-8.58217
Coffea_humilis,5.386944,-8.616667
Coffea_humilis,5.347499,-8.775555
Coffea_humilis,5.333333,-8.8
Coffea_humilis,5.33633,-8.8
Coffea_humilis,5.33667,-8.8
Coffea_humilis,5.344999,-8.8
Coffea_humilis,5.345,-8.8
Coffea_humilis,5.3455,-8.80067
Coffea_humilis,7.46809,-8.84359
Coffea_humilis,7.500306,-8.843694
Coffea_humilis,7.23333,-8.98333
Coffea_humilis,7.233333,-8.983333
Coffea_humilis,5.47183,-9.26217
Coffea_humilis,5.216667,-9.35
Coffea_humilis,7.0,-9.483333
Coffea_jumellei,-22.655278,44.146944
Coffea_jumellei,-12.52388,49.17361
Coffea_jumellei,-12.894444,49.220278
Coffea_jumellei,-13.274722,49.600833
Coffea_kalobinonensis,-13.65,48.67
Coffea_kapakata,-4.466667,11.75
Coffea_kapakata,-10.733333,13.733333
Coffea_kapakata,-9.983333,14.583333
Coffea_kapakata,-9.983334,14.583333
Coffea_kapakata,-12.295286,17.544676
Coffea_kianjavatensis,-21.383333,47.85
Coffea_kianjavatensis,-21.38028,47.85861
Coffea_kianjavatensis,-21.383333,47.866667
Coffea_kianjavatensis,-21.388333,47.939444
Coffea_kihansiensis,-8.589444,35.849444
Coffea_kihansiensis,-8.58,35.85
Coffea_kihansiensis,-8.59,35.85
Coffea_kihansiensis,-8.6,35.85
Coffea_kihansiensis,-8.616667,35.85
Coffea_kihansiensis,-8.585833,35.853333
Coffea_kihansiensis,-8.586111,35.853333
Coffea_kihansiensis,-8.589167,35.911667
Coffea_kihansiensis,-8.4,36.35
Coffea_kihansiensis,-7.39719,37.30224
Coffea_kimbozensis,-8.6,35.85
Coffea_kimbozensis,-8.4,36.35
Coffea_kimbozensis,-7.02927,37.77824
Coffea_kimbozensis,-7.0,37.8
Coffea_kimbozensis,-7.083333,37.8
Coffea_kimbozensis,-7.009444,37.807222
Coffea_kimbozensis,-7.015833,37.811944
Coffea_kimbozensis,-7.016667,37.816667
Coffea_kivuensis,-2.58333,28.58333
Coffea_kivuensis,-2.583333,28.583333
Coffea_kivuensis,-2.25,28.716667
Coffea_labatii,-18.63333,44.7
Coffea_labatii,-18.633333,44.7
Coffea_labatii,-18.666667,44.7
Coffea_labatii,-18.689444,44.700833
Coffea_labatii,-18.68,44.77
Coffea_lancifolia,-21.383333,47.866667
Coffea_lancifolia,-17.931666,49.203333
Coffea_lancifolia,-17.931667,49.203333
Coffea_lebruniana,0.290401,10.132446
Coffea_lebruniana,0.616667,10.4
Coffea_lebruniana,0.61667,10.4
Coffea_lebruniana,-1.479999,10.496667
Coffea_lebruniana,-1.48,10.496667
Coffea_lebruniana,-1.48,10.49667
Coffea_lebruniana,0.943333,10.521666
Coffea_lebruniana,-1.322499,10.616388
Coffea_lebruniana,-1.3225,10.6165
Coffea_lebruniana,-1.108056,11.227778
Coffea_lebruniana,1.143055,11.488055
Coffea_lebruniana,1.198083,11.509417
Coffea_lebruniana,1.19808,11.50942
Coffea_lebruniana,-1.149722,11.783056
Coffea_lebruniana,-1.15,11.78333
Coffea_lebruniana,-1.15,11.783333
Coffea_lebruniana,-0.21666,11.85
Coffea_lebruniana,-0.216667,11.85
Coffea_lebruniana,-0.21667,11.85
Coffea_lebruniana,0.11711,11.89619
Coffea_lebruniana,-0.283333,11.916667
Coffea_lebruniana,-0.28333,11.91667
Coffea_lebruniana,0.25,11.91667
Coffea_lebruniana,-0.13614,12.00374
Coffea_lebruniana,-2.28209,12.22062
Coffea_lebruniana,0.4,12.23833
Coffea_lebruniana,0.4,12.238333
Coffea_lebruniana,-1.658601,12.572706
Coffea_lebruniana,0.290833,12.611389
Coffea_lebruniana,-0.83333,12.68333
Coffea_lebruniana,-0.833333,12.683333
Coffea_lebruniana,-1.340917,12.7087
Coffea_lebruniana,-0.75,12.71667
Coffea_lebruniana,0.50525,12.79554
Coffea_lebruniana,-0.666667,13.0
Coffea_lebruniana,-0.66667,13.0
Coffea_lebruniana,-0.70833,13.005
Coffea_lebruniana,-0.708333,13.005
Coffea_lebruniana,-5.495277,13.006667
Coffea_lebruniana,-0.72833,13.035
Coffea_lebruniana,-0.69167,13.11833
Coffea_lebruniana,-0.691666,13.118333
Coffea_lebruniana,-0.691667,13.118333
Coffea_lebruniana,1.08019,13.16426
Coffea_lebruniana,0.885,13.17
Coffea_lebruniana,1.11353,13.17019
Coffea_lebruniana,0.88472,13.17061
Coffea_lebruniana,0.884722,13.170611
Coffea_lebruniana,1.093888,13.199444
Coffea_lebruniana,1.085648,13.205836
Coffea_lebruniana,0.740657,13.215092
Coffea_lebruniana,0.66801,13.26103
Coffea_lebruniana,-0.22526,13.30566
Coffea_lebruniana,0.941273,13.396591
Coffea_lebruniana,0.829167,13.461167
Coffea_lebruniana,0.82917,13.46117
Coffea_lebruniana,0.830042,13.485394
Coffea_lebruniana,0.926559,13.666172
Coffea_lebruniana,-4.251111,15.723333
Coffea_lebruniana,-5.036388,18.832777
Coffea_lebruniana,-1.13333,21.15
Coffea_lebruniana,0.767499,24.446944
Coffea_lebruniana,0.76667,24.45
Coffea_lebruniana,0.800555,24.455277
Coffea_lebruniana,-0.799722,24.457222
Coffea_lebruniana,0.83333,24.46667
Coffea_lebruniana,0.813055,24.488277
Coffea_lebruniana,0.814666,24.491055
Coffea_lebruniana,0.81625,24.491805
Coffea_lebruniana,0.816277,24.492027
Coffea_lebruniana,0.76667,24.5
Coffea_lebruniana,0.814361,24.502083
Coffea_lebruniana,0.76667,24.51667
Coffea_lebruniana,0.795555,24.524722
Coffea_lebruniana,-2.715555,25.111666
Coffea_lebruniana,-2.715556,25.111667
Coffea_lebruniana,-2.705,25.13
Coffea_lebruniana,-2.699722,25.138611
Coffea_lebruniana,-0.347472,25.534777
Coffea_lebruniana,-3.183333,26.633333
Coffea_lebruniana,4.049722,9.125833
Coffea_leonimontana,4.36667,10.41667
Coffea_leonimontana,3.126944,10.434444
Coffea_leonimontana,4.15,9.2
Coffea_leonimontana,5.016667,9.3
Coffea_leonimontana,4.983334,9.333333
Coffea_leonimontana,5.34725,9.516917
Coffea_leonimontana,5.344305,9.519888
Coffea_leonimontana,5.344306,9.519889
Coffea_leonimontana,5.347944,9.523556
Coffea_leonimontana,5.356667,9.549277
Coffea_leonimontana,5.356667,9.549278
Coffea_leonimontana,5.356388,9.550971
Coffea_leonimontana,5.356389,9.550972
Coffea_leonimontana,4.33333,9.58333
Coffea_leonimontana,4.333333,9.583333
Coffea_leroyi,-23.25,44.01667
Coffea_leroyi,-21.283333,47.65
Coffea_leroyi,-21.38333,47.86666
Coffea_leroyi,-21.383333,47.866667
Coffea_leroyi,-21.375,47.867778
Coffea_leroyi,-17.54222,48.72222
Coffea_leroyi,-17.484167,48.746667
Coffea_leroyi,-17.50694,48.76777
Coffea_leroyi,-14.33666,49.28583
Coffea_leroyi,-14.325556,49.301389
Coffea_leroyi,-14.30166,49.31111
Coffea_leroyi,-14.61111,49.40333
Coffea_leroyi,-14.58777,49.68888
Coffea_leroyi,-14.58778,49.68889
Coffea_liaudii,-17.837778,47.023333
Coffea_liaudii,-18.947216,47.52341
Coffea_liaudii,-18.748055,47.976111
Coffea_liaudii,-18.85,48.183333
Coffea_liaudii,-19.083333,48.25
Coffea_liaudii,-18.85722,48.26916
Coffea_liaudii,-18.858333,48.271389
Coffea_liaudii,-18.859444,48.271389
Coffea_liaudii,-18.85944,48.27139
Coffea_liaudii,-18.860555,48.271944
Coffea_liaudii,-18.860556,48.271945
Coffea_liaudii,-18.86277,48.27555
Coffea_liaudii,-18.866389,48.276667
Coffea_liaudii,-18.859167,48.2775
Coffea_liaudii,-18.86777,48.27777
Coffea_liaudii,-18.791667,48.283333
Coffea_liaudii,-18.84583,48.28388
Coffea_liaudii,-18.845833,48.283888
Coffea_liaudii,-18.816667,48.3
Coffea_liberica,5.85,-0.183333
Coffea_liberica,5.91667,-10.08333
Coffea_liberica,5.916667,-10.083333
Coffea_liberica,7.66178,-10.89861
Coffea_liberica,7.661666,-10.898611
Coffea_liberica,9.216667,-11.166667
Coffea_liberica,9.16667,-11.18333
Coffea_liberica,9.166667,-11.183333
Coffea_liberica,10.9952,-12.3273
Coffea_liberica,5.533,-2.617
Coffea_liberica,7.25,-3.01667
Coffea_liberica,5.347015,-3.983645
Coffea_liberica,5.333333,-4.116667
Coffea_liberica,5.33333,-4.11667
Coffea_liberica,5.31667,-4.13333
Coffea_liberica,5.316667,-4.133333
Coffea_liberica,5.322167,-4.133333
Coffea_liberica,5.28333,-4.78333
Coffea_liberica,5.229636,-4.872424
Coffea_liberica,6.1898,-5.29589
Coffea_liberica,6.083333,-7.05
Coffea_liberica,5.85,-7.416667
Coffea_liberica,5.85,-7.41667
Coffea_liberica,6.083333,-7.516667
Coffea_liberica,7.453822,-7.599114
Coffea_liberica,6.174,-7.788
Coffea_liberica,5.689,-8.15133
Coffea_liberica,5.689,-8.151333
Coffea_liberica,5.688888,-8.151388
Coffea_liberica,7.71645,-8.3606
Coffea_liberica,8.84999,1.71868
Coffea_liberica,8.84996,1.71888
Coffea_liberica,8.84995,1.71948
Coffea_liberica,3.23333,10.03333
Coffea_liberica,5.81583,10.08333
Coffea_liberica,6.271667,10.316667
Coffea_liberica,6.275,10.33083
Coffea_liberica,6.275,10.331667
Coffea_liberica,6.28333,10.33333
Coffea_liberica,6.283333,10.333333
Coffea_liberica,3.066667,10.383333
Coffea_liberica,3.08333,10.41667
Coffea_liberica,6.187778,10.428611
Coffea_liberica,-1.99367,10.52644
Coffea_liberica,-1.993667,10.526444
Coffea_liberica,-2.55,10.53
Coffea_liberica,-2.55,10.533333
Coffea_liberica,3.43,10.76
Coffea_liberica,3.433333,10.766667
Coffea_liberica,-1.0835,11.1699
Coffea_liberica,4.73,11.36
Coffea_liberica,4.733333,11.366667
Coffea_liberica,4.55,11.41
Coffea_liberica,4.55,11.416667
Coffea_liberica,-0.166667,11.616667
Coffea_liberica,1.00167,11.85333
Coffea_liberica,1.001667,11.853333
Coffea_liberica,-0.35,12.23333
Coffea_liberica,-0.35,12.233333
Coffea_liberica,1.38583,12.56733
Coffea_liberica,1.385833,12.567333
Coffea_liberica,1.5,12.8
Coffea_liberica,4.4,13.33
Coffea_liberica,4.4,13.333333
Coffea_liberica,4.86,13.53
Coffea_liberica,4.866667,13.533333
Coffea_liberica,4.7,13.63
Coffea_liberica,4.7,13.633333
Coffea_liberica,4.81,13.83
Coffea_liberica,4.816667,13.833333
Coffea_liberica,3.31,14.26
Coffea_liberica,3.316667,14.266667
Coffea_liberica,3.48,14.8
Coffea_liberica,3.483333,14.8
Coffea_liberica,3.18,14.85
Coffea_liberica,3.183333,14.85
Coffea_liberica,-9.33333,14.9
Coffea_liberica,-9.333333,14.9
Coffea_liberica,-9.335252,14.902954
Coffea_liberica,3.51,15.0
Coffea_liberica,3.516667,15.0
Coffea_liberica,-5.13333,15.1
Coffea_liberica,-5.133333,15.1
Coffea_liberica,3.5,15.1
Coffea_liberica,2.05,15.16
Coffea_liberica,-4.900833,15.163055
Coffea_liberica,2.05,15.166667
Coffea_liberica,0.056944,18.309166
Coffea_liberica,0.05,18.316667
Coffea_liberica,0.05,18.31667
Coffea_liberica,6.65,2.15
Coffea_liberica,7.1702,2.5009
Coffea_liberica,6.5687,2.6231
Coffea_liberica,8.26667,20.63333
Coffea_liberica,8.266667,20.633333
Coffea_liberica,8.35,20.66667
Coffea_liberica,8.18333,21.18333
Coffea_liberica,8.183333,21.183333
Coffea_liberica,8.26666,21.23333
Coffea_liberica,-2.133333,21.566667
Coffea_liberica,-2.13333,21.56667
Coffea_liberica,3.566667,22.05
Coffea_liberica,3.56667,22.05
Coffea_liberica,-7.05,22.73333
Coffea_liberica,6.51667,23.25
Coffea_liberica,0.85,24.38333
Coffea_liberica,0.85,24.383333
Coffea_liberica,0.766667,24.45
Coffea_liberica,0.76667,24.45
Coffea_liberica,-2.748333,25.109166
Coffea_liberica,-2.748333,25.109167
Coffea_liberica,0.5162,25.1983
Coffea_liberica,5.366667,25.366667
Coffea_liberica,4.43333,25.85
Coffea_liberica,4.433333,25.85
Coffea_liberica,2.144166,27.992777
Coffea_liberica,-2.12,28.36
Coffea_liberica,-1.316667,28.516667
Coffea_liberica,-1.31667,28.51667
Coffea_liberica,1.55,28.53333
Coffea_liberica,1.55,28.533333
Coffea_liberica,-2.066667,28.566667
Coffea_liberica,-2.06667,28.56667
Coffea_liberica,1.399266,28.569516
Coffea_liberica,1.41666,28.58333
Coffea_liberica,-2.2,28.6
Coffea_liberica,-1.45,28.8
Coffea_liberica,4.6,29.68333
Coffea_liberica,4.6,29.683333
Coffea_liberica,4.63333,29.7
Coffea_liberica,4.633333,29.7
Coffea_liberica,-0.4018,30.0389
Coffea_liberica,0.8283,30.164
Coffea_liberica,0.6466,30.3872
Coffea_liberica,6.1,5.88333
Coffea_liberica,6.1,5.883333
Coffea_liberica,4.06,9.06
Coffea_liberica,4.066667,9.066667
Coffea_liberica,0.416667,9.45
Coffea_liberica,-2.04138,9.53722
Coffea_liberica,4.36,9.56
Coffea_liberica,4.366667,9.566667
Coffea_liberica,4.816667,9.691666
Coffea_liberica,4.81667,9.69167
Coffea_liberica,4.766667,9.7
Coffea_liberica,4.78333,9.7
Coffea_liberica,4.75,9.71667
Coffea_liberica,2.85,9.88333
Coffea_liberica,2.85,9.883333
Coffea_liberica,2.316667,9.9
Coffea_liberica,2.31667,9.9
Coffea_liberica,2.3167,9.9
Coffea_liberica,2.58,9.95
Coffea_liberica,2.583333,9.95
Coffea_liberica,4.928,9.999
Coffea_ligustroides,-19.02,29.15
Coffea_ligustroides,-20.183333,32.633333
Coffea_ligustroides,-16.07,35.03
Coffea_littoralis,-13.26666,49.76666
Coffea_littoralis,-13.38333,50.01666
Coffea_littoralis,-13.366667,50.016667
Coffea_luconiensis,14.1333,121.2
Coffea_lulandoensis,-8.5,35.25
Coffea_lulandoensis,-8.6,35.61666
Coffea_lulandoensis,-8.583333,35.616667
Coffea_lulandoensis,-8.6,35.616667
Coffea_lulandoensis,-8.60972,35.62194
Coffea_lulandoensis,-8.609722,35.621944
Coffea_lulandoensis,-8.6075,35.623056
Coffea_lulandoensis,-8.611944,35.623333
Coffea_lulandoensis,-8.60972,35.62388
Coffea_lulandoensis,-8.609722,35.623889
Coffea_lulandoensis,-8.60972,35.62472
Coffea_lulandoensis,-8.616667,35.633333
Coffea_lulandoensis,-8.5,35.66666
Coffea_lulandoensis,-8.6,35.666667
Coffea_lulandoensis,-7.78333,36.48333
Coffea_mabesae,13.775,120.191667
Coffea_macrocarpa,-20.43,57.44
Coffea_magnistipula,5.336944,-8.799722
Coffea_magnistipula,1.61023,10.09536
Coffea_magnistipula,0.55,10.13333
Coffea_magnistipula,0.55,10.133333
Coffea_magnistipula,0.591944,10.191111
Coffea_magnistipula,0.591667,10.191667
Coffea_magnistipula,0.414687,10.216413
Coffea_magnistipula,0.38538,10.2427
Coffea_magnistipula,0.406844,10.251015
Coffea_magnistipula,0.4208,10.2575
Coffea_magnistipula,0.455,10.258333
Coffea_magnistipula,0.389083,10.2585
Coffea_magnistipula,0.454167,10.258889
Coffea_magnistipula,0.460278,10.271389
Coffea_magnistipula,0.46028,10.27139
Coffea_magnistipula,0.46,10.271667
Coffea_magnistipula,0.46764,10.27437
Coffea_magnistipula,0.498369,10.293571
Coffea_magnistipula,0.473055,10.293943
Coffea_magnistipula,0.53406,10.29756
Coffea_magnistipula,0.5346,10.29819
Coffea_magnistipula,0.544389,10.309
Coffea_magnistipula,0.65,10.316667
Coffea_magnistipula,0.60209,10.34027
Coffea_magnistipula,0.516667,10.383333
Coffea_magnistipula,-2.655,10.50833
Coffea_magnistipula,-2.655,10.508333
Coffea_magnistipula,-0.083333,10.583333
Coffea_magnistipula,-3.089999,10.736667
Coffea_magnistipula,-1.75,11.35
Coffea_magnistipula,1.75,11.35
Coffea_magnistipula,-1.693083,11.388694
Coffea_magnistipula,-1.65,11.766667
Coffea_magnistipula,-1.65,11.76667
Coffea_magnistipula,4.91666,8.86666
Coffea_magnistipula,4.53333,9.4
Coffea_magnistipula,0.78119,9.79742
Coffea_mangoroensis,-18.940755,47.412985
Coffea_mangoroensis,-21.383333,47.866667
Coffea_mangoroensis,-21.377389,47.871056
Coffea_mangoroensis,-21.3775,47.871111
Coffea_mangoroensis,-18.90833,48.10833
Coffea_mangoroensis,-18.886944,48.14
Coffea_mangoroensis,-18.9,48.15
Coffea_mangoroensis,-19.047778,48.158056
Coffea_mangoroensis,-18.920278,48.170278
Coffea_mangoroensis,-18.84194,48.26833
Coffea_mangoroensis,-18.89055,48.27222
Coffea_mangoroensis,-18.86277,48.27555
Coffea_mangoroensis,-18.86305,48.27555
Coffea_mangoroensis,-18.601783,48.275786
Coffea_mangoroensis,-18.84027,48.27583
Coffea_mangoroensis,-18.86861,48.27583
Coffea_mangoroensis,-18.866389,48.276667
Coffea_mangoroensis,-18.87277,48.27805
Coffea_mangoroensis,-18.859444,48.278333
Coffea_mangoroensis,-18.846944,48.279445
Coffea_mangoroensis,-18.869167,48.279445
Coffea_mangoroensis,-18.854722,48.280278
Coffea_mangoroensis,-18.818333,48.284722
Coffea_mangoroensis,-18.835555,48.288889
Coffea_mangoroensis,-18.84527,48.28944
Coffea_mangoroensis,-18.85,48.290556
Coffea_mangoroensis,-18.85,48.29056
Coffea_mangoroensis,-18.875,48.29305
Coffea_mangoroensis,-18.80138,48.29638
Coffea_mangoroensis,-18.8675,48.29666
Coffea_mangoroensis,-18.87222,48.30583
Coffea_mangoroensis,-18.872222,48.305833
Coffea_mangoroensis,-18.86,48.32277
Coffea_mangoroensis,-18.78694,48.34055
Coffea_mangoroensis,-18.79416,48.34055
Coffea_mangoroensis,-18.7875,48.34166
Coffea_mangoroensis,-18.82333,48.34305
Coffea_mangoroensis,-18.79694,48.34333
Coffea_mangoroensis,-18.82194,48.34527
Coffea_mangoroensis,-18.79861,48.34861
Coffea_mangoroensis,-18.83527,48.35694
Coffea_mangoroensis,-19.189873,48.380066
Coffea_mangoroensis,-18.916667,48.416667
Coffea_mangoroensis,-18.941111,48.4175
Coffea_mangoroensis,-18.93722,48.41916
Coffea_mangoroensis,-18.93722,48.41917
Coffea_mangoroensis,-18.93778,48.42111
Coffea_mangoroensis,-18.937778,48.421111
Coffea_mangoroensis,-18.925,48.424445
Coffea_mangoroensis,-18.790833,48.425278
Coffea_mangoroensis,-18.804167,48.425278
Coffea_mangoroensis,-18.95056,48.42833
Coffea_mangoroensis,-18.950556,48.428333
Coffea_mangoroensis,-18.930556,48.429445
Coffea_mangoroensis,-18.938333,48.429722
Coffea_mangoroensis,-18.956738,48.429993
Coffea_mangoroensis,-18.832778,48.437222
Coffea_mangoroensis,-18.829722,48.440556
Coffea_mangoroensis,-18.9225,48.443333
Coffea_mangoroensis,-18.953611,48.445278
Coffea_mangoroensis,-18.945639,48.469736
Coffea_mangoroensis,-18.933058,48.491446
Coffea_mangoroensis,-18.12,48.57
Coffea_mangoroensis,-17.5,48.766667
Coffea_mangoroensis,-18.401389,48.803056
Coffea_mangoroensis,-18.40139,48.80306
Coffea_mannii,5.966667,-0.083333
Coffea_mannii,5.683333,-0.283333
Coffea_mannii,6.23,-0.543667
Coffea_mannii,6.23,-0.54367
Coffea_mannii,6.23,-0.545278
Coffea_mannii,6.23,-0.55
Coffea_mannii,7.11,-0.6
Coffea_mannii,6.55,-0.666667
Coffea_mannii,5.133333,-1.283333
Coffea_mannii,7.593333,-2.141667
Coffea_mannii,7.59333,-2.14167
Coffea_mannii,7.0,-2.18
Coffea_mannii,7.0,-2.3
Coffea_mannii,6.19,-2.56
Coffea_mannii,6.617,-2.85
Coffea_mannii,6.316667,-2.933333
Coffea_mannii,7.25,-3.01667
Coffea_mannii,5.18987,-3.34129
Coffea_mannii,5.183333,-3.45
Coffea_mannii,5.2,-3.45
Coffea_mannii,5.843858,-3.641952
Coffea_mannii,5.3487,-3.98586
Coffea_mannii,5.71667,-4.11667
Coffea_mannii,5.33057,-4.128087
Coffea_mannii,6.7,-4.1333
Coffea_mannii,5.31667,-4.13333
Coffea_mannii,5.73333,-4.13333
Coffea_mannii,6.69587,-4.13513
Coffea_mannii,5.73333,-4.14167
Coffea_mannii,5.73333,-4.15
Coffea_mannii,6.683,-4.15
Coffea_mannii,5.93333,-4.21667
Coffea_mannii,5.95,-5.2
Coffea_mannii,5.083333,-5.366667
Coffea_mannii,4.95,-6.08333
Coffea_mannii,4.9,-6.3
Coffea_mannii,5.71667,-6.3
Coffea_mannii,6.13333,-6.8
Coffea_mannii,7.115727,-6.966379
Coffea_mannii,7.116667,-7.0
Coffea_mannii,5.833333,-7.166667
Coffea_mannii,7.01612,-7.2438
Coffea_mannii,4.9,-7.316
Coffea_mannii,5.83333,-7.35
Coffea_mannii,6.0,-7.38333
Coffea_mannii,6.0,-7.383333
Coffea_mannii,5.866667,-7.45
Coffea_mannii,5.983333,-7.466667
Coffea_mannii,4.55,-7.46667
Coffea_mannii,6.866667,-7.683333
Coffea_mannii,7.095273,-8.107888
Coffea_mannii,5.585,-8.176667
Coffea_mannii,5.58533,-8.17733
Coffea_mannii,7.604,-8.212
Coffea_mannii,7.647983,-8.357867
Coffea_mannii,7.674167,-8.394722
Coffea_mannii,7.675,-8.394722
Coffea_mannii,7.698833,-8.413667
Coffea_mannii,7.69883,-8.41367
Coffea_mannii,7.7,-8.416667
Coffea_mannii,8.139,-8.573
Coffea_mannii,8.19742,-8.64817
Coffea_mannii,8.533,-8.9
Coffea_mannii,7.533,-8.933
Coffea_mannii,8.525556,-8.935
Coffea_mannii,8.532222,-8.940556
Coffea_mannii,8.51694,-8.9425
Coffea_mannii,8.516944,-8.9425
Coffea_mannii,7.736889,-9.109083
Coffea_mannii,5.476667,-9.273333
Coffea_mannii,5.58,0.05
Coffea_mannii,4.05,0.116667
Coffea_mannii,5.45,0.13
Coffea_mannii,5.41,0.17
Coffea_mannii,6.138,0.3262
Coffea_mannii,6.33,0.4
Coffea_mannii,6.05,0.5
Coffea_mannii,7.11055,0.59944
Coffea_mannii,7.110555,0.599444
Coffea_mannii,5.08,1.17
Coffea_mannii,2.799577,10.0054
Coffea_mannii,2.78333,10.01666
Coffea_mannii,2.783333,10.016667
Coffea_mannii,2.78333,10.01667
Coffea_mannii,2.80117,10.02133
Coffea_mannii,2.80942,10.02914
Coffea_mannii,-2.76667,10.03333
Coffea_mannii,2.8,10.03333
Coffea_mannii,3.23333,10.03333
Coffea_mannii,1.60228,10.04551
Coffea_mannii,0.48333,10.25
Coffea_mannii,0.483333,10.25
Coffea_mannii,0.55,10.26667
Coffea_mannii,1.65,10.3
Coffea_mannii,1.5667,10.3167
Coffea_mannii,2.29889,10.3475
Coffea_mannii,1.372499,10.349444
Coffea_mannii,1.372444,10.3495
Coffea_mannii,1.372445,10.3495
Coffea_mannii,0.616667,10.35
Coffea_mannii,0.61667,10.35
Coffea_mannii,2.8,10.4
Coffea_mannii,3.166667,10.4
Coffea_mannii,3.18333,10.4
Coffea_mannii,3.183333,10.4
Coffea_mannii,4.13333,10.4
Coffea_mannii,3.077777,10.411944
Coffea_mannii,3.09527,10.415
Coffea_mannii,3.095277,10.415
Coffea_mannii,3.09528,10.415
Coffea_mannii,3.16666,10.41666
Coffea_mannii,3.166667,10.416667
Coffea_mannii,3.08333,10.41667
Coffea_mannii,4.13,10.46
Coffea_mannii,3.139444,10.464166
Coffea_mannii,3.13473,10.46419
Coffea_mannii,3.134833,10.464388
Coffea_mannii,3.13333,10.46666
Coffea_mannii,3.15,10.46666
Coffea_mannii,3.240851,10.48608
Coffea_mannii,2.73333,10.51666
Coffea_mannii,2.733333,10.516667
Coffea_mannii,2.772499,10.532833
Coffea_mannii,2.7725,10.532833
Coffea_mannii,2.77363,10.53443
Coffea_mannii,2.773633,10.534433
Coffea_mannii,-0.805833,10.535278
Coffea_mannii,-0.80583,10.53528
Coffea_mannii,-0.80588,10.53532
Coffea_mannii,2.768555,10.536083
Coffea_mannii,2.768556,10.536083
Coffea_mannii,2.7545,10.54083
Coffea_mannii,2.7545,10.540833
Coffea_mannii,-1.421138,10.559222
Coffea_mannii,-1.421139,10.559222
Coffea_mannii,3.22822,10.58128
Coffea_mannii,3.228333,10.581388
Coffea_mannii,6.887,10.61
Coffea_mannii,3.31555,10.64583
Coffea_mannii,3.31556,10.64583
Coffea_mannii,3.315555,10.645833
Coffea_mannii,3.32444,10.64861
Coffea_mannii,3.324444,10.648611
Coffea_mannii,3.31494,10.65208
Coffea_mannii,3.315,10.652222
Coffea_mannii,-0.15,10.666667
Coffea_mannii,-3.35,10.666667
Coffea_mannii,5.733333,10.666667
Coffea_mannii,-0.15,10.66667
Coffea_mannii,-3.35,10.66667
Coffea_mannii,-0.15,10.6667
Coffea_mannii,2.54417,10.67944
Coffea_mannii,-3.395277,10.679444
Coffea_mannii,-3.45739,10.68102
Coffea_mannii,-3.47098,10.69652
Coffea_mannii,3.36388,10.71083
Coffea_mannii,3.363888,10.710833
Coffea_mannii,3.35027,10.72083
Coffea_mannii,-3.08936,10.73694
Coffea_mannii,-3.089361,10.736944
Coffea_mannii,3.41,10.76
Coffea_mannii,3.43,10.76
Coffea_mannii,3.27122,10.76105
Coffea_mannii,-3.533333,10.766667
Coffea_mannii,3.416667,10.766667
Coffea_mannii,3.433333,10.766667
Coffea_mannii,-3.53333,10.76667
Coffea_mannii,-0.06667,10.78333
Coffea_mannii,-1.69346,10.86086
Coffea_mannii,4.163298,10.999983
Coffea_mannii,4.144654,11.001839
Coffea_mannii,4.17632,11.00275
Coffea_mannii,4.16421,11.0044
Coffea_mannii,4.153509,11.012835
Coffea_mannii,4.225081,11.017984
Coffea_mannii,-3.77968,11.01853
Coffea_mannii,4.212539,11.043675
Coffea_mannii,4.21276,11.0439
Coffea_mannii,4.21374,11.0501
Coffea_mannii,4.85,11.06
Coffea_mannii,4.85,11.066667
Coffea_mannii,4.062859,11.089823
Coffea_mannii,4.061961,11.09241
Coffea_mannii,3.55,11.11666
Coffea_mannii,3.55,11.116667
Coffea_mannii,3.55,11.11667
Coffea_mannii,2.8,11.16666
Coffea_mannii,2.8,11.16667
Coffea_mannii,-0.84943,11.2653
Coffea_mannii,3.833333,11.35
Coffea_mannii,3.95,11.366667
Coffea_mannii,4.996538,11.379449
Coffea_mannii,5.11,11.38
Coffea_mannii,3.96667,11.38333
Coffea_mannii,3.966667,11.383333
Coffea_mannii,3.964444,11.393611
Coffea_mannii,4.46,11.41
Coffea_mannii,3.81666,11.45
Coffea_mannii,3.816667,11.45
Coffea_mannii,3.81667,11.45
Coffea_mannii,3.85,11.45
Coffea_mannii,5.123055,11.451388
Coffea_mannii,3.620278,11.584445
Coffea_mannii,1.826944,11.627222
Coffea_mannii,4.6,11.65
Coffea_mannii,4.71,11.66
Coffea_mannii,4.716667,11.666667
Coffea_mannii,5.4,11.7
Coffea_mannii,6.81,12.0
Coffea_mannii,-0.13473,12.00412
Coffea_mannii,-0.1,12.05
Coffea_mannii,0.418611,12.084167
Coffea_mannii,5.4,12.11
Coffea_mannii,-0.25,12.33333
Coffea_mannii,-0.25,12.333333
Coffea_mannii,4.75,12.35
Coffea_mannii,-0.072389,12.352611
Coffea_mannii,4.68,12.36
Coffea_mannii,-4.26667,12.43333
Coffea_mannii,5.763055,12.45125
Coffea_mannii,5.763056,12.45125
Coffea_mannii,5.768443,12.469805
Coffea_mannii,5.768444,12.469806
Coffea_mannii,5.771111,12.474722
Coffea_mannii,5.771,12.474861
Coffea_mannii,-0.10855,12.48697
Coffea_mannii,3.18333,12.55
Coffea_mannii,3.183333,12.55
Coffea_mannii,3.333333,12.566667
Coffea_mannii,3.186111,12.677222
Coffea_mannii,-0.68083,12.81222
Coffea_mannii,-0.68077,12.81232
Coffea_mannii,0.68077,12.81232
Coffea_mannii,6.170555,12.823527
Coffea_mannii,-0.966667,12.916667
Coffea_mannii,-0.96667,12.91667
Coffea_mannii,-0.92188,12.96408
Coffea_mannii,-0.666667,13.0
Coffea_mannii,-0.66667,13.0
Coffea_mannii,5.21,13.08
Coffea_mannii,1.11667,13.13333
Coffea_mannii,-5.577958,13.15905
Coffea_mannii,1.176217,13.171629
Coffea_mannii,0.99854,13.195605
Coffea_mannii,-1.114167,13.219722
Coffea_mannii,4.4,13.33
Coffea_mannii,4.4,13.333333
Coffea_mannii,4.33,13.35
Coffea_mannii,5.219719,13.436388
Coffea_mannii,5.219722,13.436389
Coffea_mannii,3.35,13.466667
Coffea_mannii,3.35,13.46667
Coffea_mannii,4.7,13.63
Coffea_mannii,4.7,13.633333
Coffea_mannii,4.58,13.68
Coffea_mannii,4.58333,13.73333
Coffea_mannii,3.25833,13.82111
Coffea_mannii,3.258333,13.821111
Coffea_mannii,4.81,13.83
Coffea_mannii,4.816667,13.833333
Coffea_mannii,2.239555,13.950666
Coffea_mannii,2.239556,13.950667
Coffea_mannii,3.31,14.26
Coffea_mannii,3.316667,14.266667
Coffea_mannii,5.1,14.28
Coffea_mannii,5.1,14.283333
Coffea_mannii,1.3207,14.8447
Coffea_mannii,-5.45,14.9
Coffea_mannii,3.35,14.95
Coffea_mannii,3.53,14.98
Coffea_mannii,3.533333,14.983333
Coffea_mannii,2.06,15.0
Coffea_mannii,2.066667,15.0
Coffea_mannii,2.05,15.08
Coffea_mannii,3.66,15.08
Coffea_mannii,2.05,15.083333
Coffea_mannii,2.05,15.17
Coffea_mannii,2.06,15.6
Coffea_mannii,2.066667,15.6
Coffea_mannii,-5.474166,15.955277
Coffea_mannii,-5.48333,15.96667
Coffea_mannii,2.23833,16.02055
Coffea_mannii,2.16666,16.15
Coffea_mannii,2.33333,16.15
Coffea_mannii,2.35,16.15
Coffea_mannii,2.36666,16.15
Coffea_mannii,2.33333,16.16666
Coffea_mannii,2.333333,16.166667
Coffea_mannii,2.33,16.17
Coffea_mannii,2.38333,16.2
Coffea_mannii,2.383333,16.2
Coffea_mannii,2.150833,16.516389
Coffea_mannii,2.203611,16.525
Coffea_mannii,2.20349,16.52503
Coffea_mannii,2.206944,16.525833
Coffea_mannii,2.20687,16.5259
Coffea_mannii,1.09,17.28
Coffea_mannii,-2.86,18.13
Coffea_mannii,-2.866667,18.133333
Coffea_mannii,-2.9,18.16
Coffea_mannii,-2.96,18.16
Coffea_mannii,-2.9,18.166667
Coffea_mannii,-2.966667,18.166667
Coffea_mannii,2.5,18.21
Coffea_mannii,2.51,18.21
Coffea_mannii,2.5,18.216667
Coffea_mannii,2.516667,18.216667
Coffea_mannii,2.5,18.25
Coffea_mannii,0.056944,18.309166
Coffea_mannii,-5.036388,18.832777
Coffea_mannii,7.11,2.35
Coffea_mannii,6.8067,2.4744
Coffea_mannii,6.547626,2.521225
Coffea_mannii,6.583,2.533
Coffea_mannii,6.5833,2.5333
Coffea_mannii,6.58333,2.53333
Coffea_mannii,6.583333,2.533333
Coffea_mannii,6.58556,2.53806
Coffea_mannii,6.58717,2.54106
Coffea_mannii,6.565866,2.544218
Coffea_mannii,6.586188,2.546658
Coffea_mannii,6.5833,2.55
Coffea_mannii,6.58333,2.55
Coffea_mannii,6.583611,2.551944
Coffea_mannii,7.183,2.583
Coffea_mannii,7.18333,2.58333
Coffea_mannii,7.183333,2.583333
Coffea_mannii,7.0017,2.6093
Coffea_mannii,7.314876,2.616585
Coffea_mannii,6.8,2.616667
Coffea_mannii,6.8,2.61667
Coffea_mannii,7.0941,2.6345
Coffea_mannii,6.7166,2.6666
Coffea_mannii,6.733042,2.68218
Coffea_mannii,6.6863,2.7018
Coffea_mannii,6.67553,2.729449
Coffea_mannii,6.666964,2.743012
Coffea_mannii,3.125277,20.709166
Coffea_mannii,0.06667,20.93333
Coffea_mannii,-7.05,22.73333
Coffea_mannii,-6.85,23.06667
Coffea_mannii,-7.51667,24.18333
Coffea_mannii,3.444444,25.691944
Coffea_mannii,3.46667,25.71667
Coffea_mannii,1.4025,28.572499
Coffea_mannii,0.75,29.75
Coffea_mannii,3.3491,8.512511
Coffea_mannii,5.05,8.766667
Coffea_mannii,5.01666,8.83333
Coffea_mannii,5.03333,8.83333
Coffea_mannii,5.033333,8.833333
Coffea_mannii,5.030278,8.836667
Coffea_mannii,5.016667,8.85
Coffea_mannii,5.01667,8.85
Coffea_mannii,5.02,8.85
Coffea_mannii,5.06,8.85
Coffea_mannii,5.15,8.88
Coffea_mannii,5.133333,8.9
Coffea_mannii,5.03333,8.93333
Coffea_mannii,5.033333,8.933333
Coffea_mannii,4.45,8.98333
Coffea_mannii,4.45,8.983333
Coffea_mannii,4.772,9.0
Coffea_mannii,4.133333,9.016667
Coffea_mannii,4.13333,9.01667
Coffea_mannii,4.077222,9.018888
Coffea_mannii,4.127222,9.018889
Coffea_mannii,4.07,9.03
Coffea_mannii,4.06666,9.03333
Coffea_mannii,4.066667,9.033333
Coffea_mannii,4.085577,9.049719
Coffea_mannii,4.085578,9.049722
Coffea_mannii,4.083333,9.05
Coffea_mannii,4.3,9.05
Coffea_mannii,4.06,9.06
Coffea_mannii,4.066667,9.066667
Coffea_mannii,4.05,9.116667
Coffea_mannii,4.05,9.11667
Coffea_mannii,4.06469,9.15182
Coffea_mannii,4.910666,9.238555
Coffea_mannii,4.91067,9.23856
Coffea_mannii,4.810969,9.256469
Coffea_mannii,4.810972,9.256472
Coffea_mannii,4.809027,9.267277
Coffea_mannii,4.809028,9.267278
Coffea_mannii,4.6,9.36666
Coffea_mannii,4.6,9.366667
Coffea_mannii,4.83333,9.45
Coffea_mannii,4.833333,9.45
Coffea_mannii,6.16,9.45
Coffea_mannii,5.338889,9.477778
Coffea_mannii,5.793889,9.494167
Coffea_mannii,4.95,9.53333
Coffea_mannii,4.73,9.56
Coffea_mannii,4.733333,9.566667
Coffea_mannii,5.333333,9.566667
Coffea_mannii,4.73,9.58
Coffea_mannii,4.733333,9.583333
Coffea_mannii,4.815,9.6
Coffea_mannii,4.77937,9.68216
Coffea_mannii,4.81667,9.68333
Coffea_mannii,4.83333,9.68333
Coffea_mannii,4.86667,9.68333
Coffea_mannii,4.98333,9.68333
Coffea_mannii,4.816667,9.683333
Coffea_mannii,4.833334,9.683333
Coffea_mannii,4.866667,9.683333
Coffea_mannii,4.983333,9.683333
Coffea_mannii,4.983334,9.683333
Coffea_mannii,5.0,9.683333
Coffea_mannii,4.7,9.7
Coffea_mannii,5.083333,9.7
Coffea_mannii,4.81475,9.709083
Coffea_mannii,4.816667,9.716667
Coffea_mannii,4.915,9.716667
Coffea_mannii,5.077,9.72
Coffea_mannii,5.077,9.721
Coffea_mannii,5.083,9.721
Coffea_mannii,4.915,9.723888
Coffea_mannii,5.075,9.724
Coffea_mannii,5.076,9.724
Coffea_mannii,5.077222,9.729722
Coffea_mannii,0.198888,9.732777
Coffea_mannii,-1.92686,9.879561
Coffea_mannii,3.71,9.95
Coffea_mannii,4.928,9.999
Coffea_manombensis,-23.01944,47.71444
Coffea_manombensis,-23.019444,47.714444
Coffea_mapiana,2.4,10.07
Coffea_mapiana,2.39833,10.07117
Coffea_mapiana,2.398333,10.071667
Coffea_mapiana,2.38,10.33
Coffea_mapiana,2.383333,10.333333
Coffea_mapiana,3.31,10.54
Coffea_mapiana,3.228055,10.578333
Coffea_mapiana,3.228056,10.578333
Coffea_mapiana,3.23,10.58
Coffea_mapiana,3.316667,10.633333
Coffea_mapiana,3.32,10.64
Coffea_mapiana,3.325277,10.647499
Coffea_mapiana,3.32536,10.6475
Coffea_mapiana,3.324444,10.648611
Coffea_mapiana,3.303333,10.649166
Coffea_mapiana,3.3,10.65
Coffea_mapiana,3.316667,10.65
Coffea_mapiana,3.32,10.65
Coffea_mapiana,3.32,10.66
Coffea_mapiana,3.322222,10.661667
Coffea_mapiana,3.3075,10.666667
Coffea_mapiana,3.30756,10.66667
Coffea_mapiana,3.300556,10.667778
Coffea_mapiana,3.31,10.67
Coffea_mapiana,3.36,10.71
Coffea_mapiana,3.35,10.72
Coffea_mapiana,3.350277,10.720833
Coffea_mapiana,3.35029,10.72086
Coffea_mapiana,3.23,10.73
Coffea_mapiana,3.21,10.82
Coffea_mauritiana,-21.14391,55.29027
Coffea_mauritiana,-21.04448,55.32225
Coffea_mauritiana,-21.11012,55.32963
Coffea_mauritiana,-21.16607,55.33328
Coffea_mauritiana,-20.99316,55.35634
Coffea_mauritiana,-21.20972,55.35863
Coffea_mauritiana,-20.9493,55.36194
Coffea_mauritiana,-20.91686,55.36253
Coffea_mauritiana,-21.24908,55.36684
Coffea_mauritiana,-20.96365,55.37167
Coffea_mauritiana,-20.94866,55.37874
Coffea_mauritiana,-20.92271,55.38715
Coffea_mauritiana,-20.99421,55.39769
Coffea_mauritiana,-21.198,55.413
Coffea_mauritiana,-20.92804,55.41329
Coffea_mauritiana,-20.915,55.417
Coffea_mauritiana,-21.23361,55.42158
Coffea_mauritiana,-20.91289,55.42338
Coffea_mauritiana,-21.21742,55.42808
Coffea_mauritiana,-21.11618,55.44471
Coffea_mauritiana,-20.91861,55.44602
Coffea_mauritiana,-20.93302,55.44699
Coffea_mauritiana,-21.13333,55.45
Coffea_mauritiana,-21.133333,55.45
Coffea_mauritiana,-21.12995,55.45183
Coffea_mauritiana,-20.96922,55.45403
Coffea_mauritiana,-21.14384,55.4588
Coffea_mauritiana,-21.13006,55.46208
Coffea_mauritiana,-21.11754,55.46578
Coffea_mauritiana,-21.116667,55.466667
Coffea_mauritiana,-21.11667,55.46667
Coffea_mauritiana,-21.14686,55.47153
Coffea_mauritiana,-21.14684,55.47191
Coffea_mauritiana,-21.14953,55.47238
Coffea_mauritiana,-21.14879,55.47279
Coffea_mauritiana,-21.20659,55.4791
Coffea_mauritiana,-21.14229,55.47964
Coffea_mauritiana,-21.20403,55.49237
Coffea_mauritiana,-21.31231,55.49378
Coffea_mauritiana,-21.19988,55.50672
Coffea_mauritiana,-21.04673,55.50804
Coffea_mauritiana,-21.29231,55.51716
Coffea_mauritiana,-21.29007,55.51787
Coffea_mauritiana,-21.20119,55.52396
Coffea_mauritiana,-21.29722,55.52563
Coffea_mauritiana,-21.131111,55.529166
Coffea_mauritiana,-20.94676,55.53067
Coffea_mauritiana,-21.13317,55.53241
Coffea_mauritiana,-21.16831,55.53406
Coffea_mauritiana,-21.16878,55.53458
Coffea_mauritiana,-21.16923,55.53466
Coffea_mauritiana,-21.16713,55.53486
Coffea_mauritiana,-21.17166,55.53501
Coffea_mauritiana,-21.17161,55.53514
Coffea_mauritiana,-20.98615,55.53624
Coffea_mauritiana,-21.329,55.54
Coffea_mauritiana,-21.32813,55.54022
Coffea_mauritiana,-21.23649,55.54037
Coffea_mauritiana,-21.1761,55.54785
Coffea_mauritiana,-21.25793,55.55492
Coffea_mauritiana,-21.29612,55.55817
Coffea_mauritiana,-21.22316,55.55856
Coffea_mauritiana,-21.33963,55.56885
Coffea_mauritiana,-21.30374,55.57098
Coffea_mauritiana,-20.99069,55.58832
Coffea_mauritiana,-21.143984,55.588623
Coffea_mauritiana,-20.94578,55.59309
Coffea_mauritiana,-21.1623,55.5966
Coffea_mauritiana,-21.29893,55.59927
Coffea_mauritiana,-21.15517,55.60184
Coffea_mauritiana,-21.17194,55.60833
Coffea_mauritiana,-21.18592,55.61054
Coffea_mauritiana,-21.05317,55.61156
Coffea_mauritiana,-21.32979,55.61629
Coffea_mauritiana,-21.02332,55.61975
Coffea_mauritiana,-21.31204,55.63879
Coffea_mauritiana,-21.30627,55.64198
Coffea_mauritiana,-20.96333,55.64242
Coffea_mauritiana,-21.15197,55.64425
Coffea_mauritiana,-21.10584,55.64681
Coffea_mauritiana,-21.09184,55.64931
Coffea_mauritiana,-21.095683,55.651267
Coffea_mauritiana,-21.07692,55.65973
Coffea_mauritiana,-21.1177,55.66366
Coffea_mauritiana,-21.32678,55.68242
Coffea_mauritiana,-21.35851,55.69162
Coffea_mauritiana,-21.34827,55.69584
Coffea_mauritiana,-21.3729,55.7024
Coffea_mauritiana,-21.36672,55.70479
Coffea_mauritiana,-21.1092,55.70617
Coffea_mauritiana,-21.35873,55.70797
Coffea_mauritiana,-21.14389,55.71142
Coffea_mauritiana,-21.33877,55.72606
Coffea_mauritiana,-21.30384,55.74507
Coffea_mauritiana,-21.19222,55.75457
Coffea_mauritiana,-21.17948,55.78172
Coffea_mauritiana,-21.28724,55.78411
Coffea_mauritiana,-20.41667,57.43333
Coffea_mauritiana,-20.416667,57.433333
Coffea_mauritiana,-20.43,57.44
Coffea_mauritiana,-20.33,57.45
Coffea_mayombensis,-1.95,10.0
Coffea_mayombensis,0.6,10.0
Coffea_mayombensis,1.596,10.05
Coffea_mayombensis,2.2525,10.07806
Coffea_mayombensis,1.62032,10.08113
Coffea_mayombensis,1.60934,10.09249
Coffea_mayombensis,2.245,10.181667
Coffea_mayombensis,2.24556,10.18167
Coffea_mayombensis,-1.73,10.199
Coffea_mayombensis,-1.653,10.224999
Coffea_mayombensis,-1.653,10.225
Coffea_mayombensis,1.75657,10.26983
Coffea_mayombensis,1.662683,10.288767
Coffea_mayombensis,1.65,10.3
Coffea_mayombensis,-2.25,10.33333
Coffea_mayombensis,-2.25,10.333333
Coffea_mayombensis,0.58587,10.33928
Coffea_mayombensis,-2.216667,10.4
Coffea_mayombensis,-2.21667,10.4
Coffea_mayombensis,-1.873833,10.403806
Coffea_mayombensis,-1.87383,10.40381
Coffea_mayombensis,3.5,10.416667
Coffea_mayombensis,3.5,10.41667
Coffea_mayombensis,-1.28333,10.45
Coffea_mayombensis,-1.283333,10.45
Coffea_mayombensis,3.416667,10.45
Coffea_mayombensis,3.41667,10.45
Coffea_mayombensis,3.83333,10.45
Coffea_mayombensis,3.833333,10.45
Coffea_mayombensis,1.583917,10.467283
Coffea_mayombensis,-2.676667,10.48
Coffea_mayombensis,-2.683889,10.487778
Coffea_mayombensis,-2.68389,10.48778
Coffea_mayombensis,2.73444,10.525
Coffea_mayombensis,2.735,10.525
Coffea_mayombensis,3.22806,10.57833
Coffea_mayombensis,3.228055,10.578333
Coffea_mayombensis,3.23767,10.57925
Coffea_mayombensis,3.22806,10.58111
Coffea_mayombensis,3.228056,10.581111
Coffea_mayombensis,3.228333,10.581388
Coffea_mayombensis,0.37006,10.58162
Coffea_mayombensis,-2.6,10.58333
Coffea_mayombensis,-2.6,10.583333
Coffea_mayombensis,3.233305,10.583333
Coffea_mayombensis,3.31556,10.64583
Coffea_mayombensis,3.315555,10.645833
Coffea_mayombensis,3.30756,10.66778
Coffea_mayombensis,3.561944,10.708055
Coffea_mayombensis,-2.45,10.73333
Coffea_mayombensis,-2.55,10.73333
Coffea_mayombensis,-2.45,10.733333
Coffea_mayombensis,-2.55,10.733333
Coffea_mayombensis,-3.23073,10.8489
Coffea_mayombensis,0.41635,11.08823
Coffea_mayombensis,-1.157833,11.089717
Coffea_mayombensis,-1.158333,11.09
Coffea_mayombensis,-1.116667,11.15
Coffea_mayombensis,0.88333,11.15
Coffea_mayombensis,0.883333,11.15
Coffea_mayombensis,-3.664417,11.159472
Coffea_mayombensis,-1.073667,11.184667
Coffea_mayombensis,-1.07367,11.18467
Coffea_mayombensis,-1.073611,11.184722
Coffea_mayombensis,0.43801,11.18827
Coffea_mayombensis,-1.3,11.233333
Coffea_mayombensis,-0.85401,11.25658
Coffea_mayombensis,2.71666,11.28333
Coffea_mayombensis,2.71667,11.28333
Coffea_mayombensis,2.716667,11.283333
Coffea_mayombensis,0.733333,11.366667
Coffea_mayombensis,0.73333,11.36667
Coffea_mayombensis,0.73,11.37
Coffea_mayombensis,-1.966667,11.416667
Coffea_mayombensis,-1.96667,11.41667
Coffea_mayombensis,0.2,11.88333
Coffea_mayombensis,0.2,11.883333
Coffea_mayombensis,0.4,11.96666
Coffea_mayombensis,0.4,11.966667
Coffea_mayombensis,0.4,11.96667
Coffea_mayombensis,0.405,12.251667
Coffea_mayombensis,0.405,12.25167
Coffea_mayombensis,-0.10444,12.49806
Coffea_mayombensis,-0.10436,12.4981
Coffea_mayombensis,-0.09996,12.50993
Coffea_mayombensis,0.52464,12.67033
Coffea_mayombensis,0.524639,12.670333
Coffea_mayombensis,0.5,12.75
Coffea_mayombensis,2.58075,12.753639
Coffea_mayombensis,-0.263278,12.759056
Coffea_mayombensis,1.5,12.8
Coffea_mayombensis,1.5,12.816667
Coffea_mayombensis,1.5,12.81667
Coffea_mayombensis,1.61667,12.83333
Coffea_mayombensis,1.583333,12.866667
Coffea_mayombensis,1.58333,12.86667
Coffea_mayombensis,1.08333,13.13333
Coffea_mayombensis,1.083333,13.133333
Coffea_mayombensis,0.942868,13.188033
Coffea_mayombensis,-1.128917,13.208222
Coffea_mayombensis,1.11417,13.21972
Coffea_mayombensis,-1.114166,13.219722
Coffea_mayombensis,-1.114167,13.219722
Coffea_mayombensis,1.114167,13.219722
Coffea_mayombensis,1.115,13.22
Coffea_mayombensis,-2.11666,13.5
Coffea_mayombensis,-2.194,13.837667
Coffea_mayombensis,-2.193833,13.837833
Coffea_mayombensis,-2.219944,13.846139
Coffea_mayombensis,-2.219889,13.846222
Coffea_mayombensis,3.264722,13.853888
Coffea_mayombensis,1.85,13.96666
Coffea_mayombensis,1.85,13.966667
Coffea_mayombensis,1.85,13.96667
Coffea_mayombensis,-1.970618,14.001476
Coffea_mayombensis,-1.97062,14.00148
Coffea_mayombensis,-5.033333,18.816667
Coffea_mayombensis,-5.31667,18.93333
Coffea_mayombensis,-0.91667,20.66667
Coffea_mayombensis,-1.13333,21.15
Coffea_mayombensis,-1.216667,21.2
Coffea_mayombensis,-2.694999,25.088333
Coffea_mayombensis,-2.695,25.088333
Coffea_mayombensis,5.016667,8.8
Coffea_mayombensis,5.01667,8.8
Coffea_mayombensis,4.466667,9.033333
Coffea_mayombensis,4.085577,9.049719
Coffea_mayombensis,4.93333,9.35
Coffea_mayombensis,4.933334,9.35
Coffea_mayombensis,5.820556,9.449167
Coffea_mayombensis,5.923611,9.479444
Coffea_mayombensis,4.75,9.483333
Coffea_mayombensis,4.799722,9.511944
Coffea_mayombensis,4.795278,9.517222
Coffea_mayombensis,5.17725,9.682972
Coffea_mayombensis,-1.91667,9.83333
Coffea_mayombensis,-2.0,9.83333
Coffea_mayombensis,-1.916667,9.833333
Coffea_mayombensis,-1.9,9.85
Coffea_mayombensis,-1.9,9.866667
Coffea_mayombensis,-1.913888,9.866667
Coffea_mayombensis,-1.95,9.866667
Coffea_mayombensis,-1.9,9.86667
Coffea_mayombensis,-1.95,9.86667
Coffea_mayombensis,-1.92833,9.875
Coffea_mayombensis,-1.928333,9.875
Coffea_mayombensis,-1.926218,9.878886
Coffea_mayombensis,-1.924128,9.879047
Coffea_mayombensis,-1.926055,9.879749
Coffea_mayombensis,-1.956388,9.879999
Coffea_mayombensis,-1.9244,9.88
Coffea_mayombensis,-1.924472,9.880072
Coffea_mayombensis,-1.919216,9.880393
Coffea_mayombensis,-1.78333,9.88333
Coffea_mayombensis,-1.9,9.88333
Coffea_mayombensis,-1.91667,9.88333
Coffea_mayombensis,-1.93333,9.88333
Coffea_mayombensis,-1.95,9.88333
Coffea_mayombensis,-1.783333,9.883333
Coffea_mayombensis,-1.8,9.883333
Coffea_mayombensis,-1.9,9.883333
Coffea_mayombensis,-1.916667,9.883333
Coffea_mayombensis,-1.933333,9.883333
Coffea_mayombensis,-1.95,9.883333
Coffea_mayombensis,-1.794333,9.889667
Coffea_mayombensis,-1.79433,9.88967
Coffea_mayombensis,-2.2228,9.91722
Coffea_mayombensis,-1.88333,9.93333
Coffea_mayombensis,-1.883333,9.933333
Coffea_mayombensis,-1.9,9.966667
Coffea_mayombensis,-1.9,9.96667
Coffea_mcphersonii,-21.383333,47.866667
Coffea_mcphersonii,-12.388863,49.351671
Coffea_mcphersonii,-13.261944,49.606111
Coffea_mcphersonii,-13.289722,49.679445
Coffea_mcphersonii,-13.18,49.7
Coffea_mcphersonii,-13.183333,49.7
Coffea_mcphersonii,-13.2,49.766667
Coffea_mcphersonii,-14.116667,49.766667
Coffea_mcphersonii,-15.16667,49.76667
Coffea_mcphersonii,-13.3,49.85
Coffea_melanocarpa,-2.83296,11.18875
Coffea_melanocarpa,-9.2,15.0
Coffea_melanocarpa,-12.295286,17.544676
Coffea_melanocarpa,-7.36333,20.81333
Coffea_merguensis,7.0,100.2
Coffea_merguensis,6.65388,100.43958
Coffea_merguensis,13.25358,101.06275
Coffea_merguensis,13.0,102.25
Coffea_merguensis,12.533333,99.466667
Coffea_merguensis,12.53333,99.46667
Coffea_merguensis,12.033333,99.633333
Coffea_microdubardii,-13.19,49.55
Coffea_microdubardii,-13.21,49.56
Coffea_microdubardii,-13.26,49.61
Coffea_microdubardii,-13.29,49.68
Coffea_millotii,-23.0,47.0
Coffea_millotii,-21.3825,47.863889
Coffea_millotii,-21.383333,47.866667
Coffea_millotii,-21.376389,47.867222
Coffea_millotii,-21.375833,47.8675
Coffea_millotii,-21.375278,47.868333
Coffea_millotii,-21.376944,47.870278
Coffea_millotii,-21.402778,47.941111
Coffea_millotii,-21.406944,47.9425
Coffea_millotii,-18.866111,48.292499
Coffea_millotii,-18.86611,48.2925
Coffea_millotii,-18.86944,48.31888
Coffea_millotii,-18.869444,48.318888
Coffea_millotii,-19.158611,48.556111
Coffea_millotii,-17.53333,48.88333
Coffea_millotii,-17.53333,48.89306
Coffea_millotii,-18.036111,49.198056
Coffea_millotii,-17.93167,49.20333
Coffea_millotii,-17.931667,49.203333
Coffea_millotii,-14.7,49.45
Coffea_millotii,-17.704817,49.45445
Coffea_millotii,-13.218889,49.550833
Coffea_millotii,-15.433333,49.733333
Coffea_millotii,-15.48333,49.75
Coffea_millotii,-15.5,49.76666
Coffea_millotii,-15.5,49.766667
Coffea_millotii,-15.4944,49.7694
Coffea_millotii,-16.4525,49.786667
Coffea_millotii,-16.474388,49.7904
Coffea_millotii,-14.401111,49.861111
Coffea_millotii,-15.41666,49.86666
Coffea_millotii,-15.066667,49.95
Coffea_millotii,-15.61666,49.96666
Coffea_millotii,-15.68333,49.96666
Coffea_millotii,-15.62083,49.98194
Coffea_millotii,-15.80555,50.20694
Coffea_millotii,-15.6925,50.225
Coffea_millotii,-15.68333,50.25
Coffea_minutiflora,-22.8,47.65
Coffea_minutiflora,-21.3825,47.863889
Coffea_mogenetii,-14.22194,49.06583
Coffea_mogenetii,-12.31,49.08
Coffea_mogenetii,-12.5,49.08333
Coffea_mogenetii,-12.51667,49.13333
Coffea_mogenetii,-12.55,49.13333
Coffea_mogenetii,-12.516667,49.133333
Coffea_mogenetii,-12.6,49.15
Coffea_mogenetii,-12.616667,49.15
Coffea_mogenetii,-12.61667,49.15
Coffea_mogenetii,-12.524444,49.166389
Coffea_mogenetii,-12.52444,49.16639
Coffea_mogenetii,-12.516667,49.166667
Coffea_mogenetii,-12.533333,49.166667
Coffea_mogenetii,-12.51667,49.16667
Coffea_mogenetii,-12.58333,49.16667
Coffea_mogenetii,-12.517222,49.168611
Coffea_mogenetii,-12.52,49.17
Coffea_mogenetii,-12.526944,49.172222
Coffea_mogenetii,-12.53,49.18
Coffea_mogenetii,-12.533333,49.183333
Coffea_mogenetii,-13.274722,49.600833
Coffea_mogenetii,-13.219722,49.765833
Coffea_mongensis,-9.083333,36.416667
Coffea_mongensis,-7.8,36.483333
Coffea_mongensis,-7.8,36.483889
Coffea_mongensis,-7.666667,36.666667
Coffea_mongensis,-7.76666,36.83333
Coffea_mongensis,-7.766667,36.833889
Coffea_mongensis,-7.68333,36.85
Coffea_mongensis,-7.73333,36.85
Coffea_mongensis,-7.81761,36.878
Coffea_mongensis,-7.75,36.883333
Coffea_mongensis,-7.75,36.916667
Coffea_mongensis,-7.399722,37.306389
Coffea_mongensis,-6.0,37.716667
Coffea_mongensis,-5.99222,37.7225
Coffea_mongensis,-4.600927,38.156641
Coffea_mongensis,-4.65,38.166667
Coffea_mongensis,-4.7425,38.212777
Coffea_mongensis,-4.7425,38.212778
Coffea_mongensis,-4.66666,38.21666
Coffea_mongensis,-4.759167,38.262777
Coffea_mongensis,-4.711944,38.283333
Coffea_mongensis,-4.766667,38.3
Coffea_mongensis,-4.77916,38.31611
Coffea_mongensis,-4.779167,38.316111
Coffea_mongensis,-4.7,38.333333
Coffea_mongensis,-4.716667,38.333333
Coffea_mongensis,-4.76666,38.35
Coffea_mongensis,-5.079444,38.35
Coffea_mongensis,-4.764444,38.358889
Coffea_mongensis,-4.97888,38.42138
Coffea_mongensis,-4.8,38.5
Coffea_mongensis,-4.81666,38.5
Coffea_mongensis,-4.802053,38.500687
Coffea_mongensis,-4.841388,38.501666
Coffea_mongensis,-4.841389,38.501667
Coffea_mongensis,-4.78916,38.53277
Coffea_mongensis,-4.789167,38.532777
Coffea_mongensis,-4.789167,38.532778
Coffea_mongensis,-5.121944,38.574444
Coffea_mongensis,-5.116667,38.583333
Coffea_mongensis,-5.15,38.583333
Coffea_mongensis,-5.083333,38.6
Coffea_mongensis,-5.1,38.6
Coffea_mongensis,-5.133333,38.6
Coffea_mongensis,-5.1,38.61667
Coffea_mongensis,-5.1,38.633333
Coffea_mongensis,-4.8667,38.65
Coffea_mongensis,-5.133333,38.716667
Coffea_mongensis,-5.083333,38.75
Coffea_montekupensis,4.343333,10.409444
Coffea_montekupensis,4.766667,9.666667
Coffea_montekupensis,4.826667,9.666667
Coffea_montekupensis,4.833334,9.666667
Coffea_montekupensis,4.983334,9.666667
Coffea_montekupensis,4.76667,9.66667
Coffea_montekupensis,4.83333,9.66667
Coffea_montekupensis,4.76667,9.68333
Coffea_montekupensis,4.78333,9.68333
Coffea_montekupensis,4.81667,9.68333
Coffea_montekupensis,4.778333,9.683333
Coffea_montekupensis,4.783333,9.683333
Coffea_montekupensis,4.8,9.683333
Coffea_montekupensis,4.816667,9.683333
Coffea_montekupensis,4.823333,9.683333
Coffea_montekupensis,4.983334,9.683333
Coffea_montekupensis,4.791667,9.686667
Coffea_montekupensis,4.79167,9.68667
Coffea_montekupensis,4.7917,9.6867
Coffea_montekupensis,4.826111,9.691111
Coffea_montekupensis,4.833333,9.691666
Coffea_montekupensis,4.816667,9.691667
Coffea_montekupensis,4.825,9.691667
Coffea_montekupensis,4.833334,9.691667
Coffea_montekupensis,4.76667,9.69167
Coffea_montekupensis,4.82067,9.69233
Coffea_montekupensis,4.824388,9.699527
Coffea_montekupensis,4.824389,9.699528
Coffea_montekupensis,4.766667,9.7
Coffea_montekupensis,4.76667,9.7
Coffea_montekupensis,4.775,9.7
Coffea_montekupensis,4.8,9.7
Coffea_montekupensis,4.816667,9.7
Coffea_montekupensis,4.866667,9.7
Coffea_montekupensis,4.86667,9.7
Coffea_montekupensis,5.0,9.7
Coffea_montekupensis,5.083333,9.7
Coffea_montekupensis,4.825,9.701389
Coffea_montekupensis,4.77917,9.70833
Coffea_montekupensis,4.779166,9.708333
Coffea_montekupensis,4.783333,9.716667
Coffea_montekupensis,5.0,9.716667
Coffea_montekupensis,5.016667,9.716667
Coffea_montekupensis,5.0,9.71667
Coffea_montekupensis,5.01667,9.71667
Coffea_montekupensis,5.077,9.72
Coffea_montekupensis,5.083,9.721
Coffea_montekupensis,5.075,9.724
Coffea_montekupensis,5.076,9.724
Coffea_montekupensis,5.633888,9.962222
Coffea_montekupensis,5.633889,9.962222
Coffea_montis-sacri,-21.383333,47.866667
Coffea_montis-sacri,-21.38333,47.86667
Coffea_montis-sacri,-21.41666,47.91666
Coffea_montis-sacri,-21.41666,47.93333
Coffea_moratii,-18.033509,44.315803
Coffea_moratii,-18.03361,44.31583
Coffea_moratii,-18.035903,44.324308
Coffea_moratii,-18.03583,44.32444
Coffea_moratii,-18.188084,44.418355
Coffea_moratii,-18.077778,44.529167
Coffea_moratii,-18.07778,44.52917
Coffea_moratii,-18.08639,44.53722
Coffea_moratii,-18.086389,44.537222
Coffea_moratii,-18.121944,44.559166
Coffea_moratii,-18.121944,44.559167
Coffea_moratii,-18.12194,44.55917
Coffea_moratii,-18.716667,44.9
Coffea_moratii,-21.383333,47.866667
Coffea_moratii,-21.38333,47.86667
Coffea_mufindiensis,-1.03472,31.50555
Coffea_mufindiensis,-13.36667,31.63333
Coffea_mufindiensis,-18.9,32.66666
Coffea_mufindiensis,-18.9,32.666667
Coffea_mufindiensis,-18.283333,32.716667
Coffea_mufindiensis,-18.866667,32.75
Coffea_mufindiensis,-19.083333,32.783333
Coffea_mufindiensis,-18.840874,32.879337
Coffea_mufindiensis,-18.945001,33.151108
Coffea_mufindiensis,-18.93881,33.15467
Coffea_mufindiensis,-9.209166,33.245833
Coffea_mufindiensis,-9.209167,33.245833
Coffea_mufindiensis,-10.41666,33.25
Coffea_mufindiensis,-10.416667,33.25
Coffea_mufindiensis,-8.83333,33.31666
Coffea_mufindiensis,-7.28333,33.32194
Coffea_mufindiensis,-10.0,33.333333
Coffea_mufindiensis,-10.133333,33.45
Coffea_mufindiensis,-9.666667,33.45
Coffea_mufindiensis,-8.83333,33.5
Coffea_mufindiensis,-8.81666,33.53333
Coffea_mufindiensis,-8.81667,33.53333
Coffea_mufindiensis,-9.65,33.55
Coffea_mufindiensis,-10.616667,33.633333
Coffea_mufindiensis,-8.96666,33.65
Coffea_mufindiensis,-10.58333,33.66666
Coffea_mufindiensis,-10.583333,33.666667
Coffea_mufindiensis,-10.58333,33.66667
Coffea_mufindiensis,-10.05,33.68333
Coffea_mufindiensis,-10.05,33.683333
Coffea_mufindiensis,-10.583333,33.683333
Coffea_mufindiensis,-11.75,33.7
Coffea_mufindiensis,-10.574958,33.708619
Coffea_mufindiensis,-10.58333,33.71666
Coffea_mufindiensis,-10.566667,33.716667
Coffea_mufindiensis,-10.583333,33.716667
Coffea_mufindiensis,-10.966667,33.733333
Coffea_mufindiensis,-11.716667,33.75
Coffea_mufindiensis,-11.71667,33.75
Coffea_mufindiensis,-9.33333,33.98333
Coffea_mufindiensis,-18.524444,34.039444
Coffea_mufindiensis,-9.11055,34.09055
Coffea_mufindiensis,-9.29119,34.155152
Coffea_mufindiensis,-9.78333,34.58333
Coffea_mufindiensis,-9.78333,34.59306
Coffea_mufindiensis,-9.83666,34.6
Coffea_mufindiensis,-9.836667,34.6
Coffea_mufindiensis,-9.86666,34.6
Coffea_mufindiensis,-9.86667,34.6
Coffea_mufindiensis,-9.8375,34.60222
Coffea_mufindiensis,-9.8375,34.602222
Coffea_mufindiensis,-9.88333,34.65
Coffea_mufindiensis,-9.907683,34.65795
Coffea_mufindiensis,-9.83333,34.66666
Coffea_mufindiensis,-9.91666,34.75
Coffea_mufindiensis,-9.752777,34.763333
Coffea_mufindiensis,-9.752778,34.763333
Coffea_mufindiensis,-9.86667,34.76667
Coffea_mufindiensis,-8.561329,34.852108
Coffea_mufindiensis,-15.5,34.96667
Coffea_mufindiensis,-15.85,35.016667
Coffea_mufindiensis,-16.083333,35.066667
Coffea_mufindiensis,-7.8,35.06667
Coffea_mufindiensis,-15.68333,35.15
Coffea_mufindiensis,-15.683333,35.15
Coffea_mufindiensis,-15.683333,35.166667
Coffea_mufindiensis,-15.68333,35.16667
Coffea_mufindiensis,-15.016667,35.25
Coffea_mufindiensis,-8.56666,35.25
Coffea_mufindiensis,-8.58333,35.25
Coffea_mufindiensis,-8.583333,35.25
Coffea_mufindiensis,-8.66666,35.25
Coffea_mufindiensis,-8.666667,35.25
Coffea_mufindiensis,-8.66667,35.25
Coffea_mufindiensis,-8.584167,35.253333
Coffea_mufindiensis,-15.333333,35.266667
Coffea_mufindiensis,-8.6,35.28333
Coffea_mufindiensis,-8.599979,35.284133
Coffea_mufindiensis,-8.6,35.3
Coffea_mufindiensis,-8.633333,35.3
Coffea_mufindiensis,-15.233333,35.316667
Coffea_mufindiensis,-8.583333,35.316667
Coffea_mufindiensis,-8.53278,35.33333
Coffea_mufindiensis,-8.58333,35.33333
Coffea_mufindiensis,-8.532777,35.333333
Coffea_mufindiensis,-8.532778,35.333333
Coffea_mufindiensis,-8.61666,35.35
Coffea_mufindiensis,-14.5,35.45
Coffea_mufindiensis,-14.46666,35.48333
Coffea_mufindiensis,-14.466667,35.483333
Coffea_mufindiensis,-8.55138,35.5175
Coffea_mufindiensis,-8.54888,35.51888
Coffea_mufindiensis,-8.55,35.52
Coffea_mufindiensis,-8.56277,35.5225
Coffea_mufindiensis,-8.60416,35.61638
Coffea_mufindiensis,-8.6,35.61667
Coffea_mufindiensis,-8.60527,35.61833
Coffea_mufindiensis,-8.62583,35.61861
Coffea_mufindiensis,-8.63,35.62
Coffea_mufindiensis,-8.61333,35.62111
Coffea_mufindiensis,-8.5,35.62694
Coffea_mufindiensis,-8.60555,35.63388
Coffea_mufindiensis,-15.95,35.65
Coffea_mufindiensis,-8.5,35.67778
Coffea_mufindiensis,-15.76666,35.7
Coffea_mufindiensis,-15.766667,35.7
Coffea_mufindiensis,-16.0,35.7
Coffea_mufindiensis,-7.741792,35.706217
Coffea_mufindiensis,-15.8225,35.721111
Coffea_mufindiensis,-15.823056,35.721389
Coffea_mufindiensis,-15.823333,35.721389
Coffea_mufindiensis,-16.50416,35.72222
Coffea_mufindiensis,-16.504167,35.722222
Coffea_mufindiensis,-16.036111,35.725556
Coffea_mufindiensis,-15.806111,35.7275
Coffea_mufindiensis,-15.796944,35.729722
Coffea_mufindiensis,-16.0,35.73333
Coffea_mufindiensis,-16.0,35.733333
Coffea_mufindiensis,-8.05,35.91666
Coffea_mufindiensis,-8.05,35.916667
Coffea_mufindiensis,-8.051667,35.919167
Coffea_mufindiensis,-8.110171,35.92364
Coffea_mufindiensis,-8.083333,35.933334
Coffea_mufindiensis,-8.333333,35.966667
Coffea_mufindiensis,-7.466037,36.127081
Coffea_mufindiensis,-7.466667,36.133333
Coffea_mufindiensis,-7.48827,36.1556
Coffea_mufindiensis,-7.5,36.16666
Coffea_mufindiensis,-7.5,36.166667
Coffea_mufindiensis,-7.3775,36.187778
Coffea_mufindiensis,-7.25,36.25
Coffea_mufindiensis,-7.5,36.25
Coffea_mufindiensis,-6.733333,36.283333
Coffea_mufindiensis,-7.8,36.35
Coffea_mufindiensis,-7.15,36.4
Coffea_mufindiensis,-7.18,36.43833
Coffea_mufindiensis,-7.09652,36.44684
Coffea_mufindiensis,-7.75,36.45
Coffea_mufindiensis,-6.283333,36.483333
Coffea_mufindiensis,-6.351347,36.495101
Coffea_mufindiensis,-6.28333,36.5
Coffea_mufindiensis,-6.28083,36.54388
Coffea_mufindiensis,-6.280833,36.543889
Coffea_mufindiensis,-6.94722,36.55833
Coffea_mufindiensis,-6.947222,36.558333
Coffea_mufindiensis,-6.93388,36.58027
Coffea_mufindiensis,-6.94472,36.60444
Coffea_mufindiensis,-7.07583,36.64277
Coffea_mufindiensis,-7.075833,36.642777
Coffea_mufindiensis,-7.65,36.65
Coffea_mufindiensis,-7.66666,36.66666
Coffea_mufindiensis,-8.945278,36.672222
Coffea_mufindiensis,-7.10361,36.68055
Coffea_mufindiensis,-7.426667,36.721388
Coffea_mufindiensis,-7.426667,36.721389
Coffea_mufindiensis,-7.42667,36.72139
Coffea_mufindiensis,-6.837222,36.726667
Coffea_mufindiensis,-7.78333,36.81666
Coffea_mufindiensis,-7.783333,36.817222
Coffea_mufindiensis,-7.213333,36.825
Coffea_mufindiensis,-7.7,36.86666
Coffea_mufindiensis,-7.783333,36.866667
Coffea_mufindiensis,-7.7,36.916667
Coffea_mufindiensis,-7.833333,36.916667
Coffea_mufindiensis,-6.387778,36.934722
Coffea_mufindiensis,-6.455,36.949444
Coffea_mufindiensis,-15.73564,37.2879
Coffea_mufindiensis,-7.399722,37.306389
Coffea_mufindiensis,-6.08333,37.41666
Coffea_mufindiensis,-6.083333,37.416667
Coffea_mufindiensis,-6.08333,37.41667
Coffea_mufindiensis,-6.09024,37.43523
Coffea_mufindiensis,-7.01667,37.83028
Coffea_mufindiensis,-4.290833,37.928333
Coffea_mufindiensis,-5.146667,38.572222
Coffea_mufindiensis,-5.146667,38.572778
Coffea_mufindiensis,-5.060833,38.653333
Coffea_myrtifolia,-20.33,57.45
Coffea_myrtifolia,-20.106989,57.57954
Coffea_myrtifolia,-20.30833,57.58333
Coffea_myrtifolia,-20.25194,57.87083
Coffea_namorokensis,-16.45,45.39
Coffea_namorokensis,-16.46,45.39
Coffea_neoleroyi,6.168028,34.439583
Coffea_neoleroyi,6.167944,34.439778
Coffea_neoleroyi,6.433333,37.116667
Coffea_nkolbisonii,3.866667,11.45
Coffea_nkolbisonii,3.86667,11.45
Coffea_nkolbisonii,3.88333,11.45
Coffea_nkolbisonii,3.883333,11.45
Coffea_nkolbisonii,3.86,11.51
Coffea_perrieri,-18.043941,44.050504
Coffea_perrieri,-22.707778,44.145556
Coffea_perrieri,-22.718056,44.156111
Coffea_perrieri,-22.845833,44.263056
Coffea_perrieri,-22.853611,44.272222
Coffea_perrieri,-22.820556,44.287778
Coffea_perrieri,-22.820833,44.288056
Coffea_perrieri,-18.035903,44.324103
Coffea_perrieri,-17.93972,44.47222
Coffea_perrieri,-17.939722,44.472222
Coffea_perrieri,-18.027778,44.516667
Coffea_perrieri,-18.11139,44.56194
Coffea_perrieri,-18.111388,44.561944
Coffea_perrieri,-18.111389,44.561944
Coffea_perrieri,-19.141667,44.791667
Coffea_perrieri,-16.216667,45.116667
Coffea_perrieri,-21.188611,45.365556
Coffea_perrieri,-22.153056,45.375278
Coffea_perrieri,-22.486389,45.375278
Coffea_perrieri,-17.067958,45.985053
Coffea_perrieri,-17.06269,45.989
Coffea_perrieri,-17.052635,45.989986
Coffea_perrieri,-17.044592,45.993359
Coffea_perrieri,-17.117573,46.015693
Coffea_perrieri,-17.117819,46.015711
Coffea_perrieri,-24.310833,46.109722
Coffea_perrieri,-24.303611,46.145833
Coffea_perrieri,-24.33638,46.15777
Coffea_perrieri,-24.560833,46.333889
Coffea_perrieri,-25.023333,46.473056
Coffea_perrieri,-24.793889,46.599722
Coffea_perrieri,-24.8,46.6
Coffea_perrieri,-24.80373,46.60223
Coffea_perrieri,-24.806111,46.603611
Coffea_perrieri,-24.806111,46.611944
Coffea_perrieri,-25.023333,46.639722
Coffea_perrieri,-24.798889,46.673333
Coffea_perrieri,-22.316667,46.783333
Coffea_perrieri,-16.763061,47.01973
Coffea_perrieri,-14.79531,47.781762
Coffea_perrieri,-21.3825,47.863889
Coffea_perrieri,-21.376389,47.867222
Coffea_perrieri,-14.28333,49.76667
Coffea_pervilleana,-17.54361,44.28417
Coffea_pervilleana,-17.543506,44.2843
Coffea_pervilleana,-18.01528,44.30139
Coffea_pervilleana,-18.015404,44.301506
Coffea_pervilleana,-18.033509,44.315803
Coffea_pervilleana,-18.03361,44.31583
Coffea_pervilleana,-18.035903,44.324308
Coffea_pervilleana,-18.941667,44.433333
Coffea_pervilleana,-18.032096,44.497196
Coffea_pervilleana,-18.061111,44.516667
Coffea_pervilleana,-18.117777,44.561388
Coffea_pervilleana,-18.117778,44.561389
Coffea_pervilleana,-18.11778,44.56139
Coffea_pervilleana,-18.683333,44.775
Coffea_pervilleana,-16.433333,45.35
Coffea_pervilleana,-17.077081,45.920397
Coffea_pervilleana,-17.07882,45.923007
Coffea_pervilleana,-19.373383,46.70604
Coffea_pervilleana,-16.3,46.816667
Coffea_pervilleana,-21.383333,47.866667
Coffea_pervilleana,-21.376389,47.8675
Coffea_pervilleana,-13.33333,48.25
Coffea_pervilleana,-13.41666,48.3
Coffea_pervilleana,-13.423611,48.313333
Coffea_pervilleana,-13.42111,48.31388
Coffea_pervilleana,-13.42111,48.31389
Coffea_pervilleana,-13.40833,48.32222
Coffea_pervilleana,-13.416667,48.333333
Coffea_pervilleana,-13.587777,48.666667
Coffea_pervilleana,-12.53333,49.16667
Coffea_pervilleana,-12.37888,49.36583
Coffea_pocsii,-6.08333,34.61
Coffea_pocsii,-9.86667,36.25417
Coffea_pocsii,-6.342778,36.990278
Coffea_pocsii,-6.88333,37.91666
Coffea_pocsii,-6.883333,37.916667
Coffea_pocsii,-6.68333,37.95
Coffea_pocsii,-6.683333,37.95
Coffea_pocsii,-6.688333,37.958611
Coffea_pocsii,-6.6875,37.965833
Coffea_pocsii,-6.6875,37.96694
Coffea_pocsii,-6.6875,37.966945
Coffea_pocsii,-6.342778,37.990278
Coffea_pocsii,-6.676111,37.990278
Coffea_pocsii,-6.13861,38.59277
Coffea_pocsii,-6.138611,38.592778
Coffea_pocsii,-6.138611,38.593056
Coffea_pseudozanguebariae,-20.016667,33.016667
Coffea_pseudozanguebariae,-20.01667,33.01667
Coffea_pseudozanguebariae,-7.765857,33.347427
Coffea_pseudozanguebariae,-4.62,37.375
Coffea_pseudozanguebariae,-4.783333,38.283333
Coffea_pseudozanguebariae,-5.783333,38.283333
Coffea_pseudozanguebariae,-5.033333,38.333333
Coffea_pseudozanguebariae,-4.916667,38.516667
Coffea_pseudozanguebariae,-5.13333,38.55
Coffea_pseudozanguebariae,-5.133333,38.55
Coffea_pseudozanguebariae,-5.133333,38.566667
Coffea_pseudozanguebariae,-5.16667,38.56667
Coffea_pseudozanguebariae,-5.14638,38.5725
Coffea_pseudozanguebariae,-5.146389,38.5725
Coffea_pseudozanguebariae,-5.121389,38.574167
Coffea_pseudozanguebariae,-6.13638,38.59222
Coffea_pseudozanguebariae,-6.138889,38.593056
Coffea_pseudozanguebariae,-6.13333,38.6
Coffea_pseudozanguebariae,-6.13333,38.63333
Coffea_pseudozanguebariae,-5.09945,38.636314
Coffea_pseudozanguebariae,-4.94472,38.64416
Coffea_pseudozanguebariae,-4.944722,38.644166
Coffea_pseudozanguebariae,-5.116667,38.666667
Coffea_pseudozanguebariae,-5.1,38.683333
Coffea_pseudozanguebariae,-4.990555,38.689722
Coffea_pseudozanguebariae,-5.05,38.7
Coffea_pseudozanguebariae,-5.1,38.7
Coffea_pseudozanguebariae,-5.03333,38.71666
Coffea_pseudozanguebariae,-5.033333,38.716667
Coffea_pseudozanguebariae,-5.00667,38.72972
Coffea_pseudozanguebariae,-5.006667,38.729722
Coffea_pseudozanguebariae,-5.034722,38.730833
Coffea_pseudozanguebariae,-4.833333,38.766667
Coffea_pseudozanguebariae,-4.77527,38.81305
Coffea_pseudozanguebariae,-5.78333,38.85
Coffea_pseudozanguebariae,-5.783333,38.85
Coffea_pseudozanguebariae,-5.483333,38.9
Coffea_pseudozanguebariae,-5.066667,39.066667
Coffea_pseudozanguebariae,-5.06667,39.06667
Coffea_pseudozanguebariae,-6.7,39.08333
Coffea_pseudozanguebariae,-6.71667,39.08333
Coffea_pseudozanguebariae,-6.7,39.083333
Coffea_pseudozanguebariae,-7.06666,39.15
Coffea_pseudozanguebariae,-4.9667,39.1583
Coffea_pseudozanguebariae,-7.016667,39.166667
Coffea_pseudozanguebariae,-6.23444,39.20555
Coffea_pseudozanguebariae,-4.43333,39.21666
Coffea_pseudozanguebariae,-4.433333,39.216667
Coffea_pseudozanguebariae,-4.43333,39.21667
Coffea_pseudozanguebariae,-6.100833,39.236667
Coffea_pseudozanguebariae,-4.48333,39.25
Coffea_pseudozanguebariae,-4.483333,39.25
Coffea_pseudozanguebariae,-6.8,39.25
Coffea_pseudozanguebariae,-4.48,39.2583
Coffea_pseudozanguebariae,-4.483333,39.258333
Coffea_pseudozanguebariae,-4.48333,39.26666
Coffea_pseudozanguebariae,-6.26666,39.26666
Coffea_pseudozanguebariae,-4.483333,39.266667
Coffea_pseudozanguebariae,-6.25,39.266667
Coffea_pseudozanguebariae,-4.48333,39.26667
Coffea_pseudozanguebariae,-6.78235,39.32052
Coffea_pseudozanguebariae,-6.166667,39.333333
Coffea_pseudozanguebariae,-6.204167,39.343611
Coffea_pseudozanguebariae,-4.63333,39.38333
Coffea_pseudozanguebariae,-4.216667,39.383333
Coffea_pseudozanguebariae,-6.81666,39.4
Coffea_pseudozanguebariae,-6.81667,39.4
Coffea_pseudozanguebariae,-6.225133,39.402633
Coffea_pseudozanguebariae,-4.15,39.41666
Coffea_pseudozanguebariae,-4.23333,39.41666
Coffea_pseudozanguebariae,-4.15,39.416667
Coffea_pseudozanguebariae,-4.25,39.416667
Coffea_pseudozanguebariae,-4.166667,39.45
Coffea_pseudozanguebariae,-4.233333,39.45
Coffea_pseudozanguebariae,-6.28,39.451667
Coffea_pseudozanguebariae,-7.0,39.5
Coffea_pseudozanguebariae,-4.13333,39.51666
Coffea_pseudozanguebariae,-4.483333,39.516667
Coffea_pseudozanguebariae,-4.38333,39.53333
Coffea_pseudozanguebariae,-4.31666,39.56666
Coffea_pseudozanguebariae,-4.33333,39.56666
Coffea_pseudozanguebariae,-4.316667,39.566667
Coffea_pseudozanguebariae,-4.333333,39.566667
Coffea_pseudozanguebariae,-4.31667,39.56667
Coffea_pseudozanguebariae,-4.26666,39.58333
Coffea_pseudozanguebariae,-4.166667,39.583333
Coffea_pseudozanguebariae,-3.416667,39.65
Coffea_pseudozanguebariae,-3.86666,39.65
Coffea_pseudozanguebariae,-3.866667,39.65
Coffea_pseudozanguebariae,-4.0,39.666667
Coffea_pseudozanguebariae,-3.26666,39.7
Coffea_pseudozanguebariae,-3.266667,39.7
Coffea_pseudozanguebariae,-3.733333,39.7
Coffea_pseudozanguebariae,-4.016667,39.7
Coffea_pseudozanguebariae,-4.01667,39.7
Coffea_pseudozanguebariae,-3.783333,39.716667
Coffea_pseudozanguebariae,-3.78333,39.71667
Coffea_pseudozanguebariae,-3.616667,39.733333
Coffea_pseudozanguebariae,-3.11666,39.86666
Coffea_pseudozanguebariae,-3.116667,39.866667
Coffea_pterocarpa,-17.89,44.47
Coffea_pterocarpa,-16.35,45.28
Coffea_pterocarpa,-16.43,45.35
Coffea_pterocarpa,-16.4575,45.390278
Coffea_pterocarpa,-16.449722,45.396944
Coffea_pterocarpa,-15.03556,47.81083
Coffea_pustulata,-13.218333,49.550278
Coffea_pustulata,-13.210167,49.5575
Coffea_pustulata,-13.240555,49.603611
Coffea_pustulata,-13.240278,49.604444
Coffea_pustulata,-13.258056,49.606667
Coffea_pustulata,-14.433333,49.75
Coffea_pustulata,-15.3,49.86666
Coffea_pustulata,-15.66666,49.95
Coffea_racemosa,-29.789916,30.805653
Coffea_racemosa,-27.125,31.375
Coffea_racemosa,-27.375,31.625
Coffea_racemosa,-27.625,31.625
Coffea_racemosa,-27.5,31.866667
Coffea_racemosa,-27.375,31.875
Coffea_racemosa,-20.676583,31.891194
Coffea_racemosa,-27.0,32.0
Coffea_racemosa,-24.17029,32.083086
Coffea_racemosa,-27.445971,32.293741
Coffea_racemosa,-21.221522,32.321436
Coffea_racemosa,-21.201805,32.321899
Coffea_racemosa,-27.116667,32.366667
Coffea_racemosa,-27.11667,32.36667
Coffea_racemosa,-26.875,32.375
Coffea_racemosa,-27.125,32.375
Coffea_racemosa,-28.125,32.375
Coffea_racemosa,-27.011893,32.388709
Coffea_racemosa,-27.0276,32.4069
Coffea_racemosa,-27.897097,32.418077
Coffea_racemosa,-27.01355,32.4396
Coffea_racemosa,-27.0329,32.4481
Coffea_racemosa,-27.9689,32.4482
Coffea_racemosa,-26.933333,32.533333
Coffea_racemosa,-26.875,32.625
Coffea_racemosa,-27.125,32.625
Coffea_racemosa,-27.375,32.625
Coffea_racemosa,-27.625,32.625
Coffea_racemosa,-25.913009,32.633355
Coffea_racemosa,-23.925942,32.71761
Coffea_racemosa,-27.125,32.875
Coffea_racemosa,-27.375,32.875
Coffea_racemosa,-25.000775,33.446378
Coffea_racemosa,-20.666667,33.666667
Coffea_racemosa,-24.460833,34.163889
Coffea_racemosa,-18.918538,34.359875
Coffea_racemosa,-17.964443,34.390554
Coffea_racemosa,-18.057125,34.413471
Coffea_racemosa,-17.164444,34.893889
Coffea_racemosa,-21.744939,35.187362
Coffea_racemosa,-18.044,35.2064
Coffea_racemosa,-18.04,35.21
Coffea_racemosa,-18.146816,35.223988
Coffea_racemosa,-18.032262,35.228264
Coffea_racemosa,-18.192692,35.344682
Coffea_racemosa,-23.657778,35.345
Coffea_rakotonasoloi,-16.862778,49.261667
Coffea_rakotonasoloi,-16.8575,49.26277
Coffea_rakotonasoloi,-16.8575,49.262778
Coffea_rakotonasoloi,-16.8575,49.26278
Coffea_rakotonasoloi,-16.8625,49.266945
Coffea_rakotonasoloi,-16.862778,49.2825
Coffea_ratsimamangae,-21.383333,47.866667
Coffea_ratsimamangae,-12.916667,49.2
Coffea_ratsimamangae,-12.391143,49.201402
Coffea_ratsimamangae,-12.91666,49.21666
Coffea_ratsimamangae,-12.343806,49.355
Coffea_ratsimamangae,-12.343889,49.355
Coffea_ratsimamangae,-12.593611,49.442778
Coffea_ratsimamangae,-13.13,49.45
Coffea_ratsimamangae,-12.61666,49.48333
Coffea_ratsimamangae,-12.65,49.516667
Coffea_resinosa,-23.0,47.0
Coffea_resinosa,-23.183333,47.683333
Coffea_resinosa,-23.175556,47.699444
Coffea_resinosa,-23.17666,47.70027
Coffea_resinosa,-23.178611,47.700278
Coffea_resinosa,-23.17222,47.70111
Coffea_resinosa,-23.175278,47.701944
Coffea_resinosa,-23.17222,47.70638
Coffea_resinosa,-23.1775,47.70666
Coffea_resinosa,-23.170278,47.724167
Coffea_resinosa,-23.013667,47.727056
Coffea_resinosa,-23.166667,47.733333
Coffea_resinosa,-23.089722,47.753611
Coffea_resinosa,-23.09,47.755
Coffea_resinosa,-23.083889,47.757778
Coffea_resinosa,-23.08277,47.76444
Coffea_resinosa,-23.082778,47.764444
Coffea_resinosa,-23.04,47.77
Coffea_resinosa,-23.045858,47.771282
Coffea_resinosa,-23.04138,47.77305
Coffea_resinosa,-23.042499,47.773055
Coffea_resinosa,-23.041389,47.773056
Coffea_resinosa,-21.375833,47.8675
Coffea_resinosa,-18.791944,48.343055
Coffea_resinosa,-20.95027,48.43388
Coffea_resinosa,-20.801944,48.482222
Coffea_resinosa,-20.76222,48.48527
Coffea_resinosa,-20.73944,48.4875
Coffea_resinosa,-20.58333,48.53333
Coffea_resinosa,-20.3725,48.554167
Coffea_resinosa,-20.35944,48.60583
Coffea_resinosa,-20.359444,48.605833
Coffea_resinosa,-13.58,48.7
Coffea_resinosa,-17.0,49.0
Coffea_resinosa,-18.85,49.13333
Coffea_resinosa,-18.85,49.133333
Coffea_resinosa,-18.816667,49.141667
Coffea_resinosa,-18.8175,49.141667
Coffea_resinosa,-12.483333,49.166667
Coffea_resinosa,-18.595,49.23388
Coffea_resinosa,-18.595139,49.234
Coffea_resinosa,-18.565556,49.256667
Coffea_resinosa,-17.28333,49.38333
Coffea_resinosa,-17.28333,49.39166
Coffea_resinosa,-17.28333,49.4
Coffea_resinosa,-17.688889,49.405833
Coffea_resinosa,-17.28777,49.41083
Coffea_resinosa,-17.287778,49.410833
Coffea_resinosa,-17.675,49.49166
Coffea_resinosa,-16.9,49.58333
Coffea_resinosa,-13.258056,49.606667
Coffea_resinosa,-13.2581,49.6067
Coffea_resinosa,-15.46666,49.66666
Coffea_resinosa,-16.86666,49.66666
Coffea_resinosa,-16.765833,49.678333
Coffea_resinosa,-16.867389,49.681278
Coffea_resinosa,-15.825,49.68333
Coffea_resinosa,-15.46666,49.7
Coffea_resinosa,-15.88333,49.7
Coffea_resinosa,-16.76055,49.70611
Coffea_resinosa,-16.760556,49.706111
Coffea_resinosa,-16.76111,49.70972
Coffea_resinosa,-15.9,49.71666
Coffea_resinosa,-16.70194,49.72388
Coffea_resinosa,-16.70194,49.72416
Coffea_resinosa,-16.69166,49.73333
Coffea_resinosa,-16.69166,49.74166
Coffea_resinosa,-16.56666,49.81666
Coffea_resinosa,-16.45,49.85
Coffea_resinosa,-15.35833,49.93333
Coffea_resinosa,-14.31666,50.1875
Coffea_rhamnifolia,-0.98333,39.83333
Coffea_rhamnifolia,-1.25,39.88333
Coffea_rhamnifolia,-1.4,39.95
Coffea_rhamnifolia,-1.5,40.0
Coffea_rhamnifolia,-1.7,40.0
Coffea_rhamnifolia,-1.48333,40.03333
Coffea_rhamnifolia,-1.25,40.033333
Coffea_rhamnifolia,-0.66667,41.73333
Coffea_rhamnifolia,-0.666667,41.733333
Coffea_rhamnifolia,0.5,42.133333
Coffea_rhamnifolia,2.366667,42.983334
Coffea_rhamnifolia,0.433333,43.05
Coffea_rhamnifolia,1.733333,43.266667
Coffea_rhamnifolia,0.9,43.483333
Coffea_rhamnifolia,2.98333,44.26666
Coffea_rhamnifolia,2.566667,44.283333
Coffea_rhamnifolia,3.0,44.316667
Coffea_rhamnifolia,1.7,44.683333
Coffea_rhamnifolia,2.466667,44.8
Coffea_rhamnifolia,2.64167,44.8
Coffea_rhamnifolia,2.2,45.366667
Coffea_rhamnifolia,2.266667,45.566667
Coffea_rhamnifolia,3.733333,45.796389
Coffea_rhamnifolia,3.25,45.8
Coffea_rhamnifolia,3.32,45.825
Coffea_rhamnifolia,3.7,45.966667
Coffea_rhamnifolia,3.433333,46.2
Coffea_rhamnifolia,2.9,46.25
Coffea_richardii,-21.3825,47.863889
Coffea_richardii,-21.376389,47.8675
Coffea_richardii,-19.044722,48.950556
Coffea_richardii,-18.824722,48.9525
Coffea_richardii,-17.0,49.0
Coffea_richardii,-18.006389,49.21
Coffea_richardii,-18.198825,49.242218
Coffea_richardii,-18.040833,49.2425
Coffea_richardii,-18.55944,49.25027
Coffea_richardii,-18.56527,49.25611
Coffea_richardii,-18.56555,49.25666
Coffea_richardii,-18.565556,49.256667
Coffea_richardii,-17.956667,49.308889
Coffea_richardii,-16.865833,49.3125
Coffea_richardii,-17.913889,49.318056
Coffea_richardii,-17.965278,49.3275
Coffea_richardii,-18.057222,49.340278
Coffea_richardii,-17.429905,49.370938
Coffea_richardii,-17.500201,49.380748
Coffea_richardii,-17.28333,49.38333
Coffea_richardii,-17.28333,49.4
Coffea_richardii,-17.287778,49.410833
Coffea_richardii,-17.780204,49.411718
Coffea_richardii,-17.667906,49.422757
Coffea_richardii,-17.7,49.43333
Coffea_richardii,-17.7,49.45
Coffea_richardii,-17.70305,49.45833
Coffea_richardii,-17.705556,49.459444
Coffea_richardii,-17.636398,49.506512
Coffea_richardii,-17.665406,49.551854
Coffea_richardii,-17.626077,49.555672
Coffea_richardii,-16.916667,49.583333
Coffea_richardii,-15.91666,49.71666
Coffea_richardii,-15.3,49.866667
Coffea_richardii,-15.3,49.86667
Coffea_richardii,-14.112778,49.990556
Coffea_richardii,-14.1,50.0
Coffea_richardii,-14.100833,50.007222
Coffea_richardii,-14.101111,50.016389
Coffea_richardii,-14.10777,50.03972
Coffea_richardii,-14.101389,50.041667
Coffea_richardii,-14.108333,50.042222
Coffea_rupicola,-13.22,49.55
Coffea_sahafaryensis,-21.383333,47.866667
Coffea_sahafaryensis,-12.348961,49.319776
Coffea_sahafaryensis,-12.65,49.45
Coffea_sakarahae,-22.616667,44.116667
Coffea_sakarahae,-22.61667,44.11667
Coffea_sakarahae,-22.68333,44.13333
Coffea_sakarahae,-22.683333,44.136667
Coffea_sakarahae,-22.68333,44.13667
Coffea_sakarahae,-22.701667,44.137222
Coffea_sakarahae,-22.704444,44.150278
Coffea_sakarahae,-22.705833,44.154167
Coffea_sakarahae,-22.687222,44.158889
Coffea_sakarahae,-22.881111,44.661389
Coffea_sakarahae,-22.7,44.716667
Coffea_sakarahae,-22.883334,44.75
Coffea_sakarahae,-21.095278,45.096667
Coffea_sakarahae,-21.251944,45.169167
Coffea_sakarahae,-22.351111,46.2075
Coffea_sakarahae,-15.71667,46.31667
Coffea_sakarahae,-24.777222,46.726945
Coffea_sakarahae,-21.841667,46.842778
Coffea_salvatrix,-19.37014,33.332439
Coffea_salvatrix,-19.971389,33.398333
Coffea_salvatrix,-9.34113,33.97051
Coffea_salvatrix,-18.67,35.52
Coffea_salvatrix,-16.506944,35.725555
Coffea_salvatrix,-16.506944,35.725556
Coffea_sambavensis,-24.83333,47.06666
Coffea_sambavensis,-21.383333,47.866667
Coffea_sambavensis,-19.165,48.5825
Coffea_sambavensis,-13.59806,49.48611
Coffea_sambavensis,-14.152778,49.965833
Coffea_sambavensis,-13.59555,50.00111
Coffea_sambavensis,-13.71277,50.09027
Coffea_sambavensis,-13.712778,50.090278
Coffea_sambavensis,-13.71805,50.09777
Coffea_sambavensis,-13.718056,50.097778
Coffea_sambavensis,-13.71806,50.09778
Coffea_sambavensis,-13.72055,50.09972
Coffea_sambavensis,-13.720722,50.099889
Coffea_sambavensis,-14.28333,50.18333
Coffea_sambavensis,-14.31666,50.1875
Coffea_sapinii,3.380833,12.733055
Coffea_sapinii,-4.289444,18.422499
Coffea_sapinii,-4.159444,19.631666
Coffea_sapinii,-10.695555,22.342777
Coffea_schliebenii,-9.009722,39.180833
Coffea_schliebenii,-10.13722,39.19361
Coffea_schliebenii,-10.116667,39.216667
Coffea_schliebenii,-10.130833,39.225833
Coffea_schliebenii,-10.15,39.25
Coffea_schliebenii,-9.04,39.33361
Coffea_schliebenii,-10.0,39.416667
Coffea_schliebenii,-9.889444,39.435278
Coffea_schliebenii,-9.816944,39.449444
Coffea_schliebenii,-10.033333,39.466667
Coffea_schliebenii,-9.73,39.53
Coffea_schliebenii,-9.72555,39.53416
Coffea_schliebenii,-9.725556,39.534167
Coffea_schliebenii,-10.84139,40.21222
Coffea_semsei,-4.820625,34.749068
Coffea_semsei,-8.316667,35.966667
Coffea_semsei,-8.2,36.25
Coffea_semsei,-8.0,36.35
Coffea_semsei,-8.083333,36.416667
Coffea_semsei,-8.9,36.733333
Coffea_semsei,-7.83333,36.86666
Coffea_semsei,-7.833333,36.866667
Coffea_semsei,-7.8,36.88333
Coffea_semsei,-7.8,36.883333
Coffea_semsei,-7.8,36.9
Coffea_semsei,-7.8,36.966667
Coffea_semsei,-7.833333,37.0
Coffea_semsei,-7.91666,37.05
Coffea_semsei,-7.916667,37.05
Coffea_sessiliflora,-7.16666,37.81666
Coffea_sessiliflora,-6.88333,37.91666
Coffea_sessiliflora,-3.466667,38.3
Coffea_sessiliflora,-6.15,38.6
Coffea_sessiliflora,-6.15,38.616667
Coffea_sessiliflora,-6.13361,38.63861
Coffea_sessiliflora,-4.82555,38.71
Coffea_sessiliflora,-4.83,38.71
Coffea_sessiliflora,-6.03333,38.78333
Coffea_sessiliflora,-6.03333,38.79639
Coffea_sessiliflora,-8.35,38.933333
Coffea_sessiliflora,-6.91666,39.03333
Coffea_sessiliflora,-6.983333,39.05
Coffea_sessiliflora,-6.91222,39.06611
Coffea_sessiliflora,-6.912222,39.066111
Coffea_sessiliflora,-6.883333,39.066667
Coffea_sessiliflora,-6.6975,39.067778
Coffea_sessiliflora,-6.69722,39.07111
Coffea_sessiliflora,-6.697222,39.071111
Coffea_sessiliflora,-6.893333,39.073889
Coffea_sessiliflora,-6.9,39.083333
Coffea_sessiliflora,-6.89646,39.12247
Coffea_sessiliflora,-4.43333,39.21666
Coffea_sessiliflora,-6.099167,39.24
Coffea_sessiliflora,-4.45,39.4
Coffea_sessiliflora,-4.15,39.41666
Coffea_sessiliflora,-4.23333,39.41666
Coffea_sessiliflora,-4.15,39.416667
Coffea_sessiliflora,-4.233333,39.416667
Coffea_sessiliflora,-4.01666,39.5
Coffea_sessiliflora,-4.43333,39.53333
Coffea_sessiliflora,-3.93333,39.58333
Coffea_sessiliflora,-3.933333,39.583333
Coffea_sessiliflora,-3.933334,39.583333
Coffea_sessiliflora,-3.26666,39.7
Coffea_sessiliflora,-3.266667,39.7
Coffea_sessiliflora,-3.26666,39.71666
Coffea_sessiliflora,-3.25,39.716667
Coffea_sessiliflora,-2.88333,39.91666
Coffea_sessiliflora,-3.13333,39.91666
Coffea_sessiliflora,-2.883334,39.916667
Coffea_sessiliflora,-3.133333,39.95
Coffea_sessiliflora,-1.916667,40.083333
Coffea_sessiliflora,-1.91666,40.13333
Coffea_sessiliflora,-1.93333,40.13333
Coffea_sessiliflora,-1.95,40.13333
Coffea_sessiliflora,-1.96666,40.13333
Coffea_sessiliflora,-1.916667,40.133333
Coffea_sessiliflora,-1.933334,40.133333
Coffea_sessiliflora,-1.983334,40.133333
Coffea_sessiliflora,-1.93022,40.13613
Coffea_sessiliflora,-2.24404,40.17435
Coffea_sessiliflora,-2.233333,40.183333
Coffea_sessiliflora,-2.2,40.2
Coffea_sessiliflora,-2.38333,40.46666
Coffea_sessiliflora,-2.383333,40.466667
Coffea_sessiliflora,-2.36666,40.5
Coffea_sessiliflora,-2.366667,40.5
Coffea_sessiliflora,-2.38333,40.53333
Coffea_sessiliflora,-2.4,40.533333
Coffea_sessiliflora,-2.3942,40.53507
Coffea_sessiliflora,-1.75,40.85
Coffea_sessiliflora,-1.725,41.23333
Coffea_sessiliflora,-1.725,41.233333
Coffea_stenophylla,9.75,-11.566667
Coffea_stenophylla,9.758333,-11.571388
Coffea_stenophylla,7.583333,-11.983333
Coffea_stenophylla,8.316667,-12.216667
Coffea_stenophylla,9.755889,-13.272833
Coffea_stenophylla,10.933333,-14.3
Coffea_stenophylla,6.65,-3.65
Coffea_stenophylla,5.347015,-3.983645
Coffea_stenophylla,5.33333,-4.0
Coffea_stenophylla,6.7,-4.1333
Coffea_stenophylla,5.35,-4.26667
Coffea_stenophylla,5.9,-4.83333
Coffea_stenophylla,6.38333,-4.88333
Coffea_stenophylla,7.4,-7.55
Coffea_stenophylla,6.97037,-7.7539
Coffea_stenophylla,7.75,-7.766667
Coffea_stenophylla,7.75,-7.76667
Coffea_stenophylla,-1.416667,12.75
Coffea_stenophylla,0.056944,18.325833
Coffea_tetragona,-18.033509,44.315803
Coffea_tetragona,-18.03361,44.31583
Coffea_tetragona,-18.035903,44.324308
Coffea_tetragona,-18.03583,44.32444
Coffea_tetragona,-18.032096,44.497196
Coffea_tetragona,-18.04778,44.50722
Coffea_tetragona,-18.047778,44.507222
Coffea_tetragona,-18.061111,44.516667
Coffea_tetragona,-15.03306,47.78667
Coffea_tetragona,-21.033333,47.866667
Coffea_tetragona,-21.374722,47.8675
Coffea_tetragona,-13.77,47.99
Coffea_tetragona,-13.77222,47.99889
Coffea_tetragona,-13.78333,48.5
Coffea_tetragona,-13.79638,48.80222
Coffea_togoensis,5.7,-0.216667
Coffea_togoensis,5.7,-0.21667
Coffea_togoensis,5.8,-0.35
Coffea_togoensis,5.85,-0.416667
Coffea_togoensis,6.58333,-0.73333
Coffea_togoensis,6.583333,-0.733333
Coffea_togoensis,7.55,-2.483333
Coffea_togoensis,6.617,-2.85
Coffea_togoensis,7.53333,0.33333
Coffea_togoensis,7.533333,0.333333
Coffea_togoensis,6.35,0.44
Coffea_togoensis,6.5,0.5
Coffea_togoensis,10.15,0.716667
Coffea_togoensis,6.133333,1.216667
Coffea_togoensis,2.3333,16.15
Coffea_togoensis,2.33333,16.15
Coffea_togoensis,2.333333,16.15
Coffea_togoensis,6.91667,2.01667
Coffea_togoensis,6.95,2.133
Coffea_togoensis,6.95,2.13333
Coffea_togoensis,6.95,2.133333
Coffea_togoensis,6.9166,2.1666
Coffea_togoensis,6.916667,2.166667
Coffea_togoensis,6.91667,2.16667
Coffea_togoensis,6.98,2.2
Coffea_togoensis,6.983,2.2
Coffea_togoensis,6.98333,2.2
Coffea_togoensis,6.983333,2.2
Coffea_toshii,-22.47333,46.89194
Coffea_toshii,-22.473333,46.891944
Coffea_toshii,-22.496667,46.955
Coffea_toshii,-23.0,47.0
Coffea_toshii,-23.638626,47.071423
Coffea_toshii,-18.85,48.27694
Coffea_tricalysioides,-22.48333,46.96833
Coffea_tricalysioides,-24.511111,47.0975
Coffea_tricalysioides,-20.308333,47.703333
Coffea_tricalysioides,-21.375,47.867778
Coffea_tricalysioides,-19.298964,47.909907
Coffea_tricalysioides,-19.437499,47.954722
Coffea_tricalysioides,-19.620833,47.975555
Coffea_tricalysioides,-14.083333,48.366667
Coffea_tricalysioides,-14.08333,48.36667
Coffea_tricalysioides,-14.083333,48.383333
Coffea_tricalysioides,-14.025,48.415
Coffea_tricalysioides,-14.03333,48.41667
Coffea_tricalysioides,-14.02444,48.41861
Coffea_tricalysioides,-14.024444,48.418611
Coffea_tricalysioides,-13.95,48.866667
Coffea_tricalysioides,-13.95,48.86667
Coffea_tricalysioides,-14.184007,48.964203
Coffea_tricalysioides,-14.203611,48.964722
Coffea_tricalysioides,-14.126389,48.980556
Coffea_tricalysioides,-14.131205,48.980573
Coffea_tricalysioides,-14.21888,49.12972
Coffea_tricalysioides,-12.616667,49.15
Coffea_tricalysioides,-12.61667,49.15
Coffea_tricalysioides,-12.58361,49.15222
Coffea_tricalysioides,-12.583611,49.152222
Coffea_tricalysioides,-12.6025,49.15361
Coffea_tricalysioides,-12.6025,49.153889
Coffea_tricalysioides,-12.6025,49.15389
Coffea_tricalysioides,-12.56667,49.16667
Coffea_tricalysioides,-13.24167,49.18694
Coffea_tricalysioides,-15.136111,49.352222
Coffea_tricalysioides,-14.23333,49.43333
Coffea_tricalysioides,-14.233333,49.433333
Coffea_tricalysioides,-14.745,49.461667
Coffea_tricalysioides,-14.433333,49.766667
Coffea_tsirananae,-21.382389,47.863972
Coffea_tsirananae,-12.923056,49.086389
Coffea_tsirananae,-12.921389,49.093889
Coffea_tsirananae,-12.916667,49.116667
Coffea_tsirananae,-12.9,49.133333
Coffea_tsirananae,-12.233333,49.15
Coffea_tsirananae,-12.233333,49.166667
Coffea_tsirananae,-12.347115,49.201725
Coffea_tsirananae,-12.17833,49.21111
Coffea_tsirananae,-12.165556,49.218611
Coffea_tsirananae,-12.50737,49.219958
Coffea_tsirananae,-12.254734,49.220055
Coffea_tsirananae,-12.25,49.25
Coffea_tsirananae,-12.266667,49.25
Coffea_tsirananae,-12.267834,49.251149
Coffea_tsirananae,-12.382886,49.251716
Coffea_tsirananae,-12.314212,49.266346
Coffea_tsirananae,-12.403209,49.281018
Coffea_tsirananae,-12.355806,49.286155
Coffea_tsirananae,-12.30587,49.297935
Coffea_tsirananae,-12.17709,49.299349
Coffea_tsirananae,-12.239535,49.322106
Coffea_tsirananae,-12.338667,49.322727
Coffea_tsirananae,-12.37262,49.322867
Coffea_tsirananae,-12.276174,49.333392
Coffea_tsirananae,-12.3225,49.336944
Coffea_tsirananae,-12.323889,49.3375
Coffea_tsirananae,-12.302029,49.340235
Coffea_tsirananae,-12.383784,49.352042
Coffea_tsirananae,-12.37361,49.35305
Coffea_tsirananae,-12.373611,49.353056
Coffea_tsirananae,-12.251702,49.355849
Coffea_tsirananae,-12.35083,49.35805
Coffea_tsirananae,-12.366667,49.358333
Coffea_tsirananae,-12.366667,49.366667
Coffea_tsirananae,-12.051886,49.370555
Coffea_tsirananae,-12.226533,49.371244
Coffea_tsirananae,-12.366895,49.389809
Coffea_tsirananae,-12.255726,49.397008
Coffea_vatovavyensis,-21.383333,47.866667
Coffea_vatovavyensis,-21.4,47.933333
Coffea_vavateninensis,-17.433333,49.016667
Coffea_vianneyi,-21.382389,47.863972
Coffea_vianneyi,-21.383333,47.866667
Coffea_vianneyi,-21.377889,47.867861
Coffea_vohemarensis,-21.37777,47.86777
Coffea_vohemarensis,-21.377889,47.867861
Coffea_vohemarensis,-13.55,49.55
Coffea_vohemarensis,-13.593056,49.593889
Coffea_vohemarensis,-13.593055,49.810556
Coffea_vohemarensis,-13.593055,49.977222
Coffea_wightiana,10.80273,77.068833
Coffea_wightiana,9.418123,77.39329
Coffea_wightiana,11.73404,78.202039
Coffea_wightiana,12.209269,79.027038
Coffea_wightiana,12.225056,79.053082
Coffea_wightiana,11.69472,79.275376
Coffea_wightiana,12.21763,79.89902
Coffea_zanguebariae,-15.666667,29.566667
Coffea_zanguebariae,-24.125,30.625
Coffea_zanguebariae,-29.875,31.125
Coffea_zanguebariae,-23.85,32.483333
Coffea_zanguebariae,-26.625,32.875
Coffea_zanguebariae,-20.033333,32.966667
Coffea_zanguebariae,-20.06666,33.18333
Coffea_zanguebariae,-19.30065,33.35128
Coffea_zanguebariae,-23.329167,35.381389
Coffea_zanguebariae,-17.479124,35.381718
Coffea_zanguebariae,-16.361889,35.966543
Coffea_zanguebariae,-6.35,36.88333
Coffea_zanguebariae,-12.55,37.21
Coffea_zanguebariae,-9.0,37.5
Coffea_zanguebariae,-5.48333,38.01666
Coffea_zanguebariae,-10.666667,38.333333
Coffea_zanguebariae,-8.4,38.5
Coffea_zanguebariae,-8.45,38.51666
Coffea_zanguebariae,-8.383333,38.516667
Coffea_zanguebariae,-8.38333,38.51667
Coffea_zanguebariae,-8.43333,38.53333
Coffea_zanguebariae,-8.48333,38.53333
Coffea_zanguebariae,-8.68333,38.53333
Coffea_zanguebariae,-8.433333,38.533333
Coffea_zanguebariae,-8.466667,38.55
Coffea_zanguebariae,-8.46667,38.55
Coffea_zanguebariae,-8.5,38.56666
Coffea_zanguebariae,-5.083333,38.966667
Coffea_zanguebariae,-10.0,39.0
Coffea_zanguebariae,-15.07375,39.19333
Coffea_zanguebariae,-6.084,39.2543
Coffea_zanguebariae,-4.23333,39.41666
Coffea_zanguebariae,-4.3,39.58333
Coffea_zanguebariae,-3.73333,39.7
Coffea_zanguebariae,-13.837222,39.851389
