clim_68_pet_annual,clim_21_tmax9_sep,clim_55_prec_coldest_q,clim_49_prec_wettest_m,clim_48_Annual_prec,clim_60_pet5_may,clim_43_tannual_range,clim_34_prec10_oct,clim_35_prec11_nov,clim_39_isotherm,clim_40_temp_season,clim_51_prec_season,clim_69_cwd_annual,clim_70_ndm_per_year,env_71_alt,env_72_slo,env_73_asp,env_74_solrad,env_79_forcov,env_75_geo_1_1,env_75_geo_10,env_75_geo_9,env_75_geo_7,env_75_geo_6,env_75_geo_5,env_75_geo_11,env_75_geo_2,env_75_geo_0,env_76_soi_5,env_76_soi_9,env_76_soi_7,env_76_soi_23,env_76_soi_18,env_76_soi_20,env_76_soi_11,env_76_soi_19,env_76_soi_10,env_76_soi_3,env_76_soi_15,env_76_soi_12,env_76_soi_22,env_76_soi_21,env_76_soi_6,env_76_soi_16,env_76_soi_17,env_76_soi_8,env_76_soi_4,env_76_soi_13,env_76_soi_0,env_77_veg_1,env_77_veg_2,env_77_veg_3,env_77_veg_4,env_77_veg_5,env_77_veg_6,env_77_veg_7,env_77_veg_9,env_77_veg_11,env_77_veg_12,env_77_veg_13,env_77_veg_14,env_77_veg_15,env_77_veg_16,env_77_veg_22,env_77_veg_23,env_77_veg_25,env_77_veg_0,env_78_wat_9,env_78_wat_1,env_78_wat_10,env_78_wat_12,env_78_wat_11,env_78_wat_8,env_78_wat_2,env_78_wat_4,env_78_wat_5,env_78_wat_20,env_78_wat_3,env_78_wat_14,env_78_wat_13,env_78_wat_22,env_78_wat_17,env_78_wat_1.1,env_78_wat_18,env_78_wat_15,env_78_wat_19,env_78_wat_24,env_78_wat_0,caffeine_class,caffeine_percent
1116.0,288.0,48.0,179.0,818.0,65.0,214.0,93.0,168.0,65.0,2945.0,91.0,380.0,10.0,408.0,1.0,307.0,7430.0,0.0,0,1,0,0,0,0,0,0,0,0,0,0,0,0,0,0,0,0,0,0,0,0,0,1,0,0,0,0,0,0,0,0,0,0,0,0,1,0,0,0,0,0,0,0,0,0,0,0,0,0,0,0,0,0,0,0,0,1,0,0,0,0,0,0,0,0,0,0,0,0,0.0
907.0,243.0,145.0,193.0,1128.0,61.0,172.0,105.0,175.0,65.0,2511.0,61.0,78.0,4.0,820.0,20.0,56.0,7630.0,100.0,0,1,0,0,0,0,0,0,0,0,1,0,0,0,0,0,0,0,0,0,0,0,0,0,0,0,0,0,0,0,0,0,0,0,0,0,0,0,0,0,0,1,0,0,0,0,0,0,0,0,0,0,0,0,0,0,1,0,0,0,0,0,0,0,0,0,0,0,0,0,0.0
907.0,243.0,145.0,193.0,1128.0,61.0,172.0,105.0,175.0,65.0,2511.0,61.0,78.0,4.0,820.0,20.0,56.0,7630.0,100.0,0,1,0,0,0,0,0,0,0,0,1,0,0,0,0,0,0,0,0,0,0,0,0,0,0,0,0,0,0,0,0,0,0,0,0,0,0,0,0,0,0,1,0,0,0,0,0,0,0,0,0,0,0,0,0,0,1,0,0,0,0,0,0,0,0,0,0,0,0,0,0.0
1145.0,275.0,211.0,223.0,1394.0,72.0,185.0,109.0,184.0,63.0,2672.0,57.0,90.0,4.0,123.0,14.0,48.0,7595.0,0.0,0,1,0,0,0,0,0,0,0,0,0,0,0,0,0,0,0,1,0,0,0,0,0,0,0,0,0,0,0,0,0,0,0,0,0,0,1,0,0,0,0,0,0,0,0,0,0,0,0,0,0,0,0,0,0,0,1,0,0,0,0,0,0,0,0,0,0,0,0,0,0.0
907.0,243.0,145.0,193.0,1128.0,61.0,172.0,105.0,175.0,65.0,2511.0,61.0,78.0,4.0,820.0,20.0,56.0,7630.0,100.0,0,1,0,0,0,0,0,0,0,0,1,0,0,0,0,0,0,0,0,0,0,0,0,0,0,0,0,0,0,0,0,0,0,0,0,0,0,0,0,0,0,1,0,0,0,0,0,0,0,0,0,0,0,0,0,0,1,0,0,0,0,0,0,0,0,0,0,0,0,0,0.0
1172.0,274.0,271.0,242.0,1535.0,74.0,176.0,106.0,177.0,62.0,2602.0,51.0,72.0,4.0,49.0,1.0,240.0,7212.0,0.0,0,1,0,0,0,0,0,0,0,0,0,0,0,0,0,0,0,1,0,0,0,0,0,0,0,0,0,0,0,0,0,0,0,0,0,0,1,0,0,0,0,0,0,0,0,0,0,0,0,0,0,0,0,0,0,0,1,0,0,0,0,0,0,0,0,0,0,0,0,0,0.0
1022.0,259.0,188.0,204.0,1260.0,67.0,177.0,105.0,175.0,63.0,2597.0,56.0,77.0,4.0,350.0,14.0,167.0,6475.0,100.0,0,1,0,0,0,0,0,0,0,0,1,0,0,0,0,0,0,0,0,0,0,0,0,0,0,0,0,0,0,0,0,0,0,0,0,0,0,0,0,0,0,1,0,0,0,0,0,0,0,0,0,0,0,0,0,0,1,0,0,0,0,0,0,0,0,0,0,0,0,0,0.0
994.0,251.0,231.0,214.0,1398.0,67.0,166.0,111.0,182.0,63.0,2502.0,50.0,35.0,3.0,338.0,19.0,282.0,7315.0,99.0,0,1,0,0,0,0,0,0,0,0,1,0,0,0,0,0,0,0,0,0,0,0,0,0,0,0,0,0,0,0,0,0,0,0,0,0,0,0,0,0,0,1,0,0,0,0,0,0,0,0,0,0,0,0,0,0,1,0,0,0,0,0,0,0,0,0,0,0,0,0,0.0
1133.0,259.0,415.0,295.0,2054.0,74.0,156.0,134.0,219.0,58.0,2438.0,40.0,2.0,1.0,5.0,3.0,311.0,7362.0,18.0,0,0,0,0,0,0,0,0,1,0,0,0,0,0,0,0,0,0,0,0,0,0,1,0,0,0,0,0,0,0,0,0,0,0,0,0,1,0,0,0,0,0,0,0,0,0,0,0,0,0,0,0,0,0,0,0,1,0,0,0,0,0,0,0,0,0,0,0,0,0,0.0
1136.0,259.0,415.0,296.0,2059.0,75.0,156.0,135.0,220.0,58.0,2455.0,40.0,2.0,1.0,5.0,3.0,120.0,7187.0,7.0,0,0,0,0,0,0,0,1,0,0,0,0,0,0,0,0,0,0,0,0,0,0,1,0,0,0,0,0,0,0,0,0,0,0,0,0,1,0,0,0,0,0,0,0,0,0,0,0,0,0,0,0,0,0,0,0,1,0,0,0,0,0,0,0,0,0,0,0,0,0,0.0
1134.0,259.0,419.0,297.0,2073.0,75.0,156.0,136.0,221.0,58.0,2443.0,40.0,1.0,1.0,14.0,5.0,201.0,7635.0,48.0,0,0,0,0,0,0,0,0,1,0,0,0,0,0,0,0,0,0,0,0,0,0,0,0,0,0,0,0,0,1,0,0,0,0,0,0,0,0,0,0,0,0,1,0,0,0,0,0,0,0,0,0,0,0,0,0,1,0,0,0,0,0,0,0,0,0,0,0,0,0,0.0
1137.0,260.0,423.0,305.0,2116.0,75.0,157.0,140.0,227.0,59.0,2469.0,40.0,0.0,1.0,0.0,0.0,246.0,7250.0,18.0,0,0,0,0,0,0,0,1,0,0,0,0,0,0,0,0,0,0,0,0,0,0,1,0,0,0,0,0,0,0,0,0,0,0,0,1,0,0,0,0,0,0,0,0,0,0,0,0,0,0,0,0,0,0,0,0,1,0,0,0,0,0,0,0,0,0,0,0,0,0,0.0
1104.0,253.0,309.0,396.0,2276.0,75.0,157.0,172.0,232.0,60.0,2510.0,68.0,26.0,1.0,201.0,15.0,48.0,7777.0,0.0,0,1,0,0,0,0,0,0,0,0,0,0,0,0,0,1,0,0,0,0,0,0,0,0,0,0,0,0,0,0,0,0,0,0,0,0,0,0,0,0,0,0,0,1,0,0,0,0,0,0,0,0,0,0,0,0,0,0,1,0,0,0,0,0,0,0,0,0,0,0,0.0
1145.0,257.0,302.0,392.0,2224.0,77.0,156.0,172.0,218.0,60.0,2493.0,68.0,27.0,1.0,78.0,6.0,11.0,7706.0,0.0,0,1,0,0,0,0,0,0,0,0,0,0,0,0,0,1,0,0,0,0,0,0,0,0,0,0,0,0,0,0,0,0,0,0,0,0,0,0,0,0,0,0,0,1,0,0,0,0,0,0,0,0,0,0,0,0,0,0,1,0,0,0,0,0,0,0,0,0,0,0,0.0
1131.0,255.0,305.0,393.0,2241.0,76.0,157.0,173.0,222.0,60.0,2512.0,68.0,27.0,1.0,92.0,13.0,173.0,6717.0,16.0,0,1,0,0,0,0,0,0,0,0,0,0,0,0,0,1,0,0,0,0,0,0,0,0,0,0,0,0,0,0,0,0,0,0,0,0,0,0,0,0,0,0,0,1,0,0,0,0,0,0,0,0,0,0,0,0,0,0,1,0,0,0,0,0,0,0,0,0,0,0,0.0
1024.0,244.0,305.0,407.0,2322.0,69.0,161.0,162.0,264.0,60.0,2595.0,69.0,27.0,1.0,391.0,10.0,191.0,7580.0,0.0,0,1,0,0,0,0,0,0,0,0,0,0,0,0,0,1,0,0,0,0,0,0,0,0,0,0,0,0,0,0,0,0,0,0,0,0,0,0,0,0,0,0,0,1,0,0,0,0,0,0,0,0,0,0,0,0,0,0,1,0,0,0,0,0,0,0,0,0,0,0,0.0
1063.0,249.0,306.0,401.0,2305.0,72.0,160.0,162.0,253.0,60.0,2568.0,69.0,28.0,1.0,296.0,7.0,267.0,7456.0,0.0,0,1,0,0,0,0,0,0,0,0,0,0,0,0,0,1,0,0,0,0,0,0,0,0,0,0,0,0,0,0,0,0,0,0,0,0,0,0,0,0,0,0,0,1,0,0,0,0,0,0,0,0,0,0,0,0,0,0,1,0,0,0,0,0,0,0,0,0,0,0,0.0
1145.0,257.0,302.0,392.0,2224.0,77.0,156.0,172.0,218.0,60.0,2493.0,68.0,27.0,1.0,78.0,6.0,11.0,7706.0,0.0,0,1,0,0,0,0,0,0,0,0,0,0,0,0,0,1,0,0,0,0,0,0,0,0,0,0,0,0,0,0,0,0,0,0,0,0,0,0,0,0,0,0,0,1,0,0,0,0,0,0,0,0,0,0,0,0,0,0,1,0,0,0,0,0,0,0,0,0,0,0,0.0
834.0,228.0,29.0,300.0,1342.0,57.0,170.0,152.0,268.0,65.0,2451.0,103.0,236.0,7.0,1252.0,1.0,289.0,7911.0,0.0,1,0,0,0,0,0,0,0,0,0,0,0,0,0,0,0,0,1,0,0,0,0,0,0,0,0,0,0,0,0,0,0,0,1,0,0,0,0,0,0,0,0,0,0,0,0,0,0,0,0,0,0,0,0,0,0,0,0,0,0,0,0,0,0,1,0,0,0,0,0,0.0
822.0,215.0,102.0,327.0,1570.0,60.0,171.0,149.0,288.0,64.0,2667.0,91.0,101.0,7.0,1174.0,8.0,338.0,7929.0,33.0,0,1,0,0,0,0,0,0,0,0,1,0,0,0,0,0,0,0,0,0,0,0,0,0,0,0,0,0,0,0,0,0,0,0,0,0,0,0,0,0,0,1,0,0,0,0,0,0,0,0,0,0,0,0,0,0,0,0,0,0,0,0,0,0,0,1,0,0,0,0,0.0
919.0,237.0,129.0,360.0,1763.0,69.0,176.0,151.0,312.0,65.0,2666.0,88.0,88.0,4.0,875.0,1.0,148.0,7785.0,0.0,1,0,0,0,0,0,0,0,0,0,0,0,0,0,0,0,0,0,0,0,1,0,0,0,0,0,0,0,0,0,0,0,0,0,0,1,0,0,0,0,0,0,0,0,0,0,0,0,0,0,0,0,0,0,0,0,0,0,0,0,0,0,0,0,0,1,0,0,0,0,0.0
848.0,216.0,200.0,326.0,1780.0,59.0,169.0,139.0,293.0,64.0,2704.0,75.0,26.0,2.0,1025.0,3.0,189.0,7711.0,62.0,0,1,0,0,0,0,0,0,0,0,1,0,0,0,0,0,0,0,0,0,0,0,0,0,0,0,0,0,0,0,0,0,0,0,0,0,0,0,0,0,0,1,0,0,0,0,0,0,0,0,0,0,0,0,1,0,0,0,0,0,0,0,0,0,0,0,0,0,0,0,0.0
853.0,217.0,206.0,328.0,1801.0,60.0,169.0,140.0,294.0,64.0,2692.0,75.0,25.0,1.0,1011.0,4.0,139.0,7753.0,27.0,0,1,0,0,0,0,0,0,0,0,1,0,0,0,0,0,0,0,0,0,0,0,0,0,0,0,0,0,0,0,0,0,0,0,0,0,0,0,0,0,0,1,0,0,0,0,0,0,0,0,0,0,0,0,1,0,0,0,0,0,0,0,0,0,0,0,0,0,0,0,0.0
863.0,219.0,211.0,329.0,1803.0,61.0,169.0,137.0,290.0,64.0,2707.0,74.0,27.0,1.0,971.0,2.0,202.0,7838.0,0.0,0,1,0,0,0,0,0,0,0,0,1,0,0,0,0,0,0,0,0,0,0,0,0,0,0,0,0,0,0,0,0,0,0,0,0,0,0,0,0,0,0,0,0,1,0,0,0,0,0,0,0,0,0,0,1,0,0,0,0,0,0,0,0,0,0,0,0,0,0,0,0.0
858.0,220.0,182.0,314.0,1649.0,61.0,171.0,131.0,268.0,64.0,2713.0,77.0,43.0,3.0,955.0,6.0,240.0,7515.0,5.0,0,1,0,0,0,0,0,0,0,0,1,0,0,0,0,0,0,0,0,0,0,0,0,0,0,0,0,0,0,0,0,0,0,0,0,0,0,0,0,0,0,0,0,1,0,0,0,0,0,0,0,0,0,0,1,0,0,0,0,0,0,0,0,0,0,0,0,0,0,0,0.0
1263.0,298.0,109.0,130.0,777.0,76.0,214.0,71.0,119.0,66.0,2947.0,62.0,486.0,12.0,91.0,2.0,115.0,7232.0,100.0,0,1,0,0,0,0,0,0,0,0,0,0,0,0,0,0,0,0,0,0,0,0,0,1,0,0,0,0,0,0,0,0,0,0,0,0,0,0,0,1,0,0,0,0,0,0,0,0,0,0,0,0,0,0,0,0,0,1,0,0,0,0,0,0,0,0,0,0,0,0,0.0
1222.0,284.0,164.0,135.0,890.0,80.0,193.0,71.0,113.0,64.0,2779.0,48.0,348.0,10.0,114.0,4.0,353.0,7301.0,84.0,0,1,0,0,0,0,0,0,0,0,0,0,0,0,0,0,0,0,0,0,0,0,0,1,0,0,0,0,0,0,0,0,0,0,0,0,1,0,0,0,0,0,0,0,0,0,0,0,0,0,0,0,0,0,0,0,1,0,0,0,0,0,0,0,0,0,0,0,0,0,0.0
1203.0,281.0,164.0,136.0,896.0,79.0,191.0,72.0,114.0,64.0,2784.0,48.0,324.0,10.0,126.0,3.0,316.0,7346.0,79.0,0,1,0,0,0,0,0,0,0,0,0,0,0,0,0,0,0,0,0,0,0,0,0,1,0,0,0,0,0,0,0,0,0,0,0,0,1,0,0,0,0,0,0,0,0,0,0,0,0,0,0,0,0,0,0,0,1,0,0,0,0,0,0,0,0,0,0,0,0,0,0.0
1208.0,279.0,182.0,143.0,959.0,80.0,185.0,75.0,117.0,64.0,2738.0,47.0,276.0,10.0,72.0,9.0,189.0,6765.0,20.0,0,1,0,0,0,0,0,0,0,0,1,0,0,0,0,0,0,0,0,0,0,0,0,0,0,0,0,0,0,0,0,0,0,0,0,0,1,0,0,0,0,0,0,0,0,0,0,0,0,0,0,0,0,0,0,0,1,0,0,0,0,0,0,0,0,0,0,0,0,0,0.0
1241.0,278.0,189.0,134.0,927.0,84.0,180.0,70.0,108.0,63.0,2702.0,43.0,341.0,10.0,110.0,15.0,119.0,6517.0,88.0,0,1,0,0,0,0,0,0,0,0,0,0,0,0,0,0,0,0,0,1,0,0,0,0,0,0,0,0,0,0,0,0,0,0,0,0,1,0,0,0,0,0,0,0,0,0,0,0,0,0,0,0,0,0,0,0,1,0,0,0,0,0,0,0,0,0,0,0,0,0,0.0
1245.0,279.0,194.0,143.0,981.0,83.0,181.0,73.0,115.0,63.0,2690.0,45.0,295.0,10.0,51.0,7.0,9.0,7562.0,29.0,0,1,0,0,0,0,0,0,0,0,0,0,0,0,0,0,0,1,0,0,0,0,0,0,0,0,0,0,0,0,0,0,0,0,0,0,1,0,0,0,0,0,0,0,0,0,0,0,0,0,0,0,0,0,0,0,1,0,0,0,0,0,0,0,0,0,0,0,0,0,0.0
1245.0,279.0,194.0,143.0,981.0,83.0,181.0,73.0,115.0,63.0,2690.0,45.0,295.0,10.0,51.0,7.0,9.0,7562.0,29.0,0,1,0,0,0,0,0,0,0,0,0,0,0,0,0,0,0,1,0,0,0,0,0,0,0,0,0,0,0,0,0,0,0,0,0,0,1,0,0,0,0,0,0,0,0,0,0,0,0,0,0,0,0,0,0,0,1,0,0,0,0,0,0,0,0,0,0,0,0,0,0.0
1199.0,268.0,230.0,154.0,1093.0,82.0,167.0,79.0,121.0,62.0,2576.0,40.0,183.0,7.0,32.0,5.0,284.0,7298.0,3.0,1,0,0,0,0,0,0,0,0,0,0,0,0,0,0,0,0,0,0,0,0,0,1,0,0,0,0,0,0,0,0,0,0,1,0,0,0,0,0,0,0,0,0,0,0,0,0,0,0,0,0,0,0,0,0,0,1,0,0,0,0,0,0,0,0,0,0,0,0,0,0.0
1145.0,257.0,302.0,392.0,2224.0,77.0,156.0,172.0,218.0,60.0,2493.0,68.0,27.0,1.0,78.0,6.0,11.0,7706.0,0.0,0,1,0,0,0,0,0,0,0,0,0,0,0,0,0,1,0,0,0,0,0,0,0,0,0,0,0,0,0,0,0,0,0,0,0,0,0,0,0,0,0,0,0,1,0,0,0,0,0,0,0,0,0,0,0,0,0,0,1,0,0,0,0,0,0,0,0,0,0,0,0.0
1559.0,324.0,9.0,389.0,1319.0,112.0,174.0,82.0,190.0,68.0,1586.0,128.0,751.0,8.0,98.0,4.0,52.0,7811.0,49.0,0,0,1,0,0,0,0,0,0,0,0,0,0,1,0,0,0,0,0,0,0,0,0,0,0,0,0,0,0,0,0,0,0,0,1,0,0,0,0,0,0,0,0,0,0,0,0,0,0,0,0,0,0,1,0,0,0,0,0,0,0,0,0,0,0,0,0,0,0,0,0.0
1446.0,318.0,9.0,377.0,1343.0,105.0,174.0,90.0,198.0,68.0,1586.0,124.0,668.0,8.0,199.0,5.0,141.0,7620.0,71.0,0,0,1,0,0,0,0,0,0,0,0,0,0,1,0,0,0,0,0,0,0,0,0,0,0,0,0,0,0,0,0,0,0,0,1,0,0,0,0,0,0,0,0,0,0,0,0,0,0,0,0,0,0,1,0,0,0,0,0,0,0,0,0,0,0,0,0,0,0,0,0.0
1446.0,318.0,9.0,377.0,1343.0,105.0,174.0,90.0,198.0,68.0,1586.0,124.0,668.0,8.0,199.0,5.0,141.0,7620.0,71.0,0,0,1,0,0,0,0,0,0,0,0,0,0,1,0,0,0,0,0,0,0,0,0,0,0,0,0,0,0,0,0,0,0,0,1,0,0,0,0,0,0,0,0,0,0,0,0,0,0,0,0,0,0,1,0,0,0,0,0,0,0,0,0,0,0,0,0,0,0,0,0.0
1666.0,328.0,6.0,486.0,1542.0,132.0,168.0,120.0,225.0,67.0,1424.0,128.0,809.0,8.0,49.0,5.0,227.0,7632.0,62.0,0,0,0,0,0,1,0,0,0,0,0,0,0,0,1,0,0,0,0,0,0,0,0,0,0,0,0,0,0,0,0,0,0,0,1,0,0,0,0,0,0,0,0,0,0,0,0,0,1,0,0,0,0,0,0,0,0,0,0,0,0,0,0,0,0,0,0,0,0,0,0.0
1711.0,330.0,6.0,485.0,1546.0,134.0,165.0,122.0,226.0,68.0,1378.0,128.0,834.0,8.0,7.0,2.0,135.0,7768.0,72.0,0,0,0,0,0,1,0,0,0,0,0,0,0,0,1,0,0,0,0,0,0,0,0,0,0,0,0,0,0,0,0,0,1,0,0,0,0,0,0,0,0,0,0,0,0,0,0,0,1,0,0,0,0,0,0,0,0,0,0,0,0,0,0,0,0,0,0,0,0,0,0.0
1104.0,253.0,309.0,396.0,2276.0,75.0,157.0,172.0,232.0,60.0,2510.0,68.0,26.0,1.0,201.0,15.0,48.0,7777.0,0.0,0,1,0,0,0,0,0,0,0,0,0,0,0,0,0,1,0,0,0,0,0,0,0,0,0,0,0,0,0,0,0,0,0,0,0,0,0,0,0,0,0,0,0,1,0,0,0,0,0,0,0,0,0,0,0,0,0,0,1,0,0,0,0,0,0,0,0,0,0,0,0.0
1104.0,253.0,309.0,396.0,2276.0,75.0,157.0,172.0,232.0,60.0,2510.0,68.0,26.0,1.0,201.0,15.0,48.0,7777.0,0.0,0,1,0,0,0,0,0,0,0,0,0,0,0,0,0,1,0,0,0,0,0,0,0,0,0,0,0,0,0,0,0,0,0,0,0,0,0,0,0,0,0,0,0,1,0,0,0,0,0,0,0,0,0,0,0,0,0,0,1,0,0,0,0,0,0,0,0,0,0,0,0.0
1131.0,255.0,305.0,393.0,2241.0,76.0,157.0,173.0,222.0,60.0,2512.0,68.0,27.0,1.0,92.0,13.0,173.0,6717.0,16.0,0,1,0,0,0,0,0,0,0,0,0,0,0,0,0,1,0,0,0,0,0,0,0,0,0,0,0,0,0,0,0,0,0,0,0,0,0,0,0,0,0,0,0,1,0,0,0,0,0,0,0,0,0,0,0,0,0,0,1,0,0,0,0,0,0,0,0,0,0,0,0.0
1622.0,310.0,54.0,426.0,1657.0,132.0,138.0,89.0,255.0,69.0,1217.0,112.0,684.0,8.0,50.0,1.0,204.0,7830.0,17.0,0,0,0,1,0,0,0,0,0,0,0,0,0,0,0,0,0,0,0,0,0,1,0,0,0,0,0,0,0,0,0,0,0,0,0,0,1,0,0,0,0,0,0,0,0,0,0,0,0,0,0,0,0,0,0,0,0,0,0,0,1,0,0,0,0,0,0,0,0,0,0.0
1554.0,304.0,55.0,411.0,1597.0,128.0,136.0,83.0,246.0,70.0,1249.0,112.0,649.0,8.0,78.0,6.0,193.0,7763.0,17.0,0,0,1,0,0,0,0,0,0,0,0,0,0,0,0,0,0,0,0,0,0,0,0,0,0,0,1,0,0,0,0,0,0,0,0,0,1,0,0,0,0,0,0,0,0,0,0,0,0,0,0,1,0,0,0,0,0,0,0,0,0,0,0,0,0,0,0,0,0,0,0.0
1511.0,305.0,52.0,418.0,1641.0,123.0,139.0,89.0,257.0,70.0,1240.0,112.0,618.0,8.0,127.0,7.0,161.0,7603.0,10.0,0,0,0,1,0,0,0,0,0,0,0,0,0,0,0,0,0,0,0,0,0,1,0,0,0,0,0,0,0,0,0,1,0,0,0,0,0,0,0,0,0,0,0,0,0,0,0,0,0,0,0,0,0,0,0,0,0,0,0,0,1,0,0,0,0,0,0,0,0,0,0.0
1241.0,277.0,56.0,352.0,1364.0,102.0,126.0,61.0,210.0,71.0,1318.0,110.0,487.0,8.0,378.0,4.0,352.0,8040.0,0.0,0,0,1,0,0,0,0,0,0,0,0,0,0,1,0,0,0,0,0,0,0,0,0,0,0,0,0,0,0,0,0,0,0,0,0,0,1,0,0,0,0,0,0,0,0,0,0,0,0,0,0,1,0,0,0,0,0,0,0,0,0,0,0,0,0,0,0,0,0,0,0.0
1515.0,304.0,54.0,412.0,1614.0,124.0,138.0,85.0,252.0,70.0,1246.0,111.0,623.0,8.0,165.0,28.0,358.0,7892.0,12.0,0,0,0,1,0,0,0,0,0,0,0,0,0,0,0,0,0,0,0,0,0,1,0,0,0,0,0,0,0,0,0,0,0,0,1,0,0,0,0,0,0,0,0,0,0,0,0,0,0,0,0,0,0,0,0,0,0,0,0,0,1,0,0,0,0,0,0,0,0,0,0.0
1494.0,303.0,54.0,408.0,1604.0,122.0,139.0,85.0,251.0,70.0,1246.0,111.0,611.0,8.0,142.0,4.0,142.0,7785.0,8.0,0,0,0,1,0,0,0,0,0,0,0,0,0,0,0,0,0,0,0,0,0,1,0,0,0,0,0,0,0,0,0,1,0,0,0,0,0,0,0,0,0,0,0,0,0,0,0,0,0,0,0,0,0,0,0,0,0,0,0,0,1,0,0,0,0,0,0,0,0,0,0.0
1488.0,301.0,55.0,401.0,1570.0,122.0,135.0,81.0,245.0,71.0,1242.0,111.0,612.0,8.0,142.0,2.0,206.0,7872.0,13.0,0,0,1,0,0,0,0,0,0,0,0,0,0,0,0,0,0,0,0,0,0,0,0,0,0,0,1,0,0,0,0,0,0,0,0,0,1,0,0,0,0,0,0,0,0,0,0,0,0,0,0,1,0,0,0,0,0,0,0,0,0,0,0,0,0,0,0,0,0,0,0.0
1488.0,301.0,55.0,401.0,1570.0,122.0,135.0,81.0,245.0,71.0,1242.0,111.0,612.0,8.0,142.0,2.0,206.0,7872.0,13.0,0,0,1,0,0,0,0,0,0,0,0,0,0,0,0,0,0,0,0,0,0,0,0,0,0,0,1,0,0,0,0,0,0,0,0,0,1,0,0,0,0,0,0,0,0,0,0,0,0,0,0,1,0,0,0,0,0,0,0,0,0,0,0,0,0,0,0,0,0,0,0.0
1488.0,301.0,55.0,401.0,1570.0,122.0,135.0,81.0,245.0,71.0,1242.0,111.0,612.0,8.0,142.0,2.0,206.0,7872.0,13.0,0,0,1,0,0,0,0,0,0,0,0,0,0,0,0,0,0,0,0,0,0,0,0,0,0,0,1,0,0,0,0,0,0,0,0,0,1,0,0,0,0,0,0,0,0,0,0,0,0,0,0,1,0,0,0,0,0,0,0,0,0,0,0,0,0,0,0,0,0,0,0.0
1527.0,305.0,54.0,413.0,1621.0,125.0,140.0,86.0,253.0,69.0,1247.0,111.0,628.0,8.0,117.0,2.0,297.0,7900.0,56.0,0,0,0,1,0,0,0,0,0,0,0,0,0,0,0,0,0,0,0,0,0,1,0,0,0,0,0,0,0,0,0,0,0,0,1,0,0,0,0,0,0,0,0,0,0,0,0,0,0,0,0,0,0,0,0,0,0,0,0,0,1,0,0,0,0,0,0,0,0,0,0.0
1527.0,305.0,54.0,413.0,1621.0,125.0,140.0,86.0,253.0,69.0,1247.0,111.0,628.0,8.0,117.0,2.0,297.0,7900.0,56.0,0,0,0,1,0,0,0,0,0,0,0,0,0,0,0,0,0,0,0,0,0,1,0,0,0,0,0,0,0,0,0,0,0,0,1,0,0,0,0,0,0,0,0,0,0,0,0,0,0,0,0,0,0,0,0,0,0,0,0,0,1,0,0,0,0,0,0,0,0,0,0.0
1527.0,305.0,54.0,413.0,1621.0,125.0,140.0,86.0,253.0,69.0,1247.0,111.0,628.0,8.0,117.0,2.0,297.0,7900.0,56.0,0,0,0,1,0,0,0,0,0,0,0,0,0,0,0,0,0,0,0,0,0,1,0,0,0,0,0,0,0,0,0,0,0,0,1,0,0,0,0,0,0,0,0,0,0,0,0,0,0,0,0,0,0,0,0,0,0,0,0,0,1,0,0,0,0,0,0,0,0,0,0.0
1526.0,305.0,54.0,411.0,1613.0,125.0,140.0,85.0,252.0,69.0,1250.0,111.0,629.0,8.0,140.0,8.0,353.0,7927.0,21.0,0,0,0,1,0,0,0,0,0,0,0,0,0,0,0,0,0,0,0,0,0,1,0,0,0,0,0,0,0,0,0,0,0,0,1,0,0,0,0,0,0,0,0,0,0,0,0,0,0,0,0,0,0,0,0,0,0,0,0,0,1,0,0,0,0,0,0,0,0,0,0.0
1514.0,304.0,54.0,409.0,1609.0,123.0,139.0,85.0,252.0,70.0,1248.0,111.0,620.0,8.0,136.0,5.0,287.0,7919.0,44.0,0,0,0,1,0,0,0,0,0,0,0,0,0,0,0,0,0,0,0,0,0,1,0,0,0,0,0,0,0,0,0,0,0,0,1,0,0,0,0,0,0,0,0,0,0,0,0,0,0,0,0,0,0,0,0,0,0,0,0,0,1,0,0,0,0,0,0,0,0,0,0.0
1514.0,304.0,54.0,409.0,1609.0,123.0,139.0,85.0,252.0,70.0,1248.0,111.0,620.0,8.0,136.0,5.0,287.0,7919.0,44.0,0,0,0,1,0,0,0,0,0,0,0,0,0,0,0,0,0,0,0,0,0,1,0,0,0,0,0,0,0,0,0,0,0,0,1,0,0,0,0,0,0,0,0,0,0,0,0,0,0,0,0,0,0,0,0,0,0,0,0,0,1,0,0,0,0,0,0,0,0,0,0.0
1536.0,306.0,53.0,415.0,1632.0,125.0,141.0,87.0,255.0,70.0,1258.0,111.0,633.0,8.0,123.0,8.0,11.0,8046.0,38.0,0,0,0,1,0,0,0,0,0,0,0,0,0,0,0,0,0,0,0,0,0,1,0,0,0,0,0,0,0,0,0,0,0,0,1,0,0,0,0,0,0,0,0,0,0,0,0,0,0,0,0,0,0,0,0,0,0,0,0,0,1,0,0,0,0,0,0,0,0,0,0.0
1536.0,306.0,53.0,415.0,1632.0,125.0,141.0,87.0,255.0,70.0,1258.0,111.0,633.0,8.0,123.0,8.0,11.0,8046.0,38.0,0,0,0,1,0,0,0,0,0,0,0,0,0,0,0,0,0,0,0,0,0,1,0,0,0,0,0,0,0,0,0,0,0,0,1,0,0,0,0,0,0,0,0,0,0,0,0,0,0,0,0,0,0,0,0,0,0,0,0,0,1,0,0,0,0,0,0,0,0,0,0.0
933.0,246.0,74.0,316.0,1369.0,75.0,131.0,73.0,227.0,74.0,1431.0,100.0,263.0,7.0,1034.0,10.0,280.0,8078.0,100.0,0,0,1,0,0,0,0,0,0,0,0,0,0,1,0,0,0,0,0,0,0,0,0,0,0,0,0,0,0,0,0,0,0,0,0,0,0,0,0,0,0,1,0,0,0,0,0,0,0,0,0,1,0,0,0,0,0,0,0,0,0,0,0,0,0,0,0,0,0,0,0.0
893.0,239.0,70.0,310.0,1367.0,72.0,132.0,74.0,228.0,73.0,1462.0,98.0,234.0,7.0,1129.0,7.0,267.0,8105.0,100.0,0,0,1,0,0,0,0,0,0,0,0,0,0,1,0,0,0,0,0,0,0,0,0,0,0,0,0,0,0,0,0,0,0,0,0,0,0,0,0,0,0,1,0,0,0,0,0,0,0,0,0,1,0,0,0,0,0,0,0,0,0,0,0,0,0,0,0,0,0,0,0.0
1143.0,273.0,62.0,352.0,1452.0,91.0,135.0,74.0,238.0,72.0,1382.0,106.0,393.0,8.0,526.0,3.0,163.0,7934.0,75.0,0,0,1,0,0,0,0,0,0,0,0,0,0,1,0,0,0,0,0,0,0,0,0,0,0,0,0,0,0,0,0,0,0,0,0,0,1,0,0,0,0,0,0,0,0,0,0,0,0,0,0,1,0,0,0,0,0,0,0,0,0,0,0,0,0,0,0,0,0,0,0.0
1428.0,300.0,55.0,397.0,1594.0,116.0,142.0,86.0,255.0,70.0,1289.0,110.0,561.0,8.0,170.0,4.0,340.0,7887.0,2.0,0,0,0,1,0,0,0,0,0,0,0,0,0,0,0,0,0,0,0,0,0,0,0,1,0,0,0,0,0,0,0,0,0,0,1,0,0,0,0,0,0,0,0,0,0,0,0,0,0,0,0,0,0,0,0,0,0,0,0,0,1,0,0,0,0,0,0,0,0,0,0.0
1027.0,256.0,65.0,322.0,1340.0,83.0,127.0,65.0,217.0,73.0,1381.0,103.0,330.0,7.0,751.0,14.0,262.0,7917.0,100.0,0,0,1,0,0,0,0,0,0,0,0,0,0,0,0,0,0,0,0,0,0,0,0,0,0,0,1,0,0,0,0,0,0,0,0,0,0,0,0,0,0,1,0,0,0,0,0,0,0,0,0,1,0,0,0,0,0,0,0,0,0,0,0,0,0,0,0,0,0,0,0.0
1027.0,256.0,65.0,322.0,1340.0,83.0,127.0,65.0,217.0,73.0,1381.0,103.0,330.0,7.0,751.0,14.0,262.0,7917.0,100.0,0,0,1,0,0,0,0,0,0,0,0,0,0,0,0,0,0,0,0,0,0,0,0,0,0,0,1,0,0,0,0,0,0,0,0,0,0,0,0,0,0,1,0,0,0,0,0,0,0,0,0,1,0,0,0,0,0,0,0,0,0,0,0,0,0,0,0,0,0,0,0.0
1048.0,259.0,63.0,324.0,1336.0,85.0,126.0,64.0,216.0,74.0,1393.0,104.0,346.0,8.0,735.0,17.0,84.0,7848.0,100.0,0,0,1,0,0,0,0,0,0,0,0,0,0,0,0,0,0,0,0,0,0,0,0,0,0,0,1,0,0,0,0,0,0,0,0,0,0,0,0,0,0,1,0,0,0,0,0,0,0,0,0,1,0,0,0,0,0,0,0,0,0,0,0,0,0,0,0,0,0,0,0.0
1108.0,265.0,63.0,327.0,1326.0,90.0,126.0,60.0,211.0,73.0,1347.0,105.0,391.0,8.0,582.0,6.0,12.0,8169.0,34.0,0,0,1,0,0,0,0,0,0,0,0,0,0,0,0,0,0,0,0,0,0,0,0,0,0,0,1,0,0,0,0,0,0,0,0,0,1,0,0,0,0,0,0,0,0,0,0,0,0,1,0,0,0,0,0,0,0,0,0,0,0,0,0,0,0,0,0,0,0,0,0.0
988.0,253.0,68.0,316.0,1357.0,80.0,130.0,70.0,224.0,74.0,1422.0,101.0,297.0,7.0,865.0,8.0,199.0,7779.0,68.0,0,0,1,0,0,0,0,0,0,0,0,0,0,0,0,0,0,0,0,0,0,0,0,0,0,0,1,0,0,0,0,0,0,0,0,0,0,0,0,0,0,1,0,0,0,0,0,0,0,1,0,0,0,0,0,0,0,0,0,0,0,0,0,0,0,0,0,0,0,0,0.0
1276.0,287.0,61.0,363.0,1495.0,102.0,137.0,79.0,245.0,72.0,1307.0,106.0,468.0,8.0,365.0,11.0,214.0,7635.0,46.0,0,0,0,1,0,0,0,0,0,0,0,0,0,0,0,0,0,0,0,0,0,0,0,1,0,0,0,0,0,0,0,0,0,0,1,0,0,0,0,0,0,0,0,0,0,0,0,0,0,0,0,0,0,0,0,0,0,0,0,0,1,0,0,0,0,0,0,0,0,0,0.0
1242.0,275.0,59.0,333.0,1298.0,102.0,124.0,55.0,201.0,72.0,1309.0,109.0,491.0,8.0,431.0,6.0,303.0,8063.0,1.0,0,0,1,0,0,0,0,0,0,0,0,0,0,0,0,0,0,0,0,0,0,0,0,0,0,0,1,0,0,0,0,0,0,0,0,0,1,0,0,0,0,0,0,0,0,0,0,0,0,1,0,0,0,0,0,0,0,0,0,0,0,0,0,0,0,0,0,0,0,0,0.0
1289.0,287.0,64.0,358.0,1469.0,104.0,135.0,75.0,239.0,72.0,1314.0,106.0,477.0,8.0,320.0,1.0,301.0,7969.0,54.0,0,0,1,0,0,0,0,0,0,0,0,0,0,0,0,0,0,0,0,0,0,0,0,0,0,0,1,0,0,0,0,0,0,0,1,0,0,0,0,0,0,0,0,0,0,0,0,0,0,1,0,0,0,0,0,0,0,0,0,0,0,0,0,0,0,0,0,0,0,0,0.0
1327.0,278.0,60.0,320.0,1226.0,112.0,121.0,52.0,186.0,71.0,1307.0,109.0,555.0,8.0,330.0,30.0,244.0,6991.0,33.0,0,0,0,0,1,0,0,0,0,0,0,0,0,0,1,0,0,0,0,0,0,0,0,0,0,0,0,0,0,0,0,0,0,0,0,0,1,0,0,0,0,0,0,0,0,0,0,0,0,1,0,0,0,0,0,0,0,0,0,0,0,0,0,0,0,0,0,0,0,0,0.0
1394.0,287.0,123.0,273.0,1420.0,114.0,129.0,81.0,219.0,71.0,1436.0,78.0,360.0,8.0,171.0,8.0,36.0,7888.0,24.0,0,1,0,0,0,0,0,0,0,0,1,0,0,0,0,0,0,0,0,0,0,0,0,0,0,0,0,0,0,0,0,0,0,0,0,1,0,0,0,0,0,0,0,0,0,0,0,0,0,1,0,0,0,0,0,0,0,0,0,0,0,0,0,0,0,0,0,0,0,0,0.0
1458.0,288.0,140.0,264.0,1405.0,120.0,124.0,76.0,205.0,71.0,1450.0,72.0,357.0,8.0,69.0,3.0,22.0,7901.0,0.0,0,1,0,0,0,0,0,0,0,0,0,1,0,0,0,0,0,0,0,0,0,0,0,0,0,0,0,0,0,0,0,0,0,0,0,0,1,0,0,0,0,0,0,0,0,0,0,0,0,1,0,0,0,0,0,0,0,0,0,0,0,0,0,0,0,0,0,0,0,0,0.0
1288.0,271.0,219.0,224.0,1478.0,104.0,126.0,103.0,204.0,69.0,1666.0,50.0,115.0,6.0,187.0,11.0,275.0,7838.0,79.0,0,0,1,0,0,0,0,0,0,0,0,0,0,0,0,0,0,0,0,0,0,0,0,1,0,0,0,0,0,0,0,0,0,0,1,0,0,0,0,0,0,0,0,0,0,0,0,0,0,1,0,0,0,0,0,0,0,0,0,0,0,0,0,0,0,0,0,0,0,0,0.0
1193.0,260.0,396.0,352.0,2334.0,84.0,155.0,159.0,280.0,58.0,2480.0,49.0,1.0,1.0,9.0,2.0,228.0,7359.0,0.0,0,0,1,0,0,0,0,0,0,0,0,0,0,0,0,0,1,0,0,0,0,0,0,0,0,0,0,0,0,0,0,0,0,0,0,0,1,0,0,0,0,0,0,0,0,0,0,0,0,0,0,0,0,0,0,1,0,0,0,0,0,0,0,0,0,0,0,0,0,1,0.045
1185.0,257.0,403.0,342.0,2368.0,85.0,153.0,153.0,263.0,57.0,2471.0,48.0,0.0,0.0,26.0,1.0,27.0,7450.0,28.0,0,1,0,0,0,0,0,0,0,0,0,1,0,0,0,0,0,0,0,0,0,0,0,0,0,0,0,0,0,0,0,0,0,0,0,0,0,0,0,0,0,1,0,0,0,0,0,0,0,0,0,0,0,0,0,1,0,0,0,0,0,0,0,0,0,0,0,0,0,1,0.045
1104.0,253.0,309.0,396.0,2276.0,75.0,157.0,172.0,232.0,60.0,2510.0,68.0,26.0,1.0,201.0,15.0,48.0,7777.0,0.0,0,1,0,0,0,0,0,0,0,0,0,0,0,0,0,1,0,0,0,0,0,0,0,0,0,0,0,0,0,0,0,0,0,0,0,0,0,0,0,0,0,0,0,1,0,0,0,0,0,0,0,0,0,0,0,0,0,0,1,0,0,0,0,0,0,0,0,0,0,1,0.045
1104.0,253.0,309.0,396.0,2276.0,75.0,157.0,172.0,232.0,60.0,2510.0,68.0,26.0,1.0,201.0,15.0,48.0,7777.0,0.0,0,1,0,0,0,0,0,0,0,0,0,0,0,0,0,1,0,0,0,0,0,0,0,0,0,0,0,0,0,0,0,0,0,0,0,0,0,0,0,0,0,0,0,1,0,0,0,0,0,0,0,0,0,0,0,0,0,0,1,0,0,0,0,0,0,0,0,0,0,1,0.045
1145.0,257.0,302.0,392.0,2224.0,77.0,156.0,172.0,218.0,60.0,2493.0,68.0,27.0,1.0,78.0,6.0,11.0,7706.0,0.0,0,1,0,0,0,0,0,0,0,0,0,0,0,0,0,1,0,0,0,0,0,0,0,0,0,0,0,0,0,0,0,0,0,0,0,0,0,0,0,0,0,0,0,1,0,0,0,0,0,0,0,0,0,0,0,0,0,0,1,0,0,0,0,0,0,0,0,0,0,1,0.045
856.0,264.0,24.0,345.0,1611.0,59.0,197.0,156.0,293.0,69.0,2099.0,101.0,205.0,6.0,1285.0,2.0,46.0,7917.0,0.0,0,1,0,0,0,0,0,0,0,0,0,0,0,0,0,0,0,0,0,0,1,0,0,0,0,0,0,0,0,0,0,0,0,0,0,1,0,0,0,0,0,0,0,0,0,0,0,0,0,0,0,0,0,0,0,0,0,0,0,0,0,0,0,0,0,0,1,0,0,0,0.0
1104.0,253.0,309.0,396.0,2276.0,75.0,157.0,172.0,232.0,60.0,2510.0,68.0,26.0,1.0,201.0,15.0,48.0,7777.0,0.0,0,1,0,0,0,0,0,0,0,0,0,0,0,0,0,1,0,0,0,0,0,0,0,0,0,0,0,0,0,0,0,0,0,0,0,0,0,0,0,0,0,0,0,1,0,0,0,0,0,0,0,0,0,0,0,0,0,0,1,0,0,0,0,0,0,0,0,0,0,0,0.0
1145.0,257.0,302.0,392.0,2224.0,77.0,156.0,172.0,218.0,60.0,2493.0,68.0,27.0,1.0,78.0,6.0,11.0,7706.0,0.0,0,1,0,0,0,0,0,0,0,0,0,0,0,0,0,1,0,0,0,0,0,0,0,0,0,0,0,0,0,0,0,0,0,0,0,0,0,0,0,0,0,0,0,1,0,0,0,0,0,0,0,0,0,0,0,0,0,0,1,0,0,0,0,0,0,0,0,0,0,0,0.0
1529.0,285.0,52.0,323.0,1170.0,132.0,117.0,47.0,165.0,68.0,1272.0,114.0,706.0,8.0,82.0,8.0,100.0,7834.0,3.0,0,0,0,0,1,0,0,0,0,0,0,0,1,0,0,0,0,0,0,0,0,0,0,0,0,0,0,0,0,0,0,0,0,0,0,1,0,0,0,0,0,0,0,0,0,0,0,0,0,0,0,1,0,0,0,0,0,0,0,0,0,0,0,0,0,0,0,0,0,0,0.0
1620.0,290.0,51.0,324.0,1165.0,142.0,118.0,48.0,163.0,67.0,1244.0,116.0,766.0,9.0,142.0,5.0,201.0,7635.0,18.0,0,0,0,0,0,0,0,0,1,0,0,0,0,0,0,0,0,0,0,0,0,0,0,0,0,0,0,0,0,1,0,0,0,0,0,0,0,0,0,0,0,0,0,0,0,0,1,0,0,0,0,0,0,0,0,0,0,0,0,0,0,0,0,0,0,0,0,0,1,0,0.0
1451.0,285.0,54.0,332.0,1228.0,124.0,121.0,52.0,181.0,70.0,1280.0,113.0,646.0,8.0,184.0,3.0,313.0,7969.0,3.0,0,0,1,0,0,0,0,0,0,0,0,0,0,0,0,0,0,0,0,0,0,0,0,0,0,0,1,0,0,0,0,0,0,0,0,0,1,0,0,0,0,0,0,0,0,0,0,0,0,1,0,0,0,0,0,0,0,0,0,0,0,0,0,0,0,0,0,0,0,0,0.0
1661.0,292.0,52.0,322.0,1166.0,146.0,118.0,49.0,165.0,67.0,1245.0,115.0,792.0,9.0,71.0,6.0,85.0,7863.0,0.0,0,0,0,1,0,0,0,0,0,0,0,0,0,0,0,0,0,0,0,0,0,0,0,0,0,0,0,1,0,0,0,0,0,0,0,1,0,0,0,0,0,0,0,0,0,0,0,0,0,1,0,0,0,0,0,0,0,0,0,0,0,0,0,0,0,0,0,0,0,0,0.0
1611.0,290.0,52.0,327.0,1182.0,141.0,120.0,50.0,170.0,67.0,1275.0,115.0,755.0,8.0,44.0,6.0,241.0,7877.0,0.0,0,0,0,1,0,0,0,0,0,0,0,0,1,0,0,0,0,0,0,0,0,0,0,0,0,0,0,0,0,0,0,0,0,0,0,0,1,0,0,0,0,0,0,0,0,0,0,0,0,1,0,0,0,0,0,0,0,0,0,0,0,0,0,0,0,0,0,0,0,0,0.0
1475.0,285.0,57.0,324.0,1211.0,127.0,122.0,52.0,180.0,68.0,1301.0,111.0,654.0,8.0,141.0,7.0,246.0,7788.0,4.0,0,0,0,1,0,0,0,0,0,0,0,0,0,0,1,0,0,0,0,0,0,0,0,0,0,0,0,0,0,0,0,0,0,0,0,0,1,0,0,0,0,0,0,0,0,0,0,0,0,1,0,0,0,0,0,0,0,0,0,0,0,0,0,0,0,0,0,0,0,0,0.0
1404.0,281.0,59.0,319.0,1206.0,119.0,121.0,51.0,180.0,69.0,1293.0,110.0,607.0,8.0,250.0,14.0,331.0,8092.0,47.0,0,0,0,0,1,0,0,0,0,0,0,0,0,0,1,0,0,0,0,0,0,0,0,0,0,0,0,0,0,0,0,0,0,0,1,0,0,0,0,0,0,0,0,0,0,0,0,0,0,1,0,0,0,0,0,0,0,0,0,0,0,0,0,0,0,0,0,0,0,0,0.0
1669.0,292.0,60.0,313.0,1167.0,146.0,118.0,50.0,168.0,67.0,1265.0,110.0,771.0,9.0,14.0,2.0,294.0,7863.0,3.0,0,0,0,0,0,0,0,1,0,0,0,0,0,0,0,0,0,0,0,0,0,0,0,0,1,0,0,0,0,0,0,0,0,0,1,0,0,0,0,0,0,0,0,0,0,0,0,0,0,1,0,0,0,0,0,0,0,0,0,0,0,0,0,0,0,0,0,0,0,0,0.0
1584.0,290.0,60.0,316.0,1188.0,137.0,119.0,52.0,175.0,69.0,1256.0,110.0,716.0,8.0,82.0,10.0,57.0,7971.0,12.0,0,0,0,0,1,0,0,0,0,0,0,0,1,0,0,0,0,0,0,0,0,0,0,0,0,0,0,0,0,0,0,0,0,0,0,0,1,0,0,0,0,0,0,0,0,0,0,0,0,1,0,0,0,0,0,0,0,0,0,0,0,0,0,0,0,0,0,0,0,0,0.0
1461.0,288.0,71.0,318.0,1281.0,124.0,124.0,60.0,200.0,70.0,1296.0,103.0,592.0,8.0,150.0,8.0,253.0,7786.0,56.0,0,0,0,0,1,0,0,0,0,0,0,0,0,0,0,0,0,0,0,0,0,0,0,0,0,1,0,0,0,0,0,0,0,0,1,0,0,0,0,0,0,0,0,0,0,0,0,0,0,1,0,0,0,0,0,0,0,0,0,0,0,0,0,0,0,0,0,0,0,0,0.0
1461.0,288.0,71.0,318.0,1281.0,124.0,124.0,60.0,200.0,70.0,1296.0,103.0,592.0,8.0,150.0,8.0,253.0,7786.0,56.0,0,0,0,0,1,0,0,0,0,0,0,0,0,0,0,0,0,0,0,0,0,0,0,0,0,1,0,0,0,0,0,0,0,0,1,0,0,0,0,0,0,0,0,0,0,0,0,0,0,1,0,0,0,0,0,0,0,0,0,0,0,0,0,0,0,0,0,0,0,0,0.0
1394.0,286.0,72.0,318.0,1299.0,116.0,125.0,61.0,205.0,71.0,1302.0,102.0,544.0,8.0,208.0,2.0,339.0,7990.0,62.0,0,0,0,0,1,0,0,0,0,0,0,0,0,0,0,0,0,0,0,0,0,0,0,0,0,1,0,0,0,0,0,0,0,0,1,0,0,0,0,0,0,0,0,0,0,0,0,0,0,1,0,0,0,0,0,0,0,0,0,0,0,0,0,0,0,0,0,0,0,0,0.0
1356.0,283.0,75.0,314.0,1291.0,113.0,125.0,60.0,205.0,71.0,1324.0,101.0,518.0,8.0,251.0,3.0,268.0,7940.0,21.0,0,0,0,0,1,0,0,0,0,0,0,0,0,0,0,0,0,0,0,0,0,0,0,0,0,1,0,0,0,0,0,0,0,0,0,1,0,0,0,0,0,0,0,0,0,0,0,0,0,1,0,0,0,0,0,0,0,0,0,0,0,0,0,0,0,0,0,0,0,0,0.0
1622.0,295.0,88.0,299.0,1266.0,138.0,121.0,61.0,197.0,69.0,1289.0,95.0,647.0,8.0,4.0,1.0,250.0,7880.0,64.0,0,0,0,0,0,0,0,1,0,0,0,0,0,0,0,0,0,0,0,0,0,0,0,0,0,0,0,1,0,0,0,0,1,0,0,0,0,0,0,0,0,0,0,0,0,0,0,0,0,1,0,0,0,0,0,0,0,0,0,0,0,0,0,0,0,0,0,0,0,0,0.0
1631.0,293.0,85.0,292.0,1208.0,139.0,117.0,56.0,184.0,69.0,1247.0,96.0,673.0,8.0,142.0,5.0,201.0,7635.0,18.0,0,0,0,0,0,0,0,0,1,0,0,0,0,0,0,0,0,0,0,0,0,0,0,0,0,0,0,1,0,0,0,0,0,0,0,0,0,0,0,0,0,0,0,0,0,0,1,0,0,0,0,0,0,0,0,0,0,0,0,0,0,0,0,0,0,0,0,0,1,0,0.0
1458.0,293.0,101.0,297.0,1415.0,120.0,129.0,77.0,227.0,72.0,1339.0,87.0,468.0,8.0,95.0,9.0,201.0,7586.0,6.0,0,1,0,0,0,0,0,0,0,0,0,0,0,0,0,0,0,1,0,0,0,0,0,0,0,0,0,0,0,0,0,0,0,0,0,1,0,0,0,0,0,0,0,0,0,0,0,0,0,1,0,0,0,0,0,0,0,0,0,0,0,0,0,0,0,0,0,0,0,0,0.0
1104.0,253.0,309.0,396.0,2276.0,75.0,157.0,172.0,232.0,60.0,2510.0,68.0,26.0,1.0,201.0,15.0,48.0,7777.0,0.0,0,1,0,0,0,0,0,0,0,0,0,0,0,0,0,1,0,0,0,0,0,0,0,0,0,0,0,0,0,0,0,0,0,0,0,0,0,0,0,0,0,0,0,1,0,0,0,0,0,0,0,0,0,0,0,0,0,0,1,0,0,0,0,0,0,0,0,0,0,1,0.06
1145.0,257.0,302.0,392.0,2224.0,77.0,156.0,172.0,218.0,60.0,2493.0,68.0,27.0,1.0,78.0,6.0,11.0,7706.0,0.0,0,1,0,0,0,0,0,0,0,0,0,0,0,0,0,1,0,0,0,0,0,0,0,0,0,0,0,0,0,0,0,0,0,0,0,0,0,0,0,0,0,0,0,1,0,0,0,0,0,0,0,0,0,0,0,0,0,0,1,0,0,0,0,0,0,0,0,0,0,1,0.06
978.0,235.0,367.0,416.0,2562.0,70.0,157.0,143.0,304.0,63.0,2523.0,59.0,13.0,1.0,635.0,6.0,56.0,7812.0,56.0,0,1,0,0,0,0,0,0,0,0,0,0,0,0,0,1,0,0,0,0,0,0,0,0,0,0,0,0,0,0,0,0,0,0,0,0,0,0,0,0,0,1,0,0,0,0,0,0,0,0,0,0,0,0,1,0,0,0,0,0,0,0,0,0,0,0,0,0,0,1,0.06
843.0,221.0,70.0,246.0,1179.0,64.0,168.0,105.0,190.0,67.0,2486.0,94.0,196.0,7.0,1090.0,14.0,214.0,7244.0,100.0,0,1,0,0,0,0,0,0,0,0,1,0,0,0,0,0,0,0,0,0,0,0,0,0,0,0,0,0,0,0,0,0,0,0,0,0,0,0,0,0,0,1,0,0,0,0,0,0,0,0,0,0,0,0,1,0,0,0,0,0,0,0,0,0,0,0,0,0,0,1,0.06
843.0,221.0,70.0,246.0,1179.0,64.0,168.0,105.0,190.0,67.0,2486.0,94.0,196.0,7.0,1090.0,14.0,214.0,7244.0,100.0,0,1,0,0,0,0,0,0,0,0,1,0,0,0,0,0,0,0,0,0,0,0,0,0,0,0,0,0,0,0,0,0,0,0,0,0,0,0,0,0,0,1,0,0,0,0,0,0,0,0,0,0,0,0,1,0,0,0,0,0,0,0,0,0,0,0,0,0,0,1,0.06
1124.0,245.0,350.0,359.0,2358.0,87.0,147.0,141.0,248.0,59.0,2455.0,52.0,12.0,1.0,461.0,13.0,219.0,7501.0,77.0,0,1,0,0,0,0,0,0,0,0,0,0,0,0,0,0,0,0,0,0,0,0,0,1,0,0,0,0,0,0,0,0,0,0,0,0,0,0,0,0,0,1,0,0,0,0,0,0,0,0,0,0,0,0,1,0,0,0,0,0,0,0,0,0,0,0,0,0,0,1,0.06
1165.0,250.0,395.0,384.0,2548.0,89.0,143.0,148.0,252.0,60.0,2386.0,49.0,11.0,1.0,321.0,9.0,156.0,7510.0,13.0,0,1,0,0,0,0,0,0,0,0,0,0,0,0,0,1,0,0,0,0,0,0,0,0,0,0,0,0,0,0,0,0,0,0,0,0,0,0,0,0,0,0,0,1,0,0,0,0,0,0,0,0,0,0,1,0,0,0,0,0,0,0,0,0,0,0,0,0,0,1,0.06
1010.0,236.0,272.0,331.0,2045.0,76.0,142.0,116.0,234.0,64.0,2315.0,59.0,20.0,1.0,518.0,3.0,258.0,7855.0,87.0,0,1,0,0,0,0,0,0,0,0,0,0,0,0,0,1,0,0,0,0,0,0,0,0,0,0,0,0,0,0,0,0,0,0,0,0,0,0,0,0,0,1,0,0,0,0,0,0,0,0,0,0,0,0,1,0,0,0,0,0,0,0,0,0,0,0,0,0,0,1,0.06
1010.0,236.0,272.0,331.0,2045.0,76.0,142.0,116.0,234.0,64.0,2315.0,59.0,20.0,1.0,518.0,3.0,258.0,7855.0,87.0,0,1,0,0,0,0,0,0,0,0,0,0,0,0,0,1,0,0,0,0,0,0,0,0,0,0,0,0,0,0,0,0,0,0,0,0,0,0,0,0,0,1,0,0,0,0,0,0,0,0,0,0,0,0,1,0,0,0,0,0,0,0,0,0,0,0,0,0,0,1,0.06
1317.0,293.0,16.0,94.0,388.0,81.0,203.0,35.0,64.0,63.0,2778.0,98.0,929.0,12.0,28.0,2.0,259.0,7354.0,98.0,0,0,0,0,0,0,0,0,1,0,0,0,0,0,0,0,0,0,0,1,0,0,0,0,0,0,0,0,0,0,0,0,0,0,0,0,0,0,1,0,0,0,0,0,0,0,0,0,0,0,0,0,0,0,0,0,0,1,0,0,0,0,0,0,0,0,0,0,0,0,0.0
1312.0,289.0,18.0,84.0,352.0,81.0,200.0,32.0,55.0,62.0,2788.0,93.0,960.0,12.0,6.0,1.0,341.0,7370.0,9.0,0,0,0,0,0,0,0,0,1,0,0,0,0,0,0,0,0,0,1,0,0,0,0,0,0,0,0,0,0,0,0,0,0,0,0,1,0,0,0,0,0,0,0,0,0,0,0,0,0,0,0,0,0,0,0,0,0,1,0,0,0,0,0,0,0,0,0,0,0,0,0.0
1312.0,289.0,18.0,84.0,352.0,81.0,200.0,32.0,55.0,62.0,2788.0,93.0,960.0,12.0,6.0,1.0,341.0,7370.0,9.0,0,0,0,0,0,0,0,0,1,0,0,0,0,0,0,0,0,0,1,0,0,0,0,0,0,0,0,0,0,0,0,0,0,0,0,1,0,0,0,0,0,0,0,0,0,0,0,0,0,0,0,0,0,0,0,0,0,1,0,0,0,0,0,0,0,0,0,0,0,0,0.0
1276.0,292.0,17.0,97.0,413.0,79.0,204.0,38.0,71.0,64.0,2784.0,99.0,863.0,12.0,113.0,0.0,210.0,7380.0,100.0,0,0,0,0,0,0,0,1,0,0,0,0,0,0,0,0,0,0,0,1,0,0,0,0,0,0,0,0,0,0,0,0,0,0,0,0,0,0,1,0,0,0,0,0,0,0,0,0,0,0,0,0,0,0,0,0,0,1,0,0,0,0,0,0,0,0,0,0,0,0,0.0
1263.0,294.0,15.0,106.0,444.0,79.0,207.0,41.0,79.0,64.0,2774.0,101.0,819.0,12.0,135.0,1.0,184.0,7371.0,30.0,0,0,0,0,0,1,0,0,0,0,0,0,0,0,0,0,0,0,0,1,0,0,0,0,0,0,0,0,0,0,0,0,0,0,0,0,1,0,0,0,0,0,0,0,0,0,0,0,0,0,0,0,0,0,0,0,0,1,0,0,0,0,0,0,0,0,0,0,0,0,0.0
1271.0,288.0,18.0,94.0,391.0,78.0,199.0,37.0,79.0,63.0,2676.0,96.0,880.0,12.0,157.0,16.0,271.0,7255.0,62.0,0,0,0,0,0,1,0,0,0,0,0,0,0,0,0,0,0,0,0,1,0,0,0,0,0,0,0,0,0,0,0,0,0,0,0,0,0,0,0,1,0,0,0,0,0,0,0,0,0,0,0,0,0,0,0,0,0,1,0,0,0,0,0,0,0,0,0,0,0,0,0.0
1127.0,290.0,15.0,142.0,572.0,72.0,210.0,53.0,113.0,66.0,2712.0,106.0,559.0,11.0,477.0,11.0,346.0,7929.0,68.0,0,0,0,0,0,1,0,0,0,0,0,0,0,0,0,0,0,0,0,1,0,0,0,0,0,0,0,0,0,0,0,0,0,0,0,0,0,0,0,1,0,0,0,0,0,0,0,0,0,0,0,0,0,0,0,0,0,1,0,0,0,0,0,0,0,0,0,0,0,0,0.0
1229.0,296.0,17.0,119.0,481.0,77.0,213.0,46.0,95.0,65.0,2828.0,101.0,748.0,12.0,306.0,2.0,173.0,7442.0,42.0,0,0,0,0,0,1,0,0,0,0,0,0,0,0,0,0,0,0,0,1,0,0,0,0,0,0,0,0,0,0,0,0,0,0,0,0,0,0,0,1,0,0,0,0,0,0,0,0,0,0,0,0,0,0,0,0,0,1,0,0,0,0,0,0,0,0,0,0,0,0,0.0
1256.0,299.0,17.0,122.0,487.0,78.0,215.0,47.0,98.0,66.0,2857.0,102.0,769.0,12.0,264.0,1.0,234.0,7399.0,0.0,0,0,0,0,0,1,0,0,0,0,0,0,0,0,0,0,0,0,0,1,0,0,0,0,0,0,0,0,0,0,0,0,0,0,0,0,1,0,0,0,0,0,0,0,0,0,0,0,0,0,0,0,0,0,0,0,0,1,0,0,0,0,0,0,0,0,0,0,0,0,0.0
1256.0,299.0,17.0,122.0,487.0,78.0,215.0,47.0,98.0,66.0,2857.0,102.0,769.0,12.0,264.0,1.0,234.0,7399.0,0.0,0,0,0,0,0,1,0,0,0,0,0,0,0,0,0,0,0,0,0,1,0,0,0,0,0,0,0,0,0,0,0,0,0,0,0,0,1,0,0,0,0,0,0,0,0,0,0,0,0,0,0,0,0,0,0,0,0,1,0,0,0,0,0,0,0,0,0,0,0,0,0.0
1256.0,299.0,17.0,122.0,487.0,78.0,215.0,47.0,98.0,66.0,2857.0,102.0,769.0,12.0,264.0,1.0,234.0,7399.0,0.0,0,0,0,0,0,1,0,0,0,0,0,0,0,0,0,0,0,0,0,1,0,0,0,0,0,0,0,0,0,0,0,0,0,0,0,0,1,0,0,0,0,0,0,0,0,0,0,0,0,0,0,0,0,0,0,0,0,1,0,0,0,0,0,0,0,0,0,0,0,0,0.0
1216.0,300.0,17.0,135.0,533.0,76.0,219.0,51.0,108.0,66.0,2887.0,104.0,683.0,12.0,342.0,8.0,122.0,7179.0,0.0,0,0,0,0,0,1,0,0,0,0,0,0,0,0,0,0,0,0,0,1,0,0,0,0,0,0,0,0,0,0,0,0,0,0,0,1,0,0,0,0,0,0,0,0,0,0,0,0,0,0,0,0,0,0,0,0,0,1,0,0,0,0,0,0,0,0,0,0,0,0,0.0
1216.0,301.0,17.0,138.0,545.0,76.0,221.0,52.0,111.0,66.0,2895.0,104.0,671.0,12.0,347.0,4.0,240.0,7405.0,0.0,0,0,0,0,0,1,0,0,0,0,0,0,0,0,0,0,0,0,0,1,0,0,0,0,0,0,0,0,0,0,0,0,0,0,0,0,1,0,0,0,0,0,0,0,0,0,0,0,0,0,0,0,0,0,0,0,0,1,0,0,0,0,0,0,0,0,0,0,0,0,0.0
1216.0,301.0,17.0,138.0,545.0,76.0,221.0,52.0,111.0,66.0,2895.0,104.0,671.0,12.0,347.0,4.0,240.0,7405.0,0.0,0,0,0,0,0,1,0,0,0,0,0,0,0,0,0,0,0,0,0,1,0,0,0,0,0,0,0,0,0,0,0,0,0,0,0,0,1,0,0,0,0,0,0,0,0,0,0,0,0,0,0,0,0,0,0,0,0,1,0,0,0,0,0,0,0,0,0,0,0,0,0.0
1178.0,301.0,17.0,149.0,584.0,74.0,224.0,55.0,120.0,66.0,2887.0,106.0,598.0,11.0,435.0,3.0,298.0,7536.0,0.0,0,0,0,0,0,1,0,0,0,0,0,0,0,0,0,0,0,0,0,1,0,0,0,0,0,0,0,0,0,0,0,0,0,0,0,0,1,0,0,0,0,0,0,0,0,0,0,0,0,0,0,0,0,0,0,0,0,1,0,0,0,0,0,0,0,0,0,0,0,0,0.0
1408.0,310.0,19.0,124.0,491.0,85.0,220.0,48.0,104.0,65.0,2970.0,102.0,917.0,12.0,94.0,5.0,354.0,7585.0,74.0,1,0,0,0,0,0,0,0,0,0,0,0,0,0,0,0,0,0,0,1,0,0,0,0,0,0,0,0,0,0,0,0,0,0,0,0,0,0,0,1,0,0,0,0,0,0,0,0,0,0,0,0,0,0,0,0,0,1,0,0,0,0,0,0,0,0,0,0,0,0,0.0
1430.0,312.0,19.0,125.0,493.0,86.0,222.0,48.0,104.0,65.0,2991.0,102.0,937.0,12.0,50.0,0.0,348.0,7310.0,44.0,0,0,0,0,1,0,0,0,0,0,0,0,0,0,0,0,0,0,0,1,0,0,0,0,0,0,0,0,0,0,0,0,0,0,0,1,0,0,0,0,0,0,0,0,0,0,0,0,0,0,0,0,0,0,0,0,0,1,0,0,0,0,0,0,0,0,0,0,0,0,0.0
1340.0,307.0,22.0,145.0,577.0,80.0,223.0,58.0,128.0,65.0,3053.0,104.0,763.0,12.0,289.0,1.0,238.0,7373.0,28.0,0,0,0,0,0,0,0,1,0,0,0,0,0,0,0,0,0,0,0,0,0,0,0,0,1,0,0,0,0,0,0,0,0,0,0,0,1,0,0,0,0,0,0,0,0,0,0,0,0,0,0,0,0,0,0,0,0,1,0,0,0,0,0,0,0,0,0,0,0,0,0.0
1340.0,307.0,22.0,145.0,577.0,80.0,223.0,58.0,128.0,65.0,3053.0,104.0,763.0,12.0,289.0,1.0,238.0,7373.0,28.0,0,0,0,0,0,0,0,1,0,0,0,0,0,0,0,0,0,0,0,0,0,0,0,0,1,0,0,0,0,0,0,0,0,0,0,0,1,0,0,0,0,0,0,0,0,0,0,0,0,0,0,0,0,0,0,0,0,1,0,0,0,0,0,0,0,0,0,0,0,0,0.0
1340.0,307.0,22.0,145.0,577.0,80.0,223.0,58.0,128.0,65.0,3053.0,104.0,763.0,12.0,289.0,1.0,238.0,7373.0,28.0,0,0,0,0,0,0,0,1,0,0,0,0,0,0,0,0,0,0,0,0,0,0,0,0,1,0,0,0,0,0,0,0,0,0,0,0,1,0,0,0,0,0,0,0,0,0,0,0,0,0,0,0,0,0,0,0,0,1,0,0,0,0,0,0,0,0,0,0,0,0,0.0
1416.0,315.0,22.0,154.0,601.0,83.0,233.0,62.0,132.0,64.0,3155.0,106.0,815.0,12.0,235.0,3.0,210.0,7391.0,0.0,0,0,0,0,1,0,0,0,0,0,0,0,0,0,0,0,0,0,0,1,0,0,0,0,0,0,0,0,0,0,0,0,0,0,0,0,1,0,0,0,0,0,0,0,0,0,0,0,0,0,0,0,0,0,0,0,0,1,0,0,0,0,0,0,0,0,0,0,0,0,0.0
1393.0,315.0,22.0,158.0,617.0,83.0,236.0,64.0,136.0,64.0,3159.0,106.0,776.0,12.0,272.0,1.0,338.0,7404.0,0.0,0,0,0,0,1,0,0,0,0,0,0,0,0,0,0,0,0,0,0,0,0,0,0,0,1,0,0,0,0,0,0,0,0,0,0,1,0,0,0,0,0,0,0,0,0,0,0,0,0,0,0,0,0,0,0,0,0,1,0,0,0,0,0,0,0,0,0,0,0,0,0.0
1356.0,312.0,22.0,155.0,610.0,81.0,231.0,62.0,136.0,65.0,3119.0,105.0,746.0,12.0,313.0,1.0,267.0,7394.0,0.0,0,0,0,0,1,0,0,0,0,0,0,0,0,0,0,0,0,0,0,0,0,0,0,0,1,0,0,0,0,0,0,0,0,0,0,0,1,0,0,0,0,0,0,0,0,0,0,0,0,0,0,0,0,0,0,0,0,1,0,0,0,0,0,0,0,0,0,0,0,0,0.0
1165.0,312.0,17.0,189.0,730.0,74.0,251.0,65.0,155.0,65.0,2951.0,109.0,511.0,10.0,578.0,2.0,316.0,7581.0,0.0,0,0,0,0,1,0,0,0,0,0,0,0,0,0,0,0,0,0,0,0,0,0,0,0,1,0,0,0,0,0,0,0,0,0,0,1,0,0,0,0,0,0,0,0,0,0,0,0,0,0,0,0,0,0,0,0,0,1,0,0,0,0,0,0,0,0,0,0,0,0,0.0
1151.0,310.0,17.0,189.0,730.0,74.0,249.0,66.0,156.0,66.0,2922.0,109.0,501.0,10.0,613.0,3.0,303.0,7623.0,0.0,0,0,0,0,1,0,0,0,0,0,0,0,0,0,0,0,0,0,0,0,0,0,0,0,1,0,0,0,0,0,0,0,0,0,0,1,0,0,0,0,0,0,0,0,0,0,0,0,0,0,0,0,0,0,0,0,0,1,0,0,0,0,0,0,0,0,0,0,0,0,0.0
1478.0,328.0,23.0,156.0,631.0,88.0,248.0,59.0,138.0,66.0,3190.0,103.0,847.0,12.0,143.0,1.0,312.0,7389.0,88.0,0,0,0,0,1,0,0,0,0,0,0,0,0,0,0,0,0,0,0,0,0,0,0,0,1,0,0,0,0,0,0,0,0,0,0,0,0,0,0,1,0,0,0,0,0,0,0,0,0,0,0,0,0,0,0,0,0,1,0,0,0,0,0,0,0,0,0,0,0,0,0.0
1473.0,327.0,23.0,156.0,631.0,89.0,248.0,59.0,138.0,65.0,3184.0,103.0,842.0,12.0,138.0,0.0,350.0,7383.0,3.0,0,0,0,0,1,0,0,0,0,0,0,0,0,0,0,0,0,0,0,0,0,0,0,0,1,0,0,0,0,0,0,0,0,0,0,0,1,0,0,0,0,0,0,0,0,0,0,0,0,0,0,0,0,0,0,0,0,1,0,0,0,0,0,0,0,0,0,0,0,0,0.0
1473.0,327.0,23.0,156.0,631.0,89.0,248.0,59.0,138.0,65.0,3184.0,103.0,842.0,12.0,138.0,0.0,350.0,7383.0,3.0,0,0,0,0,1,0,0,0,0,0,0,0,0,0,0,0,0,0,0,0,0,0,0,0,1,0,0,0,0,0,0,0,0,0,0,0,1,0,0,0,0,0,0,0,0,0,0,0,0,0,0,0,0,0,0,0,0,1,0,0,0,0,0,0,0,0,0,0,0,0,0.0
1445.0,326.0,23.0,159.0,641.0,87.0,248.0,60.0,141.0,66.0,3158.0,104.0,804.0,12.0,196.0,5.0,318.0,7526.0,6.0,0,0,0,0,1,0,0,0,0,0,0,0,0,0,0,0,0,0,0,0,0,0,0,1,0,0,0,0,0,0,0,0,0,0,0,0,1,0,0,0,0,0,0,0,0,0,0,0,0,0,0,0,0,0,0,0,0,1,0,0,0,0,0,0,0,0,0,0,0,0,0.0
1135.0,309.0,17.0,192.0,739.0,74.0,244.0,69.0,161.0,66.0,2748.0,109.0,495.0,9.0,680.0,2.0,288.0,7571.0,100.0,0,0,0,0,1,0,0,0,0,0,0,0,0,0,0,0,0,0,0,0,0,0,0,0,1,0,0,0,0,0,0,0,0,0,0,0,0,0,0,0,0,0,0,0,1,0,0,0,0,0,0,0,0,0,0,0,0,1,0,0,0,0,0,0,0,0,0,0,0,0,0.0
1062.0,297.0,19.0,191.0,746.0,71.0,236.0,72.0,166.0,66.0,2701.0,108.0,445.0,9.0,822.0,3.0,228.0,7435.0,100.0,0,0,0,0,1,0,0,0,0,0,0,0,0,0,0,0,0,0,0,0,0,0,0,0,1,0,0,0,0,0,0,0,0,0,0,0,0,0,0,0,0,0,0,0,1,0,0,0,0,0,0,0,0,0,0,0,0,1,0,0,0,0,0,0,0,0,0,0,0,0,0.0
1062.0,297.0,19.0,191.0,746.0,71.0,236.0,72.0,166.0,66.0,2701.0,108.0,445.0,9.0,822.0,3.0,228.0,7435.0,100.0,0,0,0,0,1,0,0,0,0,0,0,0,0,0,0,0,0,0,0,0,0,0,0,0,1,0,0,0,0,0,0,0,0,0,0,0,0,0,0,0,0,0,0,0,1,0,0,0,0,0,0,0,0,0,0,0,0,1,0,0,0,0,0,0,0,0,0,0,0,0,0.0
1189.0,317.0,17.0,194.0,736.0,75.0,249.0,67.0,159.0,66.0,2777.0,109.0,537.0,10.0,583.0,3.0,0.0,7677.0,99.0,0,0,0,0,1,0,0,0,0,0,0,0,0,0,0,0,0,0,0,0,0,0,0,0,1,0,0,0,0,0,0,0,0,0,0,0,0,0,0,0,0,0,0,0,1,0,0,0,0,0,0,0,0,0,0,0,0,1,0,0,0,0,0,0,0,0,0,0,0,0,0.0
1080.0,300.0,19.0,191.0,746.0,72.0,238.0,72.0,164.0,66.0,2732.0,108.0,453.0,9.0,788.0,4.0,123.0,7463.0,100.0,0,0,0,0,1,0,0,0,0,0,0,0,0,0,0,0,0,0,0,0,0,0,0,0,1,0,0,0,0,0,0,0,0,0,0,0,0,0,0,0,0,0,0,0,1,0,0,0,0,0,0,0,0,0,0,0,0,1,0,0,0,0,0,0,0,0,0,0,0,0,0.0
1232.0,322.0,17.0,195.0,731.0,77.0,248.0,67.0,158.0,66.0,2720.0,110.0,576.0,10.0,536.0,2.0,297.0,7569.0,10.0,0,0,0,0,1,0,0,0,0,0,0,0,0,0,0,0,0,0,0,0,0,0,0,0,1,0,0,0,0,0,0,0,0,0,0,0,1,0,0,0,0,0,0,0,0,0,0,0,0,0,0,0,0,0,0,0,0,1,0,0,0,0,0,0,0,0,0,0,0,0,0.0
1394.0,329.0,8.0,309.0,1121.0,87.0,225.0,84.0,223.0,63.0,2284.0,119.0,631.0,8.0,384.0,2.0,267.0,7629.0,100.0,0,0,0,0,1,0,0,0,0,0,0,0,0,0,0,0,0,0,0,0,0,0,0,0,0,1,0,0,0,0,0,0,0,0,0,0,1,0,0,0,0,0,0,0,0,0,0,0,0,0,0,0,0,0,0,0,0,0,0,0,0,0,0,0,0,0,1,0,0,0,0.0
1340.0,325.0,8.0,313.0,1139.0,84.0,223.0,87.0,230.0,64.0,2266.0,119.0,597.0,8.0,465.0,2.0,36.0,7726.0,71.0,0,0,0,0,1,0,0,0,0,0,0,0,0,0,0,0,0,0,0,0,0,0,0,0,1,0,0,0,0,0,0,0,0,0,1,0,0,0,0,0,0,0,0,0,0,0,0,0,0,0,0,0,0,0,0,0,0,0,0,0,0,0,0,0,0,0,1,0,0,0,0.0
1231.0,265.0,215.0,357.0,1971.0,103.0,110.0,97.0,196.0,68.0,1334.0,60.0,53.0,4.0,142.0,5.0,201.0,7635.0,18.0,0,0,0,0,0,0,0,0,1,0,0,0,0,0,0,0,0,0,0,0,0,0,0,0,0,0,0,0,0,1,0,0,0,0,0,0,0,0,0,0,0,0,0,0,0,0,0,1,0,0,0,0,0,0,0,0,0,0,0,0,0,0,0,0,0,0,0,0,1,0,0.0
1213.0,261.0,66.0,320.0,1381.0,100.0,102.0,95.0,192.0,66.0,1351.0,88.0,321.0,8.0,483.0,13.0,232.0,7573.0,18.0,0,0,0,0,0,0,0,0,1,0,0,0,0,0,0,0,0,0,0,0,0,0,0,0,0,0,0,0,0,1,0,0,0,0,0,0,0,0,0,0,0,0,0,0,0,0,0,1,0,0,0,0,0,0,0,0,0,0,0,0,0,0,0,0,0,0,0,0,1,0,0.0
1279.0,266.0,63.0,313.0,1350.0,105.0,100.0,94.0,189.0,66.0,1342.0,88.0,371.0,8.0,324.0,10.0,222.0,7579.0,18.0,0,0,0,0,0,0,0,0,1,0,0,0,0,0,0,0,0,0,0,0,0,0,0,0,0,0,0,0,0,1,0,0,0,0,0,0,0,0,0,0,0,0,0,0,0,0,0,1,0,0,0,0,0,0,0,0,0,0,0,0,0,0,0,0,0,0,0,0,1,0,0.0
1351.0,271.0,47.0,311.0,1280.0,110.0,101.0,92.0,187.0,65.0,1380.0,93.0,460.0,8.0,252.0,7.0,123.0,7774.0,18.0,0,0,0,0,0,0,0,0,1,0,0,0,0,0,0,0,0,0,0,0,0,0,0,0,0,0,0,0,0,1,0,0,0,0,0,0,0,0,0,0,0,0,0,0,0,0,0,1,0,0,0,0,0,0,0,0,0,0,0,0,0,0,0,0,0,0,0,0,1,0,0.0
1400.0,273.0,53.0,300.0,1272.0,115.0,101.0,91.0,184.0,64.0,1407.0,91.0,478.0,8.0,118.0,3.0,254.0,7882.0,18.0,0,0,0,0,0,0,0,0,1,0,0,0,0,0,0,0,0,0,0,0,0,0,0,0,0,0,0,0,0,1,0,0,0,0,0,0,0,0,0,0,0,0,0,0,0,0,0,1,0,0,0,0,0,0,0,0,0,0,0,0,0,0,0,0,0,0,0,0,1,0,0.0
1199.0,261.0,55.0,321.0,1343.0,98.0,103.0,95.0,194.0,66.0,1364.0,92.0,343.0,8.0,509.0,16.0,46.0,8112.0,18.0,0,0,0,0,0,0,0,0,1,0,0,0,0,0,0,0,0,0,0,0,0,0,0,0,0,0,0,0,0,1,0,0,0,0,0,0,0,0,0,0,0,0,0,0,0,0,0,1,0,0,0,0,0,0,0,0,0,0,0,0,0,0,0,0,0,0,0,0,1,0,0.0
1237.0,263.0,54.0,317.0,1326.0,101.0,102.0,95.0,192.0,66.0,1380.0,92.0,370.0,8.0,320.0,9.0,346.0,7944.0,18.0,0,0,0,0,0,0,0,0,1,0,0,0,0,0,0,0,0,0,0,0,0,0,0,0,0,0,0,0,0,1,0,0,0,0,0,0,0,0,0,0,0,0,0,0,0,0,0,1,0,0,0,0,0,0,0,0,0,0,0,0,0,0,0,0,0,0,0,0,1,0,0.0
1238.0,263.0,58.0,314.0,1334.0,101.0,101.0,94.0,191.0,66.0,1354.0,90.0,362.0,8.0,320.0,9.0,317.0,8095.0,18.0,0,0,0,0,0,0,0,0,1,0,0,0,0,0,0,0,0,0,0,0,0,0,0,0,0,0,0,0,0,1,0,0,0,0,0,0,0,0,0,0,0,0,0,0,0,0,0,1,0,0,0,0,0,0,0,0,0,0,0,0,0,0,0,0,0,0,0,0,1,0,0.0
1194.0,260.0,58.0,319.0,1352.0,98.0,102.0,95.0,194.0,66.0,1368.0,90.0,330.0,8.0,444.0,12.0,187.0,7515.0,18.0,0,0,0,0,0,0,0,0,1,0,0,0,0,0,0,0,0,0,0,0,0,0,0,0,0,0,0,0,0,1,0,0,0,0,0,0,0,0,0,0,0,0,0,0,0,0,0,1,0,0,0,0,0,0,0,0,0,0,0,0,0,0,0,0,0,0,0,0,1,0,0.0
1104.0,253.0,309.0,396.0,2276.0,75.0,157.0,172.0,232.0,60.0,2510.0,68.0,26.0,1.0,201.0,15.0,48.0,7777.0,0.0,0,1,0,0,0,0,0,0,0,0,0,0,0,0,0,1,0,0,0,0,0,0,0,0,0,0,0,0,0,0,0,0,0,0,0,0,0,0,0,0,0,0,0,1,0,0,0,0,0,0,0,0,0,0,0,0,0,0,1,0,0,0,0,0,0,0,0,0,0,0,0.0
1145.0,257.0,302.0,392.0,2224.0,77.0,156.0,172.0,218.0,60.0,2493.0,68.0,27.0,1.0,78.0,6.0,11.0,7706.0,0.0,0,1,0,0,0,0,0,0,0,0,0,0,0,0,0,1,0,0,0,0,0,0,0,0,0,0,0,0,0,0,0,0,0,0,0,0,0,0,0,0,0,0,0,1,0,0,0,0,0,0,0,0,0,0,0,0,0,0,1,0,0,0,0,0,0,0,0,0,0,0,0.0
1069.0,249.0,316.0,401.0,2320.0,73.0,158.0,170.0,246.0,60.0,2532.0,67.0,27.0,1.0,180.0,12.0,1.0,7902.0,0.0,0,1,0,0,0,0,0,0,0,0,0,0,0,0,0,1,0,0,0,0,0,0,0,0,0,0,0,0,0,0,0,0,0,0,0,0,0,0,0,0,0,0,0,1,0,0,0,0,0,0,0,0,0,0,0,0,0,0,1,0,0,0,0,0,0,0,0,0,0,1,0.7
1123.0,255.0,304.0,394.0,2248.0,75.0,157.0,172.0,225.0,60.0,2487.0,68.0,28.0,1.0,60.0,8.0,297.0,7501.0,0.0,0,1,0,0,0,0,0,0,0,0,0,0,0,0,0,1,0,0,0,0,0,0,0,0,0,0,0,0,0,0,0,0,0,0,0,0,0,0,0,0,0,0,0,1,0,0,0,0,0,0,0,0,0,0,0,0,0,0,1,0,0,0,0,0,0,0,0,0,0,1,0.7
1145.0,257.0,302.0,392.0,2224.0,77.0,156.0,172.0,218.0,60.0,2493.0,68.0,27.0,1.0,78.0,6.0,11.0,7706.0,0.0,0,1,0,0,0,0,0,0,0,0,0,0,0,0,0,1,0,0,0,0,0,0,0,0,0,0,0,0,0,0,0,0,0,0,0,0,0,0,0,0,0,0,0,1,0,0,0,0,0,0,0,0,0,0,0,0,0,0,1,0,0,0,0,0,0,0,0,0,0,1,0.7
1130.0,254.0,321.0,392.0,2249.0,77.0,155.0,173.0,217.0,59.0,2483.0,66.0,24.0,1.0,67.0,7.0,241.0,7247.0,0.0,0,1,0,0,0,0,0,0,0,0,0,0,0,0,0,1,0,0,0,0,0,0,0,0,0,0,0,0,0,0,0,0,0,0,0,0,0,0,0,0,0,0,0,1,0,0,0,0,0,0,0,0,0,0,0,0,0,0,1,0,0,0,0,0,0,0,0,0,0,1,0.7
1145.0,257.0,302.0,392.0,2224.0,77.0,156.0,172.0,218.0,60.0,2493.0,68.0,27.0,1.0,78.0,6.0,11.0,7706.0,0.0,0,1,0,0,0,0,0,0,0,0,0,0,0,0,0,1,0,0,0,0,0,0,0,0,0,0,0,0,0,0,0,0,0,0,0,0,0,0,0,0,0,0,0,1,0,0,0,0,0,0,0,0,0,0,0,0,0,0,1,0,0,0,0,0,0,0,0,0,0,1,0.7
1165.0,250.0,395.0,384.0,2548.0,89.0,143.0,148.0,252.0,60.0,2386.0,49.0,11.0,1.0,321.0,9.0,156.0,7510.0,13.0,0,1,0,0,0,0,0,0,0,0,0,0,0,0,0,1,0,0,0,0,0,0,0,0,0,0,0,0,0,0,0,0,0,0,0,0,0,0,0,0,0,0,0,1,0,0,0,0,0,0,0,0,0,0,1,0,0,0,0,0,0,0,0,0,0,0,0,0,0,1,0.7
1165.0,250.0,395.0,384.0,2548.0,89.0,143.0,148.0,252.0,60.0,2386.0,49.0,11.0,1.0,321.0,9.0,156.0,7510.0,13.0,0,1,0,0,0,0,0,0,0,0,0,0,0,0,0,1,0,0,0,0,0,0,0,0,0,0,0,0,0,0,0,0,0,0,0,0,0,0,0,0,0,0,0,1,0,0,0,0,0,0,0,0,0,0,1,0,0,0,0,0,0,0,0,0,0,0,0,0,0,1,0.7
1231.0,299.0,17.0,130.0,515.0,77.0,218.0,50.0,105.0,66.0,2886.0,103.0,716.0,12.0,302.0,3.0,160.0,7360.0,0.0,0,0,0,0,0,1,0,0,0,0,0,0,0,0,0,0,0,0,0,1,0,0,0,0,0,0,0,0,0,0,0,0,0,0,0,0,1,0,0,0,0,0,0,0,0,0,0,0,0,0,0,0,0,0,0,0,0,1,0,0,0,0,0,0,0,0,0,0,0,1,0.02
1001.0,246.0,290.0,455.0,2425.0,67.0,173.0,168.0,302.0,61.0,2637.0,73.0,37.0,1.0,461.0,7.0,228.0,7508.0,1.0,0,1,0,0,0,0,0,0,0,0,0,0,0,0,0,0,0,1,0,0,0,0,0,0,0,0,0,0,0,0,0,0,0,0,0,0,0,0,0,0,0,0,0,1,0,0,0,0,0,0,0,0,0,0,0,0,0,0,1,0,0,0,0,0,0,0,0,0,0,1,0.02
1145.0,257.0,302.0,392.0,2224.0,77.0,156.0,172.0,218.0,60.0,2493.0,68.0,27.0,1.0,78.0,6.0,11.0,7706.0,0.0,0,1,0,0,0,0,0,0,0,0,0,0,0,0,0,1,0,0,0,0,0,0,0,0,0,0,0,0,0,0,0,0,0,0,0,0,0,0,0,0,0,0,0,1,0,0,0,0,0,0,0,0,0,0,0,0,0,0,1,0,0,0,0,0,0,0,0,0,0,1,0.02
1145.0,257.0,302.0,392.0,2224.0,77.0,156.0,172.0,218.0,60.0,2493.0,68.0,27.0,1.0,78.0,6.0,11.0,7706.0,0.0,0,1,0,0,0,0,0,0,0,0,0,0,0,0,0,1,0,0,0,0,0,0,0,0,0,0,0,0,0,0,0,0,0,0,0,0,0,0,0,0,0,0,0,1,0,0,0,0,0,0,0,0,0,0,0,0,0,0,1,0,0,0,0,0,0,0,0,0,0,1,0.02
1131.0,255.0,305.0,393.0,2241.0,76.0,157.0,173.0,222.0,60.0,2512.0,68.0,27.0,1.0,92.0,13.0,173.0,6717.0,16.0,0,1,0,0,0,0,0,0,0,0,0,0,0,0,0,1,0,0,0,0,0,0,0,0,0,0,0,0,0,0,0,0,0,0,0,0,0,0,0,0,0,0,0,1,0,0,0,0,0,0,0,0,0,0,0,0,0,0,1,0,0,0,0,0,0,0,0,0,0,1,0.02
810.0,214.0,73.0,245.0,1186.0,61.0,168.0,107.0,192.0,67.0,2478.0,93.0,179.0,7.0,1332.0,16.0,290.0,7945.0,99.0,0,1,0,0,0,0,0,0,0,0,1,0,0,0,0,0,0,0,0,0,0,0,0,0,0,0,0,0,0,0,0,0,0,0,0,0,0,0,0,0,0,1,0,0,0,0,0,0,0,0,0,0,0,0,1,0,0,0,0,0,0,0,0,0,0,0,0,0,0,1,0.02
869.0,226.0,72.0,250.0,1198.0,65.0,168.0,105.0,192.0,66.0,2488.0,93.0,197.0,7.0,992.0,4.0,16.0,8005.0,100.0,0,1,0,0,0,0,0,0,0,0,1,0,0,0,0,0,0,0,0,0,0,0,0,0,0,0,0,0,0,0,0,0,0,1,0,0,0,0,0,0,0,0,0,0,0,0,0,0,0,0,0,0,0,0,1,0,0,0,0,0,0,0,0,0,0,0,0,0,0,1,0.02
909.0,232.0,78.0,261.0,1256.0,67.0,167.0,106.0,198.0,66.0,2500.0,91.0,193.0,7.0,900.0,0.0,290.0,7891.0,13.0,0,1,0,0,0,0,0,0,0,0,1,0,0,0,0,0,0,0,0,0,0,0,0,0,0,0,0,0,0,0,0,0,0,0,0,0,0,0,0,0,0,0,0,1,0,0,0,0,0,0,0,0,0,0,1,0,0,0,0,0,0,0,0,0,0,0,0,0,0,1,0.02
891.0,243.0,95.0,311.0,1559.0,70.0,180.0,105.0,243.0,70.0,2224.0,87.0,121.0,6.0,1084.0,15.0,332.0,8277.0,85.0,0,1,0,0,0,0,0,0,0,0,1,0,0,0,0,0,0,0,0,0,0,0,0,0,0,0,0,0,0,0,0,0,0,0,0,0,0,0,0,0,0,1,0,0,0,0,0,0,0,0,0,0,0,0,0,0,0,0,0,1,0,0,0,0,0,0,0,0,0,1,0.02
827.0,232.0,93.0,302.0,1519.0,65.0,179.0,103.0,236.0,71.0,2229.0,86.0,102.0,6.0,1438.0,5.0,319.0,8187.0,59.0,0,1,0,0,0,0,0,0,0,0,1,0,0,0,0,0,0,0,0,0,0,0,0,0,0,0,0,0,0,0,0,0,0,0,0,1,0,0,0,0,0,0,0,0,0,0,0,0,0,0,0,0,0,0,0,0,0,0,0,1,0,0,0,0,0,0,0,0,0,1,0.02
804.0,227.0,93.0,300.0,1508.0,63.0,178.0,103.0,236.0,71.0,2194.0,86.0,97.0,6.0,1466.0,14.0,162.0,7496.0,100.0,0,1,0,0,0,0,0,0,0,0,1,0,0,0,0,0,0,0,0,0,0,0,0,0,0,0,0,0,0,0,0,0,0,0,0,0,0,0,0,0,0,1,0,0,0,0,0,0,0,0,0,0,0,0,0,0,0,0,0,1,0,0,0,0,0,0,0,0,0,1,0.02
817.0,224.0,122.0,314.0,1591.0,65.0,173.0,108.0,231.0,71.0,2261.0,81.0,54.0,4.0,1545.0,23.0,48.0,8194.0,96.0,0,1,0,0,0,0,0,0,0,0,1,0,0,0,0,0,0,0,0,0,0,0,0,0,0,0,0,0,0,0,0,0,0,0,0,0,0,0,0,0,0,0,0,1,0,0,0,0,0,0,0,0,0,0,1,0,0,0,0,0,0,0,0,0,0,0,0,0,0,1,0.02
916.0,233.0,203.0,310.0,1761.0,73.0,162.0,106.0,237.0,68.0,2267.0,67.0,21.0,3.0,994.0,22.0,319.0,8176.0,95.0,0,1,0,0,0,0,0,0,0,0,1,0,0,0,0,0,0,0,0,0,0,0,0,0,0,0,0,0,0,0,0,0,0,0,0,0,0,0,0,0,0,1,0,0,0,0,0,0,0,0,0,0,0,0,1,0,0,0,0,0,0,0,0,0,0,0,0,0,0,1,0.02
916.0,233.0,203.0,310.0,1761.0,73.0,162.0,106.0,237.0,68.0,2267.0,67.0,21.0,3.0,994.0,22.0,319.0,8176.0,95.0,0,1,0,0,0,0,0,0,0,0,1,0,0,0,0,0,0,0,0,0,0,0,0,0,0,0,0,0,0,0,0,0,0,0,0,0,0,0,0,0,0,1,0,0,0,0,0,0,0,0,0,0,0,0,1,0,0,0,0,0,0,0,0,0,0,0,0,0,0,1,0.02
998.0,253.0,137.0,306.0,1557.0,65.0,176.0,125.0,254.0,62.0,2708.0,84.0,116.0,6.0,544.0,5.0,201.0,7607.0,0.0,0,1,0,0,0,0,0,0,0,0,0,0,0,0,0,0,0,1,0,0,0,0,0,0,0,0,0,0,0,0,0,0,0,0,0,0,1,0,0,0,0,0,0,0,0,0,0,0,0,0,0,0,0,0,0,0,0,0,0,0,0,0,1,0,0,0,0,0,0,0,0.0
1104.0,253.0,309.0,396.0,2276.0,75.0,157.0,172.0,232.0,60.0,2510.0,68.0,26.0,1.0,201.0,15.0,48.0,7777.0,0.0,0,1,0,0,0,0,0,0,0,0,0,0,0,0,0,1,0,0,0,0,0,0,0,0,0,0,0,0,0,0,0,0,0,0,0,0,0,0,0,0,0,0,0,1,0,0,0,0,0,0,0,0,0,0,0,0,0,0,1,0,0,0,0,0,0,0,0,0,0,0,0.0
1145.0,257.0,302.0,392.0,2224.0,77.0,156.0,172.0,218.0,60.0,2493.0,68.0,27.0,1.0,78.0,6.0,11.0,7706.0,0.0,0,1,0,0,0,0,0,0,0,0,0,0,0,0,0,1,0,0,0,0,0,0,0,0,0,0,0,0,0,0,0,0,0,0,0,0,0,0,0,0,0,0,0,1,0,0,0,0,0,0,0,0,0,0,0,0,0,0,1,0,0,0,0,0,0,0,0,0,0,0,0.0
1131.0,255.0,305.0,393.0,2241.0,76.0,157.0,173.0,222.0,60.0,2512.0,68.0,27.0,1.0,92.0,13.0,173.0,6717.0,16.0,0,1,0,0,0,0,0,0,0,0,0,0,0,0,0,1,0,0,0,0,0,0,0,0,0,0,0,0,0,0,0,0,0,0,0,0,0,0,0,0,0,0,0,1,0,0,0,0,0,0,0,0,0,0,0,0,0,0,1,0,0,0,0,0,0,0,0,0,0,0,0.0
1131.0,255.0,305.0,393.0,2241.0,76.0,157.0,173.0,222.0,60.0,2512.0,68.0,27.0,1.0,92.0,13.0,173.0,6717.0,16.0,0,1,0,0,0,0,0,0,0,0,0,0,0,0,0,1,0,0,0,0,0,0,0,0,0,0,0,0,0,0,0,0,0,0,0,0,0,0,0,0,0,0,0,1,0,0,0,0,0,0,0,0,0,0,0,0,0,0,1,0,0,0,0,0,0,0,0,0,0,0,0.0
1131.0,255.0,305.0,393.0,2241.0,76.0,157.0,173.0,222.0,60.0,2512.0,68.0,27.0,1.0,92.0,13.0,173.0,6717.0,16.0,0,1,0,0,0,0,0,0,0,0,0,0,0,0,0,1,0,0,0,0,0,0,0,0,0,0,0,0,0,0,0,0,0,0,0,0,0,0,0,0,0,0,0,1,0,0,0,0,0,0,0,0,0,0,0,0,0,0,1,0,0,0,0,0,0,0,0,0,0,0,0.0
1131.0,255.0,305.0,393.0,2241.0,76.0,157.0,173.0,222.0,60.0,2512.0,68.0,27.0,1.0,92.0,13.0,173.0,6717.0,16.0,0,1,0,0,0,0,0,0,0,0,0,0,0,0,0,1,0,0,0,0,0,0,0,0,0,0,0,0,0,0,0,0,0,0,0,0,0,0,0,0,0,0,0,1,0,0,0,0,0,0,0,0,0,0,0,0,0,0,1,0,0,0,0,0,0,0,0,0,0,0,0.0
1067.0,247.0,336.0,397.0,2329.0,73.0,156.0,171.0,238.0,59.0,2525.0,64.0,23.0,1.0,211.0,18.0,347.0,8061.0,18.0,0,1,0,0,0,0,0,0,0,0,0,0,0,0,0,1,0,0,0,0,0,0,0,0,0,0,0,0,0,0,0,0,0,0,0,0,0,0,0,0,0,0,0,1,0,0,0,0,0,0,0,0,0,0,0,0,0,0,1,0,0,0,0,0,0,0,0,0,0,0,0.0
1037.0,244.0,344.0,396.0,2355.0,71.0,153.0,170.0,246.0,60.0,2491.0,63.0,20.0,1.0,465.0,28.0,157.0,6070.0,47.0,0,1,0,0,0,0,0,0,0,0,0,0,0,0,0,1,0,0,0,0,0,0,0,0,0,0,0,0,0,0,0,0,0,1,0,0,0,0,0,0,0,0,0,0,0,0,0,0,0,0,0,0,0,0,0,0,0,0,1,0,0,0,0,0,0,0,0,0,0,0,0.0
863.0,221.0,177.0,313.0,1630.0,63.0,172.0,130.0,261.0,64.0,2724.0,78.0,48.0,3.0,1023.0,7.0,179.0,7592.0,60.0,0,1,0,0,0,0,0,0,0,0,1,0,0,0,0,0,0,0,0,0,0,0,0,0,0,0,0,0,0,0,0,0,0,0,0,0,0,0,0,0,0,1,0,0,0,0,0,0,0,0,0,0,0,0,1,0,0,0,0,0,0,0,0,0,0,0,0,0,0,0,0.0
863.0,221.0,177.0,313.0,1630.0,63.0,172.0,130.0,261.0,64.0,2724.0,78.0,48.0,3.0,1023.0,7.0,179.0,7592.0,60.0,0,1,0,0,0,0,0,0,0,0,1,0,0,0,0,0,0,0,0,0,0,0,0,0,0,0,0,0,0,0,0,0,0,0,0,0,0,0,0,0,0,1,0,0,0,0,0,0,0,0,0,0,0,0,1,0,0,0,0,0,0,0,0,0,0,0,0,0,0,0,0.0
855.0,220.0,185.0,312.0,1643.0,63.0,171.0,129.0,259.0,64.0,2723.0,77.0,44.0,3.0,1009.0,4.0,276.0,7805.0,66.0,0,0,0,0,0,0,1,0,0,0,0,1,0,0,0,0,0,0,0,0,0,0,0,0,0,0,0,0,0,0,0,0,0,0,0,0,0,0,0,0,0,1,0,0,0,0,0,0,0,0,0,0,0,0,1,0,0,0,0,0,0,0,0,0,0,0,0,0,0,0,0.0
855.0,220.0,185.0,312.0,1643.0,63.0,171.0,129.0,259.0,64.0,2723.0,77.0,44.0,3.0,1009.0,4.0,276.0,7805.0,66.0,0,0,0,0,0,0,1,0,0,0,0,1,0,0,0,0,0,0,0,0,0,0,0,0,0,0,0,0,0,0,0,0,0,0,0,0,0,0,0,0,0,1,0,0,0,0,0,0,0,0,0,0,0,0,1,0,0,0,0,0,0,0,0,0,0,0,0,0,0,0,0.0
972.0,234.0,358.0,412.0,2524.0,70.0,157.0,143.0,304.0,64.0,2514.0,60.0,14.0,1.0,640.0,18.0,106.0,7313.0,37.0,0,1,0,0,0,0,0,0,0,0,0,0,0,0,0,1,0,0,0,0,0,0,0,0,0,0,0,0,0,0,0,0,0,0,0,0,0,0,0,0,0,1,0,0,0,0,0,0,0,0,0,0,0,0,1,0,0,0,0,0,0,0,0,0,0,0,0,0,0,0,0.0
1003.0,243.0,136.0,293.0,1557.0,74.0,159.0,117.0,218.0,66.0,2461.0,78.0,86.0,4.0,712.0,17.0,113.0,7026.0,1.0,0,1,0,0,0,0,0,0,0,0,0,0,0,0,0,1,0,0,0,0,0,0,0,0,0,0,0,0,0,0,0,0,0,0,0,0,0,0,0,0,0,0,0,1,0,0,0,0,0,0,0,0,0,0,1,0,0,0,0,0,0,0,0,0,0,0,0,0,0,0,0.0
1008.0,244.0,139.0,296.0,1576.0,75.0,158.0,118.0,219.0,66.0,2449.0,77.0,82.0,3.0,564.0,8.0,292.0,7792.0,1.0,0,1,0,0,0,0,0,0,0,0,0,0,0,0,0,1,0,0,0,0,0,0,0,0,0,0,0,0,0,0,0,0,0,0,0,0,0,0,0,0,0,0,0,1,0,0,0,0,0,0,0,0,0,0,1,0,0,0,0,0,0,0,0,0,0,0,0,0,0,0,0.0
1156.0,250.0,406.0,394.0,2576.0,88.0,141.0,148.0,254.0,60.0,2366.0,49.0,10.0,1.0,254.0,13.0,125.0,7332.0,0.0,0,1,0,0,0,0,0,0,0,0,0,0,0,0,0,1,0,0,0,0,0,0,0,0,0,0,0,0,0,0,0,0,0,1,0,0,0,0,0,0,0,0,0,0,0,0,0,0,0,0,0,0,0,0,1,0,0,0,0,0,0,0,0,0,0,0,0,0,0,0,0.0
1165.0,250.0,395.0,384.0,2548.0,89.0,143.0,148.0,252.0,60.0,2386.0,49.0,11.0,1.0,321.0,9.0,156.0,7510.0,13.0,0,1,0,0,0,0,0,0,0,0,0,0,0,0,0,1,0,0,0,0,0,0,0,0,0,0,0,0,0,0,0,0,0,0,0,0,0,0,0,0,0,0,0,1,0,0,0,0,0,0,0,0,0,0,1,0,0,0,0,0,0,0,0,0,0,0,0,0,0,0,0.0
1165.0,250.0,395.0,384.0,2548.0,89.0,143.0,148.0,252.0,60.0,2386.0,49.0,11.0,1.0,321.0,9.0,156.0,7510.0,13.0,0,1,0,0,0,0,0,0,0,0,0,0,0,0,0,1,0,0,0,0,0,0,0,0,0,0,0,0,0,0,0,0,0,0,0,0,0,0,0,0,0,0,0,1,0,0,0,0,0,0,0,0,0,0,1,0,0,0,0,0,0,0,0,0,0,0,0,0,0,0,0.0
764.0,210.0,122.0,307.0,1564.0,60.0,171.0,108.0,227.0,71.0,2281.0,80.0,39.0,4.0,1652.0,17.0,32.0,8436.0,95.0,0,1,0,0,0,0,0,0,0,0,1,0,0,0,0,0,0,0,0,0,0,0,0,0,0,0,0,0,0,0,0,0,0,0,0,0,0,0,0,0,0,1,0,0,0,0,0,0,0,0,0,0,0,0,1,0,0,0,0,0,0,0,0,0,0,0,0,0,0,0,0.0
1232.0,254.0,501.0,417.0,2933.0,93.0,130.0,150.0,276.0,60.0,2200.0,43.0,1.0,1.0,49.0,7.0,170.0,7377.0,67.0,0,1,0,0,0,0,0,0,0,0,0,0,0,0,0,0,0,1,0,0,0,0,0,0,0,0,0,0,0,0,0,0,0,1,0,0,0,0,0,0,0,0,0,0,0,0,0,0,0,0,0,0,0,0,1,0,0,0,0,0,0,0,0,0,0,0,0,0,0,0,0.0
969.0,252.0,92.0,277.0,1405.0,77.0,144.0,91.0,241.0,73.0,1642.0,87.0,196.0,6.0,839.0,18.0,339.0,7857.0,100.0,0,1,0,0,0,0,0,0,0,0,1,0,0,0,0,0,0,0,0,0,0,0,0,0,0,0,0,0,0,0,0,0,0,0,0,0,0,0,0,0,0,1,0,0,0,0,0,0,0,1,0,0,0,0,0,0,0,0,0,0,0,0,0,0,0,0,0,0,0,0,0.0
1224.0,250.0,588.0,445.0,3295.0,93.0,128.0,126.0,286.0,61.0,2132.0,45.0,17.0,1.0,12.0,1.0,193.0,7744.0,10.0,1,0,0,0,0,0,0,0,0,0,0,0,0,0,0,0,0,0,0,0,0,0,1,0,0,0,0,0,0,0,0,0,0,1,0,0,0,0,0,0,0,0,0,0,0,0,0,0,0,0,0,0,0,0,1,0,0,0,0,0,0,0,0,0,0,0,0,0,0,0,0.0
1173.0,248.0,514.0,409.0,2976.0,89.0,134.0,122.0,271.0,62.0,2159.0,45.0,15.0,1.0,75.0,14.0,264.0,7639.0,100.0,0,0,0,0,0,0,0,0,1,0,0,0,0,0,0,0,0,0,0,0,0,0,0,1,0,0,0,0,0,0,0,0,0,0,0,0,0,0,0,0,0,1,0,0,0,0,0,0,0,0,0,0,0,0,0,0,0,0,0,0,0,0,0,0,0,0,0,0,1,0,0.0
1173.0,248.0,514.0,409.0,2976.0,89.0,134.0,122.0,271.0,62.0,2159.0,45.0,15.0,1.0,75.0,14.0,264.0,7639.0,100.0,0,0,0,0,0,0,0,0,1,0,0,0,0,0,0,0,0,0,0,0,0,0,0,1,0,0,0,0,0,0,0,0,0,0,0,0,0,0,0,0,0,1,0,0,0,0,0,0,0,0,0,0,0,0,0,0,0,0,0,0,0,0,0,0,0,0,0,0,1,0,0.0
1133.0,245.0,475.0,390.0,2813.0,87.0,135.0,119.0,266.0,62.0,2179.0,46.0,15.0,1.0,183.0,17.0,79.0,7781.0,100.0,0,0,0,0,0,0,0,0,1,0,0,0,0,0,0,0,0,0,0,0,0,0,0,1,0,0,0,0,0,0,0,0,0,0,0,0,0,0,0,0,0,1,0,0,0,0,0,0,0,0,0,0,0,0,0,0,0,0,0,0,0,0,0,0,0,0,0,0,1,0,0.0
1115.0,241.0,428.0,371.0,2564.0,85.0,127.0,111.0,233.0,60.0,2129.0,47.0,7.0,1.0,291.0,4.0,62.0,7830.0,96.0,0,1,0,0,0,0,0,0,0,0,0,0,0,0,0,1,0,0,0,0,0,0,0,0,0,0,0,0,0,0,0,0,0,0,0,0,0,0,0,0,0,1,0,0,0,0,0,0,0,0,0,0,0,0,1,0,0,0,0,0,0,0,0,0,0,0,0,0,0,0,0.0
1159.0,245.0,448.0,383.0,2651.0,88.0,125.0,112.0,234.0,60.0,2098.0,46.0,8.0,1.0,198.0,13.0,111.0,7457.0,84.0,0,1,0,0,0,0,0,0,0,0,0,0,0,0,0,1,0,0,0,0,0,0,0,0,0,0,0,0,0,0,0,0,0,0,0,0,0,0,0,0,0,1,0,0,0,0,0,0,0,0,0,0,0,0,1,0,0,0,0,0,0,0,0,0,0,0,0,0,0,0,0.0
1074.0,250.0,274.0,291.0,1810.0,86.0,148.0,100.0,219.0,66.0,2072.0,55.0,19.0,2.0,410.0,24.0,157.0,6554.0,100.0,0,1,0,0,0,0,0,0,0,0,1,0,0,0,0,0,0,0,0,0,0,0,0,0,0,0,0,0,0,0,0,0,0,0,0,0,0,0,0,0,0,1,0,0,0,0,0,0,0,0,0,0,0,0,0,0,0,0,0,1,0,0,0,0,0,0,0,0,0,0,0.0
1237.0,252.0,567.0,414.0,3109.0,95.0,128.0,122.0,269.0,61.0,2111.0,44.0,17.0,1.0,142.0,5.0,201.0,7635.0,18.0,1,0,0,0,0,0,0,0,0,0,0,0,0,0,0,0,0,0,0,0,0,0,0,0,0,0,0,0,0,1,0,0,0,0,0,0,0,0,0,0,0,0,0,0,0,0,1,0,0,0,0,0,0,0,1,0,0,0,0,0,0,0,0,0,0,0,0,0,0,0,0.0
898.0,222.0,289.0,301.0,1966.0,72.0,153.0,107.0,227.0,65.0,2302.0,54.0,5.0,1.0,1044.0,26.0,351.0,8265.0,98.0,0,1,0,0,0,0,0,0,0,0,1,0,0,0,0,0,0,0,0,0,0,0,0,0,0,0,0,0,0,0,0,0,0,0,0,0,0,0,0,0,0,1,0,0,0,0,0,0,0,0,0,0,0,0,1,0,0,0,0,0,0,0,0,0,0,0,0,0,0,0,0.0
1242.0,252.0,535.0,396.0,2931.0,96.0,128.0,117.0,253.0,60.0,2083.0,43.0,13.0,1.0,22.0,6.0,129.0,7601.0,20.0,0,1,0,0,0,0,0,0,0,0,0,0,0,0,0,0,0,1,0,0,0,0,0,0,0,0,0,0,0,0,0,0,0,0,0,0,0,0,0,0,0,0,0,1,0,0,0,0,0,0,0,0,0,0,1,0,0,0,0,0,0,0,0,0,0,0,0,0,0,0,0.0
1104.0,241.0,462.0,366.0,2640.0,86.0,133.0,113.0,244.0,61.0,2164.0,44.0,7.0,1.0,327.0,21.0,280.0,7596.0,100.0,0,1,0,0,0,0,0,0,0,0,0,0,0,0,0,1,0,0,0,0,0,0,0,0,0,0,0,0,0,0,0,0,0,0,0,0,0,0,0,0,0,1,0,0,0,0,0,0,0,0,0,0,0,0,1,0,0,0,0,0,0,0,0,0,0,0,0,0,0,0,0.0
1101.0,240.0,469.0,366.0,2659.0,86.0,134.0,114.0,245.0,61.0,2161.0,43.0,7.0,1.0,306.0,16.0,329.0,8089.0,97.0,0,1,0,0,0,0,0,0,0,0,0,0,0,0,0,1,0,0,0,0,0,0,0,0,0,0,0,0,0,0,0,0,0,0,0,0,0,0,0,0,0,1,0,0,0,0,0,0,0,0,0,0,0,0,1,0,0,0,0,0,0,0,0,0,0,0,0,0,0,0,0.0
1246.0,251.0,518.0,373.0,2754.0,97.0,124.0,109.0,231.0,59.0,2025.0,41.0,10.0,1.0,32.0,4.0,323.0,7850.0,76.0,0,0,1,0,0,0,0,0,0,0,0,0,0,0,0,0,0,1,0,0,0,0,0,0,0,0,0,0,0,0,0,0,0,0,0,0,0,0,0,0,0,1,0,0,0,0,0,0,0,0,0,0,0,0,1,0,0,0,0,0,0,0,0,0,0,0,0,0,0,0,0.0
1251.0,252.0,523.0,368.0,2759.0,98.0,123.0,110.0,232.0,60.0,2004.0,40.0,11.0,1.0,42.0,3.0,237.0,7691.0,51.0,0,1,0,0,0,0,0,0,0,0,0,0,0,0,0,1,0,0,0,0,0,0,0,0,0,0,0,0,0,0,0,0,0,0,0,0,0,0,0,0,0,0,0,1,0,0,0,0,0,0,0,0,0,0,1,0,0,0,0,0,0,0,0,0,0,0,0,0,0,0,0.0
1242.0,251.0,519.0,365.0,2734.0,99.0,123.0,109.0,230.0,60.0,2001.0,40.0,10.0,1.0,52.0,5.0,183.0,7629.0,65.0,0,1,0,0,0,0,0,0,0,0,0,0,0,0,0,0,0,1,0,0,0,0,0,0,0,0,0,0,0,0,0,0,0,0,0,0,0,0,0,0,0,1,0,0,0,0,0,0,0,0,0,0,0,0,1,0,0,0,0,0,0,0,0,0,0,0,0,0,0,0,0.0
1465.0,293.0,12.0,343.0,1093.0,100.0,148.0,60.0,189.0,61.0,1931.0,130.0,714.0,9.0,43.0,1.0,213.0,7618.0,13.0,0,0,0,0,0,0,0,1,0,0,0,0,0,0,0,0,0,0,0,0,0,0,0,0,1,0,0,0,0,0,0,0,0,0,1,0,0,0,0,0,0,0,0,0,0,0,0,0,0,0,0,0,0,1,0,0,0,0,0,0,0,0,0,0,0,0,0,0,0,0,0.0
988.0,283.0,16.0,189.0,738.0,66.0,219.0,70.0,161.0,67.0,2612.0,109.0,407.0,9.0,906.0,10.0,264.0,7553.0,100.0,0,0,1,0,0,0,0,0,0,0,0,0,0,1,0,0,0,0,0,0,0,0,0,0,0,0,0,0,0,0,0,0,0,0,0,0,0,0,0,0,0,0,0,0,1,0,0,0,0,0,0,0,0,0,0,0,0,1,0,0,0,0,0,0,0,0,0,0,0,0,0.0
963.0,279.0,17.0,189.0,743.0,65.0,215.0,71.0,164.0,67.0,2572.0,109.0,389.0,9.0,1026.0,4.0,147.0,7417.0,51.0,0,0,1,0,0,0,0,0,0,0,0,0,0,1,0,0,0,0,0,0,0,0,0,0,0,0,0,0,0,0,0,0,0,0,0,0,0,1,0,0,0,0,0,0,0,0,0,0,0,0,0,0,0,0,0,0,0,1,0,0,0,0,0,0,0,0,0,0,0,0,0.0
1173.0,311.0,16.0,179.0,682.0,73.0,239.0,61.0,142.0,66.0,2848.0,109.0,541.0,10.0,511.0,20.0,64.0,7633.0,19.0,0,0,1,0,0,0,0,0,0,0,0,0,0,1,0,0,0,0,0,0,0,0,0,0,0,0,0,0,0,0,0,0,0,0,0,0,1,0,0,0,0,0,0,0,0,0,0,0,0,0,0,0,0,0,0,0,0,1,0,0,0,0,0,0,0,0,0,0,0,0,0.0
1235.0,317.0,15.0,175.0,663.0,75.0,242.0,59.0,136.0,66.0,2887.0,109.0,599.0,11.0,417.0,2.0,118.0,7415.0,24.0,0,0,0,1,0,0,0,0,0,0,0,0,0,0,0,0,0,0,0,0,0,0,0,0,1,0,0,0,0,0,0,0,0,1,0,0,0,0,0,0,0,0,0,0,0,0,0,0,0,0,0,0,0,0,0,0,0,1,0,0,0,0,0,0,0,0,0,0,0,0,0.0
1189.0,314.0,16.0,181.0,685.0,73.0,241.0,61.0,142.0,66.0,2843.0,110.0,553.0,10.0,529.0,13.0,345.0,7973.0,18.0,0,0,0,1,0,0,0,0,0,0,0,0,0,1,0,0,0,0,0,0,0,0,0,0,0,0,0,0,0,0,0,0,0,0,0,1,0,0,0,0,0,0,0,0,0,0,0,0,0,0,0,0,0,0,0,0,0,1,0,0,0,0,0,0,0,0,0,0,0,0,0.0
1189.0,314.0,16.0,181.0,685.0,73.0,241.0,61.0,142.0,66.0,2843.0,110.0,553.0,10.0,529.0,13.0,345.0,7973.0,18.0,0,0,0,1,0,0,0,0,0,0,0,0,0,1,0,0,0,0,0,0,0,0,0,0,0,0,0,0,0,0,0,0,0,0,0,1,0,0,0,0,0,0,0,0,0,0,0,0,0,0,0,0,0,0,0,0,0,1,0,0,0,0,0,0,0,0,0,0,0,0,0.0
1469.0,305.0,12.0,362.0,1217.0,100.0,158.0,82.0,210.0,65.0,1866.0,123.0,677.0,8.0,98.0,2.0,223.0,7656.0,0.0,0,0,1,0,0,0,0,0,0,0,0,0,0,1,0,0,0,0,0,0,0,0,0,0,0,0,0,0,0,0,0,0,0,0,0,1,0,0,0,0,0,0,0,0,0,0,0,0,0,0,0,0,0,1,0,0,0,0,0,0,0,0,0,0,0,0,0,0,0,0,0.0
1402.0,308.0,12.0,371.0,1327.0,96.0,165.0,100.0,232.0,66.0,1792.0,118.0,612.0,8.0,226.0,7.0,256.0,7610.0,83.0,0,0,0,1,0,0,0,0,0,0,0,0,0,0,0,0,0,0,0,0,0,0,0,0,1,0,0,0,0,0,0,0,0,0,1,0,0,0,0,0,0,0,0,0,0,0,0,0,0,0,0,0,0,1,0,0,0,0,0,0,0,0,0,0,0,0,0,0,0,0,0.0
1402.0,308.0,12.0,371.0,1327.0,96.0,165.0,100.0,232.0,66.0,1792.0,118.0,612.0,8.0,226.0,7.0,256.0,7610.0,83.0,0,0,0,1,0,0,0,0,0,0,0,0,0,0,0,0,0,0,0,0,0,0,0,0,1,0,0,0,0,0,0,0,0,0,1,0,0,0,0,0,0,0,0,0,0,0,0,0,0,0,0,0,0,1,0,0,0,0,0,0,0,0,0,0,0,0,0,0,0,0,0.0
1292.0,303.0,12.0,370.0,1349.0,90.0,167.0,107.0,240.0,67.0,1783.0,116.0,536.0,8.0,340.0,15.0,56.0,7835.0,100.0,0,0,0,1,0,0,0,0,0,0,0,0,0,0,0,0,0,0,0,0,0,0,0,1,0,0,0,0,0,0,0,0,0,0,1,0,0,0,0,0,0,0,0,0,0,0,0,0,0,0,0,0,0,1,0,0,0,0,0,0,0,0,0,0,0,0,0,0,0,0,0.0
1368.0,309.0,12.0,369.0,1346.0,94.0,170.0,109.0,240.0,67.0,1810.0,116.0,579.0,8.0,272.0,9.0,170.0,7307.0,68.0,0,0,0,1,0,0,0,0,0,0,0,0,0,0,0,0,0,0,0,0,0,0,0,1,0,0,0,0,0,0,0,0,0,0,1,0,0,0,0,0,0,0,0,0,0,0,0,0,0,0,0,0,0,1,0,0,0,0,0,0,0,0,0,0,0,0,0,0,0,0,0.0
1368.0,309.0,12.0,369.0,1346.0,94.0,170.0,109.0,240.0,67.0,1810.0,116.0,579.0,8.0,272.0,9.0,170.0,7307.0,68.0,0,0,0,1,0,0,0,0,0,0,0,0,0,0,0,0,0,0,0,0,0,0,0,1,0,0,0,0,0,0,0,0,0,0,1,0,0,0,0,0,0,0,0,0,0,0,0,0,0,0,0,0,0,1,0,0,0,0,0,0,0,0,0,0,0,0,0,0,0,0,0.0
1368.0,309.0,12.0,369.0,1346.0,94.0,170.0,109.0,240.0,67.0,1810.0,116.0,579.0,8.0,272.0,9.0,170.0,7307.0,68.0,0,0,0,1,0,0,0,0,0,0,0,0,0,0,0,0,0,0,0,0,0,0,0,1,0,0,0,0,0,0,0,0,0,0,1,0,0,0,0,0,0,0,0,0,0,0,0,0,0,0,0,0,0,1,0,0,0,0,0,0,0,0,0,0,0,0,0,0,0,0,0.0
1616.0,330.0,10.0,331.0,1171.0,108.0,201.0,94.0,210.0,64.0,2039.0,117.0,746.0,8.0,62.0,2.0,266.0,7606.0,10.0,0,0,0,1,0,0,0,0,0,1,0,0,0,0,0,0,0,0,0,0,0,0,0,0,0,0,0,0,0,0,0,0,0,0,0,0,1,0,0,0,0,0,0,0,0,0,0,0,0,0,0,0,0,1,0,0,0,0,0,0,0,0,0,0,0,0,0,0,0,0,0.0
1648.0,318.0,7.0,394.0,1257.0,124.0,152.0,66.0,166.0,69.0,1491.0,134.0,848.0,9.0,10.0,1.0,266.0,7741.0,9.0,0,0,0,0,0,0,0,1,0,0,0,0,0,0,0,0,0,0,0,0,0,0,0,0,1,0,0,0,0,0,0,0,0,0,0,1,0,0,0,0,0,0,0,0,0,0,0,0,0,0,0,0,0,1,0,0,0,0,0,0,0,0,0,0,0,0,0,0,0,0,0.0
1131.0,300.0,9.0,282.0,1046.0,70.0,220.0,83.0,244.0,64.0,2617.0,119.0,476.0,8.0,686.0,16.0,212.0,6663.0,8.0,0,0,0,0,1,0,0,0,0,0,0,0,0,0,0,0,0,0,0,0,0,1,0,0,0,0,0,0,0,0,0,0,0,0,0,0,0,0,0,0,0,0,0,0,1,0,0,0,0,0,0,0,0,0,0,0,0,0,0,0,0,0,0,1,0,0,0,0,0,0,0.0
1256.0,306.0,11.0,207.0,774.0,80.0,224.0,80.0,170.0,63.0,2673.0,113.0,580.0,9.0,522.0,4.0,285.0,7602.0,0.0,0,0,0,0,1,0,0,0,0,0,0,0,0,1,0,0,0,0,0,0,0,0,0,0,0,0,0,0,0,0,0,0,0,0,0,1,0,0,0,0,0,0,0,0,0,0,0,0,0,0,0,0,0,0,0,0,0,0,0,0,0,0,0,1,0,0,0,0,0,0,0.0
1021.0,275.0,10.0,202.0,792.0,74.0,202.0,91.0,159.0,67.0,2331.0,107.0,409.0,9.0,977.0,16.0,226.0,6979.0,3.0,0,0,0,0,1,0,0,0,0,0,0,0,0,0,0,0,0,0,0,0,0,1,0,0,0,0,0,0,0,0,0,0,0,0,0,0,0,0,0,0,0,0,0,0,0,1,0,0,0,0,0,0,0,0,0,0,0,0,0,0,0,0,0,1,0,0,0,0,0,0,0.0
1670.0,336.0,12.0,470.0,1573.0,121.0,183.0,128.0,255.0,69.0,1517.0,121.0,775.0,8.0,175.0,7.0,31.0,7933.0,52.0,0,0,0,1,0,0,0,0,0,0,0,0,0,0,1,0,0,0,0,0,0,0,0,0,0,0,0,0,0,0,0,0,0,0,0,0,1,0,0,0,0,0,0,0,0,0,0,0,0,0,0,0,0,1,0,0,0,0,0,0,0,0,0,0,0,0,0,0,0,0,0.0
1674.0,336.0,12.0,470.0,1574.0,121.0,183.0,128.0,255.0,69.0,1526.0,121.0,777.0,8.0,169.0,5.0,223.0,7472.0,21.0,0,0,0,1,0,0,0,0,0,0,0,0,0,0,1,0,0,0,0,0,0,0,0,0,0,0,0,0,0,0,0,0,0,0,1,0,0,0,0,0,0,0,0,0,0,0,0,0,0,0,0,0,0,1,0,0,0,0,0,0,0,0,0,0,0,0,0,0,0,0,0.0
1681.0,336.0,12.0,470.0,1571.0,122.0,182.0,128.0,254.0,69.0,1500.0,121.0,785.0,8.0,130.0,2.0,42.0,7790.0,15.0,0,0,0,1,0,0,0,0,0,0,0,0,0,0,1,0,0,0,0,0,0,0,0,0,0,0,0,0,0,0,1,0,0,0,0,0,0,0,0,0,0,0,0,0,0,0,0,0,0,0,0,0,0,1,0,0,0,0,0,0,0,0,0,0,0,0,0,0,0,0,0.0
1690.0,336.0,11.0,469.0,1567.0,123.0,182.0,127.0,253.0,69.0,1513.0,122.0,791.0,8.0,144.0,11.0,129.0,7456.0,54.0,0,0,0,1,0,0,0,0,0,0,0,0,0,0,1,0,0,0,0,0,0,0,0,0,0,0,0,0,0,0,0,0,0,0,1,0,0,0,0,0,0,0,0,0,0,0,0,0,0,0,0,0,0,1,0,0,0,0,0,0,0,0,0,0,0,0,0,0,0,0,0.0
1705.0,338.0,12.0,475.0,1582.0,123.0,184.0,128.0,259.0,69.0,1531.0,121.0,798.0,8.0,137.0,2.0,39.0,7796.0,17.0,0,0,0,1,0,0,0,0,0,0,0,0,0,0,0,0,0,0,0,0,0,0,0,1,0,0,0,0,0,0,0,0,0,1,0,0,0,0,0,0,0,0,0,0,0,0,0,0,0,0,0,0,0,1,0,0,0,0,0,0,0,0,0,0,0,0,0,0,0,0,0.0
1705.0,338.0,12.0,475.0,1582.0,123.0,184.0,128.0,259.0,69.0,1531.0,121.0,798.0,8.0,137.0,2.0,39.0,7796.0,17.0,0,0,0,1,0,0,0,0,0,0,0,0,0,0,0,0,0,0,0,0,0,0,0,1,0,0,0,0,0,0,0,0,0,1,0,0,0,0,0,0,0,0,0,0,0,0,0,0,0,0,0,0,0,1,0,0,0,0,0,0,0,0,0,0,0,0,0,0,0,0,0.0
1178.0,303.0,37.0,183.0,804.0,66.0,228.0,95.0,178.0,65.0,3035.0,96.0,453.0,10.0,427.0,13.0,161.0,6633.0,0.0,0,0,1,0,0,0,0,0,0,0,0,0,0,0,0,0,0,0,0,0,0,1,0,0,0,0,0,0,0,0,0,0,0,0,0,0,1,0,0,0,0,0,0,0,0,0,0,0,0,0,0,0,0,0,0,0,0,1,0,0,0,0,0,0,0,0,0,0,0,0,0.0
1201.0,304.0,38.0,183.0,807.0,67.0,230.0,94.0,176.0,65.0,3087.0,96.0,463.0,10.0,372.0,12.0,271.0,7183.0,99.0,0,0,1,0,0,0,0,0,0,0,0,0,0,0,0,0,0,0,0,0,0,1,0,0,0,0,0,0,0,0,0,0,0,0,0,0,0,0,0,1,0,0,0,0,0,0,0,0,0,0,0,0,0,0,0,0,0,1,0,0,0,0,0,0,0,0,0,0,0,0,0.0
1238.0,307.0,42.0,177.0,793.0,69.0,232.0,90.0,168.0,65.0,3108.0,93.0,490.0,10.0,233.0,2.0,235.0,7307.0,99.0,0,0,1,0,0,0,0,0,0,0,0,0,0,0,0,0,0,0,0,0,0,0,0,1,0,0,0,0,0,0,0,0,0,0,0,0,0,0,0,1,0,0,0,0,0,0,0,0,0,0,0,0,0,0,0,0,0,1,0,0,0,0,0,0,0,0,0,0,0,0,0.0
1203.0,299.0,61.0,150.0,749.0,68.0,219.0,80.0,143.0,66.0,3007.0,82.0,460.0,11.0,253.0,1.0,247.0,7366.0,0.0,0,1,0,0,0,0,0,0,0,0,0,0,0,1,0,0,0,0,0,0,0,0,0,0,0,0,0,0,0,0,0,0,0,0,0,0,1,0,0,0,0,0,0,0,0,0,0,0,0,0,0,0,0,0,0,0,0,1,0,0,0,0,0,0,0,0,0,0,0,0,0.0
1340.0,301.0,117.0,97.0,651.0,86.0,214.0,57.0,92.0,66.0,3015.0,51.0,689.0,11.0,38.0,2.0,246.0,7214.0,63.0,0,1,0,0,0,0,0,0,0,0,0,0,0,0,0,0,0,0,0,0,0,0,0,1,0,0,0,0,0,0,0,0,0,0,0,0,0,0,0,1,0,0,0,0,0,0,0,0,0,0,0,0,0,0,0,0,1,0,0,0,0,0,0,0,0,0,0,0,0,0,0.0
1203.0,288.0,134.0,154.0,924.0,74.0,203.0,80.0,134.0,65.0,2850.0,60.0,290.0,10.0,139.0,3.0,149.0,7145.0,100.0,0,1,0,0,0,0,0,0,0,0,0,0,0,0,0,0,0,0,0,0,0,0,0,1,0,0,0,0,0,0,0,0,0,0,0,0,0,0,0,1,0,0,0,0,0,0,0,0,0,0,0,0,0,0,0,0,0,1,0,0,0,0,0,0,0,0,0,0,0,0,0.0
1203.0,288.0,134.0,154.0,924.0,74.0,203.0,80.0,134.0,65.0,2850.0,60.0,290.0,10.0,139.0,3.0,149.0,7145.0,100.0,0,1,0,0,0,0,0,0,0,0,0,0,0,0,0,0,0,0,0,0,0,0,0,1,0,0,0,0,0,0,0,0,0,0,0,0,0,0,0,1,0,0,0,0,0,0,0,0,0,0,0,0,0,0,0,0,0,1,0,0,0,0,0,0,0,0,0,0,0,0,0.0
1216.0,289.0,137.0,153.0,927.0,75.0,204.0,79.0,132.0,65.0,2858.0,60.0,299.0,10.0,135.0,4.0,267.0,7102.0,100.0,0,1,0,0,0,0,0,0,0,0,0,0,0,0,0,0,0,0,0,0,0,0,0,1,0,0,0,0,0,0,0,0,0,0,0,0,0,0,0,1,0,0,0,0,0,0,0,0,0,0,0,0,0,0,0,0,0,1,0,0,0,0,0,0,0,0,0,0,0,0,0.0
1212.0,289.0,140.0,155.0,943.0,74.0,201.0,80.0,134.0,65.0,2829.0,59.0,282.0,10.0,128.0,4.0,212.0,7154.0,98.0,0,1,0,0,0,0,0,0,0,0,0,0,0,0,0,0,0,0,0,0,0,0,0,1,0,0,0,0,0,0,0,0,0,0,0,0,0,0,0,1,0,0,0,0,0,0,0,0,0,0,0,0,0,0,0,0,0,1,0,0,0,0,0,0,0,0,0,0,0,0,0.0
1212.0,289.0,140.0,155.0,943.0,74.0,201.0,80.0,134.0,65.0,2829.0,59.0,282.0,10.0,128.0,4.0,212.0,7154.0,98.0,0,1,0,0,0,0,0,0,0,0,0,0,0,0,0,0,0,0,0,0,0,0,0,1,0,0,0,0,0,0,0,0,0,0,0,0,0,0,0,1,0,0,0,0,0,0,0,0,0,0,0,0,0,0,0,0,0,1,0,0,0,0,0,0,0,0,0,0,0,0,0.0
1203.0,281.0,164.0,136.0,896.0,79.0,191.0,72.0,114.0,64.0,2784.0,48.0,324.0,10.0,126.0,3.0,316.0,7346.0,79.0,0,1,0,0,0,0,0,0,0,0,0,0,0,0,0,0,0,0,0,0,0,0,0,1,0,0,0,0,0,0,0,0,0,0,0,0,1,0,0,0,0,0,0,0,0,0,0,0,0,0,0,0,0,0,0,0,1,0,0,0,0,0,0,0,0,0,0,0,0,0,0.0
1169.0,282.0,159.0,172.0,1054.0,73.0,195.0,87.0,145.0,64.0,2778.0,58.0,196.0,7.0,177.0,11.0,154.0,6728.0,82.0,0,1,0,0,0,0,0,0,0,0,0,0,0,0,0,0,0,0,0,0,0,0,0,1,0,0,0,0,0,0,0,0,0,0,0,0,0,0,0,1,0,0,0,0,0,0,0,0,0,0,0,0,0,0,0,0,0,1,0,0,0,0,0,0,0,0,0,0,0,0,0.0
999.0,258.0,57.0,238.0,972.0,66.0,182.0,90.0,182.0,62.0,2682.0,98.0,313.0,8.0,682.0,2.0,65.0,7579.0,0.0,0,1,0,0,0,0,0,0,0,0,0,0,0,0,0,0,0,0,0,0,0,1,0,0,0,0,0,0,0,0,0,0,0,0,0,0,1,0,0,0,0,0,0,0,0,0,0,0,0,0,0,0,0,0,0,0,0,0,0,0,0,0,1,0,0,0,0,0,0,0,0.0
1829.0,341.0,7.0,445.0,1604.0,140.0,177.0,119.0,267.0,70.0,1313.0,122.0,908.0,8.0,42.0,1.0,320.0,7739.0,0.0,0,0,0,0,1,0,0,0,0,0,0,0,0,1,0,0,0,0,0,0,0,0,0,0,0,0,0,0,0,0,0,0,0,0,0,1,0,0,0,0,0,0,0,0,0,0,0,0,0,0,0,0,0,0,0,0,0,0,0,0,0,0,0,0,1,0,0,0,0,0,0.0
1518.0,321.0,7.0,433.0,1586.0,121.0,159.0,150.0,278.0,71.0,1177.0,118.0,675.0,7.0,185.0,4.0,54.0,7925.0,43.0,0,0,0,0,1,0,0,0,0,0,0,0,0,0,0,0,0,0,0,0,0,0,0,0,1,0,0,0,0,0,0,1,0,0,0,0,0,0,0,0,0,0,0,0,0,0,0,0,1,0,0,0,0,0,0,0,0,0,0,0,0,0,0,0,0,0,0,0,0,0,0.0
1104.0,253.0,309.0,396.0,2276.0,75.0,157.0,172.0,232.0,60.0,2510.0,68.0,26.0,1.0,201.0,15.0,48.0,7777.0,0.0,0,1,0,0,0,0,0,0,0,0,0,0,0,0,0,1,0,0,0,0,0,0,0,0,0,0,0,0,0,0,0,0,0,0,0,0,0,0,0,0,0,0,0,1,0,0,0,0,0,0,0,0,0,0,0,0,0,0,1,0,0,0,0,0,0,0,0,0,0,0,0.0
1131.0,255.0,305.0,393.0,2241.0,76.0,157.0,173.0,222.0,60.0,2512.0,68.0,27.0,1.0,92.0,13.0,173.0,6717.0,16.0,0,1,0,0,0,0,0,0,0,0,0,0,0,0,0,1,0,0,0,0,0,0,0,0,0,0,0,0,0,0,0,0,0,0,0,0,0,0,0,0,0,0,0,1,0,0,0,0,0,0,0,0,0,0,0,0,0,0,1,0,0,0,0,0,0,0,0,0,0,0,0.0
1026.0,248.0,220.0,290.0,1713.0,82.0,153.0,104.0,231.0,68.0,2102.0,62.0,38.0,3.0,617.0,25.0,279.0,7545.0,71.0,0,1,0,0,0,0,0,0,0,0,1,0,0,0,0,0,0,0,0,0,0,0,0,0,0,0,0,0,0,0,0,0,0,0,0,0,0,0,0,0,0,0,0,1,0,0,0,0,0,0,0,0,0,0,0,0,0,0,0,1,0,0,0,0,0,0,0,0,0,0,0.0
1508.0,309.0,11.0,362.0,1231.0,102.0,158.0,72.0,201.0,67.0,1765.0,126.0,716.0,8.0,91.0,2.0,65.0,7729.0,27.0,0,0,1,0,0,0,0,0,0,0,0,0,0,1,0,0,0,0,0,0,0,0,0,0,0,0,0,0,0,0,0,0,0,0,0,0,1,0,0,0,0,0,0,0,0,0,0,0,0,0,0,0,0,1,0,0,0,0,0,0,0,0,0,0,0,0,0,0,0,0,0.0
1508.0,309.0,11.0,362.0,1231.0,102.0,158.0,72.0,201.0,67.0,1765.0,126.0,716.0,8.0,91.0,2.0,65.0,7729.0,27.0,0,0,1,0,0,0,0,0,0,0,0,0,0,1,0,0,0,0,0,0,0,0,0,0,0,0,0,0,0,0,0,0,0,0,0,0,1,0,0,0,0,0,0,0,0,0,0,0,0,0,0,0,0,1,0,0,0,0,0,0,0,0,0,0,0,0,0,0,0,0,0.0
1485.0,305.0,11.0,361.0,1205.0,101.0,156.0,79.0,207.0,65.0,1849.0,124.0,693.0,8.0,71.0,5.0,143.0,7600.0,0.0,0,0,1,0,0,0,0,0,0,0,0,0,0,1,0,0,0,0,0,0,0,0,0,0,0,0,0,0,0,0,0,0,0,0,0,1,0,0,0,0,0,0,0,0,0,0,0,0,0,0,0,0,0,1,0,0,0,0,0,0,0,0,0,0,0,0,0,0,0,0,0.0
1485.0,305.0,11.0,361.0,1205.0,101.0,156.0,79.0,207.0,65.0,1849.0,124.0,693.0,8.0,71.0,5.0,143.0,7600.0,0.0,0,0,1,0,0,0,0,0,0,0,0,0,0,1,0,0,0,0,0,0,0,0,0,0,0,0,0,0,0,0,0,0,0,0,0,1,0,0,0,0,0,0,0,0,0,0,0,0,0,0,0,0,0,1,0,0,0,0,0,0,0,0,0,0,0,0,0,0,0,0,0.0
1484.0,305.0,11.0,361.0,1209.0,101.0,158.0,81.0,208.0,65.0,1879.0,124.0,687.0,8.0,86.0,3.0,355.0,7783.0,0.0,0,0,1,0,0,0,0,0,0,0,0,0,0,1,0,0,0,0,0,0,0,0,0,0,0,0,0,0,0,0,0,0,0,0,0,1,0,0,0,0,0,0,0,0,0,0,0,0,0,0,0,0,0,1,0,0,0,0,0,0,0,0,0,0,0,0,0,0,0,0,0.0
1484.0,305.0,11.0,361.0,1209.0,101.0,158.0,81.0,208.0,65.0,1879.0,124.0,687.0,8.0,86.0,3.0,355.0,7783.0,0.0,0,0,1,0,0,0,0,0,0,0,0,0,0,1,0,0,0,0,0,0,0,0,0,0,0,0,0,0,0,0,0,0,0,0,0,1,0,0,0,0,0,0,0,0,0,0,0,0,0,0,0,0,0,1,0,0,0,0,0,0,0,0,0,0,0,0,0,0,0,0,0.0
1469.0,305.0,12.0,362.0,1217.0,100.0,158.0,82.0,210.0,65.0,1866.0,123.0,677.0,8.0,98.0,2.0,223.0,7656.0,0.0,0,0,1,0,0,0,0,0,0,0,0,0,0,1,0,0,0,0,0,0,0,0,0,0,0,0,0,0,0,0,0,0,0,0,0,1,0,0,0,0,0,0,0,0,0,0,0,0,0,0,0,0,0,1,0,0,0,0,0,0,0,0,0,0,0,0,0,0,0,0,0.0
1539.0,316.0,11.0,318.0,1074.0,105.0,181.0,76.0,200.0,64.0,2036.0,123.0,747.0,9.0,54.0,1.0,137.0,7583.0,73.0,0,0,0,0,0,0,0,1,0,0,0,0,0,0,0,0,0,0,0,0,0,0,0,0,1,0,0,0,0,0,0,0,0,0,0,1,0,0,0,0,0,0,0,0,0,0,0,0,0,0,0,0,0,1,0,0,0,0,0,0,0,0,0,0,0,0,0,0,0,0,0.0
1392.0,308.0,12.0,370.0,1325.0,96.0,165.0,102.0,233.0,67.0,1783.0,118.0,603.0,8.0,229.0,2.0,10.0,7708.0,3.0,0,0,0,0,1,0,0,0,0,0,0,0,0,0,0,0,0,0,0,0,0,0,0,0,1,0,0,0,0,0,0,0,0,0,0,1,0,0,0,0,0,0,0,0,0,0,0,0,0,0,0,0,0,1,0,0,0,0,0,0,0,0,0,0,0,0,0,0,0,0,0.0
1362.0,307.0,12.0,369.0,1333.0,94.0,167.0,105.0,236.0,67.0,1814.0,117.0,580.0,8.0,243.0,4.0,231.0,7572.0,42.0,0,0,0,1,0,0,0,0,0,0,0,0,0,0,0,0,0,0,0,0,0,0,0,0,1,0,0,0,0,0,0,0,0,0,1,0,0,0,0,0,0,0,0,0,0,0,0,0,0,0,0,0,0,1,0,0,0,0,0,0,0,0,0,0,0,0,0,0,0,0,0.0
1362.0,309.0,12.0,369.0,1346.0,94.0,169.0,109.0,239.0,67.0,1788.0,116.0,576.0,8.0,346.0,4.0,25.0,7781.0,91.0,0,0,0,1,0,0,0,0,0,0,0,0,0,0,0,0,0,0,0,0,0,0,0,1,0,0,0,0,0,0,0,0,0,0,1,0,0,0,0,0,0,0,0,0,0,0,0,0,0,0,0,0,0,1,0,0,0,0,0,0,0,0,0,0,0,0,0,0,0,0,0.0
1362.0,309.0,12.0,369.0,1346.0,94.0,169.0,109.0,239.0,67.0,1788.0,116.0,576.0,8.0,346.0,4.0,25.0,7781.0,91.0,0,0,0,1,0,0,0,0,0,0,0,0,0,0,0,0,0,0,0,0,0,0,0,1,0,0,0,0,0,0,0,0,0,0,1,0,0,0,0,0,0,0,0,0,0,0,0,0,0,0,0,0,0,1,0,0,0,0,0,0,0,0,0,0,0,0,0,0,0,0,0.0
1362.0,309.0,12.0,369.0,1346.0,94.0,169.0,109.0,239.0,67.0,1788.0,116.0,576.0,8.0,346.0,4.0,25.0,7781.0,91.0,0,0,0,1,0,0,0,0,0,0,0,0,0,0,0,0,0,0,0,0,0,0,0,1,0,0,0,0,0,0,0,0,0,0,1,0,0,0,0,0,0,0,0,0,0,0,0,0,0,0,0,0,0,1,0,0,0,0,0,0,0,0,0,0,0,0,0,0,0,0,0.0
1362.0,316.0,12.0,345.0,1310.0,94.0,193.0,115.0,239.0,65.0,1930.0,113.0,562.0,8.0,321.0,6.0,211.0,7576.0,47.0,0,0,0,1,0,0,0,0,0,0,0,0,0,0,0,0,0,0,0,0,0,0,0,1,0,0,0,0,0,0,0,0,0,0,0,1,0,0,0,0,0,0,0,0,0,0,0,0,0,0,0,0,0,1,0,0,0,0,0,0,0,0,0,0,0,0,0,0,0,0,0.0
1542.0,318.0,9.0,410.0,1345.0,116.0,162.0,87.0,189.0,69.0,1504.0,128.0,747.0,8.0,131.0,1.0,202.0,7737.0,2.0,0,0,0,1,0,0,0,0,0,0,0,0,0,0,0,0,0,0,0,0,0,1,0,0,0,0,0,0,0,0,0,0,0,0,0,1,0,0,0,0,0,0,0,0,0,0,0,0,0,0,0,0,0,1,0,0,0,0,0,0,0,0,0,0,0,0,0,0,0,0,0.0
1547.0,330.0,12.0,461.0,1563.0,112.0,185.0,132.0,254.0,69.0,1548.0,119.0,688.0,8.0,274.0,3.0,146.0,7699.0,36.0,0,0,0,1,0,0,0,0,0,0,0,0,0,0,1,0,0,0,0,0,0,0,0,0,0,0,0,0,0,0,0,0,0,0,1,0,0,0,0,0,0,0,0,0,0,0,0,0,0,0,0,0,0,1,0,0,0,0,0,0,0,0,0,0,0,0,0,0,0,0,0.0
1558.0,331.0,12.0,463.0,1565.0,114.0,185.0,131.0,255.0,69.0,1530.0,120.0,697.0,8.0,249.0,3.0,238.0,7755.0,44.0,0,0,0,1,0,0,0,0,0,0,0,0,0,0,1,0,0,0,0,0,0,0,0,0,0,0,0,0,0,0,0,0,0,0,0,0,1,0,0,0,0,0,0,0,0,0,0,0,0,0,0,0,0,1,0,0,0,0,0,0,0,0,0,0,0,0,0,0,0,0,0.0
856.0,264.0,24.0,345.0,1611.0,59.0,197.0,156.0,293.0,69.0,2099.0,101.0,205.0,6.0,1285.0,2.0,46.0,7917.0,0.0,0,1,0,0,0,0,0,0,0,0,0,0,0,0,0,0,0,0,0,0,1,0,0,0,0,0,0,0,0,0,0,0,0,0,0,1,0,0,0,0,0,0,0,0,0,0,0,0,0,0,0,0,0,0,0,0,0,0,0,0,0,0,0,0,0,0,1,0,0,0,0.0
1600.0,334.0,6.0,440.0,1494.0,121.0,185.0,113.0,247.0,69.0,1424.0,124.0,773.0,8.0,115.0,5.0,357.0,7936.0,100.0,0,0,0,0,1,0,0,0,0,0,0,0,0,1,0,0,0,0,0,0,0,0,0,0,0,0,0,0,0,0,0,0,0,0,1,0,0,0,0,0,0,0,0,0,0,0,0,0,0,0,0,0,0,0,0,0,0,0,0,0,0,0,0,0,1,0,0,0,0,0,0.0
1145.0,257.0,302.0,392.0,2224.0,77.0,156.0,172.0,218.0,60.0,2493.0,68.0,27.0,1.0,78.0,6.0,11.0,7706.0,0.0,0,1,0,0,0,0,0,0,0,0,0,0,0,0,0,1,0,0,0,0,0,0,0,0,0,0,0,0,0,0,0,0,0,0,0,0,0,0,0,0,0,0,0,1,0,0,0,0,0,0,0,0,0,0,0,0,0,0,1,0,0,0,0,0,0,0,0,0,0,0,0.0
1131.0,255.0,305.0,393.0,2241.0,76.0,157.0,173.0,222.0,60.0,2512.0,68.0,27.0,1.0,92.0,13.0,173.0,6717.0,16.0,0,1,0,0,0,0,0,0,0,0,0,0,0,0,0,1,0,0,0,0,0,0,0,0,0,0,0,0,0,0,0,0,0,0,0,0,0,0,0,0,0,0,0,1,0,0,0,0,0,0,0,0,0,0,0,0,0,0,1,0,0,0,0,0,0,0,0,0,0,0,0.0
1467.0,292.0,91.0,452.0,2016.0,114.0,116.0,163.0,324.0,68.0,1344.0,94.0,369.0,7.0,217.0,8.0,104.0,7819.0,2.0,0,0,0,1,0,0,0,0,0,0,0,0,0,0,0,0,0,0,0,0,0,0,0,0,0,0,0,0,1,0,0,0,0,0,0,0,1,0,0,0,0,0,0,0,0,0,0,0,0,0,0,0,0,0,0,0,0,0,0,0,0,0,0,0,0,0,0,1,0,0,0.0
1512.0,296.0,95.0,469.0,2086.0,117.0,119.0,171.0,335.0,68.0,1358.0,94.0,372.0,7.0,142.0,5.0,201.0,7635.0,18.0,0,0,0,0,0,0,0,0,1,0,0,0,0,0,0,0,0,0,0,0,0,0,0,0,0,0,0,0,0,1,0,0,0,0,0,0,0,0,0,0,0,0,0,0,0,0,1,0,0,0,0,0,0,0,0,0,0,0,0,0,0,0,0,0,0,0,0,0,1,0,0.0
1512.0,296.0,95.0,469.0,2086.0,117.0,119.0,171.0,335.0,68.0,1358.0,94.0,372.0,7.0,142.0,5.0,201.0,7635.0,18.0,0,0,0,0,0,0,0,0,1,0,0,0,0,0,0,0,0,0,0,0,0,0,0,0,0,0,0,0,0,1,0,0,0,0,0,0,0,0,0,0,0,0,0,0,0,0,1,0,0,0,0,0,0,0,0,0,0,0,0,0,0,0,0,0,0,0,0,0,1,0,0.0
1512.0,296.0,95.0,469.0,2086.0,117.0,119.0,171.0,335.0,68.0,1358.0,94.0,372.0,7.0,142.0,5.0,201.0,7635.0,18.0,0,0,0,0,0,0,0,0,1,0,0,0,0,0,0,0,0,0,0,0,0,0,0,0,0,0,0,0,0,1,0,0,0,0,0,0,0,0,0,0,0,0,0,0,0,0,1,0,0,0,0,0,0,0,0,0,0,0,0,0,0,0,0,0,0,0,0,0,1,0,0.0
1343.0,289.0,77.0,450.0,1960.0,105.0,127.0,157.0,322.0,68.0,1371.0,97.0,349.0,7.0,378.0,10.0,358.0,7975.0,93.0,0,1,0,0,0,0,0,0,0,0,0,0,0,0,0,0,0,0,0,0,0,0,0,1,0,0,0,0,0,0,0,0,0,0,1,0,0,0,0,0,0,0,0,0,0,0,0,0,0,0,0,0,0,0,0,0,0,0,0,0,0,0,0,0,0,0,0,0,1,0,0.0
1455.0,294.0,89.0,464.0,2046.0,112.0,122.0,166.0,330.0,68.0,1353.0,95.0,365.0,7.0,142.0,5.0,201.0,7635.0,18.0,0,1,0,0,0,0,0,0,0,0,0,0,0,0,0,0,0,0,0,0,0,0,0,0,0,0,0,0,0,1,0,0,0,0,0,0,0,0,0,0,0,0,0,0,0,0,1,0,0,0,0,0,0,0,0,0,0,0,0,0,0,0,0,0,0,0,0,0,1,0,0.0
1552.0,307.0,79.0,474.0,2003.0,122.0,145.0,151.0,316.0,68.0,1379.0,100.0,452.0,7.0,19.0,3.0,351.0,7932.0,13.0,0,0,0,0,1,0,0,0,0,0,0,0,0,0,0,0,1,0,0,0,0,0,0,0,0,0,0,0,0,0,0,0,0,0,0,0,1,0,0,0,0,0,0,0,0,0,0,0,0,0,0,0,1,0,0,0,0,0,0,0,0,0,0,0,0,0,0,0,0,0,0.0
881.0,235.0,71.0,306.0,1356.0,71.0,131.0,74.0,226.0,74.0,1486.0,97.0,225.0,7.0,1167.0,3.0,344.0,8265.0,93.0,0,0,1,0,0,0,0,0,0,0,0,0,0,0,0,0,0,0,0,0,0,0,0,0,0,0,1,0,0,0,0,0,0,0,0,0,1,0,0,0,0,0,0,0,0,0,0,0,0,0,0,1,0,0,0,0,0,0,0,0,0,0,0,0,0,0,0,0,0,0,0.0
1359.0,280.0,61.0,316.0,1211.0,114.0,121.0,52.0,183.0,70.0,1302.0,109.0,572.0,8.0,277.0,11.0,175.0,7910.0,33.0,0,0,0,0,1,0,0,0,0,0,0,0,0,0,1,0,0,0,0,0,0,0,0,0,0,0,0,0,0,0,0,0,0,0,0,0,1,0,0,0,0,0,0,0,0,0,0,0,0,1,0,0,0,0,0,0,0,0,0,0,0,0,0,0,0,0,0,0,0,0,0.0
998.0,253.0,137.0,306.0,1557.0,65.0,176.0,125.0,254.0,62.0,2708.0,84.0,116.0,6.0,544.0,5.0,201.0,7607.0,0.0,0,1,0,0,0,0,0,0,0,0,0,0,0,0,0,0,0,1,0,0,0,0,0,0,0,0,0,0,0,0,0,0,0,0,0,0,1,0,0,0,0,0,0,0,0,0,0,0,0,0,0,0,0,0,0,0,0,0,0,0,0,0,1,0,0,0,0,0,0,0,0.0
1191.0,259.0,413.0,350.0,2358.0,84.0,155.0,161.0,280.0,58.0,2479.0,46.0,0.0,0.0,12.0,2.0,276.0,7297.0,0.0,0,0,1,0,0,0,0,0,0,0,0,0,0,0,0,0,1,0,0,0,0,0,0,0,0,0,0,0,0,0,0,0,0,0,0,0,0,0,0,0,0,0,0,1,0,0,0,0,0,0,0,0,0,0,0,1,0,0,0,0,0,0,0,0,0,0,0,0,0,0,0.0
1192.0,259.0,421.0,349.0,2373.0,84.0,155.0,160.0,278.0,57.0,2458.0,45.0,0.0,0.0,12.0,0.0,174.0,7360.0,7.0,0,0,1,0,0,0,0,0,0,0,0,0,0,0,0,0,0,0,0,0,1,0,0,0,0,0,0,0,0,0,0,0,0,0,0,0,0,0,0,0,0,0,1,0,0,0,0,0,0,0,0,0,0,0,0,1,0,0,0,0,0,0,0,0,0,0,0,0,0,0,0.0
1192.0,259.0,421.0,349.0,2373.0,84.0,155.0,160.0,278.0,57.0,2458.0,45.0,0.0,0.0,12.0,0.0,174.0,7360.0,7.0,0,0,1,0,0,0,0,0,0,0,0,0,0,0,0,0,0,0,0,0,1,0,0,0,0,0,0,0,0,0,0,0,0,0,0,0,0,0,0,0,0,0,1,0,0,0,0,0,0,0,0,0,0,0,0,1,0,0,0,0,0,0,0,0,0,0,0,0,0,0,0.0
1192.0,259.0,421.0,349.0,2373.0,84.0,155.0,160.0,278.0,57.0,2458.0,45.0,0.0,0.0,12.0,0.0,174.0,7360.0,7.0,0,0,1,0,0,0,0,0,0,0,0,0,0,0,0,0,0,0,0,0,1,0,0,0,0,0,0,0,0,0,0,0,0,0,0,0,0,0,0,0,0,0,1,0,0,0,0,0,0,0,0,0,0,0,0,1,0,0,0,0,0,0,0,0,0,0,0,0,0,0,0.0
1192.0,259.0,421.0,349.0,2373.0,84.0,155.0,160.0,278.0,57.0,2458.0,45.0,0.0,0.0,12.0,0.0,174.0,7360.0,7.0,0,0,1,0,0,0,0,0,0,0,0,0,0,0,0,0,0,0,0,0,1,0,0,0,0,0,0,0,0,0,0,0,0,0,0,0,0,0,0,0,0,0,1,0,0,0,0,0,0,0,0,0,0,0,0,1,0,0,0,0,0,0,0,0,0,0,0,0,0,0,0.0
1192.0,259.0,421.0,349.0,2373.0,84.0,155.0,160.0,278.0,57.0,2458.0,45.0,0.0,0.0,12.0,0.0,174.0,7360.0,7.0,0,0,1,0,0,0,0,0,0,0,0,0,0,0,0,0,0,0,0,0,1,0,0,0,0,0,0,0,0,0,0,0,0,0,0,0,0,0,0,0,0,0,1,0,0,0,0,0,0,0,0,0,0,0,0,1,0,0,0,0,0,0,0,0,0,0,0,0,0,0,0.0
1192.0,259.0,422.0,348.0,2377.0,85.0,155.0,160.0,277.0,57.0,2465.0,45.0,0.0,0.0,13.0,0.0,308.0,7382.0,12.0,0,0,1,0,0,0,0,0,0,0,0,0,0,0,0,0,0,0,0,0,0,0,1,0,0,0,0,0,0,0,0,0,0,0,0,0,0,0,0,0,0,0,1,0,0,0,0,0,0,0,0,0,0,0,0,1,0,0,0,0,0,0,0,0,0,0,0,0,0,0,0.0
1192.0,259.0,422.0,348.0,2377.0,85.0,155.0,160.0,277.0,57.0,2465.0,45.0,0.0,0.0,13.0,0.0,308.0,7382.0,12.0,0,0,1,0,0,0,0,0,0,0,0,0,0,0,0,0,0,0,0,0,0,0,1,0,0,0,0,0,0,0,0,0,0,0,0,0,0,0,0,0,0,0,1,0,0,0,0,0,0,0,0,0,0,0,0,1,0,0,0,0,0,0,0,0,0,0,0,0,0,0,0.0
1191.0,258.0,424.0,346.0,2381.0,84.0,153.0,159.0,275.0,57.0,2462.0,45.0,0.0,0.0,46.0,8.0,263.0,7236.0,0.0,0,0,1,0,0,0,0,0,0,0,0,0,0,0,0,0,0,0,0,0,0,0,1,0,0,0,0,0,0,0,0,0,0,0,0,0,0,0,0,0,0,0,0,1,0,0,0,0,0,0,0,0,0,0,0,1,0,0,0,0,0,0,0,0,0,0,0,0,0,0,0.0
1180.0,257.0,411.0,340.0,2378.0,83.0,153.0,153.0,261.0,56.0,2451.0,46.0,0.0,0.0,45.0,7.0,123.0,7141.0,90.0,0,1,0,0,0,0,0,0,0,0,0,1,0,0,0,0,0,0,0,0,0,0,0,0,0,0,0,0,0,0,0,0,0,0,0,0,0,0,0,0,0,1,0,0,0,0,0,0,0,0,0,0,0,0,0,1,0,0,0,0,0,0,0,0,0,0,0,0,0,0,0.0
1185.0,257.0,426.0,346.0,2388.0,85.0,154.0,159.0,275.0,57.0,2472.0,44.0,0.0,0.0,13.0,3.0,324.0,7458.0,51.0,0,0,1,0,0,0,0,0,0,0,0,0,0,0,0,0,0,0,0,0,0,0,1,0,0,0,0,0,0,0,0,0,0,1,0,0,0,0,0,0,0,0,0,0,0,0,0,0,0,0,0,0,0,0,0,1,0,0,0,0,0,0,0,0,0,0,0,0,0,0,0.0
1194.0,258.0,428.0,338.0,2401.0,85.0,153.0,156.0,265.0,56.0,2451.0,44.0,0.0,0.0,4.0,1.0,296.0,7386.0,46.0,0,0,0,0,0,0,0,1,0,0,0,0,0,0,0,0,0,0,0,0,0,0,0,0,0,0,0,0,0,1,0,0,0,0,0,0,0,0,0,0,0,0,0,1,0,0,0,0,0,0,0,0,0,0,0,1,0,0,0,0,0,0,0,0,0,0,0,0,0,0,0.0
1194.0,258.0,428.0,338.0,2401.0,85.0,153.0,156.0,265.0,56.0,2451.0,44.0,0.0,0.0,4.0,1.0,296.0,7386.0,46.0,0,0,0,0,0,0,0,1,0,0,0,0,0,0,0,0,0,0,0,0,0,0,0,0,0,0,0,0,0,1,0,0,0,0,0,0,0,0,0,0,0,0,0,1,0,0,0,0,0,0,0,0,0,0,0,1,0,0,0,0,0,0,0,0,0,0,0,0,0,0,0.0
1193.0,257.0,428.0,337.0,2402.0,85.0,153.0,155.0,265.0,56.0,2446.0,44.0,0.0,0.0,10.0,1.0,231.0,7330.0,42.0,0,0,1,0,0,0,0,0,0,0,0,0,0,0,0,0,0,0,0,0,0,0,0,0,0,0,0,0,0,1,0,0,0,0,0,0,0,0,0,0,0,0,1,0,0,0,0,0,0,0,0,0,0,0,0,1,0,0,0,0,0,0,0,0,0,0,0,0,0,0,0.0
1194.0,257.0,430.0,336.0,2406.0,85.0,152.0,155.0,264.0,56.0,2452.0,44.0,0.0,0.0,142.0,5.0,201.0,7635.0,5.0,0,0,0,0,0,0,0,1,0,0,0,0,0,0,0,0,0,0,0,0,0,0,0,0,0,0,0,0,0,1,0,0,0,0,0,0,0,0,0,0,0,0,0,1,0,0,0,0,0,0,0,0,0,0,0,0,0,0,0,0,0,0,0,0,0,0,0,0,1,0,0.0
1194.0,257.0,430.0,336.0,2406.0,85.0,152.0,155.0,264.0,56.0,2452.0,44.0,0.0,0.0,142.0,5.0,201.0,7635.0,5.0,0,0,0,0,0,0,0,1,0,0,0,0,0,0,0,0,0,0,0,0,0,0,0,0,0,0,0,0,0,1,0,0,0,0,0,0,0,0,0,0,0,0,0,1,0,0,0,0,0,0,0,0,0,0,0,0,0,0,0,0,0,0,0,0,0,0,0,0,1,0,0.0
1196.0,257.0,426.0,336.0,2400.0,86.0,152.0,153.0,259.0,56.0,2456.0,44.0,0.0,0.0,2.0,1.0,213.0,7336.0,1.0,0,0,1,0,0,0,0,0,0,0,0,0,0,0,0,0,0,0,0,0,0,0,1,0,0,0,0,0,0,0,0,0,0,0,0,0,1,0,0,0,0,0,0,0,0,0,0,0,0,0,0,0,0,0,0,1,0,0,0,0,0,0,0,0,0,0,0,0,0,0,0.0
1196.0,257.0,427.0,336.0,2401.0,86.0,152.0,153.0,260.0,56.0,2456.0,44.0,0.0,0.0,4.0,2.0,275.0,7405.0,40.0,0,0,1,0,0,0,0,0,0,0,0,0,0,0,0,0,0,0,0,0,0,0,1,0,0,0,0,0,0,0,0,0,0,0,0,0,0,0,0,0,0,0,0,1,0,0,0,0,0,0,0,0,0,0,0,1,0,0,0,0,0,0,0,0,0,0,0,0,0,0,0.0
1197.0,257.0,430.0,335.0,2408.0,86.0,152.0,153.0,258.0,56.0,2448.0,43.0,0.0,0.0,7.0,1.0,188.0,7355.0,4.0,0,0,0,0,0,0,0,1,0,0,0,0,0,0,0,0,0,0,0,0,0,0,0,0,0,0,0,0,0,1,0,0,0,0,0,1,0,0,0,0,0,0,0,0,0,0,0,0,0,0,0,0,0,0,0,1,0,0,0,0,0,0,0,0,0,0,0,0,0,0,0.0
1197.0,257.0,430.0,335.0,2408.0,86.0,152.0,153.0,258.0,56.0,2448.0,43.0,0.0,0.0,7.0,1.0,188.0,7355.0,4.0,0,0,0,0,0,0,0,1,0,0,0,0,0,0,0,0,0,0,0,0,0,0,0,0,0,0,0,0,0,1,0,0,0,0,0,1,0,0,0,0,0,0,0,0,0,0,0,0,0,0,0,0,0,0,0,1,0,0,0,0,0,0,0,0,0,0,0,0,0,0,0.0
1197.0,257.0,430.0,335.0,2408.0,86.0,152.0,153.0,258.0,56.0,2448.0,43.0,0.0,0.0,7.0,1.0,188.0,7355.0,4.0,0,0,0,0,0,0,0,1,0,0,0,0,0,0,0,0,0,0,0,0,0,0,0,0,0,0,0,0,0,1,0,0,0,0,0,1,0,0,0,0,0,0,0,0,0,0,0,0,0,0,0,0,0,0,0,1,0,0,0,0,0,0,0,0,0,0,0,0,0,0,0.0
1131.0,255.0,305.0,393.0,2241.0,76.0,157.0,173.0,222.0,60.0,2512.0,68.0,27.0,1.0,92.0,13.0,173.0,6717.0,16.0,0,1,0,0,0,0,0,0,0,0,0,0,0,0,0,1,0,0,0,0,0,0,0,0,0,0,0,0,0,0,0,0,0,0,0,0,0,0,0,0,0,0,0,1,0,0,0,0,0,0,0,0,0,0,0,0,0,0,1,0,0,0,0,0,0,0,0,0,0,0,0.0
861.0,220.0,162.0,314.0,1652.0,64.0,173.0,129.0,256.0,64.0,2760.0,77.0,44.0,3.0,1016.0,8.0,0.0,7730.0,96.0,0,1,0,0,0,0,0,0,0,0,0,1,0,0,0,0,0,0,0,0,0,0,0,0,0,0,0,0,0,0,0,0,0,0,0,0,0,0,0,0,0,1,0,0,0,0,0,0,0,0,0,0,0,0,1,0,0,0,0,0,0,0,0,0,0,0,0,0,0,0,0.0
1178.0,254.0,484.0,384.0,2584.0,84.0,140.0,151.0,229.0,57.0,2346.0,47.0,12.0,1.0,2.0,0.0,137.0,7490.0,14.0,0,0,0,0,0,0,0,1,0,0,0,0,0,0,0,0,0,0,0,0,0,0,1,0,0,0,0,0,0,0,0,0,0,0,0,0,0,0,0,0,0,0,0,1,0,0,0,0,0,0,0,0,0,0,0,0,0,0,1,0,0,0,0,0,0,0,0,0,0,0,0.0
1181.0,254.0,501.0,398.0,2640.0,85.0,139.0,148.0,232.0,57.0,2316.0,48.0,18.0,1.0,4.0,1.0,241.0,7521.0,73.0,0,0,0,0,0,0,0,0,1,0,0,0,0,0,0,0,0,0,0,0,0,0,1,0,0,0,0,0,0,0,0,0,0,0,0,0,0,0,0,0,0,0,0,1,0,0,0,0,0,0,0,0,0,0,0,0,0,0,1,0,0,0,0,0,0,0,0,0,0,0,0.0
1185.0,255.0,503.0,402.0,2648.0,85.0,137.0,146.0,232.0,57.0,2303.0,48.0,19.0,1.0,8.0,1.0,275.0,7513.0,55.0,0,0,0,0,0,0,0,1,0,0,0,0,0,0,0,0,0,0,0,0,0,0,1,0,0,0,0,0,0,0,0,0,0,0,0,0,0,0,0,0,0,0,1,0,0,0,0,0,0,0,0,0,0,0,0,0,0,0,1,0,0,0,0,0,0,0,0,0,0,0,0.0
1181.0,254.0,506.0,404.0,2656.0,85.0,138.0,146.0,233.0,57.0,2295.0,48.0,20.0,1.0,13.0,0.0,243.0,7514.0,90.0,0,0,0,0,0,0,0,1,0,0,0,0,0,0,0,0,0,0,0,0,0,0,1,0,0,0,0,0,0,0,0,0,0,0,0,0,0,0,0,0,0,0,1,0,0,0,0,0,0,0,0,0,0,0,0,0,0,0,1,0,0,0,0,0,0,0,0,0,0,0,0.0
1188.0,256.0,525.0,415.0,2709.0,86.0,135.0,140.0,231.0,56.0,2243.0,48.0,23.0,1.0,6.0,1.0,317.0,7562.0,8.0,0,0,0,0,0,0,0,1,0,0,0,0,0,0,0,0,0,0,0,0,0,0,1,0,0,0,0,0,0,0,0,0,0,0,0,0,0,0,0,0,0,0,0,1,0,0,0,0,0,0,0,0,0,0,0,0,0,0,1,0,0,0,0,0,0,0,0,0,0,0,0.0
1203.0,256.0,504.0,415.0,2671.0,87.0,134.0,131.0,239.0,58.0,2230.0,50.0,27.0,1.0,5.0,1.0,2.0,7543.0,1.0,0,0,0,0,1,0,0,0,0,0,0,0,0,0,0,0,1,0,0,0,0,0,0,0,0,0,0,0,0,0,0,0,0,0,0,0,0,0,0,0,0,0,0,1,0,0,0,0,0,0,0,0,0,0,0,0,0,0,1,0,0,0,0,0,0,0,0,0,0,0,0.0
1201.0,256.0,516.0,415.0,2694.0,86.0,133.0,130.0,238.0,57.0,2234.0,49.0,25.0,1.0,8.0,3.0,292.0,7574.0,32.0,1,0,0,0,0,0,0,0,0,0,0,0,0,0,0,0,0,0,0,0,0,0,1,0,0,0,0,0,0,0,0,0,0,0,0,0,0,0,0,0,0,0,0,1,0,0,0,0,0,0,0,0,0,0,0,0,0,0,1,0,0,0,0,0,0,0,0,0,0,0,0.0
1201.0,256.0,516.0,415.0,2694.0,86.0,133.0,130.0,238.0,57.0,2234.0,49.0,25.0,1.0,8.0,3.0,292.0,7574.0,32.0,1,0,0,0,0,0,0,0,0,0,0,0,0,0,0,0,0,0,0,0,0,0,1,0,0,0,0,0,0,0,0,0,0,0,0,0,0,0,0,0,0,0,0,1,0,0,0,0,0,0,0,0,0,0,0,0,0,0,1,0,0,0,0,0,0,0,0,0,0,0,0.0
1480.0,303.0,72.0,460.0,1954.0,118.0,147.0,148.0,315.0,69.0,1391.0,101.0,438.0,7.0,40.0,7.0,292.0,7875.0,39.0,0,0,0,0,1,0,0,0,0,0,0,0,0,1,0,0,0,0,0,0,0,0,0,0,0,0,0,0,0,0,0,0,0,0,1,0,0,0,0,0,0,0,0,0,0,0,0,0,0,0,0,0,1,0,0,0,0,0,0,0,0,0,0,0,0,0,0,0,0,0,0.0
886.0,222.0,140.0,277.0,1455.0,66.0,160.0,107.0,212.0,64.0,2513.0,77.0,71.0,3.0,908.0,18.0,148.0,7058.0,85.0,0,1,0,0,0,0,0,0,0,0,1,0,0,0,0,0,0,0,0,0,0,0,0,0,0,0,0,0,0,0,0,0,0,0,0,0,0,0,0,0,0,1,0,0,0,0,0,0,0,0,0,0,0,0,1,0,0,0,0,0,0,0,0,0,0,0,0,0,0,0,0.0
1241.0,257.0,509.0,513.0,2919.0,92.0,132.0,139.0,234.0,59.0,2183.0,50.0,16.0,1.0,20.0,2.0,253.0,7584.0,1.0,0,0,0,0,1,0,0,0,0,0,0,0,0,0,0,0,1,0,0,0,0,0,0,0,0,0,0,0,0,0,0,0,0,0,0,1,0,0,0,0,0,0,0,0,0,0,0,0,0,0,0,0,0,0,1,0,0,0,0,0,0,0,0,0,0,0,0,0,0,0,0.0
1241.0,257.0,509.0,513.0,2919.0,92.0,132.0,139.0,234.0,59.0,2183.0,50.0,16.0,1.0,20.0,2.0,253.0,7584.0,1.0,0,0,0,0,1,0,0,0,0,0,0,0,0,0,0,0,1,0,0,0,0,0,0,0,0,0,0,0,0,0,0,0,0,0,0,1,0,0,0,0,0,0,0,0,0,0,0,0,0,0,0,0,0,0,1,0,0,0,0,0,0,0,0,0,0,0,0,0,0,0,0.0
1243.0,257.0,510.0,514.0,2920.0,92.0,132.0,140.0,235.0,58.0,2195.0,50.0,16.0,1.0,38.0,3.0,270.0,7573.0,42.0,0,0,0,0,1,0,0,0,0,0,0,0,0,0,0,0,0,0,0,0,0,0,1,0,0,0,0,0,0,0,0,0,0,0,0,0,0,0,0,0,0,0,0,1,0,0,0,0,0,0,0,0,0,0,1,0,0,0,0,0,0,0,0,0,0,0,0,0,0,0,0.0
1243.0,257.0,510.0,514.0,2920.0,92.0,132.0,140.0,235.0,58.0,2195.0,50.0,16.0,1.0,38.0,3.0,270.0,7573.0,42.0,0,0,0,0,1,0,0,0,0,0,0,0,0,0,0,0,0,0,0,0,0,0,1,0,0,0,0,0,0,0,0,0,0,0,0,0,0,0,0,0,0,0,0,1,0,0,0,0,0,0,0,0,0,0,1,0,0,0,0,0,0,0,0,0,0,0,0,0,0,0,0.0
1048.0,259.0,63.0,324.0,1336.0,85.0,126.0,64.0,216.0,74.0,1393.0,104.0,346.0,8.0,735.0,17.0,84.0,7848.0,100.0,0,0,1,0,0,0,0,0,0,0,0,0,0,0,0,0,0,0,0,0,0,0,0,0,0,0,1,0,0,0,0,0,0,0,0,0,0,0,0,0,0,1,0,0,0,0,0,0,0,0,0,1,0,0,0,0,0,0,0,0,0,0,0,0,0,0,0,0,0,0,0.0
1260.0,258.0,531.0,501.0,2992.0,94.0,131.0,145.0,253.0,58.0,2190.0,47.0,11.0,1.0,14.0,1.0,234.0,7606.0,24.0,0,0,0,0,0,0,0,1,0,0,0,0,0,0,0,0,0,0,0,0,0,0,1,0,0,0,0,0,0,0,0,0,0,0,0,0,0,0,0,0,0,0,1,0,0,0,0,0,0,0,0,0,0,0,1,0,0,0,0,0,0,0,0,0,0,0,0,0,0,0,0.0
1260.0,258.0,531.0,501.0,2992.0,94.0,131.0,145.0,253.0,58.0,2190.0,47.0,11.0,1.0,14.0,1.0,234.0,7606.0,24.0,0,0,0,0,0,0,0,1,0,0,0,0,0,0,0,0,0,0,0,0,0,0,1,0,0,0,0,0,0,0,0,0,0,0,0,0,0,0,0,0,0,0,1,0,0,0,0,0,0,0,0,0,0,0,1,0,0,0,0,0,0,0,0,0,0,0,0,0,0,0,0.0
1257.0,257.0,537.0,499.0,3010.0,94.0,130.0,145.0,256.0,57.0,2193.0,47.0,10.0,1.0,8.0,3.0,115.0,7582.0,34.0,0,0,0,0,0,0,0,1,0,0,0,0,0,0,0,0,0,0,0,0,0,0,0,0,0,0,0,0,0,1,0,0,0,0,0,0,0,0,0,0,0,0,0,1,0,0,0,0,0,0,0,0,0,0,1,0,0,0,0,0,0,0,0,0,0,0,0,0,0,0,0.0
1196.0,253.0,431.0,391.0,2724.0,89.0,132.0,145.0,279.0,63.0,2178.0,46.0,1.0,1.0,55.0,4.0,161.0,7569.0,8.0,0,1,0,0,0,0,0,0,0,0,0,0,0,0,0,0,0,0,0,0,1,0,0,0,0,0,0,0,0,0,0,0,0,0,0,0,0,0,0,0,0,0,0,1,0,0,0,0,0,0,0,0,0,0,1,0,0,0,0,0,0,0,0,0,0,0,0,0,0,0,0.0
1204.0,254.0,439.0,393.0,2753.0,90.0,132.0,146.0,280.0,62.0,2181.0,45.0,1.0,1.0,52.0,8.0,153.0,7430.0,12.0,0,1,0,0,0,0,0,0,0,0,0,0,0,0,0,0,0,0,0,0,1,0,0,0,0,0,0,0,0,0,0,0,0,0,0,0,0,0,0,0,0,0,0,1,0,0,0,0,0,0,0,0,0,0,1,0,0,0,0,0,0,0,0,0,0,0,0,0,0,0,0.0
1225.0,255.0,448.0,397.0,2792.0,91.0,131.0,146.0,282.0,62.0,2149.0,45.0,1.0,1.0,14.0,1.0,351.0,7722.0,28.0,0,1,0,0,0,0,0,0,0,0,0,0,0,0,0,0,0,0,0,0,0,0,1,0,0,0,0,0,0,0,0,0,0,0,0,0,0,0,0,0,0,0,0,1,0,0,0,0,0,0,0,0,0,0,1,0,0,0,0,0,0,0,0,0,0,0,0,0,0,0,0.0
1222.0,254.0,480.0,407.0,2861.0,92.0,132.0,150.0,273.0,61.0,2220.0,44.0,1.0,1.0,60.0,5.0,158.0,7521.0,3.0,0,1,0,0,0,0,0,0,0,0,0,0,0,0,0,0,0,1,0,0,0,0,0,0,0,0,0,0,0,0,0,0,0,0,0,0,0,0,0,0,0,0,0,1,0,0,0,0,0,0,0,0,0,0,1,0,0,0,0,0,0,0,0,0,0,0,0,0,0,0,0.0
1223.0,255.0,452.0,397.0,2806.0,92.0,132.0,146.0,283.0,62.0,2165.0,44.0,0.0,0.0,17.0,1.0,294.0,7703.0,100.0,1,0,0,0,0,0,0,0,0,0,0,0,0,0,0,0,0,0,0,0,0,0,1,0,0,0,0,0,0,0,0,0,0,0,0,0,0,0,0,0,0,0,1,0,0,0,0,0,0,0,0,0,0,0,1,0,0,0,0,0,0,0,0,0,0,0,0,0,0,0,0.0
1223.0,255.0,452.0,397.0,2806.0,92.0,132.0,146.0,283.0,62.0,2165.0,44.0,0.0,0.0,17.0,1.0,294.0,7703.0,100.0,1,0,0,0,0,0,0,0,0,0,0,0,0,0,0,0,0,0,0,0,0,0,1,0,0,0,0,0,0,0,0,0,0,0,0,0,0,0,0,0,0,0,1,0,0,0,0,0,0,0,0,0,0,0,1,0,0,0,0,0,0,0,0,0,0,0,0,0,0,0,0.0
1246.0,254.0,510.0,420.0,2967.0,93.0,128.0,149.0,279.0,60.0,2210.0,42.0,0.0,0.0,15.0,1.0,322.0,7702.0,0.0,1,0,0,0,0,0,0,0,0,0,0,0,0,0,0,0,0,0,0,0,0,0,1,0,0,0,0,0,0,0,0,0,0,0,0,0,0,0,0,0,0,0,0,1,0,0,0,0,0,0,0,0,0,0,1,0,0,0,0,0,0,0,0,0,0,0,0,0,0,0,0.0
1216.0,250.0,611.0,444.0,3363.0,91.0,118.0,138.0,266.0,59.0,2015.0,43.0,0.0,1.0,14.0,7.0,145.0,7521.0,5.0,1,0,0,0,0,0,0,0,0,0,0,0,0,0,0,0,1,0,0,0,0,0,0,0,0,0,0,0,0,0,0,0,0,0,0,0,0,0,0,0,0,0,0,1,0,0,0,0,0,0,0,0,0,0,1,0,0,0,0,0,0,0,0,0,0,0,0,0,0,0,0.0
1040.0,260.0,100.0,272.0,1412.0,83.0,141.0,91.0,239.0,73.0,1609.0,84.0,211.0,7.0,648.0,26.0,177.0,7594.0,90.0,0,1,0,0,0,0,0,0,0,0,1,0,0,0,0,0,0,0,0,0,0,0,0,0,0,0,0,0,0,0,0,0,0,0,0,0,0,0,0,0,0,1,0,0,0,0,0,0,0,1,0,0,0,0,0,0,0,0,0,0,0,0,0,0,0,0,0,0,0,0,0.0
1040.0,260.0,100.0,272.0,1412.0,83.0,141.0,91.0,239.0,73.0,1609.0,84.0,211.0,7.0,648.0,26.0,177.0,7594.0,90.0,0,1,0,0,0,0,0,0,0,0,1,0,0,0,0,0,0,0,0,0,0,0,0,0,0,0,0,0,0,0,0,0,0,0,0,0,0,0,0,0,0,1,0,0,0,0,0,0,0,1,0,0,0,0,0,0,0,0,0,0,0,0,0,0,0,0,0,0,0,0,0.0
1244.0,254.0,546.0,436.0,3174.0,93.0,131.0,125.0,284.0,62.0,2148.0,46.0,22.0,1.0,6.0,1.0,161.0,7770.0,23.0,1,0,0,0,0,0,0,0,0,0,0,0,0,0,0,0,0,0,0,0,0,0,1,0,0,0,0,0,0,0,0,0,0,0,0,0,0,0,0,0,0,0,0,1,0,0,0,0,0,0,0,0,0,0,1,0,0,0,0,0,0,0,0,0,0,0,0,0,0,0,0.0
1238.0,250.0,588.0,455.0,3292.0,93.0,114.0,129.0,259.0,58.0,2001.0,44.0,8.0,1.0,4.0,1.0,168.0,7670.0,0.0,1,0,0,0,0,0,0,0,0,0,0,0,0,0,0,0,0,0,0,0,0,0,1,0,0,0,0,0,0,0,0,0,0,0,0,0,0,0,0,0,0,0,0,1,0,0,0,0,0,0,0,0,0,0,1,0,0,0,0,0,0,0,0,0,0,0,0,0,0,0,0.0
1240.0,251.0,556.0,439.0,3153.0,93.0,116.0,126.0,252.0,58.0,2008.0,44.0,10.0,1.0,19.0,1.0,111.0,7712.0,99.0,1,0,0,0,0,0,0,0,0,0,0,0,0,0,0,0,1,0,0,0,0,0,0,0,0,0,0,0,0,0,0,0,0,0,0,0,0,0,0,0,0,0,0,1,0,0,0,0,0,0,0,0,0,0,1,0,0,0,0,0,0,0,0,0,0,0,0,0,0,0,0.0
1241.0,250.0,585.0,457.0,3283.0,94.0,114.0,127.0,258.0,57.0,2012.0,45.0,9.0,1.0,9.0,1.0,121.0,7701.0,0.0,1,0,0,0,0,0,0,0,0,0,0,0,0,0,0,0,0,0,0,0,0,0,1,0,0,0,0,0,0,0,0,0,0,0,0,0,0,0,0,0,0,0,0,1,0,0,0,0,0,0,0,0,0,0,1,0,0,0,0,0,0,0,0,0,0,0,0,0,0,0,0.0
1268.0,258.0,421.0,376.0,2624.0,96.0,133.0,114.0,250.0,63.0,2098.0,48.0,22.0,1.0,60.0,5.0,124.0,7634.0,6.0,0,1,0,0,0,0,0,0,0,0,0,0,0,0,0,0,0,0,0,0,1,0,0,0,0,0,0,0,0,0,0,0,0,0,0,0,0,0,0,0,0,0,0,1,0,0,0,0,0,0,0,0,0,0,1,0,0,0,0,0,0,0,0,0,0,0,0,0,0,0,0.0
1275.0,259.0,418.0,372.0,2592.0,96.0,132.0,113.0,246.0,63.0,2081.0,48.0,19.0,1.0,35.0,6.0,253.0,7653.0,4.0,0,0,0,0,0,0,0,0,1,0,0,0,0,0,0,1,0,0,0,0,0,0,0,0,0,0,0,0,0,0,0,0,0,0,0,0,0,0,0,0,0,0,0,1,0,0,0,0,0,0,0,0,0,0,1,0,0,0,0,0,0,0,0,0,0,0,0,0,0,0,0.0
1244.0,250.0,558.0,443.0,3156.0,94.0,117.0,124.0,251.0,57.0,2017.0,45.0,11.0,1.0,13.0,1.0,213.0,7688.0,59.0,1,0,0,0,0,0,0,0,0,0,0,0,0,0,0,0,0,0,0,0,0,0,1,0,0,0,0,0,0,0,0,0,0,0,0,0,0,0,0,0,0,0,0,1,0,0,0,0,0,0,0,0,0,0,1,0,0,0,0,0,0,0,0,0,0,0,0,0,0,0,0.0
1244.0,250.0,558.0,443.0,3156.0,94.0,117.0,124.0,251.0,57.0,2017.0,45.0,11.0,1.0,13.0,1.0,213.0,7688.0,59.0,1,0,0,0,0,0,0,0,0,0,0,0,0,0,0,0,0,0,0,0,0,0,1,0,0,0,0,0,0,0,0,0,0,0,0,0,0,0,0,0,0,0,0,1,0,0,0,0,0,0,0,0,0,0,1,0,0,0,0,0,0,0,0,0,0,0,0,0,0,0,0.0
1244.0,250.0,558.0,443.0,3156.0,94.0,117.0,124.0,251.0,57.0,2017.0,45.0,11.0,1.0,13.0,1.0,213.0,7688.0,59.0,1,0,0,0,0,0,0,0,0,0,0,0,0,0,0,0,0,0,0,0,0,0,1,0,0,0,0,0,0,0,0,0,0,0,0,0,0,0,0,0,0,0,0,1,0,0,0,0,0,0,0,0,0,0,1,0,0,0,0,0,0,0,0,0,0,0,0,0,0,0,0.0
1285.0,260.0,424.0,373.0,2601.0,97.0,132.0,113.0,244.0,63.0,2063.0,47.0,20.0,1.0,25.0,4.0,97.0,7733.0,18.0,0,0,0,0,0,0,0,0,1,0,0,0,0,0,0,0,0,0,0,0,0,0,1,0,0,0,0,0,0,0,0,0,0,0,0,0,0,0,0,0,0,0,0,1,0,0,0,0,0,0,0,0,0,0,1,0,0,0,0,0,0,0,0,0,0,0,0,0,0,0,0.0
1260.0,253.0,540.0,435.0,3077.0,94.0,117.0,122.0,247.0,58.0,1986.0,45.0,12.0,1.0,142.0,5.0,201.0,7635.0,18.0,1,0,0,0,0,0,0,0,0,0,0,0,0,0,0,0,0,0,0,0,0,0,1,0,0,0,0,0,0,0,0,0,0,0,0,0,0,0,0,0,0,0,0,0,0,0,1,0,0,0,0,0,0,0,1,0,0,0,0,0,0,0,0,0,0,0,0,0,0,0,0.0
1260.0,253.0,540.0,435.0,3077.0,94.0,117.0,122.0,247.0,58.0,1986.0,45.0,12.0,1.0,142.0,5.0,201.0,7635.0,18.0,1,0,0,0,0,0,0,0,0,0,0,0,0,0,0,0,0,0,0,0,0,0,1,0,0,0,0,0,0,0,0,0,0,0,0,0,0,0,0,0,0,0,0,0,0,0,1,0,0,0,0,0,0,0,1,0,0,0,0,0,0,0,0,0,0,0,0,0,0,0,0.0
1259.0,252.0,537.0,433.0,3064.0,94.0,116.0,121.0,247.0,58.0,1989.0,45.0,12.0,1.0,6.0,1.0,253.0,7635.0,9.0,1,0,0,0,0,0,0,0,0,0,0,0,0,0,0,0,0,0,0,0,0,0,1,0,0,0,0,0,0,0,0,0,0,0,0,0,0,0,0,0,0,0,0,1,0,0,0,0,0,0,0,0,0,0,1,0,0,0,0,0,0,0,0,0,0,0,0,0,0,0,0.0
1260.0,251.0,539.0,435.0,3068.0,94.0,116.0,121.0,246.0,58.0,1983.0,45.0,12.0,1.0,142.0,5.0,201.0,7635.0,18.0,1,0,0,0,0,0,0,0,0,0,0,0,0,0,0,0,0,0,0,0,0,0,1,0,0,0,0,0,0,0,0,0,0,0,0,0,0,0,0,0,0,0,0,0,0,0,1,0,0,0,0,0,0,0,1,0,0,0,0,0,0,0,0,0,0,0,0,0,0,0,0.0
1265.0,253.0,508.0,417.0,2907.0,96.0,118.0,115.0,239.0,59.0,2005.0,45.0,12.0,1.0,12.0,3.0,358.0,7748.0,3.0,0,1,0,0,0,0,0,0,0,0,0,0,0,0,0,0,0,0,0,0,1,0,0,0,0,0,0,0,0,0,0,0,0,0,0,0,1,0,0,0,0,0,0,0,0,0,0,0,0,0,0,0,0,0,1,0,0,0,0,0,0,0,0,0,0,0,0,0,0,0,0.0
1284.0,255.0,487.0,401.0,2793.0,97.0,122.0,113.0,234.0,59.0,2006.0,44.0,12.0,1.0,8.0,1.0,43.0,7748.0,0.0,0,1,0,0,0,0,0,0,0,0,0,0,0,0,0,0,0,0,0,0,0,0,1,0,0,0,0,0,0,0,0,0,0,0,0,0,1,0,0,0,0,0,0,0,0,0,0,0,0,0,0,0,0,0,1,0,0,0,0,0,0,0,0,0,0,0,0,0,0,0,0.0
1141.0,245.0,495.0,373.0,2768.0,89.0,133.0,117.0,254.0,61.0,2119.0,43.0,13.0,1.0,263.0,23.0,160.0,6731.0,12.0,0,1,0,0,0,0,0,0,0,0,0,0,0,0,0,0,0,1,0,0,0,0,0,0,0,0,0,0,0,0,0,0,0,0,0,0,0,0,0,0,0,1,0,0,0,0,0,0,0,0,0,0,0,0,1,0,0,0,0,0,0,0,0,0,0,0,0,0,0,0,0.0
1322.0,269.0,373.0,256.0,1789.0,106.0,128.0,77.0,144.0,63.0,1791.0,41.0,57.0,3.0,19.0,1.0,160.0,7809.0,47.0,0,0,0,0,0,0,0,1,0,0,0,0,0,0,0,0,0,0,0,0,0,0,1,0,0,0,0,0,0,0,0,0,0,0,0,0,1,0,0,0,0,0,0,0,0,0,0,0,0,0,0,0,0,0,1,0,0,0,0,0,0,0,0,0,0,0,0,0,0,0,0.0
1104.0,253.0,309.0,396.0,2276.0,75.0,157.0,172.0,232.0,60.0,2510.0,68.0,26.0,1.0,201.0,15.0,48.0,7777.0,0.0,0,1,0,0,0,0,0,0,0,0,0,0,0,0,0,1,0,0,0,0,0,0,0,0,0,0,0,0,0,0,0,0,0,0,0,0,0,0,0,0,0,0,0,1,0,0,0,0,0,0,0,0,0,0,0,0,0,0,1,0,0,0,0,0,0,0,0,0,0,1,0.03
1131.0,255.0,305.0,393.0,2241.0,76.0,157.0,173.0,222.0,60.0,2512.0,68.0,27.0,1.0,92.0,13.0,173.0,6717.0,16.0,0,1,0,0,0,0,0,0,0,0,0,0,0,0,0,1,0,0,0,0,0,0,0,0,0,0,0,0,0,0,0,0,0,0,0,0,0,0,0,0,0,0,0,1,0,0,0,0,0,0,0,0,0,0,0,0,0,0,1,0,0,0,0,0,0,0,0,0,0,1,0.03
1228.0,257.0,478.0,493.0,2855.0,90.0,135.0,136.0,238.0,60.0,2174.0,51.0,20.0,1.0,37.0,3.0,221.0,7501.0,0.0,0,1,0,0,0,0,0,0,0,0,0,0,0,0,0,0,0,1,0,0,0,0,0,0,0,0,0,0,0,0,0,0,0,0,0,0,1,0,0,0,0,0,0,0,0,0,0,0,0,0,0,0,0,0,1,0,0,0,0,0,0,0,0,0,0,0,0,0,0,1,0.03
1186.0,255.0,454.0,498.0,2762.0,87.0,140.0,138.0,243.0,61.0,2270.0,55.0,19.0,1.0,143.0,10.0,274.0,7580.0,99.0,0,1,0,0,0,0,0,0,0,0,0,0,0,0,0,0,0,1,0,0,0,0,0,0,0,0,0,0,0,0,0,0,0,0,0,0,0,0,0,0,0,1,0,0,0,0,0,0,0,0,0,0,0,0,1,0,0,0,0,0,0,0,0,0,0,0,0,0,0,1,0.03
886.0,222.0,140.0,277.0,1455.0,66.0,160.0,107.0,212.0,64.0,2513.0,77.0,71.0,3.0,908.0,18.0,148.0,7058.0,85.0,0,1,0,0,0,0,0,0,0,0,1,0,0,0,0,0,0,0,0,0,0,0,0,0,0,0,0,0,0,0,0,0,0,0,0,0,0,0,0,0,0,1,0,0,0,0,0,0,0,0,0,0,0,0,1,0,0,0,0,0,0,0,0,0,0,0,0,0,0,1,0.03
1179.0,252.0,426.0,402.0,2665.0,90.0,141.0,151.0,254.0,60.0,2362.0,48.0,9.0,1.0,270.0,13.0,161.0,7330.0,2.0,0,1,0,0,0,0,0,0,0,0,0,0,0,0,0,1,0,0,0,0,0,0,0,0,0,0,0,0,0,0,0,0,0,0,0,0,0,0,0,0,0,0,0,1,0,0,0,0,0,0,0,0,0,0,1,0,0,0,0,0,0,0,0,0,0,0,0,0,0,1,0.03
1264.0,260.0,525.0,460.0,3019.0,94.0,132.0,157.0,272.0,59.0,2196.0,45.0,6.0,1.0,15.0,1.0,269.0,7648.0,0.0,0,1,0,0,0,0,0,0,0,0,0,0,0,0,0,0,0,1,0,0,0,0,0,0,0,0,0,0,0,0,1,0,0,0,0,0,0,0,0,0,0,0,0,0,0,0,0,0,0,0,0,0,0,0,1,0,0,0,0,0,0,0,0,0,0,0,0,0,0,1,0.03
1207.0,255.0,480.0,426.0,2863.0,91.0,137.0,156.0,257.0,60.0,2276.0,45.0,7.0,1.0,184.0,7.0,303.0,7773.0,2.0,0,1,0,0,0,0,0,0,0,0,0,0,0,0,0,0,0,1,0,0,0,0,0,0,0,0,0,0,0,0,0,0,0,0,0,0,0,0,0,0,0,0,0,1,0,0,0,0,0,0,0,0,0,0,1,0,0,0,0,0,0,0,0,0,0,0,0,0,0,1,0.03
1256.0,257.0,533.0,498.0,2999.0,95.0,130.0,146.0,256.0,58.0,2202.0,47.0,11.0,1.0,23.0,1.0,252.0,7622.0,69.0,0,0,0,0,0,0,0,1,0,0,0,0,0,0,0,0,0,0,0,0,0,0,1,0,0,0,0,0,0,0,0,0,0,0,0,0,0,0,0,0,0,0,1,0,0,0,0,0,0,0,0,0,0,0,1,0,0,0,0,0,0,0,0,0,0,0,0,0,0,1,0.03
1257.0,257.0,537.0,499.0,3010.0,94.0,130.0,145.0,256.0,57.0,2193.0,47.0,10.0,1.0,8.0,3.0,115.0,7582.0,34.0,0,0,0,0,0,0,0,1,0,0,0,0,0,0,0,0,0,0,0,0,0,0,0,0,0,0,0,0,0,1,0,0,0,0,0,0,0,0,0,0,0,0,0,1,0,0,0,0,0,0,0,0,0,0,1,0,0,0,0,0,0,0,0,0,0,0,0,0,0,1,0.03
1257.0,257.0,537.0,499.0,3010.0,94.0,130.0,145.0,256.0,57.0,2193.0,47.0,10.0,1.0,8.0,3.0,115.0,7582.0,34.0,0,0,0,0,0,0,0,1,0,0,0,0,0,0,0,0,0,0,0,0,0,0,0,0,0,0,0,0,0,1,0,0,0,0,0,0,0,0,0,0,0,0,0,1,0,0,0,0,0,0,0,0,0,0,1,0,0,0,0,0,0,0,0,0,0,0,0,0,0,1,0.03
1257.0,257.0,537.0,499.0,3010.0,94.0,130.0,145.0,256.0,57.0,2193.0,47.0,10.0,1.0,8.0,3.0,115.0,7582.0,34.0,0,0,0,0,0,0,0,1,0,0,0,0,0,0,0,0,0,0,0,0,0,0,0,0,0,0,0,0,0,1,0,0,0,0,0,0,0,0,0,0,0,0,0,1,0,0,0,0,0,0,0,0,0,0,1,0,0,0,0,0,0,0,0,0,0,0,0,0,0,1,0.03
1220.0,256.0,502.0,427.0,2937.0,92.0,135.0,157.0,258.0,60.0,2255.0,44.0,5.0,1.0,98.0,2.0,10.0,7681.0,0.0,0,1,0,0,0,0,0,0,0,0,0,0,0,0,0,0,0,1,0,0,0,0,0,0,0,0,0,0,0,0,0,0,0,0,0,0,0,0,0,0,0,0,0,1,0,0,0,0,0,0,0,0,0,0,1,0,0,0,0,0,0,0,0,0,0,0,0,0,0,1,0.03
1004.0,234.0,287.0,332.0,2090.0,75.0,140.0,116.0,235.0,64.0,2319.0,57.0,19.0,1.0,483.0,9.0,312.0,7982.0,67.0,0,1,0,0,0,0,0,0,0,0,0,0,0,0,0,1,0,0,0,0,0,0,0,0,0,0,0,0,0,0,0,0,0,0,0,0,0,0,0,0,0,0,0,1,0,0,0,0,0,0,0,0,0,0,1,0,0,0,0,0,0,0,0,0,0,0,0,0,0,1,0.03
1198.0,253.0,480.0,415.0,2851.0,90.0,135.0,154.0,260.0,60.0,2278.0,44.0,3.0,1.0,183.0,13.0,257.0,7597.0,8.0,0,1,0,0,0,0,0,0,0,0,0,0,0,0,0,0,0,1,0,0,0,0,0,0,0,0,0,0,0,0,0,0,0,0,0,0,0,0,0,0,0,0,0,1,0,0,0,0,0,0,0,0,0,0,1,0,0,0,0,0,0,0,0,0,0,0,0,0,0,1,0.03
1203.0,253.0,500.0,424.0,2918.0,90.0,134.0,156.0,262.0,60.0,2275.0,44.0,3.0,1.0,163.0,21.0,316.0,7862.0,19.0,0,1,0,0,0,0,0,0,0,0,0,0,0,0,0,0,0,1,0,0,0,0,0,0,0,0,0,0,0,0,0,0,0,0,0,0,0,0,0,0,0,0,0,1,0,0,0,0,0,0,0,0,0,0,1,0,0,0,0,0,0,0,0,0,0,0,0,0,0,1,0.03
1234.0,256.0,552.0,450.0,3104.0,92.0,132.0,160.0,271.0,59.0,2232.0,42.0,0.0,1.0,50.0,4.0,131.0,7600.0,0.0,0,1,0,0,0,0,0,0,0,0,0,0,0,0,0,0,0,1,0,0,0,0,0,0,0,0,0,0,0,0,0,0,0,0,0,0,0,0,0,0,0,0,0,1,0,0,0,0,0,0,0,0,0,0,1,0,0,0,0,0,0,0,0,0,0,0,0,0,0,1,0.03
1203.0,254.0,426.0,388.0,2699.0,90.0,135.0,149.0,279.0,62.0,2214.0,45.0,0.0,1.0,46.0,3.0,205.0,7699.0,1.0,0,1,0,0,0,0,0,0,0,0,0,0,0,0,0,0,0,1,0,0,0,0,0,0,0,0,0,0,0,0,0,0,0,0,0,0,0,0,0,0,0,0,0,1,0,0,0,0,0,0,0,0,0,0,1,0,0,0,0,0,0,0,0,0,0,0,0,0,0,1,0.03
1203.0,253.0,436.0,387.0,2722.0,90.0,134.0,148.0,277.0,62.0,2240.0,45.0,1.0,1.0,85.0,3.0,189.0,7598.0,1.0,0,1,0,0,0,0,0,0,0,0,0,0,0,0,0,1,0,0,0,0,0,0,0,0,0,0,0,0,0,0,0,0,0,0,0,0,0,0,0,0,0,0,0,1,0,0,0,0,0,0,0,0,0,0,1,0,0,0,0,0,0,0,0,0,0,0,0,0,0,1,0.03
1196.0,253.0,431.0,391.0,2724.0,89.0,132.0,145.0,279.0,63.0,2178.0,46.0,1.0,1.0,55.0,4.0,161.0,7569.0,8.0,0,1,0,0,0,0,0,0,0,0,0,0,0,0,0,0,0,0,0,0,1,0,0,0,0,0,0,0,0,0,0,0,0,0,0,0,0,0,0,0,0,0,0,1,0,0,0,0,0,0,0,0,0,0,1,0,0,0,0,0,0,0,0,0,0,0,0,0,0,1,0.03
1225.0,255.0,448.0,397.0,2792.0,91.0,131.0,146.0,282.0,62.0,2149.0,45.0,1.0,1.0,14.0,1.0,351.0,7722.0,28.0,0,1,0,0,0,0,0,0,0,0,0,0,0,0,0,0,0,0,0,0,0,0,1,0,0,0,0,0,0,0,0,0,0,0,0,0,0,0,0,0,0,0,0,1,0,0,0,0,0,0,0,0,0,0,1,0,0,0,0,0,0,0,0,0,0,0,0,0,0,1,0.03
1223.0,255.0,452.0,397.0,2806.0,92.0,132.0,146.0,283.0,62.0,2165.0,44.0,0.0,0.0,17.0,1.0,294.0,7703.0,100.0,1,0,0,0,0,0,0,0,0,0,0,0,0,0,0,0,0,0,0,0,0,0,1,0,0,0,0,0,0,0,0,0,0,0,0,0,0,0,0,0,0,0,1,0,0,0,0,0,0,0,0,0,0,0,1,0,0,0,0,0,0,0,0,0,0,0,0,0,0,1,0.03
1247.0,256.0,506.0,422.0,2954.0,93.0,131.0,153.0,272.0,60.0,2209.0,43.0,2.0,1.0,32.0,5.0,98.0,7645.0,0.0,0,1,0,0,0,0,0,0,0,0,0,0,0,0,0,0,0,1,0,0,0,0,0,0,0,0,0,0,0,0,0,0,0,1,0,0,0,0,0,0,0,0,0,0,0,0,0,0,0,0,0,0,0,0,1,0,0,0,0,0,0,0,0,0,0,0,0,0,0,1,0.03
1238.0,255.0,485.0,410.0,2888.0,93.0,132.0,150.0,276.0,60.0,2217.0,43.0,1.0,1.0,32.0,2.0,15.0,7726.0,0.0,0,1,0,0,0,0,0,0,0,0,0,0,0,0,0,0,0,1,0,0,0,0,0,0,0,0,0,0,0,0,0,0,0,0,0,0,0,0,0,0,0,0,0,1,0,0,0,0,0,0,0,0,0,0,1,0,0,0,0,0,0,0,0,0,0,0,0,0,0,1,0.03
1233.0,254.0,493.0,414.0,2910.0,92.0,130.0,150.0,275.0,60.0,2210.0,43.0,0.0,1.0,55.0,6.0,277.0,7692.0,0.0,0,1,0,0,0,0,0,0,0,0,0,0,0,0,0,0,0,1,0,0,0,0,0,0,0,0,0,0,0,0,0,0,0,0,0,0,0,0,0,0,0,0,0,1,0,0,0,0,0,0,0,0,0,0,1,0,0,0,0,0,0,0,0,0,0,0,0,0,0,1,0.03
1231.0,254.0,499.0,416.0,2928.0,92.0,130.0,150.0,276.0,60.0,2207.0,43.0,0.0,1.0,33.0,4.0,297.0,7720.0,41.0,0,1,0,0,0,0,0,0,0,0,0,0,0,0,0,0,0,1,0,0,0,0,0,0,0,0,0,0,0,0,0,0,0,0,0,0,0,0,0,0,0,0,0,1,0,0,0,0,0,0,0,0,0,0,1,0,0,0,0,0,0,0,0,0,0,0,0,0,0,1,0.03
1231.0,254.0,502.0,418.0,2943.0,93.0,130.0,150.0,277.0,60.0,2193.0,43.0,0.0,1.0,50.0,5.0,147.0,7457.0,59.0,0,1,0,0,0,0,0,0,0,0,0,0,0,0,0,0,1,0,0,0,0,0,0,0,0,0,0,0,0,0,0,0,0,0,0,0,0,0,0,0,0,1,0,0,0,0,0,0,0,0,0,0,0,0,1,0,0,0,0,0,0,0,0,0,0,0,0,0,0,1,0.03
1243.0,255.0,507.0,420.0,2959.0,94.0,130.0,150.0,278.0,59.0,2197.0,43.0,1.0,1.0,31.0,5.0,180.0,7633.0,5.0,0,1,0,0,0,0,0,0,0,0,0,0,0,0,0,0,1,0,0,0,0,0,0,0,0,0,0,0,0,0,0,0,0,0,0,0,0,0,0,0,0,0,0,1,0,0,0,0,0,0,0,0,0,0,1,0,0,0,0,0,0,0,0,0,0,0,0,0,0,1,0.03
1218.0,249.0,609.0,444.0,3360.0,92.0,118.0,138.0,267.0,59.0,2038.0,43.0,0.0,1.0,28.0,9.0,30.0,7857.0,0.0,1,0,0,0,0,0,0,0,0,0,0,0,0,0,0,0,1,0,0,0,0,0,0,0,0,0,0,0,0,0,0,0,0,0,0,0,0,0,0,0,1,0,0,0,0,0,0,0,0,0,0,0,0,0,0,0,0,0,0,0,0,0,0,0,0,0,0,0,1,1,0.03
1284.0,260.0,419.0,369.0,2577.0,97.0,133.0,113.0,242.0,62.0,2079.0,47.0,19.0,1.0,34.0,4.0,231.0,7726.0,9.0,0,0,0,0,0,0,0,0,1,0,0,0,0,0,0,0,0,0,0,0,0,0,1,0,0,0,0,0,0,0,0,0,0,0,0,0,0,0,0,0,0,0,0,1,0,0,0,0,0,0,0,0,0,0,1,0,0,0,0,0,0,0,0,0,0,0,0,0,0,1,0.03
974.0,230.0,341.0,318.0,2212.0,77.0,146.0,111.0,239.0,64.0,2259.0,51.0,9.0,1.0,621.0,15.0,180.0,7277.0,100.0,0,1,0,0,0,0,0,0,0,0,1,0,0,0,0,0,0,0,0,0,0,0,0,0,0,0,0,0,0,0,0,0,0,0,0,0,0,0,0,0,0,1,0,0,0,0,0,0,0,0,0,0,0,0,1,0,0,0,0,0,0,0,0,0,0,0,0,0,0,1,0.03
974.0,230.0,341.0,318.0,2212.0,77.0,146.0,111.0,239.0,64.0,2259.0,51.0,9.0,1.0,621.0,15.0,180.0,7277.0,100.0,0,1,0,0,0,0,0,0,0,0,1,0,0,0,0,0,0,0,0,0,0,0,0,0,0,0,0,0,0,0,0,0,0,0,0,0,0,0,0,0,0,1,0,0,0,0,0,0,0,0,0,0,0,0,1,0,0,0,0,0,0,0,0,0,0,0,0,0,0,1,0.03
1302.0,271.0,301.0,256.0,1693.0,104.0,132.0,95.0,180.0,65.0,1792.0,44.0,64.0,4.0,106.0,6.0,177.0,7588.0,2.0,0,1,0,0,0,0,0,0,0,0,0,0,0,0,0,0,0,1,0,0,0,0,0,0,0,0,0,0,0,0,0,0,0,0,0,0,0,0,0,0,0,0,0,1,0,0,0,0,0,1,0,0,0,0,0,0,0,0,0,0,0,0,0,0,0,0,0,0,0,1,0.03
1256.0,267.0,295.0,253.0,1678.0,100.0,133.0,97.0,184.0,66.0,1808.0,44.0,51.0,4.0,69.0,5.0,240.0,7673.0,22.0,0,1,0,0,0,0,0,0,0,0,0,0,0,0,0,0,0,1,0,0,0,0,0,0,0,0,0,0,0,0,0,0,0,0,0,0,0,0,0,0,0,0,0,1,0,0,0,0,0,1,0,0,0,0,0,0,0,0,0,0,0,0,0,0,0,0,0,0,0,1,0.03
1213.0,264.0,290.0,251.0,1666.0,97.0,135.0,99.0,187.0,65.0,1835.0,45.0,40.0,4.0,244.0,9.0,150.0,7596.0,17.0,0,1,0,0,0,0,0,0,0,0,0,0,0,0,0,0,0,0,0,0,0,0,0,1,0,0,0,0,0,0,0,0,0,0,0,0,0,0,0,0,0,1,0,0,0,0,0,0,0,1,0,0,0,0,0,0,0,0,0,0,0,0,0,0,0,0,0,0,0,1,0.03
1209.0,264.0,292.0,250.0,1665.0,97.0,135.0,98.0,187.0,65.0,1836.0,44.0,38.0,4.0,297.0,9.0,341.0,8098.0,74.0,0,1,0,0,0,0,0,0,0,0,0,0,0,0,0,0,0,0,0,0,0,0,0,1,0,0,0,0,0,0,0,0,0,0,0,0,0,0,0,0,0,1,0,0,0,0,0,0,0,1,0,0,0,0,0,0,0,0,0,0,0,0,0,0,0,0,0,0,0,1,0.03
1234.0,264.0,300.0,249.0,1672.0,98.0,134.0,97.0,181.0,65.0,1823.0,43.0,41.0,4.0,206.0,20.0,187.0,6815.0,74.0,0,1,0,0,0,0,0,0,0,0,0,0,0,0,0,0,0,0,0,0,0,0,0,1,0,0,0,0,0,0,0,0,0,0,0,0,0,0,0,0,0,1,0,0,0,0,0,0,0,1,0,0,0,0,0,0,0,0,0,0,0,0,0,0,0,0,0,0,0,1,0.03
1228.0,264.0,299.0,248.0,1669.0,98.0,133.0,97.0,183.0,66.0,1821.0,43.0,40.0,4.0,261.0,13.0,7.0,8107.0,87.0,0,1,0,0,0,0,0,0,0,0,0,0,0,0,0,0,0,0,0,0,0,0,0,1,0,0,0,0,0,0,0,0,0,0,0,0,0,0,0,0,0,1,0,0,0,0,0,0,0,1,0,0,0,0,0,0,0,0,0,0,0,0,0,0,0,0,0,0,0,1,0.03
1234.0,264.0,300.0,249.0,1672.0,98.0,134.0,97.0,181.0,65.0,1823.0,43.0,41.0,4.0,206.0,20.0,187.0,6815.0,74.0,0,1,0,0,0,0,0,0,0,0,0,0,0,0,0,0,0,0,0,0,0,0,0,1,0,0,0,0,0,0,0,0,0,0,0,0,0,0,0,0,0,1,0,0,0,0,0,0,0,1,0,0,0,0,0,0,0,0,0,0,0,0,0,0,0,0,0,0,0,1,0.03
1484.0,305.0,11.0,361.0,1209.0,101.0,158.0,81.0,208.0,65.0,1879.0,124.0,687.0,8.0,86.0,3.0,355.0,7783.0,0.0,0,0,1,0,0,0,0,0,0,0,0,0,0,1,0,0,0,0,0,0,0,0,0,0,0,0,0,0,0,0,0,0,0,0,0,1,0,0,0,0,0,0,0,0,0,0,0,0,0,0,0,0,0,1,0,0,0,0,0,0,0,0,0,0,0,0,0,0,0,1,0.03
1484.0,305.0,11.0,361.0,1209.0,101.0,158.0,81.0,208.0,65.0,1879.0,124.0,687.0,8.0,86.0,3.0,355.0,7783.0,0.0,0,0,1,0,0,0,0,0,0,0,0,0,0,1,0,0,0,0,0,0,0,0,0,0,0,0,0,0,0,0,0,0,0,0,0,1,0,0,0,0,0,0,0,0,0,0,0,0,0,0,0,0,0,1,0,0,0,0,0,0,0,0,0,0,0,0,0,0,0,1,0.03
1469.0,305.0,12.0,362.0,1217.0,100.0,158.0,82.0,210.0,65.0,1866.0,123.0,677.0,8.0,98.0,2.0,223.0,7656.0,0.0,0,0,1,0,0,0,0,0,0,0,0,0,0,1,0,0,0,0,0,0,0,0,0,0,0,0,0,0,0,0,0,0,0,0,0,1,0,0,0,0,0,0,0,0,0,0,0,0,0,0,0,0,0,1,0,0,0,0,0,0,0,0,0,0,0,0,0,0,0,1,0.03
1469.0,305.0,12.0,362.0,1217.0,100.0,158.0,82.0,210.0,65.0,1866.0,123.0,677.0,8.0,98.0,2.0,223.0,7656.0,0.0,0,0,1,0,0,0,0,0,0,0,0,0,0,1,0,0,0,0,0,0,0,0,0,0,0,0,0,0,0,0,0,0,0,0,0,1,0,0,0,0,0,0,0,0,0,0,0,0,0,0,0,0,0,1,0,0,0,0,0,0,0,0,0,0,0,0,0,0,0,1,0.03
1392.0,308.0,12.0,370.0,1325.0,96.0,165.0,102.0,233.0,67.0,1783.0,118.0,603.0,8.0,229.0,2.0,10.0,7708.0,3.0,0,0,0,0,1,0,0,0,0,0,0,0,0,0,0,0,0,0,0,0,0,0,0,0,1,0,0,0,0,0,0,0,0,0,0,1,0,0,0,0,0,0,0,0,0,0,0,0,0,0,0,0,0,1,0,0,0,0,0,0,0,0,0,0,0,0,0,0,0,1,0.03
1339.0,305.0,12.0,370.0,1336.0,92.0,167.0,105.0,237.0,67.0,1799.0,117.0,567.0,8.0,259.0,8.0,208.0,7361.0,62.0,0,0,0,1,0,0,0,0,0,0,0,0,0,0,0,0,0,0,0,0,0,0,0,0,1,0,0,0,0,0,0,0,0,0,0,1,0,0,0,0,0,0,0,0,0,0,0,0,0,0,0,0,0,1,0,0,0,0,0,0,0,0,0,0,0,0,0,0,0,1,0.03
1339.0,305.0,12.0,370.0,1336.0,92.0,167.0,105.0,237.0,67.0,1799.0,117.0,567.0,8.0,259.0,8.0,208.0,7361.0,62.0,0,0,0,1,0,0,0,0,0,0,0,0,0,0,0,0,0,0,0,0,0,0,0,0,1,0,0,0,0,0,0,0,0,0,0,1,0,0,0,0,0,0,0,0,0,0,0,0,0,0,0,0,0,1,0,0,0,0,0,0,0,0,0,0,0,0,0,0,0,1,0.03
1362.0,307.0,12.0,369.0,1333.0,94.0,167.0,105.0,236.0,67.0,1814.0,117.0,580.0,8.0,243.0,4.0,231.0,7572.0,42.0,0,0,0,1,0,0,0,0,0,0,0,0,0,0,0,0,0,0,0,0,0,0,0,0,1,0,0,0,0,0,0,0,0,0,1,0,0,0,0,0,0,0,0,0,0,0,0,0,0,0,0,0,0,1,0,0,0,0,0,0,0,0,0,0,0,0,0,0,0,1,0.03
1510.0,324.0,5.0,439.0,1538.0,116.0,174.0,129.0,259.0,69.0,1488.0,122.0,681.0,8.0,201.0,5.0,98.0,7806.0,33.0,0,0,0,0,1,0,0,0,0,0,0,0,0,0,0,0,0,0,0,0,0,0,0,0,1,0,0,0,0,0,0,0,0,0,1,0,0,0,0,0,0,0,0,0,0,0,0,0,1,0,0,0,0,0,0,0,0,0,0,0,0,0,0,0,0,0,0,0,0,1,0.03
1041.0,248.0,330.0,436.0,2415.0,71.0,163.0,178.0,279.0,61.0,2564.0,67.0,32.0,1.0,336.0,7.0,211.0,7237.0,9.0,0,1,0,0,0,0,0,0,0,0,0,0,0,0,0,0,0,1,0,0,0,0,0,0,0,0,0,0,0,0,0,0,0,0,0,0,0,0,0,0,0,0,0,1,0,0,0,0,0,0,0,0,0,0,0,0,0,0,1,0,0,0,0,0,0,0,0,0,0,1,0.03
1131.0,255.0,305.0,393.0,2241.0,76.0,157.0,173.0,222.0,60.0,2512.0,68.0,27.0,1.0,92.0,13.0,173.0,6717.0,16.0,0,1,0,0,0,0,0,0,0,0,0,0,0,0,0,1,0,0,0,0,0,0,0,0,0,0,0,0,0,0,0,0,0,0,0,0,0,0,0,0,0,0,0,1,0,0,0,0,0,0,0,0,0,0,0,0,0,0,1,0,0,0,0,0,0,0,0,0,0,1,0.03
1445.0,298.0,52.0,475.0,1910.0,115.0,127.0,169.0,310.0,71.0,1230.0,102.0,465.0,7.0,122.0,7.0,58.0,7938.0,72.0,0,0,0,0,1,0,0,0,0,0,0,0,0,1,0,0,0,0,0,0,0,0,0,0,0,0,0,0,0,0,0,0,0,0,0,0,1,0,0,0,0,0,0,0,0,0,0,0,0,0,1,0,0,0,0,0,0,0,0,0,0,0,0,0,0,0,0,0,0,1,0.03
1403.0,296.0,51.0,471.0,1899.0,112.0,128.0,168.0,311.0,71.0,1222.0,103.0,450.0,7.0,267.0,13.0,176.0,7291.0,96.0,0,0,0,0,1,0,0,0,0,0,0,0,0,1,0,0,0,0,0,0,0,0,0,0,0,0,0,0,0,0,0,0,0,0,0,0,0,0,0,0,0,1,0,0,0,0,0,0,0,0,1,0,0,0,0,0,0,0,0,0,0,0,0,0,0,0,0,0,0,1,0.03
1451.0,301.0,73.0,483.0,2006.0,114.0,148.0,161.0,319.0,69.0,1387.0,100.0,409.0,7.0,55.0,4.0,111.0,7729.0,29.0,0,0,0,0,1,0,0,0,0,0,0,0,0,1,0,0,0,0,0,0,0,0,0,0,0,0,0,0,0,0,0,0,0,0,1,0,0,0,0,0,0,0,0,0,0,0,0,0,0,0,0,0,0,0,0,0,0,0,0,0,0,1,0,0,0,0,0,0,0,1,0.03
869.0,246.0,52.0,319.0,1480.0,68.0,174.0,104.0,264.0,71.0,1854.0,101.0,226.0,6.0,1128.0,34.0,267.0,7295.0,96.0,0,1,0,0,0,0,0,0,0,0,1,0,0,0,0,0,0,0,0,0,0,0,0,0,0,0,0,0,0,0,0,0,0,0,0,0,0,0,0,0,0,1,0,0,0,0,0,0,0,0,0,0,0,0,0,0,0,0,0,0,0,1,0,0,0,0,0,0,0,1,0.03
1104.0,253.0,309.0,396.0,2276.0,75.0,157.0,172.0,232.0,60.0,2510.0,68.0,26.0,1.0,201.0,15.0,48.0,7777.0,0.0,0,1,0,0,0,0,0,0,0,0,0,0,0,0,0,1,0,0,0,0,0,0,0,0,0,0,0,0,0,0,0,0,0,0,0,0,0,0,0,0,0,0,0,1,0,0,0,0,0,0,0,0,0,0,0,0,0,0,1,0,0,0,0,0,0,0,0,0,0,0,0.0
1523.0,305.0,53.0,416.0,1633.0,125.0,140.0,88.0,255.0,70.0,1254.0,112.0,625.0,8.0,134.0,9.0,233.0,7686.0,13.0,0,0,0,1,0,0,0,0,0,0,0,0,0,0,0,0,0,0,0,0,0,1,0,0,0,0,0,0,0,0,0,0,0,0,1,0,0,0,0,0,0,0,0,0,0,0,0,0,0,0,0,0,0,0,0,0,0,0,0,0,1,0,0,0,0,0,0,0,0,0,0.0
1528.0,305.0,54.0,415.0,1626.0,125.0,140.0,86.0,254.0,69.0,1239.0,112.0,628.0,8.0,100.0,2.0,189.0,7877.0,26.0,0,0,0,1,0,0,0,0,0,0,0,0,0,0,0,0,0,0,0,0,0,1,0,0,0,0,0,0,0,0,0,1,0,0,0,0,0,0,0,0,0,0,0,0,0,0,0,0,0,0,0,0,0,0,0,0,0,0,0,0,1,0,0,0,0,0,0,0,0,0,0.0
1501.0,304.0,54.0,410.0,1614.0,122.0,140.0,86.0,253.0,70.0,1248.0,111.0,613.0,8.0,145.0,5.0,60.0,7944.0,7.0,0,0,0,1,0,0,0,0,0,0,0,0,0,0,0,0,0,0,0,0,0,1,0,0,0,0,0,0,0,0,0,0,0,0,1,0,0,0,0,0,0,0,0,0,0,0,0,0,0,0,0,0,0,0,0,0,0,0,0,0,1,0,0,0,0,0,0,0,0,0,0.0
1465.0,301.0,55.0,401.0,1586.0,119.0,138.0,84.0,250.0,71.0,1250.0,110.0,590.0,8.0,181.0,5.0,4.0,8033.0,0.0,0,0,0,1,0,0,0,0,0,0,0,0,0,0,0,0,0,0,0,0,0,1,0,0,0,0,0,0,0,0,0,1,0,0,0,0,0,0,0,0,0,0,0,0,0,0,0,0,0,0,0,1,0,0,0,0,0,0,0,0,0,0,0,0,0,0,0,0,0,0,0.0
1653.0,291.0,52.0,327.0,1184.0,143.0,115.0,48.0,165.0,67.0,1228.0,114.0,778.0,9.0,15.0,3.0,190.0,7822.0,0.0,0,0,0,1,0,0,0,0,0,0,0,0,1,0,0,0,0,0,0,0,0,0,0,0,0,0,0,0,0,0,0,0,0,0,0,1,0,0,0,0,0,0,0,0,0,0,0,0,0,0,0,1,0,0,0,0,0,0,0,0,0,0,0,0,0,0,0,0,0,0,0.0
1670.0,294.0,52.0,335.0,1216.0,145.0,118.0,52.0,172.0,67.0,1230.0,115.0,784.0,8.0,51.0,8.0,26.0,8001.0,0.0,0,0,0,1,0,0,0,0,0,0,0,0,1,0,0,0,0,0,0,0,0,0,0,0,0,0,0,0,0,0,0,0,0,0,0,0,1,0,0,0,0,0,0,0,0,0,0,0,0,0,0,1,0,0,0,0,0,0,0,0,0,0,0,0,0,0,0,0,0,0,0.0
1533.0,285.0,53.0,318.0,1155.0,132.0,116.0,46.0,162.0,67.0,1264.0,114.0,707.0,8.0,82.0,13.0,272.0,7765.0,17.0,0,0,0,0,1,0,0,0,0,0,0,0,1,0,0,0,0,0,0,0,0,0,0,0,0,0,0,0,0,0,0,0,0,0,1,0,0,0,0,0,0,0,0,0,0,0,0,0,0,0,0,1,0,0,0,0,0,0,0,0,0,0,0,0,0,0,0,0,0,0,0.0
1576.0,286.0,53.0,316.0,1148.0,138.0,116.0,46.0,161.0,67.0,1250.0,114.0,735.0,8.0,91.0,4.0,239.0,7837.0,4.0,0,0,0,0,1,0,0,0,0,0,0,0,1,0,0,0,0,0,0,0,0,0,0,0,0,0,0,0,0,0,0,0,0,0,0,1,0,0,0,0,0,0,0,0,0,0,0,0,0,0,0,1,0,0,0,0,0,0,0,0,0,0,0,0,0,0,0,0,0,0,0.0
1042.0,258.0,65.0,321.0,1338.0,84.0,127.0,65.0,217.0,73.0,1376.0,103.0,338.0,7.0,731.0,6.0,189.0,8019.0,47.0,0,0,1,0,0,0,0,0,0,0,0,0,0,0,0,0,0,0,0,0,0,0,0,0,0,0,1,0,0,0,0,0,0,0,0,0,1,0,0,0,0,0,0,0,0,0,0,0,0,1,0,0,0,0,0,0,0,0,0,0,0,0,0,0,0,0,0,0,0,0,0.0
1621.0,289.0,52.0,321.0,1158.0,141.0,116.0,47.0,162.0,67.0,1254.0,115.0,767.0,9.0,52.0,1.0,41.0,7932.0,0.0,0,0,1,0,0,0,0,0,0,0,0,0,0,0,0,0,0,0,0,0,0,0,0,0,0,1,0,0,0,0,0,0,0,0,0,1,0,0,0,0,0,0,0,0,0,0,0,0,0,0,0,1,0,0,0,0,0,0,0,0,0,0,0,0,0,0,0,0,0,0,0.0
1615.0,289.0,52.0,323.0,1163.0,141.0,117.0,47.0,163.0,67.0,1247.0,115.0,764.0,9.0,67.0,1.0,10.0,7936.0,0.0,0,0,0,1,0,0,0,0,0,0,0,0,0,0,0,0,0,0,0,0,0,0,0,0,0,1,0,0,0,0,0,0,0,0,0,1,0,0,0,0,0,0,0,0,0,0,0,0,0,0,0,1,0,0,0,0,0,0,0,0,0,0,0,0,0,0,0,0,0,0,0.0
1615.0,289.0,52.0,323.0,1163.0,141.0,117.0,47.0,163.0,67.0,1247.0,115.0,764.0,9.0,67.0,1.0,10.0,7936.0,0.0,0,0,0,1,0,0,0,0,0,0,0,0,0,0,0,0,0,0,0,0,0,0,0,0,0,1,0,0,0,0,0,0,0,0,0,1,0,0,0,0,0,0,0,0,0,0,0,0,0,0,0,1,0,0,0,0,0,0,0,0,0,0,0,0,0,0,0,0,0,0,0.0
1525.0,288.0,52.0,334.0,1219.0,132.0,122.0,52.0,177.0,68.0,1271.0,115.0,698.0,8.0,83.0,4.0,290.0,7884.0,9.0,0,0,1,0,0,0,0,0,0,0,0,0,0,0,0,0,0,0,0,0,0,0,0,0,0,0,1,0,0,0,0,0,0,0,0,0,1,0,0,0,0,0,0,0,0,0,0,0,0,1,0,0,0,0,0,0,0,0,0,0,0,0,0,0,0,0,0,0,0,0,0.0
1655.0,291.0,52.0,326.0,1174.0,145.0,118.0,49.0,165.0,67.0,1251.0,115.0,789.0,9.0,51.0,1.0,132.0,7898.0,0.0,1,0,0,0,0,0,0,0,0,0,0,0,0,0,0,0,0,0,0,0,0,0,0,0,0,0,0,1,0,0,0,0,0,0,0,1,0,0,0,0,0,0,0,0,0,0,0,0,0,1,0,0,0,0,0,0,0,0,0,0,0,0,0,0,0,0,0,0,0,0,0.0
1451.0,285.0,54.0,332.0,1228.0,124.0,121.0,52.0,181.0,70.0,1280.0,113.0,646.0,8.0,184.0,3.0,313.0,7969.0,3.0,0,0,1,0,0,0,0,0,0,0,0,0,0,0,0,0,0,0,0,0,0,0,0,0,0,0,1,0,0,0,0,0,0,0,0,0,1,0,0,0,0,0,0,0,0,0,0,0,0,1,0,0,0,0,0,0,0,0,0,0,0,0,0,0,0,0,0,0,0,0,0.0
1606.0,290.0,51.0,329.0,1186.0,140.0,120.0,51.0,170.0,67.0,1269.0,116.0,753.0,8.0,113.0,3.0,40.0,7977.0,0.0,0,0,1,0,0,0,0,0,0,0,0,0,1,0,0,0,0,0,0,0,0,0,0,0,0,0,0,0,0,0,0,0,0,0,0,1,0,0,0,0,0,0,0,0,0,0,0,0,0,1,0,0,0,0,0,0,0,0,0,0,0,0,0,0,0,0,0,0,0,0,0.0
1633.0,290.0,51.0,323.0,1161.0,144.0,119.0,48.0,164.0,67.0,1273.0,116.0,778.0,9.0,66.0,1.0,290.0,7918.0,0.0,0,0,1,0,0,0,0,0,0,0,0,0,0,0,0,0,0,0,0,0,0,0,0,0,0,0,0,1,0,0,0,0,0,0,0,0,0,0,0,0,1,0,0,0,0,0,0,0,0,1,0,0,0,0,0,0,0,0,0,0,0,0,0,0,0,0,0,0,0,0,0.0
1663.0,290.0,57.0,310.0,1137.0,145.0,114.0,46.0,158.0,67.0,1245.0,112.0,786.0,9.0,142.0,5.0,201.0,7635.0,18.0,0,0,0,0,0,0,0,0,1,0,0,0,0,0,0,0,0,0,0,0,0,0,0,0,0,0,0,1,0,0,0,0,0,0,0,0,0,0,0,0,0,0,0,0,0,0,1,0,0,0,0,1,0,0,0,0,0,0,0,0,0,0,0,0,0,0,0,0,0,0,0.0
1645.0,291.0,55.0,322.0,1174.0,145.0,118.0,50.0,167.0,68.0,1249.0,114.0,771.0,9.0,40.0,5.0,295.0,7956.0,0.0,0,0,0,1,0,0,0,0,0,0,0,0,1,0,0,0,0,0,0,0,0,0,0,0,0,0,0,0,0,0,0,0,0,0,0,1,0,0,0,0,0,0,0,0,0,0,0,0,0,1,0,0,0,0,0,0,0,0,0,0,0,0,0,0,0,0,0,0,0,0,0.0
1356.0,279.0,58.0,321.0,1218.0,115.0,121.0,51.0,183.0,70.0,1303.0,110.0,579.0,8.0,281.0,11.0,62.0,7842.0,1.0,0,0,0,0,1,0,0,0,0,0,0,0,0,0,1,0,0,0,0,0,0,0,0,0,0,0,0,0,0,0,0,0,0,0,0,1,0,0,0,0,0,0,0,0,0,0,0,0,0,1,0,0,0,0,0,0,0,0,0,0,0,0,0,0,0,0,0,0,0,0,0.0
1527.0,286.0,53.0,319.0,1169.0,133.0,119.0,49.0,169.0,68.0,1272.0,114.0,703.0,8.0,155.0,15.0,249.0,7621.0,34.0,0,0,0,0,1,0,0,0,0,0,0,0,1,0,0,0,0,0,0,0,0,0,0,0,0,0,0,0,0,0,0,0,0,0,0,0,1,0,0,0,0,0,0,0,0,0,0,0,0,1,0,0,0,0,0,0,0,0,0,0,0,0,0,0,0,0,0,0,0,0,0.0
1451.0,283.0,57.0,318.0,1183.0,125.0,120.0,50.0,173.0,69.0,1285.0,111.0,645.0,8.0,299.0,18.0,123.0,7208.0,40.0,0,0,0,0,0,1,0,0,0,0,0,0,1,0,0,0,0,0,0,0,0,0,0,0,0,0,0,0,0,0,0,0,0,0,1,0,0,0,0,0,0,0,0,0,0,0,0,0,0,1,0,0,0,0,0,0,0,0,0,0,0,0,0,0,0,0,0,0,0,0,0.0
1693.0,292.0,58.0,316.0,1162.0,147.0,116.0,49.0,165.0,67.0,1258.0,112.0,796.0,9.0,142.0,5.0,201.0,7635.0,18.0,0,0,0,1,0,0,0,0,0,0,0,0,0,0,0,0,0,0,0,0,0,0,0,0,0,0,0,1,0,0,0,0,0,0,0,0,0,0,0,0,0,0,0,0,0,0,1,0,0,0,0,0,0,0,0,0,0,0,0,0,0,0,0,0,0,0,0,0,1,0,0.0
1422.0,283.0,58.0,320.0,1207.0,121.0,120.0,51.0,180.0,70.0,1281.0,110.0,620.0,8.0,255.0,11.0,36.0,8066.0,2.0,0,0,0,0,1,0,0,0,0,0,0,0,0,0,1,0,0,0,0,0,0,0,0,0,0,0,0,0,0,0,0,0,0,0,0,0,1,0,0,0,0,0,0,0,0,0,0,0,0,1,0,0,0,0,0,0,0,0,0,0,0,0,0,0,0,0,0,0,0,0,0.0
1404.0,281.0,59.0,319.0,1206.0,119.0,121.0,51.0,180.0,69.0,1293.0,110.0,607.0,8.0,250.0,14.0,331.0,8092.0,47.0,0,0,0,0,1,0,0,0,0,0,0,0,0,0,1,0,0,0,0,0,0,0,0,0,0,0,0,0,0,0,0,0,0,0,1,0,0,0,0,0,0,0,0,0,0,0,0,0,0,1,0,0,0,0,0,0,0,0,0,0,0,0,0,0,0,0,0,0,0,0,0.0
1404.0,281.0,59.0,319.0,1206.0,119.0,121.0,51.0,180.0,69.0,1293.0,110.0,607.0,8.0,250.0,14.0,331.0,8092.0,47.0,0,0,0,0,1,0,0,0,0,0,0,0,0,0,1,0,0,0,0,0,0,0,0,0,0,0,0,0,0,0,0,0,0,0,1,0,0,0,0,0,0,0,0,0,0,0,0,0,0,1,0,0,0,0,0,0,0,0,0,0,0,0,0,0,0,0,0,0,0,0,0.0
1594.0,287.0,57.0,310.0,1136.0,140.0,116.0,47.0,161.0,68.0,1254.0,112.0,741.0,9.0,79.0,2.0,108.0,7900.0,0.0,0,0,0,1,0,0,0,0,0,0,0,0,0,0,0,0,0,0,0,0,0,0,0,0,1,0,0,0,0,0,0,0,0,0,0,1,0,0,0,0,0,0,0,0,0,0,0,0,0,1,0,0,0,0,0,0,0,0,0,0,0,0,0,0,0,0,0,0,0,0,0.0
1424.0,282.0,59.0,317.0,1192.0,121.0,120.0,51.0,177.0,69.0,1260.0,110.0,625.0,8.0,160.0,11.0,284.0,7929.0,55.0,0,0,0,0,1,0,0,0,0,0,0,0,0,0,1,0,0,0,0,0,0,0,0,0,0,0,0,0,0,0,0,0,0,0,1,0,0,0,0,0,0,0,0,0,0,0,0,0,0,1,0,0,0,0,0,0,0,0,0,0,0,0,0,0,0,0,0,0,0,0,0.0
1337.0,278.0,62.0,315.0,1212.0,113.0,121.0,52.0,183.0,70.0,1300.0,108.0,558.0,8.0,178.0,22.0,257.0,7175.0,46.0,0,0,0,0,1,0,0,0,0,0,0,0,0,0,1,0,0,0,0,0,0,0,0,0,0,0,0,0,0,0,0,0,0,0,1,0,0,0,0,0,0,0,0,0,0,0,0,0,0,1,0,0,0,0,0,0,0,0,0,0,0,0,0,0,0,0,0,0,0,0,0.0
1400.0,281.0,59.0,316.0,1196.0,119.0,121.0,51.0,179.0,69.0,1286.0,110.0,605.0,8.0,225.0,15.0,134.0,7613.0,65.0,0,0,0,0,0,1,0,0,0,0,0,0,1,0,0,0,0,0,0,0,0,0,0,0,0,0,0,0,0,0,0,0,0,0,1,0,0,0,0,0,0,0,0,0,0,0,0,0,0,1,0,0,0,0,0,0,0,0,0,0,0,0,0,0,0,0,0,0,0,0,0.0
1676.0,290.0,60.0,307.0,1138.0,148.0,116.0,47.0,161.0,66.0,1252.0,110.0,789.0,9.0,142.0,5.0,201.0,7635.0,18.0,0,0,0,0,0,0,0,1,0,0,0,0,0,0,0,0,0,0,0,0,0,0,0,0,0,0,0,0,0,1,0,0,0,0,0,0,0,0,0,0,0,0,0,0,0,0,1,0,0,1,0,0,0,0,0,0,0,0,0,0,0,0,0,0,0,0,0,0,0,0,0.0
1410.0,282.0,62.0,314.0,1199.0,120.0,120.0,51.0,180.0,70.0,1275.0,109.0,607.0,8.0,263.0,12.0,291.0,7963.0,55.0,0,0,0,0,0,1,0,0,0,0,0,0,1,0,0,0,0,0,0,0,0,0,0,0,0,0,0,0,0,0,0,0,0,0,1,0,0,0,0,0,0,0,0,0,0,0,0,0,0,1,0,0,0,0,0,0,0,0,0,0,0,0,0,0,0,0,0,0,0,0,0.0
1677.0,291.0,61.0,306.0,1143.0,148.0,116.0,48.0,162.0,67.0,1251.0,109.0,782.0,9.0,142.0,5.0,201.0,7635.0,18.0,0,0,0,0,0,0,0,0,1,0,0,0,0,0,0,0,0,0,0,0,0,0,0,0,0,0,0,0,0,1,0,0,0,0,0,0,0,0,0,0,0,0,0,0,0,0,1,0,0,0,0,0,0,0,0,0,0,0,0,0,0,0,0,0,0,0,0,0,1,0,0.0
1145.0,257.0,302.0,392.0,2224.0,77.0,156.0,172.0,218.0,60.0,2493.0,68.0,27.0,1.0,78.0,6.0,11.0,7706.0,0.0,0,1,0,0,0,0,0,0,0,0,0,0,0,0,0,1,0,0,0,0,0,0,0,0,0,0,0,0,0,0,0,0,0,0,0,0,0,0,0,0,0,0,0,1,0,0,0,0,0,0,0,0,0,0,0,0,0,0,1,0,0,0,0,0,0,0,0,0,0,1,0.01
1067.0,247.0,336.0,397.0,2329.0,73.0,156.0,171.0,238.0,59.0,2525.0,64.0,23.0,1.0,211.0,18.0,347.0,8061.0,18.0,0,1,0,0,0,0,0,0,0,0,0,0,0,0,0,1,0,0,0,0,0,0,0,0,0,0,0,0,0,0,0,0,0,0,0,0,0,0,0,0,0,0,0,1,0,0,0,0,0,0,0,0,0,0,0,0,0,0,1,0,0,0,0,0,0,0,0,0,0,1,0.01
1104.0,253.0,309.0,396.0,2276.0,75.0,157.0,172.0,232.0,60.0,2510.0,68.0,26.0,1.0,201.0,15.0,48.0,7777.0,0.0,0,1,0,0,0,0,0,0,0,0,0,0,0,0,0,1,0,0,0,0,0,0,0,0,0,0,0,0,0,0,0,0,0,0,0,0,0,0,0,0,0,0,0,1,0,0,0,0,0,0,0,0,0,0,0,0,0,0,1,0,0,0,0,0,0,0,0,0,0,1,0.04
1145.0,257.0,302.0,392.0,2224.0,77.0,156.0,172.0,218.0,60.0,2493.0,68.0,27.0,1.0,78.0,6.0,11.0,7706.0,0.0,0,1,0,0,0,0,0,0,0,0,0,0,0,0,0,1,0,0,0,0,0,0,0,0,0,0,0,0,0,0,0,0,0,0,0,0,0,0,0,0,0,0,0,1,0,0,0,0,0,0,0,0,0,0,0,0,0,0,1,0,0,0,0,0,0,0,0,0,0,1,0.04
1131.0,255.0,305.0,393.0,2241.0,76.0,157.0,173.0,222.0,60.0,2512.0,68.0,27.0,1.0,92.0,13.0,173.0,6717.0,16.0,0,1,0,0,0,0,0,0,0,0,0,0,0,0,0,1,0,0,0,0,0,0,0,0,0,0,0,0,0,0,0,0,0,0,0,0,0,0,0,0,0,0,0,1,0,0,0,0,0,0,0,0,0,0,0,0,0,0,1,0,0,0,0,0,0,0,0,0,0,1,0.04
