,clim_1_tmin1_jan,clim_2_tmin2_feb,clim_3_tmin3_mar,clim_4_tmin4_apr,clim_5_tmin5_may,clim_6_tmin6_jun,clim_7_tmin7_jul,clim_8_tmin8_aug,clim_9_tmin9_sep,clim_10_tmin10_oct,clim_11_tmin11_nov,clim_12_tmin12_dec,clim_13_tmax1_jan,clim_14_tmax2_feb,clim_15_tmax3_mar,clim_16_tmax4_apr,clim_17_tmax5_may,clim_18_tmax6_jun,clim_19_tmax7_jul,clim_20_tmax8_aug,clim_21_tmax9_sep,clim_22_tmax10_oct,clim_23_tmax11_nov,clim_24_tmax12_dec,clim_25_prec1_jan,clim_26_prec2_feb,clim_27_prec3_mar,clim_28_prec4_apr,clim_29_prec5_may,clim_30_prec6_jun,clim_31_prec7_jul,clim_32_prec8_aug,clim_33_prec9_sep,clim_34_prec10_oct,clim_35_prec11_nov,clim_36_prec12_dec,clim_1_tmin1_jan_old,clim_13_tmax1_jan_old,clim_25_prec1_jan_old
0,199.0,198.0,186.0,160.0,133.0,118.0,109.0,115.0,133.0,180.0,192.0,200.0,316.0,313.0,312.0,307.0,290.0,268.0,260.0,272.0,290.0,315.0,315.0,319.0,133.0,124.0,67.0,17.0,11.0,8.0,4.0,3.0,8.0,53.0,113.0,142.0,156.0,305.0,22.0
1,217.5,218.0,216.0,211.0,194.0,177.0,171.0,170.0,173.0,199.0,210.0,217.0,302.0,303.0,299.0,295.0,285.0,273.0,257.0,256.0,264.0,289.0,298.0,301.0,233.0,218.0,208.0,153.0,91.0,95.0,109.0,123.0,67.0,97.0,183.0,248.0,184.0,276.0,77.0
2,203.0,203.0,192.0,174.0,127.0,113.0,112.0,122.0,136.0,179.0,196.0,203.0,330.0,329.0,323.0,314.0,294.0,267.0,267.0,275.0,299.0,324.0,331.0,331.0,134.5,119.0,95.0,31.0,22.0,30.0,17.0,14.0,18.0,80.0,143.0,150.0,161.0,317.0,30.0
3,203.0,203.0,192.0,174.0,127.0,113.0,112.0,122.0,136.0,179.0,196.0,203.0,330.0,329.0,323.0,314.0,294.0,267.0,267.0,275.0,299.0,324.0,331.0,331.0,134.5,119.0,95.0,31.0,22.0,30.0,17.0,14.0,18.0,80.0,143.0,150.0,161.0,317.0,30.0
4,203.0,203.0,192.0,174.0,127.0,113.0,112.0,122.0,136.0,179.0,196.0,203.0,330.0,329.0,323.0,314.0,294.0,267.0,267.0,275.0,299.0,324.0,331.0,331.0,134.5,119.0,95.0,31.0,22.0,30.0,17.0,14.0,18.0,80.0,143.0,150.0,161.0,317.0,30.0
5,222.5,224.0,217.0,200.0,176.0,156.0,152.0,151.0,167.0,201.0,215.0,221.0,304.0,306.0,299.0,286.0,277.0,256.0,244.0,250.0,259.0,288.0,296.0,302.0,343.0,349.0,289.0,172.0,174.0,148.0,145.0,128.0,84.0,160.0,278.0,337.0,186.0,278.0,109.0
6,222.5,224.0,217.0,200.0,176.0,156.0,152.0,151.0,167.0,201.0,215.0,221.0,304.0,306.0,299.0,286.0,277.0,256.0,244.0,250.0,259.0,288.0,296.0,302.0,343.0,349.0,289.0,172.0,174.0,148.0,145.0,128.0,84.0,160.0,278.0,337.0,186.0,278.0,109.0
7,224.5,226.0,217.0,201.0,179.0,159.0,154.0,152.0,168.0,202.0,217.0,223.0,303.5,305.0,298.0,285.0,276.0,255.0,244.0,249.0,257.0,285.0,294.0,302.0,336.5,337.0,311.0,190.0,183.0,151.0,149.0,128.0,84.0,155.0,265.0,336.0,186.0,275.0,113.0
8,221.0,220.0,208.0,182.0,154.0,141.0,131.0,138.0,153.0,202.0,215.0,222.0,330.5,327.0,326.0,322.0,300.0,279.0,272.0,280.0,293.0,317.0,327.0,334.0,91.0,94.0,41.0,11.0,15.0,9.0,3.0,4.0,8.0,35.0,64.0,88.0,177.0,305.0,16.0
9,219.5,220.0,219.0,213.0,196.0,179.0,173.0,172.0,176.0,201.0,213.0,219.0,304.0,305.0,301.0,297.0,287.0,275.0,259.0,259.0,267.0,291.0,300.0,303.0,238.0,223.0,210.0,155.0,90.0,94.0,108.0,121.0,66.0,97.0,184.0,253.0,187.0,279.0,77.0
10,226.0,227.0,225.0,221.0,189.0,167.0,167.0,177.0,193.0,223.0,225.0,225.0,323.0,324.0,328.0,334.0,334.0,323.0,314.0,324.0,336.0,349.0,337.0,322.0,400.0,331.0,273.0,49.0,5.0,2.0,2.0,7.0,9.0,127.0,253.0,469.0,211.0,348.0,40.0
11,225.0,225.0,225.0,223.0,213.0,197.0,190.0,189.0,194.0,217.0,224.0,225.0,304.0,306.0,302.0,302.0,300.0,287.0,278.0,278.0,281.0,302.0,310.0,302.0,302.0,285.0,186.0,71.0,16.0,21.0,25.0,22.0,12.0,51.0,180.0,319.0,205.0,292.0,18.0
12,199.5,199.0,187.0,161.0,130.0,110.0,102.0,109.0,133.0,182.0,194.0,200.0,329.5,327.0,329.0,324.0,308.0,281.0,278.0,294.0,317.0,344.0,335.0,332.0,154.0,133.0,85.0,19.0,9.0,8.0,3.0,4.0,8.0,59.0,136.0,175.0,158.0,336.0,24.0
13,216.5,216.0,210.0,194.0,162.0,149.0,144.0,147.0,164.0,194.0,209.0,217.0,300.5,300.0,291.0,284.0,269.0,252.0,241.0,244.0,260.0,287.0,295.0,301.0,268.0,258.0,305.0,160.0,144.0,150.0,133.0,140.0,82.0,140.0,227.0,278.0,178.0,273.0,99.0
14,216.5,215.0,210.0,194.0,162.0,150.0,144.0,148.0,164.0,195.0,208.0,218.0,299.0,298.0,290.0,283.0,268.0,252.0,241.0,243.0,259.0,287.0,293.0,300.0,259.5,250.0,295.0,152.0,143.0,148.0,131.0,136.0,81.0,134.0,219.0,269.0,178.0,272.0,96.0
15,230.5,231.0,228.0,221.0,184.0,167.0,166.0,176.0,191.0,222.0,228.0,230.0,313.5,314.0,316.0,320.0,310.0,297.0,293.0,298.0,309.0,323.0,324.0,313.0,339.0,316.0,190.0,37.0,8.0,3.0,3.0,5.0,9.0,72.0,201.0,362.0,209.0,319.0,25.0
16,229.5,232.0,225.0,223.0,187.0,167.0,168.0,180.0,193.0,223.0,226.0,227.0,313.0,314.0,314.0,317.0,304.0,287.0,284.0,294.0,305.0,321.0,323.0,312.0,326.0,291.0,174.0,41.0,7.0,2.0,4.0,5.0,9.0,79.0,207.0,361.0,212.0,315.0,25.0
17,229.5,232.0,225.0,222.0,186.0,166.0,168.0,178.0,193.0,223.0,226.0,227.0,313.5,314.0,314.0,317.0,305.0,287.0,284.0,293.0,305.0,322.0,324.0,313.0,325.5,290.0,175.0,41.0,7.0,2.0,4.0,5.0,9.0,81.0,208.0,361.0,212.0,315.0,26.0
18,228.0,231.0,224.0,221.0,185.0,165.0,167.0,178.0,192.0,222.0,225.0,225.0,312.5,313.0,313.0,316.0,304.0,286.0,283.0,293.0,305.0,321.0,323.0,312.0,326.5,291.0,176.0,42.0,7.0,2.0,4.0,6.0,9.0,82.0,210.0,362.0,211.0,315.0,26.0
19,229.5,232.0,225.0,222.0,186.0,166.0,168.0,178.0,193.0,223.0,226.0,227.0,313.5,314.0,314.0,317.0,305.0,287.0,284.0,293.0,305.0,322.0,324.0,313.0,325.5,290.0,175.0,41.0,7.0,2.0,4.0,5.0,9.0,81.0,208.0,361.0,212.0,315.0,26.0
20,229.5,232.0,225.0,222.0,186.0,166.0,168.0,178.0,193.0,223.0,226.0,227.0,313.5,314.0,314.0,317.0,305.0,287.0,284.0,293.0,305.0,322.0,324.0,313.0,325.5,290.0,175.0,41.0,7.0,2.0,4.0,5.0,9.0,81.0,208.0,361.0,212.0,315.0,26.0
21,213.0,212.0,208.0,195.0,163.0,146.0,142.0,147.0,156.0,195.0,205.0,214.0,299.0,299.0,292.0,284.0,268.0,253.0,240.0,245.0,255.0,289.0,298.0,299.0,388.5,388.0,394.0,143.0,86.0,97.0,102.0,105.0,78.0,172.0,225.0,389.0,175.0,275.0,69.0
22,226.0,227.0,225.0,221.0,189.0,167.0,167.0,177.0,194.0,223.0,224.0,225.0,324.5,326.0,329.0,335.0,334.0,323.0,315.0,325.0,338.0,351.0,338.0,323.0,401.0,327.0,277.0,48.0,5.0,2.0,2.0,8.0,9.0,128.0,259.0,475.0,212.0,350.0,42.0
23,226.0,227.0,225.0,221.0,189.0,167.0,167.0,177.0,194.0,223.0,224.0,225.0,324.5,326.0,329.0,335.0,334.0,323.0,315.0,325.0,338.0,351.0,338.0,323.0,401.0,327.0,277.0,48.0,5.0,2.0,2.0,8.0,9.0,128.0,259.0,475.0,212.0,350.0,42.0
24,219.0,220.0,218.0,214.0,181.0,158.0,159.0,169.0,185.0,215.0,217.0,218.0,317.0,318.0,322.0,327.0,327.0,316.0,307.0,317.0,330.0,343.0,330.0,316.0,392.0,323.0,269.0,53.0,6.0,2.0,2.0,8.0,11.0,132.0,254.0,461.0,204.0,342.0,42.0
25,220.0,221.0,219.0,214.0,182.0,159.0,160.0,170.0,186.0,216.0,217.0,219.0,317.5,319.0,323.0,327.0,328.0,316.0,308.0,318.0,331.0,344.0,330.0,316.0,393.5,324.0,270.0,52.0,6.0,2.0,2.0,8.0,10.0,131.0,255.0,463.0,203.0,342.0,42.0
26,191.0,190.0,179.0,154.0,122.0,100.0,91.0,99.0,123.0,173.0,187.0,192.0,321.0,319.0,322.0,315.0,307.0,279.0,268.0,286.0,310.0,340.0,329.0,323.0,162.0,135.0,103.0,20.0,10.0,8.0,4.0,5.0,8.0,66.0,156.0,189.0,148.0,333.0,26.0
27,222.5,221.0,209.0,181.0,155.0,144.0,134.0,139.0,155.0,203.0,217.0,224.0,330.0,326.0,324.0,320.0,298.0,278.0,271.0,276.0,289.0,313.0,327.0,334.0,80.5,84.0,36.0,10.0,17.0,10.0,4.0,4.0,8.0,32.0,55.0,77.0,177.0,300.0,15.0
28,222.5,221.0,209.0,181.0,155.0,144.0,134.0,139.0,155.0,203.0,217.0,224.0,330.0,326.0,324.0,320.0,298.0,278.0,271.0,276.0,289.0,313.0,327.0,334.0,80.5,84.0,36.0,10.0,17.0,10.0,4.0,4.0,8.0,32.0,55.0,77.0,177.0,300.0,15.0
29,184.5,183.0,173.0,149.0,120.0,100.0,91.0,99.0,120.0,167.0,180.0,186.0,310.5,309.0,311.0,304.0,299.0,273.0,260.0,276.0,300.0,329.0,319.0,312.0,162.0,133.0,99.0,22.0,11.0,8.0,5.0,6.0,8.0,72.0,164.0,191.0,144.0,324.0,27.0
30,219.5,218.0,207.0,182.0,150.0,134.0,124.0,130.0,152.0,201.0,215.0,221.0,339.5,335.0,338.0,332.0,313.0,289.0,279.0,289.0,310.0,339.0,342.0,344.0,108.5,93.0,49.0,16.0,12.0,11.0,4.0,4.0,9.0,48.0,104.0,124.0,179.0,334.0,17.0
31,219.5,218.0,207.0,182.0,150.0,134.0,124.0,130.0,152.0,201.0,215.0,221.0,339.5,335.0,338.0,332.0,313.0,289.0,279.0,289.0,310.0,339.0,342.0,344.0,108.5,93.0,49.0,16.0,12.0,11.0,4.0,4.0,9.0,48.0,104.0,124.0,179.0,334.0,17.0
32,199.5,199.0,187.0,161.0,130.0,110.0,102.0,109.0,133.0,182.0,194.0,200.0,329.5,327.0,329.0,324.0,308.0,281.0,278.0,294.0,317.0,344.0,335.0,332.0,154.0,133.0,85.0,19.0,9.0,8.0,3.0,4.0,8.0,59.0,136.0,175.0,158.0,336.0,24.0
33,215.0,215.0,212.0,200.0,182.0,169.0,166.0,165.0,170.0,194.0,207.0,215.0,292.0,292.0,289.0,281.0,267.0,249.0,232.0,234.0,241.0,275.0,286.0,292.0,342.5,350.0,371.0,284.0,181.0,192.0,182.0,147.0,99.0,111.0,233.0,335.0,177.0,258.0,79.0
34,225.0,225.0,225.0,223.0,213.0,197.0,190.0,189.0,194.0,217.0,224.0,225.0,304.0,306.0,302.0,302.0,300.0,287.0,278.0,278.0,281.0,302.0,310.0,302.0,302.0,285.0,186.0,71.0,16.0,21.0,25.0,22.0,12.0,51.0,180.0,319.0,205.0,292.0,18.0
35,193.0,194.0,186.0,173.0,146.0,130.0,129.0,128.0,134.0,167.0,182.0,192.0,284.0,285.0,282.0,273.0,258.0,239.0,220.0,222.0,234.0,277.0,284.0,283.0,396.5,412.0,403.0,186.0,123.0,148.0,141.0,124.0,93.0,143.0,304.0,381.0,147.0,260.0,66.0
36,162.0,161.0,161.0,153.0,131.0,107.0,103.0,106.0,107.0,140.0,153.0,163.0,279.5,278.0,276.0,273.0,262.0,247.0,222.0,227.0,243.0,283.0,280.0,281.0,300.0,289.0,270.0,117.0,46.0,39.0,35.0,35.0,25.0,105.0,243.0,311.0,122.0,267.0,44.0
37,189.5,190.0,191.0,186.0,173.0,156.0,151.0,152.0,156.0,178.0,186.0,189.0,275.5,277.0,277.0,274.0,267.0,259.0,245.0,246.0,256.0,277.0,278.0,274.0,304.5,287.0,222.0,98.0,22.0,20.0,29.0,22.0,14.0,65.0,217.0,322.0,165.0,268.0,22.0
38,184.0,184.0,185.0,180.0,166.0,149.0,144.0,145.0,149.0,172.0,180.0,184.0,272.0,273.0,273.0,270.0,263.0,255.0,240.0,241.0,253.0,274.0,274.0,271.0,300.0,284.0,225.0,101.0,24.0,21.0,30.0,23.0,15.0,70.0,224.0,316.0,159.0,265.0,24.0
39,217.0,219.0,214.0,209.0,173.0,153.0,153.0,165.0,182.0,211.0,214.0,215.0,307.5,308.0,309.0,312.0,304.0,288.0,284.0,294.0,309.0,323.0,317.0,307.0,334.5,300.0,205.0,54.0,6.0,2.0,4.0,6.0,12.0,109.0,240.0,369.0,200.0,320.0,39.0
40,225.0,225.0,221.0,209.0,190.0,173.0,171.0,169.0,171.0,201.0,215.0,225.0,303.5,303.0,302.0,292.0,278.0,260.0,242.0,244.0,256.0,286.0,297.0,304.0,378.0,388.0,427.0,308.0,219.0,220.0,208.0,182.0,112.0,157.0,258.0,368.0,184.0,272.0,90.0
41,168.5,169.0,162.0,148.0,122.0,104.0,100.0,101.0,108.0,145.0,158.0,168.0,270.0,271.0,267.0,257.0,244.0,223.0,194.0,201.0,220.0,269.0,271.0,269.0,305.5,299.0,233.0,85.0,53.0,64.0,65.0,56.0,42.0,129.0,259.0,312.0,124.0,250.0,46.0
42,169.5,170.0,163.0,149.0,123.0,105.0,102.0,102.0,109.0,147.0,160.0,169.0,272.0,273.0,269.0,258.0,245.0,225.0,196.0,204.0,221.0,271.0,274.0,271.0,305.0,297.0,231.0,84.0,52.0,61.0,62.0,54.0,40.0,130.0,261.0,313.0,125.0,252.0,45.0
43,225.0,225.0,225.0,223.0,213.0,197.0,190.0,189.0,194.0,217.0,224.0,225.0,304.0,306.0,302.0,302.0,300.0,287.0,278.0,278.0,281.0,302.0,310.0,302.0,302.0,285.0,186.0,71.0,16.0,21.0,25.0,22.0,12.0,51.0,180.0,319.0,205.0,292.0,18.0
44,150.0,149.0,148.0,140.0,118.0,94.0,92.0,93.0,94.0,127.0,140.0,151.0,268.0,267.0,264.0,260.0,249.0,233.0,210.0,214.0,232.0,271.0,267.0,269.0,290.0,278.0,268.0,113.0,45.0,38.0,34.0,34.0,25.0,103.0,236.0,302.0,108.0,255.0,43.0
45,222.5,224.0,217.0,200.0,176.0,156.0,152.0,151.0,167.0,201.0,215.0,221.0,304.0,306.0,299.0,286.0,277.0,256.0,244.0,250.0,259.0,288.0,296.0,302.0,343.0,349.0,289.0,172.0,174.0,148.0,145.0,128.0,84.0,160.0,278.0,337.0,186.0,278.0,109.0
46,230.0,229.0,227.0,217.0,199.0,184.0,183.0,182.0,187.0,212.0,223.0,231.0,298.5,298.0,293.0,287.0,273.0,256.0,244.0,243.0,250.0,281.0,292.0,299.0,385.5,403.0,443.0,393.0,272.0,257.0,248.0,187.0,123.0,124.0,251.0,368.0,197.0,266.0,87.0
47,223.5,225.0,216.0,200.0,177.0,156.0,152.0,152.0,167.0,201.0,216.0,222.0,303.5,305.0,299.0,285.0,276.0,255.0,244.0,250.0,258.0,287.0,296.0,302.0,341.5,346.0,292.0,177.0,177.0,149.0,147.0,128.0,84.0,159.0,275.0,337.0,186.0,277.0,110.0
48,199.0,199.0,199.0,193.0,173.0,157.0,148.0,147.0,151.0,177.0,190.0,199.0,295.0,295.0,291.0,287.0,276.0,264.0,240.0,240.0,250.0,281.0,291.0,295.0,278.5,266.0,251.0,168.0,84.0,91.0,104.0,106.0,64.0,100.0,219.0,291.0,161.0,266.0,66.0
49,199.5,199.0,187.0,161.0,130.0,110.0,102.0,109.0,133.0,182.0,194.0,200.0,329.5,327.0,329.0,324.0,308.0,281.0,278.0,294.0,317.0,344.0,335.0,332.0,154.0,133.0,85.0,19.0,9.0,8.0,3.0,4.0,8.0,59.0,136.0,175.0,158.0,336.0,24.0
50,194.5,194.0,182.0,157.0,126.0,106.0,99.0,105.0,129.0,177.0,189.0,195.0,323.5,321.0,322.0,318.0,302.0,277.0,271.0,287.0,311.0,338.0,328.0,326.0,157.0,135.0,88.0,19.0,9.0,8.0,4.0,4.0,8.0,61.0,142.0,179.0,153.0,329.0,25.0
51,219.5,220.0,218.0,212.0,196.0,179.0,174.0,171.0,176.0,200.0,212.0,219.0,303.0,304.0,300.0,294.0,284.0,271.0,257.0,256.0,265.0,288.0,298.0,302.0,235.0,216.0,214.0,172.0,94.0,100.0,119.0,132.0,72.0,90.0,171.0,254.0,186.0,276.0,77.0
52,177.5,177.0,175.0,158.0,133.0,116.0,114.0,115.0,117.0,152.0,166.0,178.0,275.0,275.0,278.0,270.0,256.0,236.0,210.0,219.0,232.0,278.0,281.0,275.0,260.0,261.0,203.0,57.0,27.0,33.0,33.0,30.0,15.0,106.0,198.0,259.0,130.0,258.0,34.0
53,230.5,230.0,225.0,216.0,197.0,181.0,177.0,173.0,179.0,209.0,224.0,231.0,302.5,303.0,299.0,290.0,277.0,259.0,243.0,247.0,257.0,288.0,296.0,302.0,380.5,394.0,499.0,272.0,211.0,240.0,226.0,189.0,122.0,145.0,256.0,367.0,190.0,273.0,89.0
54,230.5,230.0,225.0,215.0,196.0,181.0,177.0,172.0,179.0,209.0,224.0,231.0,303.0,303.0,299.0,290.0,277.0,261.0,244.0,247.0,258.0,289.0,297.0,303.0,380.0,394.0,501.0,268.0,208.0,238.0,222.0,187.0,122.0,145.0,253.0,366.0,190.0,273.0,88.0
55,225.0,225.0,225.0,223.0,213.0,197.0,190.0,189.0,194.0,217.0,224.0,225.0,304.0,306.0,302.0,302.0,300.0,287.0,278.0,278.0,281.0,302.0,310.0,302.0,302.0,285.0,186.0,71.0,16.0,21.0,25.0,22.0,12.0,51.0,180.0,319.0,205.0,292.0,18.0
56,225.0,225.0,221.0,209.0,190.0,174.0,172.0,171.0,173.0,204.0,215.0,225.0,302.5,303.0,302.0,293.0,278.0,261.0,242.0,245.0,254.0,286.0,297.0,302.0,371.0,389.0,407.0,298.0,211.0,207.0,198.0,172.0,110.0,150.0,273.0,353.0,185.0,270.0,93.0
57,227.0,227.0,222.0,211.0,193.0,177.0,175.0,173.0,175.0,205.0,217.0,227.0,302.5,302.0,301.0,292.0,277.0,261.0,242.0,244.0,254.0,284.0,296.0,303.0,373.0,392.0,418.0,312.0,223.0,219.0,210.0,179.0,113.0,150.0,277.0,354.0,188.0,270.0,96.0
58,222.5,221.0,209.0,181.0,155.0,144.0,134.0,139.0,155.0,203.0,217.0,224.0,330.0,326.0,324.0,320.0,298.0,278.0,271.0,276.0,289.0,313.0,327.0,334.0,80.5,84.0,36.0,10.0,17.0,10.0,4.0,4.0,8.0,32.0,55.0,77.0,177.0,300.0,15.0
59,215.0,216.0,214.0,208.0,192.0,174.0,169.0,167.0,172.0,197.0,209.0,214.0,301.0,302.0,298.0,294.0,284.0,272.0,254.0,254.0,264.0,288.0,297.0,300.0,235.5,221.0,209.0,149.0,90.0,93.0,107.0,119.0,66.0,98.0,187.0,250.0,182.0,275.0,76.0
60,236.0,236.0,237.0,235.0,228.0,213.0,204.0,203.0,208.0,230.0,236.0,236.0,310.5,313.0,309.0,308.0,309.0,292.0,286.0,286.0,286.0,308.0,319.0,308.0,299.0,282.0,176.0,60.0,16.0,22.0,22.0,20.0,11.0,46.0,161.0,316.0,219.0,297.0,16.0
61,157.0,157.0,158.0,150.0,129.0,108.0,103.0,106.0,108.0,140.0,151.0,157.0,267.5,267.0,267.0,264.0,255.0,243.0,227.0,231.0,246.0,277.0,270.0,268.0,306.0,293.0,280.0,94.0,29.0,21.0,16.0,15.0,13.0,104.0,264.0,319.0,123.0,267.0,32.0
62,236.0,236.0,237.0,235.0,228.0,213.0,204.0,203.0,208.0,230.0,236.0,236.0,310.5,313.0,309.0,308.0,309.0,292.0,286.0,286.0,286.0,308.0,319.0,308.0,299.0,282.0,176.0,60.0,16.0,22.0,22.0,20.0,11.0,46.0,161.0,316.0,219.0,297.0,16.0
63,223.5,223.0,219.0,207.0,188.0,171.0,169.0,167.0,169.0,199.0,213.0,224.0,302.0,302.0,301.0,291.0,276.0,259.0,240.0,242.0,253.0,284.0,295.0,302.0,372.0,383.0,415.0,293.0,207.0,209.0,199.0,174.0,107.0,154.0,260.0,361.0,181.0,269.0,89.0
64,220.0,220.0,217.0,205.0,184.0,168.0,164.0,162.0,164.0,196.0,210.0,220.0,301.0,301.0,303.0,291.0,278.0,258.0,237.0,240.0,252.0,285.0,296.0,301.0,365.5,374.0,402.0,257.0,178.0,185.0,176.0,155.0,95.0,151.0,254.0,357.0,176.0,269.0,81.0
65,228.0,228.0,223.0,212.0,194.0,178.0,176.0,174.0,176.0,206.0,218.0,228.0,303.5,303.0,302.0,293.0,278.0,261.0,243.0,245.0,255.0,285.0,297.0,304.0,374.0,393.0,420.0,314.0,225.0,221.0,212.0,181.0,114.0,150.0,278.0,355.0,189.0,271.0,96.0
66,192.5,193.0,193.0,189.0,176.0,158.0,154.0,154.0,159.0,182.0,189.0,192.0,278.0,279.0,279.0,276.0,269.0,261.0,247.0,248.0,259.0,280.0,280.0,277.0,306.5,289.0,221.0,97.0,21.0,20.0,28.0,21.0,14.0,64.0,216.0,324.0,167.0,270.0,21.0
67,195.5,195.0,186.0,169.0,124.0,108.0,108.0,119.0,133.0,173.0,190.0,196.0,318.5,317.0,311.0,301.0,283.0,256.0,256.0,264.0,288.0,313.0,322.0,320.0,154.5,130.0,101.0,33.0,17.0,22.0,14.0,12.0,19.0,93.0,168.0,179.0,159.0,307.0,30.0
68,164.0,164.0,162.0,144.0,121.0,105.0,102.0,103.0,105.0,138.0,152.0,164.0,263.0,264.0,266.0,258.0,246.0,225.0,195.0,207.0,221.0,270.0,270.0,262.0,245.5,246.0,195.0,45.0,21.0,29.0,30.0,28.0,12.0,105.0,190.0,245.0,115.0,247.0,33.0
69,227.5,227.0,222.0,213.0,192.0,176.0,174.0,172.0,174.0,204.0,218.0,228.0,303.5,303.0,300.0,291.0,276.0,258.0,243.0,245.0,256.0,287.0,297.0,304.0,386.0,391.0,450.0,326.0,235.0,242.0,235.0,198.0,119.0,160.0,271.0,381.0,186.0,272.0,96.0
70,227.0,226.0,221.0,209.0,186.0,170.0,167.0,163.0,173.0,206.0,218.0,228.0,297.0,297.0,293.0,286.0,272.0,252.0,246.0,246.0,256.0,285.0,295.0,297.0,372.0,378.0,415.0,255.0,208.0,202.0,162.0,140.0,103.0,131.0,239.0,366.0,189.0,270.0,72.0
71,223.5,223.0,219.0,208.0,188.0,172.0,169.0,166.0,169.0,199.0,214.0,224.0,302.5,302.0,302.0,291.0,278.0,260.0,241.0,243.0,255.0,287.0,297.0,303.0,376.5,385.0,426.0,289.0,205.0,210.0,199.0,174.0,107.0,156.0,257.0,368.0,181.0,272.0,87.0
72,177.5,176.0,166.0,142.0,116.0,98.0,90.0,97.0,115.0,160.0,172.0,179.0,297.5,295.0,295.0,290.0,281.0,256.0,245.0,260.0,283.0,309.0,301.0,300.0,165.5,142.0,93.0,22.0,10.0,8.0,4.0,4.0,8.0,70.0,161.0,189.0,138.0,302.0,27.0
73,216.5,218.0,213.0,209.0,173.0,153.0,153.0,165.0,181.0,211.0,214.0,215.0,306.5,307.0,308.0,312.0,304.0,288.0,284.0,294.0,309.0,322.0,317.0,306.0,334.5,300.0,205.0,54.0,7.0,2.0,4.0,6.0,12.0,109.0,239.0,369.0,200.0,319.0,39.0
74,221.0,223.0,218.0,214.0,177.0,157.0,159.0,170.0,185.0,214.0,218.0,219.0,308.0,309.0,310.0,314.0,305.0,288.0,285.0,294.0,308.0,322.0,319.0,307.0,338.0,305.0,203.0,50.0,7.0,2.0,4.0,6.0,12.0,100.0,232.0,371.0,204.0,318.0,35.0
75,184.0,184.0,185.0,180.0,166.0,149.0,144.0,145.0,149.0,172.0,180.0,184.0,272.0,273.0,273.0,270.0,263.0,255.0,240.0,241.0,253.0,274.0,274.0,271.0,300.0,284.0,225.0,101.0,24.0,21.0,30.0,23.0,15.0,70.0,224.0,316.0,159.0,265.0,24.0
76,217.0,219.0,214.0,209.0,173.0,153.0,153.0,165.0,182.0,211.0,214.0,215.0,307.5,308.0,309.0,312.0,304.0,288.0,284.0,294.0,309.0,323.0,317.0,307.0,334.5,300.0,205.0,54.0,6.0,2.0,4.0,6.0,12.0,109.0,240.0,369.0,200.0,320.0,39.0
77,225.0,225.0,221.0,209.0,190.0,173.0,171.0,169.0,171.0,201.0,215.0,225.0,303.5,303.0,302.0,292.0,278.0,260.0,242.0,244.0,256.0,286.0,297.0,304.0,378.0,388.0,427.0,308.0,219.0,220.0,208.0,182.0,112.0,157.0,258.0,368.0,184.0,272.0,90.0
78,219.5,220.0,219.0,213.0,196.0,179.0,173.0,172.0,176.0,201.0,213.0,219.0,304.0,305.0,301.0,297.0,287.0,275.0,259.0,259.0,267.0,291.0,300.0,303.0,238.0,223.0,210.0,155.0,90.0,94.0,108.0,121.0,66.0,97.0,184.0,253.0,187.0,279.0,77.0
79,227.5,228.0,226.0,222.0,209.0,190.0,185.0,187.0,192.0,219.0,224.0,227.0,308.0,309.0,307.0,310.0,307.0,298.0,283.0,285.0,293.0,313.0,314.0,307.0,289.5,282.0,200.0,120.0,39.0,35.0,38.0,37.0,26.0,77.0,227.0,297.0,204.0,305.0,37.0
80,230.5,230.0,225.0,216.0,197.0,181.0,177.0,173.0,179.0,209.0,224.0,231.0,302.5,303.0,299.0,290.0,277.0,259.0,243.0,247.0,257.0,288.0,296.0,302.0,380.5,394.0,499.0,272.0,211.0,240.0,226.0,189.0,122.0,145.0,256.0,367.0,190.0,273.0,89.0
81,222.5,221.0,209.0,181.0,155.0,144.0,134.0,139.0,155.0,203.0,217.0,224.0,330.0,326.0,324.0,320.0,298.0,278.0,271.0,276.0,289.0,313.0,327.0,334.0,80.5,84.0,36.0,10.0,17.0,10.0,4.0,4.0,8.0,32.0,55.0,77.0,177.0,300.0,15.0
82,223.5,223.0,219.0,207.0,188.0,171.0,169.0,167.0,169.0,199.0,213.0,224.0,302.0,302.0,301.0,291.0,276.0,259.0,240.0,242.0,253.0,284.0,295.0,302.0,372.0,383.0,415.0,293.0,207.0,209.0,199.0,174.0,107.0,154.0,260.0,361.0,181.0,269.0,89.0
83,229.5,232.0,225.0,222.0,186.0,166.0,168.0,178.0,193.0,223.0,226.0,227.0,313.5,314.0,314.0,317.0,305.0,287.0,284.0,293.0,305.0,322.0,324.0,313.0,325.5,290.0,175.0,41.0,7.0,2.0,4.0,5.0,9.0,81.0,208.0,361.0,212.0,315.0,26.0
84,228.0,231.0,224.0,221.0,185.0,165.0,167.0,178.0,192.0,222.0,225.0,225.0,312.5,313.0,313.0,316.0,304.0,286.0,283.0,293.0,305.0,321.0,323.0,312.0,326.5,291.0,176.0,42.0,7.0,2.0,4.0,6.0,9.0,82.0,210.0,362.0,211.0,315.0,26.0
85,174.5,173.0,163.0,138.0,114.0,96.0,89.0,94.0,113.0,157.0,169.0,176.0,293.0,291.0,291.0,286.0,277.0,253.0,241.0,255.0,279.0,304.0,296.0,295.0,165.5,142.0,93.0,22.0,10.0,8.0,4.0,5.0,8.0,71.0,164.0,189.0,135.0,298.0,27.0
86,229.5,232.0,225.0,223.0,187.0,167.0,168.0,180.0,193.0,223.0,226.0,227.0,313.0,314.0,314.0,317.0,304.0,287.0,284.0,294.0,305.0,321.0,323.0,312.0,326.0,291.0,174.0,41.0,7.0,2.0,4.0,5.0,9.0,79.0,207.0,361.0,212.0,315.0,25.0
87,228.0,228.0,228.0,226.0,218.0,202.0,193.0,193.0,199.0,221.0,228.0,228.0,306.0,308.0,304.0,304.0,303.0,289.0,280.0,280.0,283.0,304.0,313.0,304.0,301.0,284.0,181.0,65.0,16.0,22.0,24.0,21.0,12.0,50.0,173.0,318.0,208.0,294.0,17.0
88,216.0,218.0,213.0,209.0,172.0,152.0,153.0,165.0,180.0,209.0,213.0,214.0,304.5,305.0,307.0,311.0,301.0,285.0,281.0,291.0,305.0,319.0,315.0,304.0,335.5,301.0,203.0,52.0,7.0,2.0,4.0,6.0,12.0,105.0,237.0,370.0,198.0,315.0,37.0
89,227.5,228.0,226.0,222.0,209.0,190.0,185.0,187.0,192.0,219.0,224.0,227.0,308.0,309.0,307.0,310.0,307.0,298.0,283.0,285.0,293.0,313.0,314.0,307.0,289.5,282.0,200.0,120.0,39.0,35.0,38.0,37.0,26.0,77.0,227.0,297.0,204.0,305.0,37.0
90,227.0,227.0,228.0,223.0,207.0,194.0,183.0,185.0,194.0,219.0,224.0,227.0,301.5,302.0,308.0,310.0,302.0,292.0,286.0,288.0,298.0,310.0,307.0,301.0,436.5,398.0,275.0,111.0,35.0,18.0,14.0,20.0,25.0,169.0,310.0,475.0,208.0,307.0,60.0
91,216.5,218.0,213.0,209.0,173.0,153.0,153.0,165.0,181.0,211.0,214.0,215.0,306.5,307.0,308.0,312.0,304.0,288.0,284.0,294.0,309.0,322.0,317.0,306.0,334.5,300.0,205.0,54.0,7.0,2.0,4.0,6.0,12.0,109.0,239.0,369.0,200.0,319.0,39.0
92,224.5,224.0,219.0,209.0,188.0,173.0,170.0,168.0,170.0,201.0,214.0,225.0,301.5,301.0,300.0,291.0,276.0,258.0,239.0,242.0,253.0,285.0,295.0,302.0,375.5,385.0,424.0,302.0,215.0,218.0,209.0,181.0,110.0,156.0,262.0,366.0,182.0,269.0,90.0
93,219.0,219.0,213.0,191.0,161.0,144.0,138.0,140.0,152.0,194.0,211.0,219.0,318.0,318.0,315.0,308.0,294.0,269.0,258.0,262.0,278.0,304.0,315.0,318.0,124.0,114.0,121.0,46.0,66.0,79.0,59.0,51.0,38.0,70.0,108.0,134.0,172.0,293.0,41.0
94,225.0,225.0,220.0,208.0,185.0,167.0,164.0,159.0,169.0,203.0,215.0,225.0,296.5,297.0,291.0,283.0,269.0,249.0,244.0,244.0,254.0,285.0,295.0,296.0,367.0,369.0,404.0,247.0,208.0,203.0,158.0,145.0,101.0,146.0,233.0,365.0,186.0,268.0,77.0
95,226.5,227.0,222.0,211.0,192.0,176.0,174.0,173.0,175.0,206.0,217.0,226.0,303.0,303.0,302.0,293.0,277.0,261.0,243.0,245.0,254.0,286.0,297.0,303.0,372.5,391.0,414.0,306.0,218.0,214.0,205.0,176.0,112.0,150.0,275.0,354.0,187.0,270.0,95.0
96,224.5,224.0,219.0,209.0,188.0,173.0,170.0,168.0,170.0,201.0,214.0,225.0,301.5,301.0,300.0,291.0,276.0,258.0,239.0,242.0,253.0,285.0,295.0,302.0,375.5,385.0,424.0,302.0,215.0,218.0,209.0,181.0,110.0,156.0,262.0,366.0,182.0,269.0,90.0
97,207.5,207.0,200.0,180.0,143.0,128.0,123.0,129.0,143.0,183.0,200.0,208.0,317.0,316.0,312.0,304.0,287.0,263.0,256.0,262.0,282.0,309.0,316.0,318.0,162.5,153.0,152.0,51.0,54.0,69.0,47.0,43.0,35.0,87.0,145.0,172.0,164.0,298.0,46.0
98,223.0,224.0,216.0,200.0,177.0,156.0,152.0,151.0,167.0,201.0,216.0,222.0,304.0,306.0,299.0,286.0,277.0,255.0,244.0,250.0,259.0,287.0,296.0,302.0,342.5,348.0,289.0,174.0,176.0,148.0,146.0,128.0,84.0,160.0,277.0,337.0,186.0,278.0,110.0
99,223.0,224.0,216.0,200.0,177.0,156.0,152.0,151.0,167.0,201.0,216.0,222.0,304.0,306.0,299.0,286.0,277.0,255.0,244.0,250.0,259.0,287.0,296.0,302.0,342.5,348.0,289.0,174.0,176.0,148.0,146.0,128.0,84.0,160.0,277.0,337.0,186.0,278.0,110.0
100,195.0,194.0,188.0,171.0,140.0,126.0,123.0,126.0,139.0,173.0,187.0,196.0,286.5,286.0,279.0,272.0,257.0,236.0,226.0,230.0,248.0,275.0,282.0,287.0,204.5,194.0,193.0,92.0,87.0,92.0,80.0,79.0,55.0,112.0,182.0,215.0,155.0,263.0,68.0
101,227.0,227.0,228.0,223.0,207.0,194.0,183.0,185.0,194.0,219.0,224.0,227.0,301.5,302.0,308.0,310.0,302.0,292.0,286.0,288.0,298.0,310.0,307.0,301.0,436.5,398.0,275.0,111.0,35.0,18.0,14.0,20.0,25.0,169.0,310.0,475.0,208.0,307.0,60.0
102,226.5,226.0,220.0,209.0,187.0,172.0,170.0,167.0,174.0,205.0,219.0,227.0,301.5,302.0,300.0,291.0,279.0,263.0,248.0,249.0,257.0,286.0,297.0,301.0,384.0,408.0,493.0,248.0,190.0,227.0,189.0,170.0,119.0,136.0,238.0,360.0,186.0,273.0,77.0
103,215.5,216.0,215.0,209.0,192.0,175.0,169.0,167.0,172.0,197.0,209.0,215.0,301.0,302.0,298.0,295.0,284.0,272.0,255.0,255.0,264.0,289.0,297.0,300.0,236.5,222.0,210.0,150.0,89.0,93.0,106.0,119.0,65.0,99.0,187.0,251.0,182.0,276.0,75.0
104,234.0,234.0,234.0,233.0,225.0,210.0,200.0,201.0,205.0,226.0,234.0,234.0,309.0,312.0,307.0,307.0,306.0,290.0,283.0,284.0,285.0,306.0,316.0,306.0,300.5,283.0,178.0,61.0,16.0,22.0,22.0,20.0,11.0,46.0,162.0,318.0,216.0,296.0,16.0
105,195.0,195.0,183.0,158.0,127.0,107.0,99.0,107.0,130.0,178.0,190.0,195.0,325.0,322.0,324.0,319.0,304.0,278.0,273.0,290.0,314.0,340.0,330.0,328.0,158.5,136.0,88.0,19.0,9.0,8.0,4.0,4.0,8.0,61.0,142.0,181.0,155.0,332.0,25.0
106,218.0,219.0,217.0,211.0,194.0,177.0,172.0,170.0,174.0,200.0,211.0,217.0,302.5,304.0,299.0,295.0,285.0,273.0,257.0,257.0,264.0,289.0,299.0,301.0,233.5,218.0,209.0,155.0,91.0,95.0,110.0,123.0,67.0,97.0,181.0,249.0,185.0,277.0,77.0
107,227.0,227.0,222.0,211.0,193.0,177.0,174.0,173.0,176.0,205.0,217.0,227.0,302.5,302.0,301.0,292.0,277.0,261.0,242.0,244.0,254.0,285.0,297.0,303.0,372.5,391.0,417.0,310.0,221.0,218.0,209.0,179.0,113.0,150.0,276.0,354.0,188.0,270.0,95.0
108,221.0,221.0,221.0,218.0,206.0,189.0,182.0,183.0,188.0,212.0,219.0,221.0,302.0,303.0,301.0,301.0,298.0,289.0,275.0,276.0,283.0,303.0,307.0,301.0,297.0,280.0,195.0,93.0,22.0,24.0,31.0,27.0,17.0,60.0,205.0,314.0,199.0,294.0,23.0
109,144.5,143.0,143.0,135.0,113.0,90.0,88.0,89.0,89.0,122.0,136.0,146.0,262.0,261.0,259.0,254.0,244.0,228.0,205.0,209.0,227.0,266.0,261.0,263.0,287.0,274.0,267.0,111.0,44.0,37.0,34.0,34.0,25.0,103.0,236.0,300.0,103.0,250.0,43.0
110,223.0,224.0,216.0,199.0,177.0,156.0,152.0,151.0,166.0,201.0,215.0,222.0,303.5,305.0,298.0,284.0,277.0,254.0,243.0,249.0,257.0,287.0,295.0,302.0,341.5,346.0,292.0,179.0,178.0,150.0,147.0,129.0,85.0,159.0,275.0,337.0,185.0,276.0,111.0
111,226.0,226.0,226.0,224.0,215.0,200.0,192.0,191.0,197.0,219.0,225.0,226.0,304.5,307.0,303.0,303.0,301.0,288.0,279.0,279.0,282.0,303.0,311.0,302.0,299.5,282.0,183.0,68.0,16.0,21.0,25.0,22.0,12.0,51.0,177.0,317.0,207.0,293.0,18.0
112,195.0,195.0,183.0,158.0,127.0,107.0,99.0,107.0,130.0,178.0,190.0,195.0,325.0,322.0,324.0,319.0,304.0,278.0,273.0,290.0,314.0,340.0,330.0,328.0,158.5,136.0,88.0,19.0,9.0,8.0,4.0,4.0,8.0,61.0,142.0,181.0,155.0,332.0,25.0
113,222.5,224.0,217.0,200.0,176.0,156.0,152.0,151.0,167.0,201.0,215.0,221.0,304.0,306.0,299.0,286.0,277.0,256.0,244.0,250.0,259.0,288.0,296.0,302.0,343.0,349.0,289.0,172.0,174.0,148.0,145.0,128.0,84.0,160.0,278.0,337.0,186.0,278.0,109.0
114,225.0,226.0,217.0,201.0,179.0,159.0,154.0,152.0,168.0,202.0,217.0,224.0,303.5,305.0,298.0,285.0,276.0,255.0,244.0,249.0,258.0,285.0,295.0,302.0,337.0,338.0,309.0,189.0,183.0,151.0,149.0,128.0,84.0,156.0,265.0,336.0,186.0,275.0,113.0
115,224.0,223.0,220.0,208.0,183.0,165.0,160.0,158.0,168.0,202.0,214.0,225.0,298.0,298.0,292.0,284.0,268.0,251.0,243.0,245.0,254.0,286.0,295.0,298.0,359.0,369.0,384.0,235.0,201.0,188.0,154.0,142.0,99.0,151.0,229.0,349.0,184.0,267.0,83.0
116,207.5,207.0,200.0,180.0,143.0,128.0,123.0,129.0,143.0,183.0,200.0,208.0,317.0,316.0,312.0,304.0,287.0,263.0,256.0,262.0,282.0,309.0,316.0,318.0,162.5,153.0,152.0,51.0,54.0,69.0,47.0,43.0,35.0,87.0,145.0,172.0,164.0,298.0,46.0
117,226.5,227.0,229.0,224.0,210.0,190.0,183.0,187.0,194.0,221.0,224.0,226.0,308.0,309.0,311.0,313.0,310.0,303.0,292.0,295.0,304.0,322.0,319.0,307.0,397.0,385.0,258.0,104.0,19.0,19.0,18.0,17.0,14.0,85.0,252.0,409.0,208.0,317.0,29.0
118,225.0,224.0,220.0,209.0,185.0,166.0,163.0,160.0,170.0,203.0,216.0,226.0,297.0,297.0,291.0,285.0,269.0,249.0,244.0,245.0,255.0,285.0,295.0,297.0,366.5,369.0,402.0,246.0,207.0,202.0,157.0,144.0,101.0,146.0,232.0,364.0,186.0,268.0,78.0
119,214.0,213.0,202.0,175.0,147.0,133.0,123.0,130.0,147.0,196.0,208.0,215.0,327.0,324.0,323.0,319.0,299.0,277.0,270.0,280.0,294.0,320.0,326.0,330.0,104.5,103.0,48.0,13.0,13.0,8.0,3.0,4.0,8.0,41.0,79.0,106.0,170.0,308.0,18.0
120,228.0,229.0,225.0,219.0,187.0,165.0,161.0,172.0,185.0,220.0,226.0,227.0,315.0,317.0,317.0,327.0,321.0,310.0,307.0,313.0,324.0,335.0,328.0,313.0,377.0,389.0,194.0,52.0,7.0,2.0,2.0,5.0,8.0,82.0,190.0,365.0,204.0,333.0,23.0
121,197.5,197.0,187.0,171.0,122.0,105.0,106.0,120.0,135.0,174.0,192.0,198.0,328.5,327.0,321.0,311.0,293.0,262.0,266.0,276.0,303.0,322.0,333.0,330.0,150.0,117.0,105.0,31.0,17.0,17.0,11.0,9.0,14.0,95.0,178.0,183.0,162.0,321.0,27.0
122,202.5,202.0,192.0,176.0,126.0,107.0,108.0,122.0,137.0,179.0,197.0,203.0,335.0,333.0,328.0,317.0,298.0,268.0,273.0,282.0,307.0,329.0,339.0,337.0,148.5,120.0,106.0,31.0,17.0,20.0,12.0,10.0,15.0,90.0,168.0,177.0,166.0,326.0,27.0
123,224.5,224.0,220.0,208.0,185.0,166.0,162.0,159.0,169.0,203.0,215.0,225.0,297.0,298.0,292.0,283.0,269.0,249.0,243.0,245.0,254.0,285.0,295.0,296.0,365.0,369.0,398.0,244.0,207.0,200.0,157.0,144.0,101.0,148.0,232.0,361.0,186.0,268.0,79.0
124,227.5,227.0,221.0,210.0,186.0,170.0,167.0,164.0,174.0,206.0,219.0,228.0,296.5,297.0,292.0,286.0,271.0,252.0,244.0,246.0,256.0,283.0,295.0,296.0,371.0,379.0,415.0,260.0,215.0,206.0,167.0,143.0,105.0,130.0,238.0,363.0,189.0,268.0,73.0
125,156.5,156.0,155.0,137.0,114.0,99.0,95.0,96.0,98.0,131.0,145.0,157.0,255.0,256.0,259.0,251.0,239.0,217.0,187.0,200.0,214.0,263.0,263.0,254.0,244.5,244.0,197.0,43.0,21.0,30.0,31.0,29.0,13.0,107.0,192.0,245.0,109.0,240.0,34.0
126,199.5,199.0,187.0,161.0,130.0,110.0,102.0,109.0,133.0,182.0,194.0,200.0,329.5,327.0,329.0,324.0,308.0,281.0,278.0,294.0,317.0,344.0,335.0,332.0,154.0,133.0,85.0,19.0,9.0,8.0,3.0,4.0,8.0,59.0,136.0,175.0,158.0,336.0,24.0
127,156.5,156.0,155.0,137.0,114.0,99.0,95.0,96.0,98.0,131.0,145.0,157.0,255.0,256.0,259.0,251.0,239.0,217.0,187.0,200.0,214.0,263.0,263.0,254.0,244.5,244.0,197.0,43.0,21.0,30.0,31.0,29.0,13.0,107.0,192.0,245.0,109.0,240.0,34.0
128,194.5,194.0,182.0,157.0,126.0,106.0,99.0,105.0,129.0,177.0,189.0,195.0,323.5,321.0,322.0,318.0,302.0,277.0,271.0,287.0,311.0,338.0,328.0,326.0,157.0,135.0,88.0,19.0,9.0,8.0,4.0,4.0,8.0,61.0,142.0,179.0,153.0,329.0,25.0
129,164.0,164.0,162.0,144.0,121.0,105.0,102.0,103.0,105.0,138.0,152.0,164.0,263.0,264.0,266.0,258.0,246.0,225.0,195.0,207.0,221.0,270.0,270.0,262.0,245.5,246.0,195.0,45.0,21.0,29.0,30.0,28.0,12.0,105.0,190.0,245.0,115.0,247.0,33.0
130,177.5,177.0,175.0,158.0,133.0,116.0,114.0,115.0,117.0,152.0,166.0,178.0,275.0,275.0,278.0,270.0,256.0,236.0,210.0,219.0,232.0,278.0,281.0,275.0,260.0,261.0,203.0,57.0,27.0,33.0,33.0,30.0,15.0,106.0,198.0,259.0,130.0,258.0,34.0
131,199.5,199.0,189.0,173.0,123.0,106.0,106.0,120.0,135.0,175.0,194.0,200.0,331.5,330.0,324.0,313.0,295.0,264.0,269.0,278.0,304.0,325.0,336.0,333.0,151.0,119.0,107.0,32.0,17.0,18.0,11.0,9.0,14.0,94.0,176.0,183.0,164.0,324.0,27.0
132,215.0,215.0,212.0,200.0,182.0,169.0,166.0,165.0,170.0,194.0,207.0,215.0,292.0,292.0,289.0,281.0,267.0,249.0,232.0,234.0,241.0,275.0,286.0,292.0,342.5,350.0,371.0,284.0,181.0,192.0,182.0,147.0,99.0,111.0,233.0,335.0,177.0,258.0,79.0
133,220.0,220.0,217.0,205.0,184.0,168.0,164.0,162.0,164.0,196.0,210.0,220.0,301.0,301.0,303.0,291.0,278.0,258.0,237.0,240.0,252.0,285.0,296.0,301.0,365.5,374.0,402.0,257.0,178.0,185.0,176.0,155.0,95.0,151.0,254.0,357.0,176.0,269.0,81.0
134,220.0,220.0,217.0,205.0,184.0,168.0,164.0,162.0,164.0,196.0,210.0,220.0,301.0,301.0,303.0,291.0,278.0,258.0,237.0,240.0,252.0,285.0,296.0,301.0,365.5,374.0,402.0,257.0,178.0,185.0,176.0,155.0,95.0,151.0,254.0,357.0,176.0,269.0,81.0
135,192.5,193.0,193.0,189.0,176.0,158.0,154.0,154.0,159.0,182.0,189.0,192.0,278.0,279.0,279.0,276.0,269.0,261.0,247.0,248.0,259.0,280.0,280.0,277.0,306.5,289.0,221.0,97.0,21.0,20.0,28.0,21.0,14.0,64.0,216.0,324.0,167.0,270.0,21.0
136,216.5,218.0,213.0,209.0,173.0,153.0,153.0,165.0,181.0,211.0,214.0,215.0,306.5,307.0,308.0,312.0,304.0,288.0,284.0,294.0,309.0,322.0,317.0,306.0,334.5,300.0,205.0,54.0,7.0,2.0,4.0,6.0,12.0,109.0,239.0,369.0,200.0,319.0,39.0
137,221.0,223.0,218.0,214.0,177.0,157.0,159.0,170.0,185.0,214.0,218.0,219.0,308.0,309.0,310.0,314.0,305.0,288.0,285.0,294.0,308.0,322.0,319.0,307.0,338.0,305.0,203.0,50.0,7.0,2.0,4.0,6.0,12.0,100.0,232.0,371.0,204.0,318.0,35.0
138,192.5,193.0,193.0,189.0,176.0,158.0,154.0,154.0,159.0,182.0,189.0,192.0,278.0,279.0,279.0,276.0,269.0,261.0,247.0,248.0,259.0,280.0,280.0,277.0,306.5,289.0,221.0,97.0,21.0,20.0,28.0,21.0,14.0,64.0,216.0,324.0,167.0,270.0,21.0
139,223.5,223.0,219.0,207.0,188.0,171.0,169.0,167.0,169.0,199.0,213.0,224.0,302.0,302.0,301.0,291.0,276.0,259.0,240.0,242.0,253.0,284.0,295.0,302.0,372.0,383.0,415.0,293.0,207.0,209.0,199.0,174.0,107.0,154.0,260.0,361.0,181.0,269.0,89.0
140,228.0,228.0,228.0,226.0,218.0,202.0,193.0,193.0,199.0,221.0,228.0,228.0,306.0,308.0,304.0,304.0,303.0,289.0,280.0,280.0,283.0,304.0,313.0,304.0,301.0,284.0,181.0,65.0,16.0,22.0,24.0,21.0,12.0,50.0,173.0,318.0,208.0,294.0,17.0
141,192.5,193.0,193.0,189.0,176.0,158.0,154.0,154.0,159.0,182.0,189.0,192.0,278.0,279.0,279.0,276.0,269.0,261.0,247.0,248.0,259.0,280.0,280.0,277.0,306.5,289.0,221.0,97.0,21.0,20.0,28.0,21.0,14.0,64.0,216.0,324.0,167.0,270.0,21.0
142,216.5,218.0,213.0,209.0,173.0,153.0,153.0,165.0,181.0,211.0,214.0,215.0,306.5,307.0,308.0,312.0,304.0,288.0,284.0,294.0,309.0,322.0,317.0,306.0,334.5,300.0,205.0,54.0,7.0,2.0,4.0,6.0,12.0,109.0,239.0,369.0,200.0,319.0,39.0
143,224.5,224.0,219.0,209.0,188.0,173.0,170.0,168.0,170.0,201.0,214.0,225.0,301.5,301.0,300.0,291.0,276.0,258.0,239.0,242.0,253.0,285.0,295.0,302.0,375.5,385.0,424.0,302.0,215.0,218.0,209.0,181.0,110.0,156.0,262.0,366.0,182.0,269.0,90.0
144,193.0,194.0,186.0,173.0,146.0,130.0,129.0,128.0,134.0,167.0,182.0,192.0,284.0,285.0,282.0,273.0,258.0,239.0,220.0,222.0,234.0,277.0,284.0,283.0,396.5,412.0,403.0,186.0,123.0,148.0,141.0,124.0,93.0,143.0,304.0,381.0,147.0,260.0,66.0
145,189.5,190.0,191.0,186.0,173.0,156.0,151.0,152.0,156.0,178.0,186.0,189.0,275.5,277.0,277.0,274.0,267.0,259.0,245.0,246.0,256.0,277.0,278.0,274.0,304.5,287.0,222.0,98.0,22.0,20.0,29.0,22.0,14.0,65.0,217.0,322.0,165.0,268.0,22.0
146,184.0,184.0,185.0,180.0,166.0,149.0,144.0,145.0,149.0,172.0,180.0,184.0,272.0,273.0,273.0,270.0,263.0,255.0,240.0,241.0,253.0,274.0,274.0,271.0,300.0,284.0,225.0,101.0,24.0,21.0,30.0,23.0,15.0,70.0,224.0,316.0,159.0,265.0,24.0
147,217.0,219.0,214.0,209.0,173.0,153.0,153.0,165.0,182.0,211.0,214.0,215.0,307.5,308.0,309.0,312.0,304.0,288.0,284.0,294.0,309.0,323.0,317.0,307.0,334.5,300.0,205.0,54.0,6.0,2.0,4.0,6.0,12.0,109.0,240.0,369.0,200.0,320.0,39.0
148,227.5,227.0,222.0,213.0,192.0,176.0,174.0,172.0,174.0,204.0,218.0,228.0,303.5,303.0,300.0,291.0,276.0,258.0,243.0,245.0,256.0,287.0,297.0,304.0,386.0,391.0,450.0,326.0,235.0,242.0,235.0,198.0,119.0,160.0,271.0,381.0,186.0,272.0,96.0
149,219.5,220.0,219.0,213.0,196.0,179.0,173.0,172.0,176.0,201.0,213.0,219.0,304.0,305.0,301.0,297.0,287.0,275.0,259.0,259.0,267.0,291.0,300.0,303.0,238.0,223.0,210.0,155.0,90.0,94.0,108.0,121.0,66.0,97.0,184.0,253.0,187.0,279.0,77.0
150,174.5,173.0,163.0,138.0,114.0,96.0,89.0,94.0,113.0,157.0,169.0,176.0,293.0,291.0,291.0,286.0,277.0,253.0,241.0,255.0,279.0,304.0,296.0,295.0,165.5,142.0,93.0,22.0,10.0,8.0,4.0,5.0,8.0,71.0,164.0,189.0,135.0,298.0,27.0
151,177.5,176.0,166.0,142.0,116.0,98.0,90.0,97.0,115.0,160.0,172.0,179.0,297.5,295.0,295.0,290.0,281.0,256.0,245.0,260.0,283.0,309.0,301.0,300.0,165.5,142.0,93.0,22.0,10.0,8.0,4.0,4.0,8.0,70.0,161.0,189.0,138.0,302.0,27.0
152,193.0,194.0,186.0,173.0,146.0,130.0,129.0,128.0,134.0,167.0,182.0,192.0,284.0,285.0,282.0,273.0,258.0,239.0,220.0,222.0,234.0,277.0,284.0,283.0,396.5,412.0,403.0,186.0,123.0,148.0,141.0,124.0,93.0,143.0,304.0,381.0,147.0,260.0,66.0
153,189.5,190.0,191.0,186.0,173.0,156.0,151.0,152.0,156.0,178.0,186.0,189.0,275.5,277.0,277.0,274.0,267.0,259.0,245.0,246.0,256.0,277.0,278.0,274.0,304.5,287.0,222.0,98.0,22.0,20.0,29.0,22.0,14.0,65.0,217.0,322.0,165.0,268.0,22.0
154,184.0,184.0,185.0,180.0,166.0,149.0,144.0,145.0,149.0,172.0,180.0,184.0,272.0,273.0,273.0,270.0,263.0,255.0,240.0,241.0,253.0,274.0,274.0,271.0,300.0,284.0,225.0,101.0,24.0,21.0,30.0,23.0,15.0,70.0,224.0,316.0,159.0,265.0,24.0
155,219.5,220.0,219.0,213.0,196.0,179.0,173.0,172.0,176.0,201.0,213.0,219.0,304.0,305.0,301.0,297.0,287.0,275.0,259.0,259.0,267.0,291.0,300.0,303.0,238.0,223.0,210.0,155.0,90.0,94.0,108.0,121.0,66.0,97.0,184.0,253.0,187.0,279.0,77.0
156,217.0,219.0,214.0,209.0,173.0,153.0,153.0,165.0,182.0,211.0,214.0,215.0,307.5,308.0,309.0,312.0,304.0,288.0,284.0,294.0,309.0,323.0,317.0,307.0,334.5,300.0,205.0,54.0,6.0,2.0,4.0,6.0,12.0,109.0,240.0,369.0,200.0,320.0,39.0
157,225.0,225.0,221.0,209.0,190.0,173.0,171.0,169.0,171.0,201.0,215.0,225.0,303.5,303.0,302.0,292.0,278.0,260.0,242.0,244.0,256.0,286.0,297.0,304.0,378.0,388.0,427.0,308.0,219.0,220.0,208.0,182.0,112.0,157.0,258.0,368.0,184.0,272.0,90.0
158,227.0,227.0,228.0,223.0,207.0,194.0,183.0,185.0,194.0,219.0,224.0,227.0,301.5,302.0,308.0,310.0,302.0,292.0,286.0,288.0,298.0,310.0,307.0,301.0,436.5,398.0,275.0,111.0,35.0,18.0,14.0,20.0,25.0,169.0,310.0,475.0,208.0,307.0,60.0
159,227.5,228.0,226.0,222.0,209.0,190.0,185.0,187.0,192.0,219.0,224.0,227.0,308.0,309.0,307.0,310.0,307.0,298.0,283.0,285.0,293.0,313.0,314.0,307.0,289.5,282.0,200.0,120.0,39.0,35.0,38.0,37.0,26.0,77.0,227.0,297.0,204.0,305.0,37.0
160,227.0,227.0,228.0,223.0,207.0,194.0,183.0,185.0,194.0,219.0,224.0,227.0,301.5,302.0,308.0,310.0,302.0,292.0,286.0,288.0,298.0,310.0,307.0,301.0,436.5,398.0,275.0,111.0,35.0,18.0,14.0,20.0,25.0,169.0,310.0,475.0,208.0,307.0,60.0
161,216.5,215.0,210.0,194.0,162.0,150.0,144.0,148.0,164.0,195.0,208.0,218.0,299.0,298.0,290.0,283.0,268.0,252.0,241.0,243.0,259.0,287.0,293.0,300.0,259.5,250.0,295.0,152.0,143.0,148.0,131.0,136.0,81.0,134.0,219.0,269.0,178.0,272.0,96.0
162,223.5,224.0,222.0,216.0,200.0,183.0,177.0,176.0,181.0,206.0,217.0,223.0,307.0,308.0,304.0,300.0,290.0,278.0,262.0,262.0,271.0,294.0,303.0,306.0,240.0,224.0,211.0,162.0,92.0,95.0,110.0,124.0,67.0,95.0,180.0,256.0,191.0,282.0,77.0
163,216.5,216.0,210.0,194.0,162.0,149.0,144.0,147.0,164.0,194.0,209.0,217.0,300.5,300.0,291.0,284.0,269.0,252.0,241.0,244.0,260.0,287.0,295.0,301.0,268.0,258.0,305.0,160.0,144.0,150.0,133.0,140.0,82.0,140.0,227.0,278.0,178.0,273.0,99.0
164,226.5,226.0,220.0,209.0,187.0,172.0,170.0,167.0,174.0,205.0,219.0,227.0,301.5,302.0,300.0,291.0,279.0,263.0,248.0,249.0,257.0,286.0,297.0,301.0,384.0,408.0,493.0,248.0,190.0,227.0,189.0,170.0,119.0,136.0,238.0,360.0,186.0,273.0,77.0
165,226.5,226.0,220.0,209.0,187.0,172.0,170.0,167.0,174.0,205.0,219.0,227.0,301.5,302.0,300.0,291.0,279.0,263.0,248.0,249.0,257.0,286.0,297.0,301.0,384.0,408.0,493.0,248.0,190.0,227.0,189.0,170.0,119.0,136.0,238.0,360.0,186.0,273.0,77.0
166,229.5,232.0,225.0,222.0,186.0,166.0,168.0,178.0,193.0,223.0,226.0,227.0,313.5,314.0,314.0,317.0,305.0,287.0,284.0,293.0,305.0,322.0,324.0,313.0,325.5,290.0,175.0,41.0,7.0,2.0,4.0,5.0,9.0,81.0,208.0,361.0,212.0,315.0,26.0
167,228.0,231.0,224.0,221.0,185.0,165.0,167.0,178.0,192.0,222.0,225.0,225.0,312.5,313.0,313.0,316.0,304.0,286.0,283.0,293.0,305.0,321.0,323.0,312.0,326.5,291.0,176.0,42.0,7.0,2.0,4.0,6.0,9.0,82.0,210.0,362.0,211.0,315.0,26.0
168,230.5,231.0,228.0,221.0,184.0,167.0,166.0,176.0,191.0,222.0,228.0,230.0,313.5,314.0,316.0,320.0,310.0,297.0,293.0,298.0,309.0,323.0,324.0,313.0,339.0,316.0,190.0,37.0,8.0,3.0,3.0,5.0,9.0,72.0,201.0,362.0,209.0,319.0,25.0
169,228.0,231.0,224.0,221.0,185.0,165.0,167.0,178.0,192.0,222.0,225.0,225.0,312.5,313.0,313.0,316.0,304.0,286.0,283.0,293.0,305.0,321.0,323.0,312.0,326.5,291.0,176.0,42.0,7.0,2.0,4.0,6.0,9.0,82.0,210.0,362.0,211.0,315.0,26.0
170,195.0,195.0,183.0,158.0,127.0,107.0,99.0,107.0,130.0,178.0,190.0,195.0,325.0,322.0,324.0,319.0,304.0,278.0,273.0,290.0,314.0,340.0,330.0,328.0,158.5,136.0,88.0,19.0,9.0,8.0,4.0,4.0,8.0,61.0,142.0,181.0,155.0,332.0,25.0
171,217.5,218.0,216.0,211.0,194.0,177.0,171.0,170.0,173.0,199.0,210.0,217.0,302.0,303.0,299.0,295.0,285.0,273.0,257.0,256.0,264.0,289.0,298.0,301.0,233.0,218.0,208.0,153.0,91.0,95.0,109.0,123.0,67.0,97.0,183.0,248.0,184.0,276.0,77.0
172,230.0,230.0,224.0,216.0,197.0,180.0,176.0,173.0,178.0,209.0,223.0,230.0,303.0,303.0,299.0,290.0,277.0,259.0,243.0,247.0,257.0,289.0,296.0,303.0,381.0,394.0,498.0,270.0,208.0,238.0,224.0,188.0,121.0,146.0,256.0,368.0,190.0,273.0,88.0
173,230.5,230.0,225.0,216.0,197.0,181.0,177.0,173.0,179.0,209.0,224.0,231.0,302.5,303.0,299.0,290.0,277.0,259.0,243.0,247.0,257.0,288.0,296.0,302.0,380.5,394.0,499.0,272.0,211.0,240.0,226.0,189.0,122.0,145.0,256.0,367.0,190.0,273.0,89.0
174,226.5,227.0,222.0,211.0,192.0,176.0,174.0,173.0,175.0,206.0,217.0,226.0,303.0,303.0,302.0,293.0,277.0,261.0,243.0,245.0,254.0,286.0,297.0,303.0,372.5,391.0,414.0,306.0,218.0,214.0,205.0,176.0,112.0,150.0,275.0,354.0,187.0,270.0,95.0
175,222.5,224.0,216.0,199.0,176.0,155.0,151.0,151.0,166.0,201.0,215.0,221.0,304.5,306.0,299.0,286.0,277.0,256.0,244.0,250.0,259.0,289.0,297.0,303.0,344.0,350.0,286.0,168.0,171.0,145.0,142.0,126.0,83.0,161.0,280.0,338.0,185.0,278.0,108.0
176,234.0,234.0,234.0,233.0,225.0,210.0,200.0,201.0,205.0,226.0,234.0,234.0,309.0,312.0,307.0,307.0,306.0,290.0,283.0,284.0,285.0,306.0,316.0,306.0,300.5,283.0,178.0,61.0,16.0,22.0,22.0,20.0,11.0,46.0,162.0,318.0,216.0,296.0,16.0
177,226.0,226.0,226.0,224.0,215.0,200.0,192.0,191.0,197.0,219.0,225.0,226.0,304.5,307.0,303.0,303.0,301.0,288.0,279.0,279.0,282.0,303.0,311.0,302.0,299.5,282.0,183.0,68.0,16.0,21.0,25.0,22.0,12.0,51.0,177.0,317.0,207.0,293.0,18.0
178,221.5,222.0,219.0,212.0,180.0,157.0,155.0,165.0,179.0,212.0,219.0,221.0,308.5,310.0,312.0,321.0,316.0,304.0,301.0,307.0,318.0,329.0,322.0,307.0,372.5,377.0,201.0,58.0,8.0,2.0,2.0,5.0,9.0,90.0,198.0,368.0,198.0,328.0,25.0
179,222.0,222.0,222.0,219.0,209.0,193.0,186.0,186.0,191.0,213.0,220.0,222.0,301.5,304.0,301.0,300.0,297.0,285.0,274.0,275.0,280.0,300.0,307.0,299.0,298.5,281.0,187.0,75.0,17.0,21.0,26.0,22.0,13.0,52.0,183.0,316.0,201.0,290.0,18.0
180,225.0,225.0,225.0,223.0,213.0,197.0,190.0,189.0,194.0,217.0,224.0,225.0,304.0,306.0,302.0,302.0,300.0,287.0,278.0,278.0,281.0,302.0,310.0,302.0,302.0,285.0,186.0,71.0,16.0,21.0,25.0,22.0,12.0,51.0,180.0,319.0,205.0,292.0,18.0
181,222.0,222.0,222.0,219.0,209.0,193.0,186.0,186.0,191.0,213.0,220.0,222.0,301.5,304.0,301.0,300.0,297.0,285.0,274.0,275.0,280.0,300.0,307.0,299.0,298.5,281.0,187.0,75.0,17.0,21.0,26.0,22.0,13.0,52.0,183.0,316.0,201.0,290.0,18.0
182,221.0,221.0,221.0,218.0,206.0,189.0,182.0,183.0,188.0,212.0,219.0,221.0,302.0,303.0,301.0,301.0,298.0,289.0,275.0,276.0,283.0,303.0,307.0,301.0,297.0,280.0,195.0,93.0,22.0,24.0,31.0,27.0,17.0,60.0,205.0,314.0,199.0,294.0,23.0
183,164.0,164.0,162.0,144.0,121.0,105.0,102.0,103.0,105.0,138.0,152.0,164.0,263.0,264.0,266.0,258.0,246.0,225.0,195.0,207.0,221.0,270.0,270.0,262.0,245.5,246.0,195.0,45.0,21.0,29.0,30.0,28.0,12.0,105.0,190.0,245.0,115.0,247.0,33.0
184,222.5,221.0,209.0,181.0,155.0,144.0,134.0,139.0,155.0,203.0,217.0,224.0,330.0,326.0,324.0,320.0,298.0,278.0,271.0,276.0,289.0,313.0,327.0,334.0,80.5,84.0,36.0,10.0,17.0,10.0,4.0,4.0,8.0,32.0,55.0,77.0,177.0,300.0,15.0
185,207.5,207.0,200.0,180.0,143.0,128.0,123.0,129.0,143.0,183.0,200.0,208.0,317.0,316.0,312.0,304.0,287.0,263.0,256.0,262.0,282.0,309.0,316.0,318.0,162.5,153.0,152.0,51.0,54.0,69.0,47.0,43.0,35.0,87.0,145.0,172.0,164.0,298.0,46.0
186,216.5,216.0,210.0,194.0,162.0,149.0,144.0,147.0,164.0,194.0,209.0,217.0,300.5,300.0,291.0,284.0,269.0,252.0,241.0,244.0,260.0,287.0,295.0,301.0,268.0,258.0,305.0,160.0,144.0,150.0,133.0,140.0,82.0,140.0,227.0,278.0,178.0,273.0,99.0
187,222.5,224.0,216.0,199.0,176.0,155.0,151.0,151.0,166.0,201.0,215.0,221.0,304.5,306.0,299.0,286.0,277.0,256.0,244.0,250.0,259.0,289.0,297.0,303.0,344.0,350.0,286.0,168.0,171.0,145.0,142.0,126.0,83.0,161.0,280.0,338.0,185.0,278.0,108.0
188,234.0,234.0,234.0,233.0,225.0,210.0,200.0,201.0,205.0,226.0,234.0,234.0,309.0,312.0,307.0,307.0,306.0,290.0,283.0,284.0,285.0,306.0,316.0,306.0,300.5,283.0,178.0,61.0,16.0,22.0,22.0,20.0,11.0,46.0,162.0,318.0,216.0,296.0,16.0
189,195.0,194.0,188.0,171.0,140.0,126.0,123.0,126.0,139.0,173.0,187.0,196.0,286.5,286.0,279.0,272.0,257.0,236.0,226.0,230.0,248.0,275.0,282.0,287.0,204.5,194.0,193.0,92.0,87.0,92.0,80.0,79.0,55.0,112.0,182.0,215.0,155.0,263.0,68.0
190,221.0,221.0,221.0,218.0,206.0,189.0,182.0,183.0,188.0,212.0,219.0,221.0,302.0,303.0,301.0,301.0,298.0,289.0,275.0,276.0,283.0,303.0,307.0,301.0,297.0,280.0,195.0,93.0,22.0,24.0,31.0,27.0,17.0,60.0,205.0,314.0,199.0,294.0,23.0
191,222.0,222.0,222.0,219.0,209.0,193.0,186.0,186.0,191.0,213.0,220.0,222.0,301.5,304.0,301.0,300.0,297.0,285.0,274.0,275.0,280.0,300.0,307.0,299.0,298.5,281.0,187.0,75.0,17.0,21.0,26.0,22.0,13.0,52.0,183.0,316.0,201.0,290.0,18.0
192,225.0,226.0,217.0,201.0,179.0,159.0,154.0,152.0,168.0,202.0,217.0,224.0,303.5,305.0,298.0,285.0,276.0,255.0,244.0,249.0,258.0,285.0,295.0,302.0,337.0,338.0,309.0,189.0,183.0,151.0,149.0,128.0,84.0,156.0,265.0,336.0,186.0,275.0,113.0
193,216.5,215.0,210.0,194.0,162.0,150.0,144.0,148.0,164.0,195.0,208.0,218.0,299.0,298.0,290.0,283.0,268.0,252.0,241.0,243.0,259.0,287.0,293.0,300.0,259.5,250.0,295.0,152.0,143.0,148.0,131.0,136.0,81.0,134.0,219.0,269.0,178.0,272.0,96.0
194,223.0,224.0,216.0,199.0,177.0,156.0,152.0,151.0,166.0,201.0,215.0,222.0,303.5,305.0,298.0,284.0,277.0,254.0,243.0,249.0,257.0,287.0,295.0,302.0,341.5,346.0,292.0,179.0,178.0,150.0,147.0,129.0,85.0,159.0,275.0,337.0,185.0,276.0,111.0
195,209.5,210.0,208.0,198.0,181.0,168.0,163.0,161.0,164.0,187.0,202.0,209.0,294.0,295.0,292.0,283.0,269.0,253.0,230.0,232.0,240.0,277.0,286.0,293.0,328.0,335.0,366.0,321.0,207.0,204.0,202.0,164.0,103.0,114.0,245.0,321.0,172.0,259.0,77.0
196,219.0,219.0,213.0,191.0,161.0,144.0,138.0,140.0,152.0,194.0,211.0,219.0,318.0,318.0,315.0,308.0,294.0,269.0,258.0,262.0,278.0,304.0,315.0,318.0,124.0,114.0,121.0,46.0,66.0,79.0,59.0,51.0,38.0,70.0,108.0,134.0,172.0,293.0,41.0
197,227.0,227.0,222.0,211.0,193.0,177.0,175.0,173.0,175.0,205.0,217.0,227.0,302.5,302.0,301.0,292.0,277.0,261.0,242.0,244.0,254.0,284.0,296.0,303.0,373.0,392.0,418.0,312.0,223.0,219.0,210.0,179.0,113.0,150.0,277.0,354.0,188.0,270.0,96.0
198,197.5,197.0,187.0,171.0,122.0,105.0,106.0,120.0,135.0,174.0,192.0,198.0,328.5,327.0,321.0,311.0,293.0,262.0,266.0,276.0,303.0,322.0,333.0,330.0,150.0,117.0,105.0,31.0,17.0,17.0,11.0,9.0,14.0,95.0,178.0,183.0,162.0,321.0,27.0
199,202.5,202.0,192.0,176.0,126.0,107.0,108.0,122.0,137.0,179.0,197.0,203.0,335.0,333.0,328.0,317.0,298.0,268.0,273.0,282.0,307.0,329.0,339.0,337.0,148.5,120.0,106.0,31.0,17.0,20.0,12.0,10.0,15.0,90.0,168.0,177.0,166.0,326.0,27.0
200,196.5,196.0,185.0,172.0,129.0,107.0,106.0,120.0,142.0,181.0,191.0,197.0,302.5,302.0,305.0,300.0,290.0,275.0,262.0,274.0,300.0,326.0,317.0,303.0,248.5,215.0,143.0,23.0,8.0,3.0,3.0,3.0,8.0,83.0,244.0,282.0,163.0,326.0,31.0
201,169.0,169.0,169.0,165.0,151.0,134.0,129.0,130.0,133.0,156.0,164.0,169.0,259.0,260.0,259.0,257.0,249.0,239.0,224.0,226.0,239.0,261.0,260.0,258.0,293.0,276.0,231.0,100.0,28.0,24.0,30.0,24.0,16.0,74.0,228.0,310.0,142.0,251.0,26.0
202,194.5,194.0,182.0,157.0,126.0,106.0,99.0,105.0,129.0,177.0,189.0,195.0,323.5,321.0,322.0,318.0,302.0,277.0,271.0,287.0,311.0,338.0,328.0,326.0,157.0,135.0,88.0,19.0,9.0,8.0,4.0,4.0,8.0,61.0,142.0,179.0,153.0,329.0,25.0
203,195.5,195.0,186.0,169.0,124.0,108.0,108.0,119.0,133.0,173.0,190.0,196.0,318.5,317.0,311.0,301.0,283.0,256.0,256.0,264.0,288.0,313.0,322.0,320.0,154.5,130.0,101.0,33.0,17.0,22.0,14.0,12.0,19.0,93.0,168.0,179.0,159.0,307.0,30.0
204,227.0,226.0,221.0,209.0,186.0,170.0,167.0,163.0,173.0,206.0,218.0,228.0,297.0,297.0,293.0,286.0,272.0,252.0,246.0,246.0,256.0,285.0,295.0,297.0,372.0,378.0,415.0,255.0,208.0,202.0,162.0,140.0,103.0,131.0,239.0,366.0,189.0,270.0,72.0
205,174.5,173.0,163.0,138.0,114.0,96.0,89.0,94.0,113.0,157.0,169.0,176.0,293.0,291.0,291.0,286.0,277.0,253.0,241.0,255.0,279.0,304.0,296.0,295.0,165.5,142.0,93.0,22.0,10.0,8.0,4.0,5.0,8.0,71.0,164.0,189.0,135.0,298.0,27.0
206,199.5,199.0,189.0,173.0,123.0,106.0,106.0,120.0,135.0,175.0,194.0,200.0,331.5,330.0,324.0,313.0,295.0,264.0,269.0,278.0,304.0,325.0,336.0,333.0,151.0,119.0,107.0,32.0,17.0,18.0,11.0,9.0,14.0,94.0,176.0,183.0,164.0,324.0,27.0
207,219.5,220.0,219.0,213.0,196.0,179.0,173.0,172.0,176.0,201.0,213.0,219.0,304.0,305.0,301.0,297.0,287.0,275.0,259.0,259.0,267.0,291.0,300.0,303.0,238.0,223.0,210.0,155.0,90.0,94.0,108.0,121.0,66.0,97.0,184.0,253.0,187.0,279.0,77.0
208,227.0,227.0,228.0,223.0,207.0,194.0,183.0,185.0,194.0,219.0,224.0,227.0,301.5,302.0,308.0,310.0,302.0,292.0,286.0,288.0,298.0,310.0,307.0,301.0,436.5,398.0,275.0,111.0,35.0,18.0,14.0,20.0,25.0,169.0,310.0,475.0,208.0,307.0,60.0
209,177.5,177.0,175.0,158.0,133.0,116.0,114.0,115.0,117.0,152.0,166.0,178.0,275.0,275.0,278.0,270.0,256.0,236.0,210.0,219.0,232.0,278.0,281.0,275.0,260.0,261.0,203.0,57.0,27.0,33.0,33.0,30.0,15.0,106.0,198.0,259.0,130.0,258.0,34.0
210,228.0,228.0,223.0,212.0,194.0,178.0,176.0,174.0,176.0,206.0,218.0,228.0,303.5,303.0,302.0,293.0,278.0,261.0,243.0,245.0,255.0,285.0,297.0,304.0,374.0,393.0,420.0,314.0,225.0,221.0,212.0,181.0,114.0,150.0,278.0,355.0,189.0,271.0,96.0
211,223.5,223.0,219.0,208.0,188.0,172.0,169.0,166.0,169.0,199.0,214.0,224.0,302.5,302.0,302.0,291.0,278.0,260.0,241.0,243.0,255.0,287.0,297.0,303.0,376.5,385.0,426.0,289.0,205.0,210.0,199.0,174.0,107.0,156.0,257.0,368.0,181.0,272.0,87.0
212,156.5,156.0,155.0,137.0,114.0,99.0,95.0,96.0,98.0,131.0,145.0,157.0,255.0,256.0,259.0,251.0,239.0,217.0,187.0,200.0,214.0,263.0,263.0,254.0,244.5,244.0,197.0,43.0,21.0,30.0,31.0,29.0,13.0,107.0,192.0,245.0,109.0,240.0,34.0
213,216.0,218.0,213.0,209.0,172.0,152.0,153.0,165.0,180.0,209.0,213.0,214.0,304.5,305.0,307.0,311.0,301.0,285.0,281.0,291.0,305.0,319.0,315.0,304.0,335.5,301.0,203.0,52.0,7.0,2.0,4.0,6.0,12.0,105.0,237.0,370.0,198.0,315.0,37.0
214,222.5,224.0,217.0,200.0,176.0,156.0,152.0,151.0,167.0,201.0,215.0,221.0,304.0,306.0,299.0,286.0,277.0,256.0,244.0,250.0,259.0,288.0,296.0,302.0,343.0,349.0,289.0,172.0,174.0,148.0,145.0,128.0,84.0,160.0,278.0,337.0,186.0,278.0,109.0
215,226.5,226.0,220.0,209.0,187.0,172.0,170.0,167.0,174.0,205.0,219.0,227.0,301.5,302.0,300.0,291.0,279.0,263.0,248.0,249.0,257.0,286.0,297.0,301.0,384.0,408.0,493.0,248.0,190.0,227.0,189.0,170.0,119.0,136.0,238.0,360.0,186.0,273.0,77.0
216,223.5,224.0,222.0,216.0,200.0,183.0,177.0,176.0,181.0,206.0,217.0,223.0,307.0,308.0,304.0,300.0,290.0,278.0,262.0,262.0,271.0,294.0,303.0,306.0,240.0,224.0,211.0,162.0,92.0,95.0,110.0,124.0,67.0,95.0,180.0,256.0,191.0,282.0,77.0
217,177.5,176.0,166.0,142.0,116.0,98.0,90.0,97.0,115.0,160.0,172.0,179.0,297.5,295.0,295.0,290.0,281.0,256.0,245.0,260.0,283.0,309.0,301.0,300.0,165.5,142.0,93.0,22.0,10.0,8.0,4.0,4.0,8.0,70.0,161.0,189.0,138.0,302.0,27.0
218,219.5,220.0,218.0,212.0,196.0,179.0,174.0,171.0,176.0,200.0,212.0,219.0,303.0,304.0,300.0,294.0,284.0,271.0,257.0,256.0,265.0,288.0,298.0,302.0,235.0,216.0,214.0,172.0,94.0,100.0,119.0,132.0,72.0,90.0,171.0,254.0,186.0,276.0,77.0
219,195.0,195.0,183.0,158.0,127.0,107.0,99.0,107.0,130.0,178.0,190.0,195.0,325.0,322.0,324.0,319.0,304.0,278.0,273.0,290.0,314.0,340.0,330.0,328.0,158.5,136.0,88.0,19.0,9.0,8.0,4.0,4.0,8.0,61.0,142.0,181.0,155.0,332.0,25.0
220,221.5,222.0,219.0,212.0,180.0,157.0,155.0,165.0,179.0,212.0,219.0,221.0,308.5,310.0,312.0,321.0,316.0,304.0,301.0,307.0,318.0,329.0,322.0,307.0,372.5,377.0,201.0,58.0,8.0,2.0,2.0,5.0,9.0,90.0,198.0,368.0,198.0,328.0,25.0
221,220.0,220.0,217.0,205.0,184.0,168.0,164.0,162.0,164.0,196.0,210.0,220.0,301.0,301.0,303.0,291.0,278.0,258.0,237.0,240.0,252.0,285.0,296.0,301.0,365.5,374.0,402.0,257.0,178.0,185.0,176.0,155.0,95.0,151.0,254.0,357.0,176.0,269.0,81.0
222,223.5,223.0,219.0,207.0,188.0,171.0,169.0,167.0,169.0,199.0,213.0,224.0,302.0,302.0,301.0,291.0,276.0,259.0,240.0,242.0,253.0,284.0,295.0,302.0,372.0,383.0,415.0,293.0,207.0,209.0,199.0,174.0,107.0,154.0,260.0,361.0,181.0,269.0,89.0
223,192.5,193.0,193.0,189.0,176.0,158.0,154.0,154.0,159.0,182.0,189.0,192.0,278.0,279.0,279.0,276.0,269.0,261.0,247.0,248.0,259.0,280.0,280.0,277.0,306.5,289.0,221.0,97.0,21.0,20.0,28.0,21.0,14.0,64.0,216.0,324.0,167.0,270.0,21.0
224,195.0,195.0,183.0,158.0,127.0,107.0,99.0,107.0,130.0,178.0,190.0,195.0,325.0,322.0,324.0,319.0,304.0,278.0,273.0,290.0,314.0,340.0,330.0,328.0,158.5,136.0,88.0,19.0,9.0,8.0,4.0,4.0,8.0,61.0,142.0,181.0,155.0,332.0,25.0
225,189.5,190.0,191.0,186.0,173.0,156.0,151.0,152.0,156.0,178.0,186.0,189.0,275.5,277.0,277.0,274.0,267.0,259.0,245.0,246.0,256.0,277.0,278.0,274.0,304.5,287.0,222.0,98.0,22.0,20.0,29.0,22.0,14.0,65.0,217.0,322.0,165.0,268.0,22.0
226,184.0,184.0,185.0,180.0,166.0,149.0,144.0,145.0,149.0,172.0,180.0,184.0,272.0,273.0,273.0,270.0,263.0,255.0,240.0,241.0,253.0,274.0,274.0,271.0,300.0,284.0,225.0,101.0,24.0,21.0,30.0,23.0,15.0,70.0,224.0,316.0,159.0,265.0,24.0
227,225.0,225.0,221.0,209.0,190.0,173.0,171.0,169.0,171.0,201.0,215.0,225.0,303.5,303.0,302.0,292.0,278.0,260.0,242.0,244.0,256.0,286.0,297.0,304.0,378.0,388.0,427.0,308.0,219.0,220.0,208.0,182.0,112.0,157.0,258.0,368.0,184.0,272.0,90.0
228,227.5,227.0,222.0,213.0,192.0,176.0,174.0,172.0,174.0,204.0,218.0,228.0,303.5,303.0,300.0,291.0,276.0,258.0,243.0,245.0,256.0,287.0,297.0,304.0,386.0,391.0,450.0,326.0,235.0,242.0,235.0,198.0,119.0,160.0,271.0,381.0,186.0,272.0,96.0
229,216.5,218.0,213.0,209.0,173.0,153.0,153.0,165.0,181.0,211.0,214.0,215.0,306.5,307.0,308.0,312.0,304.0,288.0,284.0,294.0,309.0,322.0,317.0,306.0,334.5,300.0,205.0,54.0,7.0,2.0,4.0,6.0,12.0,109.0,239.0,369.0,200.0,319.0,39.0
230,217.0,219.0,214.0,209.0,173.0,153.0,153.0,165.0,182.0,211.0,214.0,215.0,307.5,308.0,309.0,312.0,304.0,288.0,284.0,294.0,309.0,323.0,317.0,307.0,334.5,300.0,205.0,54.0,6.0,2.0,4.0,6.0,12.0,109.0,240.0,369.0,200.0,320.0,39.0
231,215.5,216.0,215.0,209.0,192.0,175.0,169.0,167.0,172.0,197.0,209.0,215.0,301.0,302.0,298.0,295.0,284.0,272.0,255.0,255.0,264.0,289.0,297.0,300.0,236.5,222.0,210.0,150.0,89.0,93.0,106.0,119.0,65.0,99.0,187.0,251.0,182.0,276.0,75.0
232,217.0,216.0,211.0,194.0,163.0,150.0,144.0,148.0,164.0,195.0,208.0,218.0,299.5,299.0,291.0,284.0,269.0,252.0,241.0,243.0,259.0,287.0,293.0,300.0,260.5,251.0,296.0,152.0,143.0,148.0,131.0,136.0,81.0,135.0,220.0,270.0,177.0,272.0,96.0
233,225.0,225.0,225.0,223.0,213.0,197.0,190.0,189.0,194.0,217.0,224.0,225.0,304.0,306.0,302.0,302.0,300.0,287.0,278.0,278.0,281.0,302.0,310.0,302.0,302.0,285.0,186.0,71.0,16.0,21.0,25.0,22.0,12.0,51.0,180.0,319.0,205.0,292.0,18.0
234,199.0,199.0,199.0,193.0,173.0,157.0,148.0,147.0,151.0,177.0,190.0,199.0,295.0,295.0,291.0,287.0,276.0,264.0,240.0,240.0,250.0,281.0,291.0,295.0,278.5,266.0,251.0,168.0,84.0,91.0,104.0,106.0,64.0,100.0,219.0,291.0,161.0,266.0,66.0
235,222.5,224.0,217.0,200.0,176.0,156.0,152.0,151.0,167.0,201.0,215.0,221.0,304.0,306.0,299.0,286.0,277.0,256.0,244.0,250.0,259.0,288.0,296.0,302.0,343.0,349.0,289.0,172.0,174.0,148.0,145.0,128.0,84.0,160.0,278.0,337.0,186.0,278.0,109.0
236,217.5,218.0,216.0,211.0,194.0,177.0,171.0,170.0,173.0,199.0,210.0,217.0,302.0,303.0,299.0,295.0,285.0,273.0,257.0,256.0,264.0,289.0,298.0,301.0,233.0,218.0,208.0,153.0,91.0,95.0,109.0,123.0,67.0,97.0,183.0,248.0,184.0,276.0,77.0
237,236.0,236.0,237.0,235.0,228.0,213.0,204.0,203.0,208.0,230.0,236.0,236.0,310.5,313.0,309.0,308.0,309.0,292.0,286.0,286.0,286.0,308.0,319.0,308.0,299.0,282.0,176.0,60.0,16.0,22.0,22.0,20.0,11.0,46.0,161.0,316.0,219.0,297.0,16.0
238,169.5,170.0,163.0,149.0,123.0,105.0,102.0,102.0,109.0,147.0,160.0,169.0,272.0,273.0,269.0,258.0,245.0,225.0,196.0,204.0,221.0,271.0,274.0,271.0,305.0,297.0,231.0,84.0,52.0,61.0,62.0,54.0,40.0,130.0,261.0,313.0,125.0,252.0,45.0
239,221.5,221.0,215.0,204.0,182.0,166.0,164.0,161.0,167.0,199.0,213.0,222.0,301.0,301.0,298.0,289.0,276.0,260.0,242.0,244.0,255.0,288.0,296.0,301.0,383.0,402.0,498.0,225.0,163.0,200.0,179.0,162.0,113.0,138.0,243.0,364.0,179.0,273.0,75.0
240,218.0,219.0,217.0,211.0,194.0,177.0,172.0,170.0,174.0,200.0,211.0,217.0,302.5,304.0,299.0,295.0,285.0,273.0,257.0,257.0,264.0,289.0,299.0,301.0,233.5,218.0,209.0,155.0,91.0,95.0,110.0,123.0,67.0,97.0,181.0,249.0,185.0,277.0,77.0
241,226.5,227.0,222.0,211.0,192.0,176.0,174.0,173.0,175.0,206.0,217.0,226.0,303.0,303.0,302.0,293.0,277.0,261.0,243.0,245.0,254.0,286.0,297.0,303.0,372.5,391.0,414.0,306.0,218.0,214.0,205.0,176.0,112.0,150.0,275.0,354.0,187.0,270.0,95.0
242,226.0,226.0,226.0,224.0,215.0,200.0,192.0,191.0,197.0,219.0,225.0,226.0,304.5,307.0,303.0,303.0,301.0,288.0,279.0,279.0,282.0,303.0,311.0,302.0,299.5,282.0,183.0,68.0,16.0,21.0,25.0,22.0,12.0,51.0,177.0,317.0,207.0,293.0,18.0
243,228.0,229.0,225.0,219.0,187.0,165.0,161.0,172.0,185.0,220.0,226.0,227.0,315.0,317.0,317.0,327.0,321.0,310.0,307.0,313.0,324.0,335.0,328.0,313.0,377.0,389.0,194.0,52.0,7.0,2.0,2.0,5.0,8.0,82.0,190.0,365.0,204.0,333.0,23.0
244,144.5,143.0,143.0,135.0,113.0,90.0,88.0,89.0,89.0,122.0,136.0,146.0,262.0,261.0,259.0,254.0,244.0,228.0,205.0,209.0,227.0,266.0,261.0,263.0,287.0,274.0,267.0,111.0,44.0,37.0,34.0,34.0,25.0,103.0,236.0,300.0,103.0,250.0,43.0
245,164.0,164.0,162.0,144.0,121.0,105.0,102.0,103.0,105.0,138.0,152.0,164.0,263.0,264.0,266.0,258.0,246.0,225.0,195.0,207.0,221.0,270.0,270.0,262.0,245.5,246.0,195.0,45.0,21.0,29.0,30.0,28.0,12.0,105.0,190.0,245.0,115.0,247.0,33.0
246,162.0,161.0,161.0,153.0,131.0,107.0,103.0,106.0,107.0,140.0,153.0,163.0,279.5,278.0,276.0,273.0,262.0,247.0,222.0,227.0,243.0,283.0,280.0,281.0,300.0,289.0,270.0,117.0,46.0,39.0,35.0,35.0,25.0,105.0,243.0,311.0,122.0,267.0,44.0
247,225.0,225.0,225.0,223.0,213.0,197.0,190.0,189.0,194.0,217.0,224.0,225.0,304.0,306.0,302.0,302.0,300.0,287.0,278.0,278.0,281.0,302.0,310.0,302.0,302.0,285.0,186.0,71.0,16.0,21.0,25.0,22.0,12.0,51.0,180.0,319.0,205.0,292.0,18.0
248,150.0,149.0,148.0,140.0,118.0,94.0,92.0,93.0,94.0,127.0,140.0,151.0,268.0,267.0,264.0,260.0,249.0,233.0,210.0,214.0,232.0,271.0,267.0,269.0,290.0,278.0,268.0,113.0,45.0,38.0,34.0,34.0,25.0,103.0,236.0,302.0,108.0,255.0,43.0
249,226.5,227.0,229.0,224.0,210.0,190.0,183.0,187.0,194.0,221.0,224.0,226.0,308.0,309.0,311.0,313.0,310.0,303.0,292.0,295.0,304.0,322.0,319.0,307.0,397.0,385.0,258.0,104.0,19.0,19.0,18.0,17.0,14.0,85.0,252.0,409.0,208.0,317.0,29.0
250,214.0,213.0,202.0,175.0,147.0,133.0,123.0,130.0,147.0,196.0,208.0,215.0,327.0,324.0,323.0,319.0,299.0,277.0,270.0,280.0,294.0,320.0,326.0,330.0,104.5,103.0,48.0,13.0,13.0,8.0,3.0,4.0,8.0,41.0,79.0,106.0,170.0,308.0,18.0
251,168.5,169.0,162.0,148.0,122.0,104.0,100.0,101.0,108.0,145.0,158.0,168.0,270.0,271.0,267.0,257.0,244.0,223.0,194.0,201.0,220.0,269.0,271.0,269.0,305.5,299.0,233.0,85.0,53.0,64.0,65.0,56.0,42.0,129.0,259.0,312.0,124.0,250.0,46.0
252,224.5,224.0,220.0,208.0,185.0,166.0,162.0,159.0,169.0,203.0,215.0,225.0,297.0,298.0,292.0,283.0,269.0,249.0,243.0,245.0,254.0,285.0,295.0,296.0,365.0,369.0,398.0,244.0,207.0,200.0,157.0,144.0,101.0,148.0,232.0,361.0,186.0,268.0,79.0
253,223.5,225.0,216.0,200.0,177.0,156.0,152.0,152.0,167.0,201.0,216.0,222.0,303.5,305.0,299.0,285.0,276.0,255.0,244.0,250.0,258.0,287.0,296.0,302.0,341.5,346.0,292.0,177.0,177.0,149.0,147.0,128.0,84.0,159.0,275.0,337.0,186.0,277.0,110.0
254,227.5,227.0,221.0,210.0,186.0,170.0,167.0,164.0,174.0,206.0,219.0,228.0,296.5,297.0,292.0,286.0,271.0,252.0,244.0,246.0,256.0,283.0,295.0,296.0,371.0,379.0,415.0,260.0,215.0,206.0,167.0,143.0,105.0,130.0,238.0,363.0,189.0,268.0,73.0
255,230.5,230.0,225.0,216.0,197.0,181.0,177.0,173.0,179.0,209.0,224.0,231.0,302.5,303.0,299.0,290.0,277.0,259.0,243.0,247.0,257.0,288.0,296.0,302.0,380.5,394.0,499.0,272.0,211.0,240.0,226.0,189.0,122.0,145.0,256.0,367.0,190.0,273.0,89.0
256,230.5,230.0,225.0,215.0,196.0,181.0,177.0,172.0,179.0,209.0,224.0,231.0,303.0,303.0,299.0,290.0,277.0,261.0,244.0,247.0,258.0,289.0,297.0,303.0,380.0,394.0,501.0,268.0,208.0,238.0,222.0,187.0,122.0,145.0,253.0,366.0,190.0,273.0,88.0
257,230.5,230.0,225.0,216.0,197.0,181.0,177.0,173.0,179.0,209.0,224.0,231.0,302.5,303.0,299.0,290.0,277.0,259.0,243.0,247.0,257.0,288.0,296.0,302.0,380.5,394.0,499.0,272.0,211.0,240.0,226.0,189.0,122.0,145.0,256.0,367.0,190.0,273.0,89.0
258,230.0,229.0,227.0,217.0,199.0,184.0,183.0,182.0,187.0,212.0,223.0,231.0,298.5,298.0,293.0,287.0,273.0,256.0,244.0,243.0,250.0,281.0,292.0,299.0,385.5,403.0,443.0,393.0,272.0,257.0,248.0,187.0,123.0,124.0,251.0,368.0,197.0,266.0,87.0
259,230.0,229.0,227.0,217.0,199.0,184.0,183.0,182.0,187.0,212.0,223.0,231.0,298.5,298.0,293.0,287.0,273.0,256.0,244.0,243.0,250.0,281.0,292.0,299.0,385.5,403.0,443.0,393.0,272.0,257.0,248.0,187.0,123.0,124.0,251.0,368.0,197.0,266.0,87.0
260,215.0,215.0,212.0,200.0,182.0,169.0,166.0,165.0,170.0,194.0,207.0,215.0,292.0,292.0,289.0,281.0,267.0,249.0,232.0,234.0,241.0,275.0,286.0,292.0,342.5,350.0,371.0,284.0,181.0,192.0,182.0,147.0,99.0,111.0,233.0,335.0,177.0,258.0,79.0
261,225.0,225.0,221.0,209.0,190.0,174.0,172.0,171.0,173.0,204.0,215.0,225.0,302.5,303.0,302.0,293.0,278.0,261.0,242.0,245.0,254.0,286.0,297.0,302.0,371.0,389.0,407.0,298.0,211.0,207.0,198.0,172.0,110.0,150.0,273.0,353.0,185.0,270.0,93.0
262,215.0,216.0,214.0,208.0,192.0,174.0,169.0,167.0,172.0,197.0,209.0,214.0,301.0,302.0,298.0,294.0,284.0,272.0,254.0,254.0,264.0,288.0,297.0,300.0,235.5,221.0,209.0,149.0,90.0,93.0,107.0,119.0,66.0,98.0,187.0,250.0,182.0,275.0,76.0
263,219.0,219.0,214.0,202.0,182.0,166.0,163.0,160.0,161.0,193.0,208.0,219.0,299.0,299.0,301.0,288.0,276.0,256.0,234.0,238.0,250.0,283.0,294.0,299.0,358.5,367.0,394.0,238.0,165.0,175.0,169.0,147.0,90.0,148.0,254.0,350.0,174.0,267.0,79.0
264,193.0,194.0,186.0,173.0,146.0,130.0,129.0,128.0,134.0,167.0,182.0,192.0,284.0,285.0,282.0,273.0,258.0,239.0,220.0,222.0,234.0,277.0,284.0,283.0,396.5,412.0,403.0,186.0,123.0,148.0,141.0,124.0,93.0,143.0,304.0,381.0,147.0,260.0,66.0
265,224.5,224.0,219.0,209.0,188.0,173.0,170.0,168.0,170.0,201.0,214.0,225.0,301.5,301.0,300.0,291.0,276.0,258.0,239.0,242.0,253.0,285.0,295.0,302.0,375.5,385.0,424.0,302.0,215.0,218.0,209.0,181.0,110.0,156.0,262.0,366.0,182.0,269.0,90.0
266,229.0,229.0,226.0,216.0,198.0,183.0,182.0,182.0,187.0,212.0,223.0,229.0,298.0,298.0,293.0,287.0,272.0,256.0,243.0,244.0,251.0,282.0,293.0,298.0,387.5,403.0,439.0,392.0,269.0,256.0,246.0,187.0,123.0,126.0,252.0,372.0,196.0,266.0,88.0
267,227.5,228.0,226.0,222.0,209.0,190.0,185.0,187.0,192.0,219.0,224.0,227.0,308.0,309.0,307.0,310.0,307.0,298.0,283.0,285.0,293.0,313.0,314.0,307.0,289.5,282.0,200.0,120.0,39.0,35.0,38.0,37.0,26.0,77.0,227.0,297.0,204.0,305.0,37.0
268,197.5,197.0,187.0,171.0,122.0,105.0,106.0,120.0,135.0,174.0,192.0,198.0,328.5,327.0,321.0,311.0,293.0,262.0,266.0,276.0,303.0,322.0,333.0,330.0,150.0,117.0,105.0,31.0,17.0,17.0,11.0,9.0,14.0,95.0,178.0,183.0,162.0,321.0,27.0
269,199.5,199.0,189.0,173.0,123.0,106.0,106.0,120.0,135.0,175.0,194.0,200.0,331.5,330.0,324.0,313.0,295.0,264.0,269.0,278.0,304.0,325.0,336.0,333.0,151.0,119.0,107.0,32.0,17.0,18.0,11.0,9.0,14.0,94.0,176.0,183.0,164.0,324.0,27.0
270,196.5,196.0,185.0,172.0,129.0,107.0,106.0,120.0,142.0,181.0,191.0,197.0,302.5,302.0,305.0,300.0,290.0,275.0,262.0,274.0,300.0,326.0,317.0,303.0,248.5,215.0,143.0,23.0,8.0,3.0,3.0,3.0,8.0,83.0,244.0,282.0,163.0,326.0,31.0
271,215.0,215.0,212.0,200.0,182.0,169.0,166.0,165.0,170.0,194.0,207.0,215.0,292.0,292.0,289.0,281.0,267.0,249.0,232.0,234.0,241.0,275.0,286.0,292.0,342.5,350.0,371.0,284.0,181.0,192.0,182.0,147.0,99.0,111.0,233.0,335.0,177.0,258.0,79.0
272,219.5,220.0,218.0,212.0,196.0,179.0,174.0,171.0,176.0,200.0,212.0,219.0,303.0,304.0,300.0,294.0,284.0,271.0,257.0,256.0,265.0,288.0,298.0,302.0,235.0,216.0,214.0,172.0,94.0,100.0,119.0,132.0,72.0,90.0,171.0,254.0,186.0,276.0,77.0
273,222.5,221.0,209.0,181.0,155.0,144.0,134.0,139.0,155.0,203.0,217.0,224.0,330.0,326.0,324.0,320.0,298.0,278.0,271.0,276.0,289.0,313.0,327.0,334.0,80.5,84.0,36.0,10.0,17.0,10.0,4.0,4.0,8.0,32.0,55.0,77.0,177.0,300.0,15.0
274,225.5,227.0,224.0,221.0,189.0,167.0,167.0,176.0,193.0,223.0,224.0,224.0,322.5,324.0,327.0,333.0,333.0,323.0,314.0,324.0,336.0,349.0,336.0,321.0,400.0,330.0,273.0,49.0,5.0,2.0,2.0,8.0,9.0,128.0,254.0,470.0,211.0,348.0,41.0
275,225.0,226.0,224.0,220.0,188.0,166.0,166.0,176.0,192.0,222.0,223.0,224.0,322.0,323.0,327.0,333.0,333.0,322.0,313.0,323.0,336.0,349.0,336.0,321.0,399.0,328.0,273.0,50.0,6.0,2.0,2.0,8.0,10.0,128.0,255.0,470.0,210.0,348.0,41.0
276,221.5,222.0,223.0,218.0,204.0,184.0,176.0,180.0,187.0,215.0,219.0,221.0,304.5,305.0,307.0,309.0,306.0,300.0,287.0,290.0,300.0,318.0,315.0,304.0,385.5,374.0,258.0,106.0,20.0,19.0,19.0,17.0,14.0,86.0,255.0,397.0,201.0,313.0,29.0
277,221.5,222.0,223.0,218.0,204.0,184.0,176.0,180.0,187.0,215.0,219.0,221.0,304.5,305.0,307.0,309.0,306.0,300.0,287.0,290.0,300.0,318.0,315.0,304.0,385.5,374.0,258.0,106.0,20.0,19.0,19.0,17.0,14.0,86.0,255.0,397.0,201.0,313.0,29.0
278,241.0,241.0,241.0,240.0,234.0,218.0,209.0,208.0,213.0,235.0,242.0,241.0,315.0,318.0,313.0,313.0,314.0,297.0,291.0,291.0,290.0,312.0,324.0,312.0,290.5,274.0,168.0,60.0,18.0,25.0,24.0,23.0,13.0,47.0,161.0,307.0,224.0,301.0,18.0
279,238.0,238.0,239.0,236.0,230.0,215.0,205.0,204.0,210.0,231.0,238.0,238.0,313.0,316.0,311.0,311.0,312.0,295.0,289.0,289.0,290.0,310.0,322.0,310.0,308.0,292.0,177.0,57.0,15.0,22.0,20.0,20.0,11.0,48.0,163.0,324.0,220.0,300.0,16.0
280,211.0,210.0,206.0,192.0,161.0,144.0,140.0,144.0,154.0,193.0,203.0,212.0,297.0,297.0,291.0,283.0,267.0,251.0,237.0,242.0,253.0,288.0,296.0,297.0,391.0,390.0,396.0,148.0,90.0,101.0,103.0,105.0,78.0,172.0,232.0,392.0,173.0,273.0,69.0
281,230.0,230.0,228.0,218.0,200.0,185.0,183.0,183.0,188.0,213.0,224.0,230.0,297.0,297.0,292.0,286.0,272.0,255.0,242.0,242.0,250.0,280.0,291.0,297.0,394.5,415.0,457.0,415.0,293.0,271.0,263.0,196.0,126.0,127.0,258.0,374.0,197.0,264.0,88.0
282,211.0,210.0,206.0,192.0,161.0,144.0,140.0,144.0,154.0,193.0,203.0,212.0,297.0,297.0,291.0,283.0,267.0,251.0,237.0,242.0,253.0,288.0,296.0,297.0,391.0,390.0,396.0,148.0,90.0,101.0,103.0,105.0,78.0,172.0,232.0,392.0,173.0,273.0,69.0
283,211.0,210.0,206.0,192.0,161.0,144.0,140.0,144.0,154.0,193.0,203.0,212.0,297.0,297.0,291.0,283.0,267.0,251.0,237.0,242.0,253.0,288.0,296.0,297.0,391.0,390.0,396.0,148.0,90.0,101.0,103.0,105.0,78.0,172.0,232.0,392.0,173.0,273.0,69.0
284,211.0,210.0,206.0,192.0,161.0,144.0,140.0,144.0,154.0,193.0,203.0,212.0,297.0,297.0,291.0,283.0,267.0,251.0,237.0,242.0,253.0,288.0,296.0,297.0,391.0,390.0,396.0,148.0,90.0,101.0,103.0,105.0,78.0,172.0,232.0,392.0,173.0,273.0,69.0
285,211.0,210.0,206.0,192.0,161.0,144.0,140.0,144.0,154.0,193.0,203.0,212.0,297.0,297.0,291.0,283.0,267.0,251.0,237.0,242.0,253.0,288.0,296.0,297.0,391.0,390.0,396.0,148.0,90.0,101.0,103.0,105.0,78.0,172.0,232.0,392.0,173.0,273.0,69.0
286,211.0,210.0,206.0,192.0,161.0,144.0,140.0,144.0,154.0,193.0,203.0,212.0,297.0,297.0,291.0,283.0,267.0,251.0,237.0,242.0,253.0,288.0,296.0,297.0,391.0,390.0,396.0,148.0,90.0,101.0,103.0,105.0,78.0,172.0,232.0,392.0,173.0,273.0,69.0
287,211.0,210.0,206.0,192.0,161.0,144.0,140.0,144.0,154.0,193.0,203.0,212.0,297.0,297.0,291.0,283.0,267.0,251.0,237.0,242.0,253.0,288.0,296.0,297.0,391.0,390.0,396.0,148.0,90.0,101.0,103.0,105.0,78.0,172.0,232.0,392.0,173.0,273.0,69.0
288,211.0,210.0,206.0,192.0,161.0,144.0,140.0,144.0,154.0,193.0,203.0,212.0,297.0,297.0,291.0,283.0,267.0,251.0,237.0,242.0,253.0,288.0,296.0,297.0,391.0,390.0,396.0,148.0,90.0,101.0,103.0,105.0,78.0,172.0,232.0,392.0,173.0,273.0,69.0
289,214.0,213.0,209.0,196.0,164.0,147.0,143.0,147.0,157.0,196.0,206.0,215.0,300.0,300.0,293.0,285.0,269.0,254.0,240.0,244.0,255.0,289.0,299.0,300.0,386.5,387.0,393.0,142.0,85.0,97.0,102.0,106.0,78.0,173.0,222.0,386.0,176.0,275.0,70.0
290,211.0,210.0,206.0,192.0,161.0,144.0,140.0,144.0,154.0,193.0,203.0,212.0,297.0,297.0,291.0,283.0,267.0,251.0,237.0,242.0,253.0,288.0,296.0,297.0,391.0,390.0,396.0,148.0,90.0,101.0,103.0,105.0,78.0,172.0,232.0,392.0,173.0,273.0,69.0
291,211.0,210.0,206.0,192.0,161.0,144.0,140.0,144.0,154.0,193.0,203.0,212.0,297.0,297.0,291.0,283.0,267.0,251.0,237.0,242.0,253.0,288.0,296.0,297.0,391.0,390.0,396.0,148.0,90.0,101.0,103.0,105.0,78.0,172.0,232.0,392.0,173.0,273.0,69.0
292,216.0,215.0,210.0,197.0,166.0,148.0,145.0,149.0,159.0,197.0,208.0,217.0,300.5,300.0,294.0,286.0,270.0,255.0,241.0,246.0,257.0,290.0,300.0,301.0,384.0,386.0,392.0,140.0,84.0,95.0,101.0,106.0,77.0,172.0,218.0,382.0,178.0,276.0,71.0
293,230.5,230.0,225.0,216.0,197.0,181.0,177.0,173.0,179.0,209.0,224.0,231.0,302.5,303.0,299.0,290.0,277.0,259.0,243.0,247.0,257.0,288.0,296.0,302.0,380.5,394.0,499.0,272.0,211.0,240.0,226.0,189.0,122.0,145.0,256.0,367.0,190.0,273.0,89.0
294,227.5,227.0,221.0,210.0,186.0,170.0,167.0,164.0,174.0,206.0,219.0,228.0,296.5,297.0,292.0,286.0,271.0,252.0,244.0,246.0,256.0,283.0,295.0,296.0,371.0,379.0,415.0,260.0,215.0,206.0,167.0,143.0,105.0,130.0,238.0,363.0,189.0,268.0,73.0
295,223.5,225.0,216.0,200.0,177.0,157.0,153.0,151.0,167.0,200.0,216.0,222.0,302.0,304.0,298.0,284.0,274.0,253.0,243.0,248.0,257.0,284.0,293.0,300.0,337.0,334.0,328.0,187.0,173.0,146.0,143.0,122.0,81.0,153.0,261.0,340.0,185.0,275.0,110.0
296,224.5,224.0,220.0,208.0,185.0,166.0,162.0,159.0,169.0,203.0,215.0,225.0,297.0,298.0,292.0,283.0,269.0,249.0,243.0,245.0,254.0,285.0,295.0,296.0,365.0,369.0,398.0,244.0,207.0,200.0,157.0,144.0,101.0,148.0,232.0,361.0,186.0,268.0,79.0
297,230.5,230.0,225.0,215.0,196.0,181.0,177.0,172.0,179.0,209.0,224.0,231.0,303.0,303.0,299.0,290.0,277.0,261.0,244.0,247.0,258.0,289.0,297.0,303.0,380.0,394.0,501.0,268.0,208.0,238.0,222.0,187.0,122.0,145.0,253.0,366.0,190.0,273.0,88.0
298,214.0,213.0,209.0,196.0,164.0,147.0,143.0,147.0,157.0,196.0,206.0,215.0,300.0,300.0,293.0,285.0,269.0,254.0,240.0,244.0,255.0,289.0,299.0,300.0,386.5,387.0,393.0,142.0,85.0,97.0,102.0,106.0,78.0,173.0,222.0,386.0,176.0,275.0,70.0
299,214.0,213.0,209.0,196.0,164.0,147.0,143.0,147.0,157.0,196.0,206.0,215.0,300.0,300.0,293.0,285.0,269.0,254.0,240.0,244.0,255.0,289.0,299.0,300.0,386.5,387.0,393.0,142.0,85.0,97.0,102.0,106.0,78.0,173.0,222.0,386.0,176.0,275.0,70.0
300,214.0,213.0,209.0,196.0,164.0,147.0,143.0,147.0,157.0,196.0,206.0,215.0,300.0,300.0,293.0,285.0,269.0,254.0,240.0,244.0,255.0,289.0,299.0,300.0,386.5,387.0,393.0,142.0,85.0,97.0,102.0,106.0,78.0,173.0,222.0,386.0,176.0,275.0,70.0
301,211.0,210.0,206.0,192.0,161.0,144.0,140.0,144.0,154.0,193.0,203.0,212.0,297.0,297.0,291.0,283.0,267.0,251.0,237.0,242.0,253.0,288.0,296.0,297.0,391.0,390.0,396.0,148.0,90.0,101.0,103.0,105.0,78.0,172.0,232.0,392.0,173.0,273.0,69.0
302,211.0,210.0,206.0,192.0,161.0,144.0,140.0,144.0,154.0,193.0,203.0,212.0,297.0,297.0,291.0,283.0,267.0,251.0,237.0,242.0,253.0,288.0,296.0,297.0,391.0,390.0,396.0,148.0,90.0,101.0,103.0,105.0,78.0,172.0,232.0,392.0,173.0,273.0,69.0
303,211.0,210.0,206.0,192.0,161.0,144.0,140.0,144.0,154.0,193.0,203.0,212.0,297.0,297.0,291.0,283.0,267.0,251.0,237.0,242.0,253.0,288.0,296.0,297.0,391.0,390.0,396.0,148.0,90.0,101.0,103.0,105.0,78.0,172.0,232.0,392.0,173.0,273.0,69.0
304,211.0,210.0,206.0,192.0,161.0,144.0,140.0,144.0,154.0,193.0,203.0,212.0,297.0,297.0,291.0,283.0,267.0,251.0,237.0,242.0,253.0,288.0,296.0,297.0,391.0,390.0,396.0,148.0,90.0,101.0,103.0,105.0,78.0,172.0,232.0,392.0,173.0,273.0,69.0
305,227.0,226.0,221.0,209.0,186.0,170.0,167.0,163.0,173.0,206.0,218.0,228.0,297.0,297.0,293.0,286.0,272.0,252.0,246.0,246.0,256.0,285.0,295.0,297.0,372.0,378.0,415.0,255.0,208.0,202.0,162.0,140.0,103.0,131.0,239.0,366.0,189.0,270.0,72.0
306,211.0,210.0,206.0,192.0,161.0,144.0,140.0,144.0,154.0,193.0,203.0,212.0,297.0,297.0,291.0,283.0,267.0,251.0,237.0,242.0,253.0,288.0,296.0,297.0,391.0,390.0,396.0,148.0,90.0,101.0,103.0,105.0,78.0,172.0,232.0,392.0,173.0,273.0,69.0
307,182.5,181.0,171.0,148.0,119.0,99.0,90.0,98.0,118.0,165.0,178.0,184.0,307.5,306.0,308.0,302.0,298.0,271.0,257.0,274.0,297.0,326.0,316.0,309.0,162.0,133.0,98.0,22.0,10.0,8.0,5.0,6.0,8.0,72.0,166.0,191.0,143.0,322.0,27.0
308,211.0,210.0,206.0,192.0,161.0,144.0,140.0,144.0,154.0,193.0,203.0,212.0,297.0,297.0,291.0,283.0,267.0,251.0,237.0,242.0,253.0,288.0,296.0,297.0,391.0,390.0,396.0,148.0,90.0,101.0,103.0,105.0,78.0,172.0,232.0,392.0,173.0,273.0,69.0
309,230.0,229.0,227.0,217.0,199.0,184.0,183.0,182.0,187.0,212.0,223.0,231.0,298.5,298.0,293.0,287.0,273.0,256.0,244.0,243.0,250.0,281.0,292.0,299.0,385.5,403.0,443.0,393.0,272.0,257.0,248.0,187.0,123.0,124.0,251.0,368.0,197.0,266.0,87.0
310,182.5,181.0,171.0,148.0,119.0,99.0,90.0,98.0,118.0,165.0,178.0,184.0,307.5,306.0,308.0,302.0,298.0,271.0,257.0,274.0,297.0,326.0,316.0,309.0,162.0,133.0,98.0,22.0,10.0,8.0,5.0,6.0,8.0,72.0,166.0,191.0,143.0,322.0,27.0
311,216.0,215.0,210.0,197.0,166.0,148.0,145.0,149.0,159.0,197.0,208.0,217.0,300.5,300.0,294.0,286.0,270.0,255.0,241.0,246.0,257.0,290.0,300.0,301.0,384.0,386.0,392.0,140.0,84.0,95.0,101.0,106.0,77.0,172.0,218.0,382.0,178.0,276.0,71.0
312,211.0,210.0,206.0,192.0,161.0,144.0,140.0,144.0,154.0,193.0,203.0,212.0,297.0,297.0,291.0,283.0,267.0,251.0,237.0,242.0,253.0,288.0,296.0,297.0,391.0,390.0,396.0,148.0,90.0,101.0,103.0,105.0,78.0,172.0,232.0,392.0,173.0,273.0,69.0
313,214.0,213.0,209.0,196.0,164.0,147.0,143.0,147.0,157.0,196.0,206.0,215.0,300.0,300.0,293.0,285.0,269.0,254.0,240.0,244.0,255.0,289.0,299.0,300.0,386.5,387.0,393.0,142.0,85.0,97.0,102.0,106.0,78.0,173.0,222.0,386.0,176.0,275.0,70.0
314,214.0,213.0,209.0,196.0,164.0,147.0,143.0,147.0,157.0,196.0,206.0,215.0,300.0,300.0,293.0,285.0,269.0,254.0,240.0,244.0,255.0,289.0,299.0,300.0,386.5,387.0,393.0,142.0,85.0,97.0,102.0,106.0,78.0,173.0,222.0,386.0,176.0,275.0,70.0
315,211.0,210.0,206.0,192.0,161.0,144.0,140.0,144.0,154.0,193.0,203.0,212.0,297.0,297.0,291.0,283.0,267.0,251.0,237.0,242.0,253.0,288.0,296.0,297.0,391.0,390.0,396.0,148.0,90.0,101.0,103.0,105.0,78.0,172.0,232.0,392.0,173.0,273.0,69.0
316,225.0,226.0,224.0,220.0,188.0,166.0,166.0,176.0,192.0,222.0,224.0,224.0,322.5,324.0,328.0,333.0,333.0,322.0,313.0,323.0,336.0,349.0,336.0,321.0,400.0,330.0,274.0,49.0,6.0,2.0,2.0,8.0,9.0,128.0,255.0,470.0,210.0,348.0,41.0
317,,,,,,,,,,,,,,,,,,,,,,,,,,,,,,,,,,,,,,,
318,232.0,232.0,232.0,230.0,222.0,206.0,197.0,196.0,203.0,225.0,231.0,232.0,309.5,312.0,308.0,308.0,308.0,293.0,285.0,285.0,288.0,309.0,318.0,307.0,317.5,301.0,188.0,63.0,14.0,21.0,22.0,19.0,11.0,52.0,177.0,334.0,213.0,299.0,17.0
319,239.5,240.0,239.0,239.0,231.0,216.0,206.0,206.0,211.0,233.0,240.0,239.0,314.5,317.0,312.0,313.0,314.0,297.0,291.0,291.0,291.0,313.0,324.0,312.0,310.0,294.0,177.0,57.0,15.0,22.0,21.0,20.0,11.0,49.0,165.0,326.0,222.0,302.0,17.0
320,237.0,236.0,236.0,235.0,229.0,213.0,204.0,204.0,208.0,230.0,237.0,238.0,312.5,315.0,309.0,310.0,311.0,294.0,287.0,288.0,287.0,309.0,320.0,310.0,293.5,277.0,170.0,58.0,16.0,23.0,23.0,22.0,12.0,47.0,161.0,310.0,219.0,298.0,17.0
321,240.0,240.0,240.0,238.0,232.0,216.0,206.0,206.0,212.0,234.0,240.0,240.0,314.5,317.0,312.0,313.0,314.0,297.0,291.0,291.0,292.0,313.0,324.0,312.0,306.0,290.0,176.0,57.0,15.0,23.0,21.0,20.0,11.0,49.0,165.0,322.0,223.0,303.0,17.0
322,228.0,228.0,228.0,225.0,216.0,200.0,192.0,192.0,197.0,220.0,226.0,228.0,306.0,308.0,305.0,305.0,304.0,290.0,281.0,281.0,285.0,306.0,313.0,304.0,314.5,297.0,191.0,68.0,14.0,21.0,23.0,20.0,11.0,52.0,181.0,332.0,208.0,296.0,18.0
323,,,,,,,,,,,,,,,,,,,,,,,,,,,,,,,,,,,,,,,
324,238.0,238.0,238.0,237.0,231.0,215.0,204.0,204.0,210.0,232.0,239.0,238.0,314.0,317.0,312.0,312.0,313.0,296.0,289.0,290.0,290.0,312.0,323.0,311.0,307.0,291.0,176.0,55.0,14.0,22.0,20.0,20.0,11.0,48.0,164.0,323.0,221.0,301.0,17.0
325,191.5,191.0,193.0,188.0,174.0,157.0,153.0,154.0,158.0,180.0,187.0,192.0,277.0,278.0,279.0,276.0,269.0,261.0,247.0,248.0,258.0,279.0,280.0,276.0,304.0,287.0,221.0,99.0,21.0,20.0,29.0,22.0,14.0,65.0,217.0,321.0,167.0,270.0,22.0
326,225.0,225.0,221.0,209.0,190.0,174.0,172.0,171.0,173.0,204.0,215.0,225.0,302.5,303.0,302.0,293.0,278.0,261.0,242.0,245.0,254.0,286.0,297.0,302.0,371.0,389.0,407.0,298.0,211.0,207.0,198.0,172.0,110.0,150.0,273.0,353.0,185.0,270.0,93.0
327,222.0,222.0,224.0,216.0,198.0,181.0,174.0,176.0,186.0,215.0,220.0,222.0,307.0,307.0,316.0,324.0,320.0,309.0,303.0,310.0,321.0,327.0,318.0,307.0,397.0,361.0,240.0,69.0,4.0,2.0,2.0,3.0,5.0,150.0,278.0,433.0,203.0,333.0,39.0
328,215.0,216.0,214.0,208.0,192.0,174.0,169.0,167.0,172.0,197.0,209.0,214.0,301.0,302.0,298.0,294.0,284.0,272.0,254.0,254.0,264.0,288.0,297.0,300.0,235.5,221.0,209.0,149.0,90.0,93.0,107.0,119.0,66.0,98.0,187.0,250.0,182.0,275.0,76.0
329,175.5,175.0,176.0,172.0,158.0,140.0,136.0,137.0,140.0,163.0,171.0,176.0,265.0,266.0,265.0,262.0,255.0,246.0,232.0,233.0,246.0,267.0,267.0,264.0,299.0,282.0,231.0,100.0,26.0,22.0,29.0,23.0,15.0,73.0,227.0,316.0,149.0,258.0,25.0
330,188.5,188.0,177.0,153.0,123.0,103.0,94.0,102.0,124.0,172.0,183.0,189.0,317.0,316.0,318.0,312.0,305.0,279.0,268.0,285.0,309.0,338.0,326.0,318.0,163.0,134.0,100.0,21.0,10.0,8.0,4.0,5.0,8.0,69.0,161.0,192.0,149.0,332.0,27.0
331,182.5,181.0,171.0,148.0,119.0,99.0,90.0,98.0,118.0,165.0,178.0,184.0,307.5,306.0,308.0,302.0,298.0,271.0,257.0,274.0,297.0,326.0,316.0,309.0,162.0,133.0,98.0,22.0,10.0,8.0,5.0,6.0,8.0,72.0,166.0,191.0,143.0,322.0,27.0
332,225.5,227.0,218.0,201.0,180.0,159.0,155.0,153.0,168.0,203.0,218.0,224.0,303.0,305.0,299.0,284.0,276.0,254.0,244.0,249.0,257.0,285.0,294.0,301.0,334.0,332.0,320.0,194.0,184.0,151.0,149.0,126.0,83.0,153.0,259.0,336.0,186.0,275.0,113.0
333,217.5,219.0,214.0,210.0,174.0,154.0,154.0,165.0,181.0,211.0,215.0,216.0,306.5,307.0,308.0,312.0,303.0,286.0,283.0,292.0,307.0,321.0,317.0,306.0,335.0,301.0,202.0,52.0,7.0,2.0,4.0,6.0,12.0,105.0,236.0,369.0,200.0,317.0,37.0
334,217.5,219.0,214.0,210.0,174.0,154.0,154.0,165.0,181.0,211.0,215.0,216.0,306.5,307.0,308.0,312.0,303.0,286.0,283.0,292.0,307.0,321.0,317.0,306.0,335.0,301.0,202.0,52.0,7.0,2.0,4.0,6.0,12.0,105.0,236.0,369.0,200.0,317.0,37.0
335,212.0,214.0,209.0,204.0,169.0,149.0,149.0,160.0,176.0,205.0,210.0,210.0,301.5,302.0,303.0,307.0,299.0,283.0,278.0,288.0,303.0,316.0,312.0,301.0,336.5,303.0,206.0,54.0,7.0,2.0,4.0,6.0,12.0,107.0,240.0,370.0,195.0,313.0,38.0
336,242.0,242.0,242.0,241.0,233.0,218.0,208.0,208.0,213.0,236.0,241.0,242.0,316.5,319.0,314.0,315.0,314.0,299.0,292.0,292.0,292.0,314.0,324.0,314.0,299.5,283.0,172.0,60.0,17.0,24.0,23.0,22.0,13.0,49.0,165.0,316.0,224.0,303.0,18.0
337,239.0,239.0,238.0,238.0,231.0,215.0,205.0,205.0,210.0,232.0,239.0,239.0,314.5,317.0,312.0,313.0,314.0,297.0,291.0,291.0,291.0,312.0,323.0,312.0,306.0,290.0,176.0,58.0,15.0,23.0,22.0,21.0,12.0,50.0,167.0,322.0,221.0,302.0,18.0
338,229.0,229.0,229.0,227.0,219.0,202.0,194.0,193.0,199.0,222.0,229.0,229.0,307.5,310.0,306.0,307.0,305.0,291.0,282.0,282.0,285.0,306.0,315.0,305.0,307.0,290.0,185.0,67.0,16.0,22.0,24.0,21.0,12.0,52.0,180.0,324.0,209.0,296.0,18.0
339,228.0,228.0,228.0,225.0,216.0,200.0,192.0,192.0,197.0,220.0,226.0,228.0,306.0,308.0,305.0,305.0,304.0,290.0,281.0,281.0,285.0,306.0,313.0,304.0,314.5,297.0,191.0,68.0,14.0,21.0,23.0,20.0,11.0,52.0,181.0,332.0,208.0,296.0,18.0
340,204.0,203.0,199.0,185.0,155.0,139.0,136.0,138.0,147.0,185.0,197.0,205.0,289.0,289.0,283.0,275.0,258.0,243.0,228.0,233.0,244.0,279.0,288.0,289.0,387.0,384.0,396.0,165.0,110.0,120.0,114.0,110.0,82.0,170.0,246.0,390.0,165.0,263.0,68.0
341,208.0,207.0,203.0,189.0,159.0,141.0,137.0,141.0,151.0,189.0,200.0,209.0,292.5,292.0,286.0,277.0,262.0,246.0,231.0,236.0,247.0,283.0,291.0,293.0,386.0,384.0,397.0,160.0,105.0,115.0,111.0,110.0,81.0,171.0,238.0,388.0,170.0,267.0,69.0
342,222.5,224.0,217.0,200.0,176.0,156.0,152.0,151.0,167.0,201.0,215.0,221.0,304.0,306.0,299.0,286.0,277.0,256.0,244.0,250.0,259.0,288.0,296.0,302.0,343.0,349.0,289.0,172.0,174.0,148.0,145.0,128.0,84.0,160.0,278.0,337.0,186.0,278.0,109.0
343,214.0,213.0,209.0,196.0,164.0,147.0,143.0,147.0,157.0,196.0,206.0,215.0,300.0,300.0,293.0,285.0,269.0,254.0,240.0,244.0,255.0,289.0,299.0,300.0,386.5,387.0,393.0,142.0,85.0,97.0,102.0,106.0,78.0,173.0,222.0,386.0,176.0,275.0,70.0
344,224.0,224.0,225.0,219.0,204.0,191.0,180.0,182.0,191.0,216.0,221.0,224.0,299.0,299.0,306.0,308.0,300.0,290.0,284.0,286.0,296.0,308.0,305.0,299.0,433.5,396.0,276.0,110.0,34.0,18.0,14.0,19.0,24.0,168.0,311.0,471.0,204.0,305.0,58.0
345,227.5,227.0,221.0,210.0,186.0,170.0,167.0,164.0,174.0,206.0,219.0,228.0,296.5,297.0,292.0,286.0,271.0,252.0,244.0,246.0,256.0,283.0,295.0,296.0,371.0,379.0,415.0,260.0,215.0,206.0,167.0,143.0,105.0,130.0,238.0,363.0,189.0,268.0,73.0
346,214.0,213.0,209.0,196.0,164.0,147.0,143.0,147.0,157.0,196.0,206.0,215.0,300.0,300.0,293.0,285.0,269.0,254.0,240.0,244.0,255.0,289.0,299.0,300.0,386.5,387.0,393.0,142.0,85.0,97.0,102.0,106.0,78.0,173.0,222.0,386.0,176.0,275.0,70.0
347,214.0,213.0,209.0,196.0,164.0,147.0,143.0,147.0,157.0,196.0,206.0,215.0,300.0,300.0,293.0,285.0,269.0,254.0,240.0,244.0,255.0,289.0,299.0,300.0,386.5,387.0,393.0,142.0,85.0,97.0,102.0,106.0,78.0,173.0,222.0,386.0,176.0,275.0,70.0
348,214.0,213.0,209.0,196.0,164.0,147.0,143.0,147.0,157.0,196.0,206.0,215.0,300.0,300.0,293.0,285.0,269.0,254.0,240.0,244.0,255.0,289.0,299.0,300.0,386.5,387.0,393.0,142.0,85.0,97.0,102.0,106.0,78.0,173.0,222.0,386.0,176.0,275.0,70.0
349,214.0,213.0,209.0,196.0,164.0,147.0,143.0,147.0,157.0,196.0,206.0,215.0,300.0,300.0,293.0,285.0,269.0,254.0,240.0,244.0,255.0,289.0,299.0,300.0,386.5,387.0,393.0,142.0,85.0,97.0,102.0,106.0,78.0,173.0,222.0,386.0,176.0,275.0,70.0
350,214.0,213.0,209.0,196.0,164.0,147.0,143.0,147.0,157.0,196.0,206.0,215.0,300.0,300.0,293.0,285.0,269.0,254.0,240.0,244.0,255.0,289.0,299.0,300.0,386.5,387.0,393.0,142.0,85.0,97.0,102.0,106.0,78.0,173.0,222.0,386.0,176.0,275.0,70.0
351,214.0,213.0,209.0,196.0,164.0,147.0,143.0,147.0,157.0,196.0,206.0,215.0,300.0,300.0,293.0,285.0,269.0,254.0,240.0,244.0,255.0,289.0,299.0,300.0,386.5,387.0,393.0,142.0,85.0,97.0,102.0,106.0,78.0,173.0,222.0,386.0,176.0,275.0,70.0
352,214.0,213.0,209.0,196.0,164.0,147.0,143.0,147.0,157.0,196.0,206.0,215.0,300.0,300.0,293.0,285.0,269.0,254.0,240.0,244.0,255.0,289.0,299.0,300.0,386.5,387.0,393.0,142.0,85.0,97.0,102.0,106.0,78.0,173.0,222.0,386.0,176.0,275.0,70.0
353,214.0,213.0,209.0,196.0,164.0,147.0,143.0,147.0,157.0,196.0,206.0,215.0,300.0,300.0,293.0,285.0,269.0,254.0,240.0,244.0,255.0,289.0,299.0,300.0,386.5,387.0,393.0,142.0,85.0,97.0,102.0,106.0,78.0,173.0,222.0,386.0,176.0,275.0,70.0
354,,,,,,,,,,,,,,,,,,,,,,,,,,,,,,,,,,,,,,,
355,225.5,227.0,218.0,201.0,180.0,159.0,155.0,153.0,168.0,203.0,218.0,224.0,303.0,305.0,299.0,284.0,276.0,254.0,244.0,249.0,257.0,285.0,294.0,301.0,334.5,333.0,318.0,194.0,184.0,151.0,149.0,127.0,83.0,153.0,260.0,336.0,186.0,275.0,113.0
356,214.0,213.0,209.0,196.0,164.0,147.0,143.0,147.0,157.0,196.0,206.0,215.0,300.0,300.0,293.0,285.0,269.0,254.0,240.0,244.0,255.0,289.0,299.0,300.0,386.5,387.0,393.0,142.0,85.0,97.0,102.0,106.0,78.0,173.0,222.0,386.0,176.0,275.0,70.0
357,239.0,239.0,237.0,236.0,227.0,211.0,204.0,204.0,209.0,232.0,238.0,239.0,314.5,317.0,312.0,313.0,312.0,299.0,290.0,290.0,293.0,314.0,321.0,312.0,274.5,257.0,169.0,82.0,27.0,31.0,33.0,32.0,20.0,56.0,184.0,292.0,219.0,303.0,25.0
358,237.5,238.0,237.0,235.0,225.0,207.0,200.0,201.0,207.0,231.0,237.0,237.0,314.0,316.0,313.0,315.0,313.0,300.0,289.0,291.0,295.0,315.0,321.0,312.0,282.0,265.0,177.0,92.0,29.0,31.0,34.0,33.0,21.0,61.0,197.0,299.0,218.0,306.0,27.0
359,228.0,228.0,223.0,212.0,194.0,178.0,176.0,174.0,176.0,206.0,218.0,228.0,303.5,303.0,302.0,293.0,278.0,261.0,243.0,245.0,255.0,285.0,297.0,304.0,374.0,393.0,420.0,314.0,225.0,221.0,212.0,181.0,114.0,150.0,278.0,355.0,189.0,271.0,96.0
360,169.0,169.0,169.0,165.0,151.0,134.0,129.0,130.0,133.0,156.0,164.0,169.0,259.0,260.0,259.0,257.0,249.0,239.0,224.0,226.0,239.0,261.0,260.0,258.0,293.0,276.0,231.0,100.0,28.0,24.0,30.0,24.0,16.0,74.0,228.0,310.0,142.0,251.0,26.0
361,223.5,223.0,219.0,207.0,188.0,171.0,169.0,167.0,169.0,199.0,213.0,224.0,302.0,302.0,301.0,291.0,276.0,259.0,240.0,242.0,253.0,284.0,295.0,302.0,372.0,383.0,415.0,293.0,207.0,209.0,199.0,174.0,107.0,154.0,260.0,361.0,181.0,269.0,89.0
362,223.5,223.0,219.0,208.0,188.0,172.0,169.0,166.0,169.0,199.0,214.0,224.0,302.5,302.0,302.0,291.0,278.0,260.0,241.0,243.0,255.0,287.0,297.0,303.0,376.5,385.0,426.0,289.0,205.0,210.0,199.0,174.0,107.0,156.0,257.0,368.0,181.0,272.0,87.0
363,220.0,220.0,217.0,205.0,184.0,168.0,164.0,162.0,164.0,196.0,210.0,220.0,301.0,301.0,303.0,291.0,278.0,258.0,237.0,240.0,252.0,285.0,296.0,301.0,365.5,374.0,402.0,257.0,178.0,185.0,176.0,155.0,95.0,151.0,254.0,357.0,176.0,269.0,81.0
364,219.0,219.0,214.0,202.0,182.0,166.0,163.0,160.0,161.0,193.0,208.0,219.0,299.0,299.0,301.0,288.0,276.0,256.0,234.0,238.0,250.0,283.0,294.0,299.0,358.5,367.0,394.0,238.0,165.0,175.0,169.0,147.0,90.0,148.0,254.0,350.0,174.0,267.0,79.0
365,177.5,176.0,166.0,142.0,116.0,98.0,90.0,97.0,115.0,160.0,172.0,179.0,297.5,295.0,295.0,290.0,281.0,256.0,245.0,260.0,283.0,309.0,301.0,300.0,165.5,142.0,93.0,22.0,10.0,8.0,4.0,4.0,8.0,70.0,161.0,189.0,138.0,302.0,27.0
366,229.0,229.0,226.0,216.0,198.0,183.0,182.0,182.0,187.0,212.0,223.0,229.0,298.0,298.0,293.0,287.0,272.0,256.0,243.0,244.0,251.0,282.0,293.0,298.0,387.5,403.0,439.0,392.0,269.0,256.0,246.0,187.0,123.0,126.0,252.0,372.0,196.0,266.0,88.0
367,228.0,228.0,228.0,226.0,218.0,202.0,193.0,193.0,199.0,221.0,228.0,228.0,306.0,308.0,304.0,304.0,303.0,289.0,280.0,280.0,283.0,304.0,313.0,304.0,301.0,284.0,181.0,65.0,16.0,22.0,24.0,21.0,12.0,50.0,173.0,318.0,208.0,294.0,17.0
368,193.0,194.0,186.0,173.0,146.0,130.0,129.0,128.0,134.0,167.0,182.0,192.0,284.0,285.0,282.0,273.0,258.0,239.0,220.0,222.0,234.0,277.0,284.0,283.0,396.5,412.0,403.0,186.0,123.0,148.0,141.0,124.0,93.0,143.0,304.0,381.0,147.0,260.0,66.0
369,189.5,190.0,191.0,186.0,173.0,156.0,151.0,152.0,156.0,178.0,186.0,189.0,275.5,277.0,277.0,274.0,267.0,259.0,245.0,246.0,256.0,277.0,278.0,274.0,304.5,287.0,222.0,98.0,22.0,20.0,29.0,22.0,14.0,65.0,217.0,322.0,165.0,268.0,22.0
370,192.5,193.0,193.0,189.0,176.0,158.0,154.0,154.0,159.0,182.0,189.0,192.0,278.0,279.0,279.0,276.0,269.0,261.0,247.0,248.0,259.0,280.0,280.0,277.0,306.5,289.0,221.0,97.0,21.0,20.0,28.0,21.0,14.0,64.0,216.0,324.0,167.0,270.0,21.0
371,184.0,184.0,185.0,180.0,166.0,149.0,144.0,145.0,149.0,172.0,180.0,184.0,272.0,273.0,273.0,270.0,263.0,255.0,240.0,241.0,253.0,274.0,274.0,271.0,300.0,284.0,225.0,101.0,24.0,21.0,30.0,23.0,15.0,70.0,224.0,316.0,159.0,265.0,24.0
372,217.0,219.0,214.0,209.0,173.0,153.0,153.0,165.0,182.0,211.0,214.0,215.0,307.5,308.0,309.0,312.0,304.0,288.0,284.0,294.0,309.0,323.0,317.0,307.0,334.5,300.0,205.0,54.0,6.0,2.0,4.0,6.0,12.0,109.0,240.0,369.0,200.0,320.0,39.0
373,221.0,223.0,218.0,214.0,177.0,157.0,159.0,170.0,185.0,214.0,218.0,219.0,308.0,309.0,310.0,314.0,305.0,288.0,285.0,294.0,308.0,322.0,319.0,307.0,338.0,305.0,203.0,50.0,7.0,2.0,4.0,6.0,12.0,100.0,232.0,371.0,204.0,318.0,35.0
374,216.0,218.0,213.0,209.0,172.0,152.0,153.0,165.0,180.0,209.0,213.0,214.0,304.5,305.0,307.0,311.0,301.0,285.0,281.0,291.0,305.0,319.0,315.0,304.0,335.5,301.0,203.0,52.0,7.0,2.0,4.0,6.0,12.0,105.0,237.0,370.0,198.0,315.0,37.0
375,216.5,218.0,213.0,209.0,173.0,153.0,153.0,165.0,181.0,211.0,214.0,215.0,306.5,307.0,308.0,312.0,304.0,288.0,284.0,294.0,309.0,322.0,317.0,306.0,334.5,300.0,205.0,54.0,7.0,2.0,4.0,6.0,12.0,109.0,239.0,369.0,200.0,319.0,39.0
376,225.0,225.0,221.0,209.0,190.0,173.0,171.0,169.0,171.0,201.0,215.0,225.0,303.5,303.0,302.0,292.0,278.0,260.0,242.0,244.0,256.0,286.0,297.0,304.0,378.0,388.0,427.0,308.0,219.0,220.0,208.0,182.0,112.0,157.0,258.0,368.0,184.0,272.0,90.0
377,224.5,224.0,219.0,209.0,188.0,173.0,170.0,168.0,170.0,201.0,214.0,225.0,301.5,301.0,300.0,291.0,276.0,258.0,239.0,242.0,253.0,285.0,295.0,302.0,375.5,385.0,424.0,302.0,215.0,218.0,209.0,181.0,110.0,156.0,262.0,366.0,182.0,269.0,90.0
378,227.5,227.0,222.0,213.0,192.0,176.0,174.0,172.0,174.0,204.0,218.0,228.0,303.5,303.0,300.0,291.0,276.0,258.0,243.0,245.0,256.0,287.0,297.0,304.0,386.0,391.0,450.0,326.0,235.0,242.0,235.0,198.0,119.0,160.0,271.0,381.0,186.0,272.0,96.0
379,169.0,169.0,163.0,150.0,124.0,106.0,100.0,101.0,107.0,146.0,159.0,169.0,272.0,272.0,268.0,258.0,247.0,226.0,193.0,202.0,220.0,270.0,273.0,272.0,307.5,301.0,242.0,85.0,53.0,63.0,64.0,57.0,41.0,129.0,256.0,314.0,124.0,251.0,47.0
380,169.5,170.0,163.0,149.0,123.0,105.0,102.0,102.0,109.0,147.0,160.0,169.0,272.0,273.0,269.0,258.0,245.0,225.0,196.0,204.0,221.0,271.0,274.0,271.0,305.0,297.0,231.0,84.0,52.0,61.0,62.0,54.0,40.0,130.0,261.0,313.0,125.0,252.0,45.0
381,221.5,222.0,219.0,212.0,180.0,157.0,155.0,165.0,179.0,212.0,219.0,221.0,308.5,310.0,312.0,321.0,316.0,304.0,301.0,307.0,318.0,329.0,322.0,307.0,372.5,377.0,201.0,58.0,8.0,2.0,2.0,5.0,9.0,90.0,198.0,368.0,198.0,328.0,25.0
382,216.5,218.0,213.0,209.0,173.0,153.0,153.0,165.0,181.0,211.0,214.0,215.0,306.5,307.0,308.0,312.0,304.0,288.0,284.0,294.0,309.0,322.0,317.0,306.0,334.5,300.0,205.0,54.0,7.0,2.0,4.0,6.0,12.0,109.0,239.0,369.0,200.0,319.0,39.0
383,217.0,219.0,214.0,209.0,173.0,153.0,153.0,165.0,182.0,211.0,214.0,215.0,307.5,308.0,309.0,312.0,304.0,288.0,284.0,294.0,309.0,323.0,317.0,307.0,334.5,300.0,205.0,54.0,6.0,2.0,4.0,6.0,12.0,109.0,240.0,369.0,200.0,320.0,39.0
384,222.0,222.0,221.0,219.0,210.0,193.0,186.0,185.0,191.0,214.0,219.0,222.0,301.5,304.0,300.0,299.0,297.0,285.0,274.0,274.0,279.0,300.0,306.0,299.0,304.0,287.0,190.0,74.0,16.0,20.0,25.0,21.0,12.0,51.0,183.0,321.0,201.0,291.0,18.0
385,191.0,191.0,189.0,185.0,167.0,147.0,144.0,146.0,149.0,176.0,185.0,191.0,283.0,283.0,281.0,282.0,274.0,265.0,246.0,250.0,260.0,285.0,284.0,283.0,269.5,267.0,216.0,110.0,42.0,35.0,40.0,36.0,24.0,91.0,239.0,272.0,160.0,275.0,40.0
386,,,,,,,,,,,,,,,,,,,,,,,,,,,,,,,,,,,,,,,
387,241.0,241.0,241.0,240.0,233.0,219.0,209.0,208.0,213.0,234.0,241.0,241.0,315.0,318.0,312.0,313.0,312.0,296.0,290.0,289.0,290.0,311.0,322.0,312.0,293.0,276.0,170.0,60.0,18.0,25.0,23.0,22.0,12.0,46.0,158.0,310.0,223.0,300.0,17.0
388,237.0,237.0,237.0,234.0,228.0,212.0,202.0,202.0,208.0,230.0,236.0,237.0,313.5,316.0,311.0,311.0,312.0,295.0,289.0,289.0,290.0,312.0,322.0,311.0,313.0,297.0,180.0,55.0,14.0,22.0,21.0,19.0,11.0,51.0,170.0,329.0,219.0,301.0,17.0
389,,,,,,,,,,,,,,,,,,,,,,,,,,,,,,,,,,,,,,,
390,,,,,,,,,,,,,,,,,,,,,,,,,,,,,,,,,,,,,,,
391,238.0,238.0,237.0,237.0,230.0,215.0,204.0,204.0,209.0,231.0,238.0,238.0,313.0,316.0,310.0,311.0,311.0,295.0,289.0,289.0,289.0,310.0,321.0,310.0,307.0,291.0,177.0,57.0,15.0,22.0,21.0,20.0,11.0,47.0,163.0,323.0,220.0,300.0,16.0
392,225.0,225.0,225.0,223.0,214.0,198.0,190.0,190.0,195.0,218.0,224.0,225.0,304.0,306.0,303.0,302.0,301.0,288.0,278.0,278.0,282.0,302.0,310.0,302.0,297.0,280.0,183.0,71.0,17.0,22.0,26.0,23.0,13.0,51.0,180.0,314.0,205.0,293.0,19.0
393,233.5,234.0,234.0,233.0,224.0,210.0,200.0,199.0,204.0,226.0,233.0,233.0,309.0,312.0,307.0,307.0,306.0,291.0,284.0,283.0,285.0,307.0,316.0,306.0,305.5,288.0,181.0,61.0,15.0,22.0,21.0,20.0,11.0,47.0,165.0,323.0,215.0,296.0,16.0
394,235.5,236.0,235.0,234.0,225.0,210.0,201.0,201.0,206.0,229.0,235.0,235.0,312.5,315.0,310.0,311.0,311.0,296.0,288.0,288.0,290.0,311.0,320.0,310.0,299.5,283.0,177.0,65.0,17.0,24.0,24.0,23.0,13.0,52.0,175.0,316.0,217.0,301.0,19.0
395,226.0,226.0,226.0,224.0,215.0,198.0,191.0,191.0,196.0,218.0,225.0,226.0,305.0,307.0,303.0,303.0,301.0,288.0,279.0,279.0,283.0,304.0,311.0,303.0,303.0,286.0,186.0,70.0,16.0,22.0,25.0,21.0,12.0,51.0,180.0,320.0,205.0,293.0,18.0
396,237.0,237.0,236.0,236.0,229.0,213.0,202.0,202.0,207.0,230.0,237.0,237.0,314.0,317.0,311.0,312.0,312.0,297.0,289.0,290.0,290.0,311.0,322.0,311.0,310.5,294.0,179.0,57.0,14.0,22.0,21.0,20.0,11.0,50.0,170.0,327.0,218.0,301.0,17.0
397,241.0,241.0,241.0,240.0,234.0,218.0,208.0,208.0,212.0,235.0,241.0,241.0,315.5,318.0,313.0,313.0,314.0,298.0,291.0,291.0,291.0,312.0,324.0,313.0,289.5,273.0,168.0,62.0,19.0,26.0,24.0,24.0,13.0,48.0,162.0,306.0,224.0,302.0,18.0
398,191.0,191.0,189.0,185.0,167.0,147.0,144.0,146.0,149.0,176.0,185.0,191.0,283.0,283.0,281.0,282.0,274.0,265.0,246.0,250.0,260.0,285.0,284.0,283.0,269.5,267.0,216.0,110.0,42.0,35.0,40.0,36.0,24.0,91.0,239.0,272.0,160.0,275.0,40.0
399,164.0,164.0,162.0,144.0,121.0,105.0,102.0,103.0,105.0,138.0,152.0,164.0,263.0,264.0,266.0,258.0,246.0,225.0,195.0,207.0,221.0,270.0,270.0,262.0,245.5,246.0,195.0,45.0,21.0,29.0,30.0,28.0,12.0,105.0,190.0,245.0,115.0,247.0,33.0
400,164.0,164.0,162.0,144.0,121.0,105.0,102.0,103.0,105.0,138.0,152.0,164.0,263.0,264.0,266.0,258.0,246.0,225.0,195.0,207.0,221.0,270.0,270.0,262.0,245.5,246.0,195.0,45.0,21.0,29.0,30.0,28.0,12.0,105.0,190.0,245.0,115.0,247.0,33.0
401,,,,,,,,,,,,,,,,,,,,,,,,,,,,,,,,,,,,,,,
402,240.5,241.0,240.0,239.0,232.0,216.0,206.0,206.0,212.0,234.0,240.0,240.0,315.5,318.0,313.0,314.0,314.0,298.0,291.0,291.0,292.0,314.0,324.0,313.0,296.5,280.0,172.0,62.0,18.0,25.0,24.0,23.0,13.0,50.0,168.0,313.0,223.0,303.0,19.0
403,,,,,,,,,,,,,,,,,,,,,,,,,,,,,,,,,,,,,,,
404,225.5,227.0,219.0,201.0,180.0,160.0,155.0,153.0,169.0,202.0,218.0,224.0,303.0,305.0,299.0,284.0,276.0,254.0,244.0,249.0,257.0,284.0,294.0,301.0,333.0,331.0,320.0,196.0,186.0,152.0,151.0,127.0,84.0,153.0,258.0,335.0,187.0,275.0,115.0
405,230.5,232.0,234.0,227.0,208.0,189.0,178.0,186.0,194.0,223.0,228.0,229.0,310.5,311.0,315.0,317.0,311.0,304.0,295.0,298.0,307.0,323.0,320.0,310.0,457.0,440.0,285.0,131.0,42.0,30.0,22.0,27.0,30.0,151.0,316.0,474.0,210.0,319.0,55.0
406,168.5,169.0,162.0,148.0,122.0,104.0,100.0,101.0,108.0,145.0,158.0,168.0,270.0,271.0,267.0,257.0,244.0,223.0,194.0,201.0,220.0,269.0,271.0,269.0,305.5,299.0,233.0,85.0,53.0,64.0,65.0,56.0,42.0,129.0,259.0,312.0,124.0,250.0,46.0
407,230.5,232.0,234.0,227.0,208.0,189.0,178.0,186.0,194.0,223.0,228.0,229.0,310.5,311.0,315.0,317.0,311.0,304.0,295.0,298.0,307.0,323.0,320.0,310.0,457.0,440.0,285.0,131.0,42.0,30.0,22.0,27.0,30.0,151.0,316.0,474.0,210.0,319.0,55.0
408,194.5,194.0,187.0,170.0,139.0,125.0,123.0,126.0,138.0,173.0,188.0,195.0,288.5,288.0,281.0,274.0,260.0,238.0,228.0,233.0,251.0,278.0,285.0,289.0,202.5,191.0,186.0,87.0,79.0,86.0,73.0,72.0,52.0,111.0,182.0,214.0,155.0,266.0,65.0
409,217.0,216.0,204.0,178.0,149.0,136.0,127.0,133.0,149.0,198.0,210.0,218.0,328.0,325.0,324.0,320.0,298.0,277.0,270.0,278.0,292.0,317.0,325.0,331.0,96.5,97.0,43.0,12.0,14.0,9.0,4.0,4.0,8.0,38.0,71.0,96.0,172.0,305.0,17.0
410,225.5,226.0,228.0,223.0,210.0,191.0,184.0,186.0,194.0,221.0,223.0,225.0,306.5,307.0,310.0,311.0,308.0,300.0,290.0,291.0,301.0,319.0,316.0,306.0,388.0,375.0,252.0,101.0,19.0,19.0,19.0,17.0,14.0,81.0,245.0,401.0,207.0,313.0,27.0
411,225.5,226.0,228.0,223.0,210.0,191.0,184.0,186.0,194.0,221.0,223.0,225.0,306.5,307.0,310.0,311.0,308.0,300.0,290.0,291.0,301.0,319.0,316.0,306.0,388.0,375.0,252.0,101.0,19.0,19.0,19.0,17.0,14.0,81.0,245.0,401.0,207.0,313.0,27.0
412,240.0,240.0,240.0,239.0,231.0,216.0,206.0,206.0,212.0,234.0,240.0,240.0,315.0,318.0,313.0,314.0,314.0,298.0,292.0,292.0,294.0,314.0,324.0,312.0,319.0,303.0,185.0,61.0,16.0,22.0,21.0,20.0,11.0,52.0,172.0,335.0,223.0,304.0,18.0
413,225.5,226.0,228.0,223.0,210.0,191.0,184.0,186.0,194.0,221.0,223.0,225.0,306.5,307.0,310.0,311.0,308.0,300.0,290.0,291.0,301.0,319.0,316.0,306.0,388.0,375.0,252.0,101.0,19.0,19.0,19.0,17.0,14.0,81.0,245.0,401.0,207.0,313.0,27.0
414,,,,,,,,,,,,,,,,,,,,,,,,,,,,,,,,,,,,,,,
415,222.5,223.0,217.0,206.0,186.0,170.0,168.0,168.0,170.0,201.0,212.0,222.0,302.0,302.0,302.0,294.0,278.0,261.0,242.0,244.0,253.0,285.0,298.0,302.0,366.0,387.0,383.0,276.0,192.0,185.0,175.0,156.0,105.0,148.0,277.0,345.0,183.0,270.0,93.0
416,,,,,,,,,,,,,,,,,,,,,,,,,,,,,,,,,,,,,,,
417,227.0,227.0,222.0,211.0,192.0,176.0,174.0,172.0,175.0,205.0,217.0,227.0,303.5,303.0,303.0,294.0,278.0,262.0,244.0,245.0,255.0,286.0,298.0,304.0,372.0,391.0,410.0,303.0,215.0,210.0,201.0,173.0,111.0,150.0,276.0,353.0,187.0,272.0,95.0
418,222.0,223.0,217.0,205.0,185.0,169.0,168.0,169.0,170.0,200.0,211.0,221.0,302.5,303.0,303.0,294.0,279.0,262.0,243.0,245.0,254.0,285.0,298.0,302.0,366.0,388.0,378.0,273.0,187.0,181.0,169.0,152.0,105.0,149.0,279.0,344.0,182.0,271.0,94.0
419,229.5,231.0,228.0,224.0,204.0,185.0,181.0,188.0,198.0,229.0,229.0,228.0,328.5,330.0,328.0,337.0,338.0,329.0,318.0,329.0,341.0,355.0,342.0,327.0,411.5,378.0,286.0,59.0,5.0,1.0,3.0,3.0,2.0,119.0,267.0,445.0,216.0,358.0,36.0
420,172.5,174.0,164.0,151.0,121.0,104.0,105.0,104.0,110.0,146.0,160.0,171.0,270.0,272.0,268.0,259.0,241.0,222.0,200.0,203.0,219.0,269.0,273.0,268.0,322.5,316.0,255.0,106.0,63.0,74.0,74.0,63.0,49.0,137.0,290.0,329.0,126.0,250.0,47.0
421,229.5,229.0,224.0,215.0,196.0,179.0,176.0,173.0,177.0,207.0,222.0,230.0,304.5,304.0,301.0,292.0,278.0,261.0,245.0,249.0,260.0,291.0,300.0,305.0,387.0,391.0,460.0,295.0,214.0,229.0,224.0,186.0,115.0,157.0,272.0,383.0,188.0,276.0,93.0
422,,,,,,,,,,,,,,,,,,,,,,,,,,,,,,,,,,,,,,,
423,210.5,211.0,202.0,179.0,139.0,124.0,120.0,126.0,140.0,185.0,203.0,210.0,333.0,332.0,328.0,319.0,301.0,275.0,271.0,278.0,298.0,325.0,332.0,334.0,123.5,117.0,103.0,34.0,37.0,53.0,31.0,25.0,23.0,71.0,119.0,130.0,163.0,315.0,34.0
424,217.0,216.0,210.0,194.0,163.0,150.0,144.0,148.0,164.0,195.0,208.0,218.0,299.5,299.0,290.0,284.0,269.0,252.0,241.0,243.0,259.0,286.0,293.0,300.0,261.5,252.0,297.0,154.0,144.0,149.0,132.0,138.0,82.0,136.0,221.0,271.0,178.0,272.0,97.0
425,232.5,236.0,228.0,226.0,193.0,173.0,175.0,185.0,197.0,227.0,229.0,229.0,310.5,311.0,311.0,313.0,297.0,276.0,274.0,284.0,293.0,313.0,321.0,310.0,312.0,281.0,148.0,31.0,7.0,3.0,4.0,5.0,6.0,60.0,189.0,343.0,216.0,304.0,16.0
426,222.5,224.0,217.0,200.0,176.0,156.0,152.0,151.0,167.0,201.0,215.0,221.0,304.0,306.0,299.0,286.0,277.0,256.0,244.0,250.0,259.0,288.0,296.0,302.0,343.0,349.0,289.0,172.0,174.0,148.0,145.0,128.0,84.0,160.0,278.0,337.0,186.0,278.0,109.0
427,221.5,221.0,215.0,204.0,182.0,166.0,164.0,161.0,167.0,199.0,213.0,222.0,301.0,301.0,298.0,289.0,276.0,260.0,242.0,244.0,255.0,288.0,296.0,301.0,383.0,402.0,498.0,225.0,163.0,200.0,179.0,162.0,113.0,138.0,243.0,364.0,179.0,273.0,75.0
428,197.5,197.0,187.0,171.0,122.0,105.0,106.0,120.0,135.0,174.0,192.0,198.0,328.5,327.0,321.0,311.0,293.0,262.0,266.0,276.0,303.0,322.0,333.0,330.0,150.0,117.0,105.0,31.0,17.0,17.0,11.0,9.0,14.0,95.0,178.0,183.0,162.0,321.0,27.0
429,218.0,219.0,217.0,211.0,194.0,177.0,172.0,170.0,174.0,200.0,211.0,217.0,302.5,304.0,299.0,295.0,285.0,273.0,257.0,257.0,264.0,289.0,299.0,301.0,233.5,218.0,209.0,155.0,91.0,95.0,110.0,123.0,67.0,97.0,181.0,249.0,185.0,277.0,77.0
430,202.5,202.0,192.0,176.0,126.0,107.0,108.0,122.0,137.0,179.0,197.0,203.0,335.0,333.0,328.0,317.0,298.0,268.0,273.0,282.0,307.0,329.0,339.0,337.0,148.5,120.0,106.0,31.0,17.0,20.0,12.0,10.0,15.0,90.0,168.0,177.0,166.0,326.0,27.0
431,226.5,227.0,222.0,211.0,192.0,176.0,174.0,173.0,175.0,206.0,217.0,226.0,303.0,303.0,302.0,293.0,277.0,261.0,243.0,245.0,254.0,286.0,297.0,303.0,372.5,391.0,414.0,306.0,218.0,214.0,205.0,176.0,112.0,150.0,275.0,354.0,187.0,270.0,95.0
432,223.0,224.0,216.0,199.0,177.0,156.0,152.0,151.0,166.0,201.0,215.0,222.0,303.5,305.0,298.0,284.0,277.0,254.0,243.0,249.0,257.0,287.0,295.0,302.0,341.5,346.0,292.0,179.0,178.0,150.0,147.0,129.0,85.0,159.0,275.0,337.0,185.0,276.0,111.0
433,222.5,224.0,216.0,199.0,176.0,155.0,151.0,151.0,166.0,201.0,215.0,221.0,304.5,306.0,299.0,286.0,277.0,256.0,244.0,250.0,259.0,289.0,297.0,303.0,344.0,350.0,286.0,168.0,171.0,145.0,142.0,126.0,83.0,161.0,280.0,338.0,185.0,278.0,108.0
434,226.0,226.0,226.0,224.0,215.0,200.0,192.0,191.0,197.0,219.0,225.0,226.0,304.5,307.0,303.0,303.0,301.0,288.0,279.0,279.0,282.0,303.0,311.0,302.0,299.5,282.0,183.0,68.0,16.0,21.0,25.0,22.0,12.0,51.0,177.0,317.0,207.0,293.0,18.0
435,234.0,234.0,234.0,233.0,225.0,210.0,200.0,201.0,205.0,226.0,234.0,234.0,309.0,312.0,307.0,307.0,306.0,290.0,283.0,284.0,285.0,306.0,316.0,306.0,300.5,283.0,178.0,61.0,16.0,22.0,22.0,20.0,11.0,46.0,162.0,318.0,216.0,296.0,16.0
436,221.5,222.0,219.0,212.0,180.0,157.0,155.0,165.0,179.0,212.0,219.0,221.0,308.5,310.0,312.0,321.0,316.0,304.0,301.0,307.0,318.0,329.0,322.0,307.0,372.5,377.0,201.0,58.0,8.0,2.0,2.0,5.0,9.0,90.0,198.0,368.0,198.0,328.0,25.0
437,228.0,229.0,225.0,219.0,187.0,165.0,161.0,172.0,185.0,220.0,226.0,227.0,315.0,317.0,317.0,327.0,321.0,310.0,307.0,313.0,324.0,335.0,328.0,313.0,377.0,389.0,194.0,52.0,7.0,2.0,2.0,5.0,8.0,82.0,190.0,365.0,204.0,333.0,23.0
438,225.0,225.0,225.0,223.0,213.0,197.0,190.0,189.0,194.0,217.0,224.0,225.0,304.0,306.0,302.0,302.0,300.0,287.0,278.0,278.0,281.0,302.0,310.0,302.0,302.0,285.0,186.0,71.0,16.0,21.0,25.0,22.0,12.0,51.0,180.0,319.0,205.0,292.0,18.0
439,225.0,225.0,225.0,223.0,213.0,197.0,190.0,189.0,194.0,217.0,224.0,225.0,304.0,306.0,302.0,302.0,300.0,287.0,278.0,278.0,281.0,302.0,310.0,302.0,302.0,285.0,186.0,71.0,16.0,21.0,25.0,22.0,12.0,51.0,180.0,319.0,205.0,292.0,18.0
440,222.0,222.0,222.0,219.0,209.0,193.0,186.0,186.0,191.0,213.0,220.0,222.0,301.5,304.0,301.0,300.0,297.0,285.0,274.0,275.0,280.0,300.0,307.0,299.0,298.5,281.0,187.0,75.0,17.0,21.0,26.0,22.0,13.0,52.0,183.0,316.0,201.0,290.0,18.0
441,226.5,227.0,229.0,224.0,210.0,190.0,183.0,187.0,194.0,221.0,224.0,226.0,308.0,309.0,311.0,313.0,310.0,303.0,292.0,295.0,304.0,322.0,319.0,307.0,397.0,385.0,258.0,104.0,19.0,19.0,18.0,17.0,14.0,85.0,252.0,409.0,208.0,317.0,29.0
442,221.0,221.0,221.0,218.0,206.0,189.0,182.0,183.0,188.0,212.0,219.0,221.0,302.0,303.0,301.0,301.0,298.0,289.0,275.0,276.0,283.0,303.0,307.0,301.0,297.0,280.0,195.0,93.0,22.0,24.0,31.0,27.0,17.0,60.0,205.0,314.0,199.0,294.0,23.0
443,150.0,149.0,148.0,140.0,118.0,94.0,92.0,93.0,94.0,127.0,140.0,151.0,268.0,267.0,264.0,260.0,249.0,233.0,210.0,214.0,232.0,271.0,267.0,269.0,290.0,278.0,268.0,113.0,45.0,38.0,34.0,34.0,25.0,103.0,236.0,302.0,108.0,255.0,43.0
444,144.5,143.0,143.0,135.0,113.0,90.0,88.0,89.0,89.0,122.0,136.0,146.0,262.0,261.0,259.0,254.0,244.0,228.0,205.0,209.0,227.0,266.0,261.0,263.0,287.0,274.0,267.0,111.0,44.0,37.0,34.0,34.0,25.0,103.0,236.0,300.0,103.0,250.0,43.0
445,162.0,161.0,161.0,153.0,131.0,107.0,103.0,106.0,107.0,140.0,153.0,163.0,279.5,278.0,276.0,273.0,262.0,247.0,222.0,227.0,243.0,283.0,280.0,281.0,300.0,289.0,270.0,117.0,46.0,39.0,35.0,35.0,25.0,105.0,243.0,311.0,122.0,267.0,44.0
446,222.5,224.0,217.0,200.0,176.0,156.0,152.0,151.0,167.0,201.0,215.0,221.0,304.0,306.0,299.0,286.0,277.0,256.0,244.0,250.0,259.0,288.0,296.0,302.0,343.0,349.0,289.0,172.0,174.0,148.0,145.0,128.0,84.0,160.0,278.0,337.0,186.0,278.0,109.0
447,227.0,227.0,222.0,211.0,193.0,177.0,175.0,173.0,175.0,205.0,217.0,227.0,302.5,302.0,301.0,292.0,277.0,261.0,242.0,244.0,254.0,284.0,296.0,303.0,373.0,392.0,418.0,312.0,223.0,219.0,210.0,179.0,113.0,150.0,277.0,354.0,188.0,270.0,96.0
448,214.0,213.0,202.0,175.0,147.0,133.0,123.0,130.0,147.0,196.0,208.0,215.0,327.0,324.0,323.0,319.0,299.0,277.0,270.0,280.0,294.0,320.0,326.0,330.0,104.5,103.0,48.0,13.0,13.0,8.0,3.0,4.0,8.0,41.0,79.0,106.0,170.0,308.0,18.0
449,225.0,226.0,217.0,201.0,179.0,159.0,154.0,152.0,168.0,202.0,217.0,224.0,303.5,305.0,298.0,285.0,276.0,255.0,244.0,249.0,258.0,285.0,295.0,302.0,337.0,338.0,309.0,189.0,183.0,151.0,149.0,128.0,84.0,156.0,265.0,336.0,186.0,275.0,113.0
450,236.0,236.0,237.0,235.0,228.0,213.0,204.0,203.0,208.0,230.0,236.0,236.0,310.5,313.0,309.0,308.0,309.0,292.0,286.0,286.0,286.0,308.0,319.0,308.0,299.0,282.0,176.0,60.0,16.0,22.0,22.0,20.0,11.0,46.0,161.0,316.0,219.0,297.0,16.0
451,168.5,169.0,162.0,148.0,122.0,104.0,100.0,101.0,108.0,145.0,158.0,168.0,270.0,271.0,267.0,257.0,244.0,223.0,194.0,201.0,220.0,269.0,271.0,269.0,305.5,299.0,233.0,85.0,53.0,64.0,65.0,56.0,42.0,129.0,259.0,312.0,124.0,250.0,46.0
452,169.5,170.0,163.0,149.0,123.0,105.0,102.0,102.0,109.0,147.0,160.0,169.0,272.0,273.0,269.0,258.0,245.0,225.0,196.0,204.0,221.0,271.0,274.0,271.0,305.0,297.0,231.0,84.0,52.0,61.0,62.0,54.0,40.0,130.0,261.0,313.0,125.0,252.0,45.0
453,195.5,195.0,186.0,169.0,124.0,108.0,108.0,119.0,133.0,173.0,190.0,196.0,318.5,317.0,311.0,301.0,283.0,256.0,256.0,264.0,288.0,313.0,322.0,320.0,154.5,130.0,101.0,33.0,17.0,22.0,14.0,12.0,19.0,93.0,168.0,179.0,159.0,307.0,30.0
454,224.5,224.0,220.0,208.0,185.0,166.0,162.0,159.0,169.0,203.0,215.0,225.0,297.0,298.0,292.0,283.0,269.0,249.0,243.0,245.0,254.0,285.0,295.0,296.0,365.0,369.0,398.0,244.0,207.0,200.0,157.0,144.0,101.0,148.0,232.0,361.0,186.0,268.0,79.0
455,227.0,226.0,221.0,209.0,186.0,170.0,167.0,163.0,173.0,206.0,218.0,228.0,297.0,297.0,293.0,286.0,272.0,252.0,246.0,246.0,256.0,285.0,295.0,297.0,372.0,378.0,415.0,255.0,208.0,202.0,162.0,140.0,103.0,131.0,239.0,366.0,189.0,270.0,72.0
456,223.5,225.0,216.0,200.0,177.0,156.0,152.0,152.0,167.0,201.0,216.0,222.0,303.5,305.0,299.0,285.0,276.0,255.0,244.0,250.0,258.0,287.0,296.0,302.0,341.5,346.0,292.0,177.0,177.0,149.0,147.0,128.0,84.0,159.0,275.0,337.0,186.0,277.0,110.0
457,230.0,229.0,227.0,217.0,199.0,184.0,183.0,182.0,187.0,212.0,223.0,231.0,298.5,298.0,293.0,287.0,273.0,256.0,244.0,243.0,250.0,281.0,292.0,299.0,385.5,403.0,443.0,393.0,272.0,257.0,248.0,187.0,123.0,124.0,251.0,368.0,197.0,266.0,87.0
458,209.5,210.0,208.0,198.0,181.0,168.0,163.0,161.0,164.0,187.0,202.0,209.0,294.0,295.0,292.0,283.0,269.0,253.0,230.0,232.0,240.0,277.0,286.0,293.0,328.0,335.0,366.0,321.0,207.0,204.0,202.0,164.0,103.0,114.0,245.0,321.0,172.0,259.0,77.0
459,230.5,230.0,225.0,216.0,197.0,181.0,177.0,173.0,179.0,209.0,224.0,231.0,302.5,303.0,299.0,290.0,277.0,259.0,243.0,247.0,257.0,288.0,296.0,302.0,380.5,394.0,499.0,272.0,211.0,240.0,226.0,189.0,122.0,145.0,256.0,367.0,190.0,273.0,89.0
460,227.5,227.0,221.0,210.0,186.0,170.0,167.0,164.0,174.0,206.0,219.0,228.0,296.5,297.0,292.0,286.0,271.0,252.0,244.0,246.0,256.0,283.0,295.0,296.0,371.0,379.0,415.0,260.0,215.0,206.0,167.0,143.0,105.0,130.0,238.0,363.0,189.0,268.0,73.0
461,230.5,230.0,225.0,215.0,196.0,181.0,177.0,172.0,179.0,209.0,224.0,231.0,303.0,303.0,299.0,290.0,277.0,261.0,244.0,247.0,258.0,289.0,297.0,303.0,380.0,394.0,501.0,268.0,208.0,238.0,222.0,187.0,122.0,145.0,253.0,366.0,190.0,273.0,88.0
462,177.5,177.0,175.0,158.0,133.0,116.0,114.0,115.0,117.0,152.0,166.0,178.0,275.0,275.0,278.0,270.0,256.0,236.0,210.0,219.0,232.0,278.0,281.0,275.0,260.0,261.0,203.0,57.0,27.0,33.0,33.0,30.0,15.0,106.0,198.0,259.0,130.0,258.0,34.0
463,156.5,156.0,155.0,137.0,114.0,99.0,95.0,96.0,98.0,131.0,145.0,157.0,255.0,256.0,259.0,251.0,239.0,217.0,187.0,200.0,214.0,263.0,263.0,254.0,244.5,244.0,197.0,43.0,21.0,30.0,31.0,29.0,13.0,107.0,192.0,245.0,109.0,240.0,34.0
464,230.5,230.0,225.0,216.0,197.0,181.0,177.0,173.0,179.0,209.0,224.0,231.0,302.5,303.0,299.0,290.0,277.0,259.0,243.0,247.0,257.0,288.0,296.0,302.0,380.5,394.0,499.0,272.0,211.0,240.0,226.0,189.0,122.0,145.0,256.0,367.0,190.0,273.0,89.0
465,230.0,229.0,227.0,217.0,199.0,184.0,183.0,182.0,187.0,212.0,223.0,231.0,298.5,298.0,293.0,287.0,273.0,256.0,244.0,243.0,250.0,281.0,292.0,299.0,385.5,403.0,443.0,393.0,272.0,257.0,248.0,187.0,123.0,124.0,251.0,368.0,197.0,266.0,87.0
466,224.5,224.0,219.0,207.0,188.0,172.0,172.0,173.0,174.0,204.0,214.0,225.0,303.0,303.0,302.0,294.0,279.0,263.0,245.0,247.0,255.0,285.0,299.0,303.0,374.0,397.0,385.0,294.0,201.0,192.0,180.0,159.0,109.0,146.0,282.0,351.0,187.0,273.0,96.0
467,164.0,164.0,162.0,144.0,121.0,105.0,102.0,103.0,105.0,138.0,152.0,164.0,263.0,264.0,266.0,258.0,246.0,225.0,195.0,207.0,221.0,270.0,270.0,262.0,245.5,246.0,195.0,45.0,21.0,29.0,30.0,28.0,12.0,105.0,190.0,245.0,115.0,247.0,33.0
468,222.5,224.0,217.0,200.0,176.0,156.0,152.0,151.0,167.0,201.0,215.0,221.0,304.0,306.0,299.0,286.0,277.0,256.0,244.0,250.0,259.0,288.0,296.0,302.0,343.0,349.0,289.0,172.0,174.0,148.0,145.0,128.0,84.0,160.0,278.0,337.0,186.0,278.0,109.0
469,222.5,224.0,217.0,200.0,176.0,156.0,152.0,151.0,167.0,201.0,215.0,221.0,304.0,306.0,299.0,286.0,277.0,256.0,244.0,250.0,259.0,288.0,296.0,302.0,343.0,349.0,289.0,172.0,174.0,148.0,145.0,128.0,84.0,160.0,278.0,337.0,186.0,278.0,109.0
470,174.5,173.0,163.0,138.0,114.0,96.0,89.0,94.0,113.0,157.0,169.0,176.0,293.0,291.0,291.0,286.0,277.0,253.0,241.0,255.0,279.0,304.0,296.0,295.0,165.5,142.0,93.0,22.0,10.0,8.0,4.0,5.0,8.0,71.0,164.0,189.0,135.0,298.0,27.0
471,219.5,220.0,219.0,213.0,196.0,179.0,173.0,172.0,176.0,201.0,213.0,219.0,304.0,305.0,301.0,297.0,287.0,275.0,259.0,259.0,267.0,291.0,300.0,303.0,238.0,223.0,210.0,155.0,90.0,94.0,108.0,121.0,66.0,97.0,184.0,253.0,187.0,279.0,77.0
472,227.5,228.0,226.0,222.0,209.0,190.0,185.0,187.0,192.0,219.0,224.0,227.0,308.0,309.0,307.0,310.0,307.0,298.0,283.0,285.0,293.0,313.0,314.0,307.0,289.5,282.0,200.0,120.0,39.0,35.0,38.0,37.0,26.0,77.0,227.0,297.0,204.0,305.0,37.0
473,227.0,227.0,228.0,223.0,207.0,194.0,183.0,185.0,194.0,219.0,224.0,227.0,301.5,302.0,308.0,310.0,302.0,292.0,286.0,288.0,298.0,310.0,307.0,301.0,436.5,398.0,275.0,111.0,35.0,18.0,14.0,20.0,25.0,169.0,310.0,475.0,208.0,307.0,60.0
474,180.5,180.0,179.0,174.0,157.0,137.0,134.0,135.0,138.0,166.0,175.0,181.0,275.5,276.0,274.0,273.0,265.0,257.0,237.0,240.0,252.0,278.0,276.0,275.0,271.5,266.0,222.0,107.0,39.0,33.0,37.0,33.0,22.0,91.0,241.0,277.0,149.0,267.0,37.0
475,223.5,224.0,222.0,216.0,200.0,183.0,177.0,176.0,181.0,206.0,217.0,223.0,307.0,308.0,304.0,300.0,290.0,278.0,262.0,262.0,271.0,294.0,303.0,306.0,240.0,224.0,211.0,162.0,92.0,95.0,110.0,124.0,67.0,95.0,180.0,256.0,191.0,282.0,77.0
476,215.5,216.0,215.0,209.0,192.0,175.0,169.0,167.0,172.0,197.0,209.0,215.0,301.0,302.0,298.0,295.0,284.0,272.0,255.0,255.0,264.0,289.0,297.0,300.0,236.5,222.0,210.0,150.0,89.0,93.0,106.0,119.0,65.0,99.0,187.0,251.0,182.0,276.0,75.0
477,217.0,216.0,211.0,194.0,163.0,150.0,144.0,148.0,164.0,195.0,208.0,218.0,299.5,299.0,291.0,284.0,269.0,252.0,241.0,243.0,259.0,287.0,293.0,300.0,260.5,251.0,296.0,152.0,143.0,148.0,131.0,136.0,81.0,135.0,220.0,270.0,177.0,272.0,96.0
478,216.5,215.0,210.0,194.0,162.0,150.0,144.0,148.0,164.0,195.0,208.0,218.0,299.0,298.0,290.0,283.0,268.0,252.0,241.0,243.0,259.0,287.0,293.0,300.0,259.5,250.0,295.0,152.0,143.0,148.0,131.0,136.0,81.0,134.0,219.0,269.0,178.0,272.0,96.0
479,216.5,216.0,210.0,194.0,162.0,149.0,144.0,147.0,164.0,194.0,209.0,217.0,300.5,300.0,291.0,284.0,269.0,252.0,241.0,244.0,260.0,287.0,295.0,301.0,268.0,258.0,305.0,160.0,144.0,150.0,133.0,140.0,82.0,140.0,227.0,278.0,178.0,273.0,99.0
480,195.0,194.0,188.0,171.0,140.0,126.0,123.0,126.0,139.0,173.0,187.0,196.0,286.5,286.0,279.0,272.0,257.0,236.0,226.0,230.0,248.0,275.0,282.0,287.0,204.5,194.0,193.0,92.0,87.0,92.0,80.0,79.0,55.0,112.0,182.0,215.0,155.0,263.0,68.0
481,226.5,226.0,220.0,209.0,187.0,172.0,170.0,167.0,174.0,205.0,219.0,227.0,301.5,302.0,300.0,291.0,279.0,263.0,248.0,249.0,257.0,286.0,297.0,301.0,384.0,408.0,493.0,248.0,190.0,227.0,189.0,170.0,119.0,136.0,238.0,360.0,186.0,273.0,77.0
482,211.0,210.0,206.0,192.0,161.0,144.0,140.0,144.0,154.0,193.0,203.0,212.0,297.0,297.0,291.0,283.0,267.0,251.0,237.0,242.0,253.0,288.0,296.0,297.0,391.0,390.0,396.0,148.0,90.0,101.0,103.0,105.0,78.0,172.0,232.0,392.0,173.0,273.0,69.0
483,211.0,210.0,206.0,192.0,161.0,144.0,140.0,144.0,154.0,193.0,203.0,212.0,297.0,297.0,291.0,283.0,267.0,251.0,237.0,242.0,253.0,288.0,296.0,297.0,391.0,390.0,396.0,148.0,90.0,101.0,103.0,105.0,78.0,172.0,232.0,392.0,173.0,273.0,69.0
484,211.0,210.0,206.0,192.0,161.0,144.0,140.0,144.0,154.0,193.0,203.0,212.0,297.0,297.0,291.0,283.0,267.0,251.0,237.0,242.0,253.0,288.0,296.0,297.0,391.0,390.0,396.0,148.0,90.0,101.0,103.0,105.0,78.0,172.0,232.0,392.0,173.0,273.0,69.0
485,211.0,210.0,206.0,192.0,161.0,144.0,140.0,144.0,154.0,193.0,203.0,212.0,297.0,297.0,291.0,283.0,267.0,251.0,237.0,242.0,253.0,288.0,296.0,297.0,391.0,390.0,396.0,148.0,90.0,101.0,103.0,105.0,78.0,172.0,232.0,392.0,173.0,273.0,69.0
486,211.0,210.0,206.0,192.0,161.0,144.0,140.0,144.0,154.0,193.0,203.0,212.0,297.0,297.0,291.0,283.0,267.0,251.0,237.0,242.0,253.0,288.0,296.0,297.0,391.0,390.0,396.0,148.0,90.0,101.0,103.0,105.0,78.0,172.0,232.0,392.0,173.0,273.0,69.0
487,211.0,210.0,206.0,192.0,161.0,144.0,140.0,144.0,154.0,193.0,203.0,212.0,297.0,297.0,291.0,283.0,267.0,251.0,237.0,242.0,253.0,288.0,296.0,297.0,391.0,390.0,396.0,148.0,90.0,101.0,103.0,105.0,78.0,172.0,232.0,392.0,173.0,273.0,69.0
488,211.0,210.0,206.0,192.0,161.0,144.0,140.0,144.0,154.0,193.0,203.0,212.0,297.0,297.0,291.0,283.0,267.0,251.0,237.0,242.0,253.0,288.0,296.0,297.0,391.0,390.0,396.0,148.0,90.0,101.0,103.0,105.0,78.0,172.0,232.0,392.0,173.0,273.0,69.0
489,214.0,213.0,209.0,196.0,164.0,147.0,143.0,147.0,157.0,196.0,206.0,215.0,300.0,300.0,293.0,285.0,269.0,254.0,240.0,244.0,255.0,289.0,299.0,300.0,386.5,387.0,393.0,142.0,85.0,97.0,102.0,106.0,78.0,173.0,222.0,386.0,176.0,275.0,70.0
490,211.0,210.0,206.0,192.0,161.0,144.0,140.0,144.0,154.0,193.0,203.0,212.0,297.0,297.0,291.0,283.0,267.0,251.0,237.0,242.0,253.0,288.0,296.0,297.0,391.0,390.0,396.0,148.0,90.0,101.0,103.0,105.0,78.0,172.0,232.0,392.0,173.0,273.0,69.0
491,211.0,210.0,206.0,192.0,161.0,144.0,140.0,144.0,154.0,193.0,203.0,212.0,297.0,297.0,291.0,283.0,267.0,251.0,237.0,242.0,253.0,288.0,296.0,297.0,391.0,390.0,396.0,148.0,90.0,101.0,103.0,105.0,78.0,172.0,232.0,392.0,173.0,273.0,69.0
492,211.0,210.0,206.0,192.0,161.0,144.0,140.0,144.0,154.0,193.0,203.0,212.0,297.0,297.0,291.0,283.0,267.0,251.0,237.0,242.0,253.0,288.0,296.0,297.0,391.0,390.0,396.0,148.0,90.0,101.0,103.0,105.0,78.0,172.0,232.0,392.0,173.0,273.0,69.0
493,211.0,210.0,206.0,192.0,161.0,144.0,140.0,144.0,154.0,193.0,203.0,212.0,297.0,297.0,291.0,283.0,267.0,251.0,237.0,242.0,253.0,288.0,296.0,297.0,391.0,390.0,396.0,148.0,90.0,101.0,103.0,105.0,78.0,172.0,232.0,392.0,173.0,273.0,69.0
494,211.0,210.0,206.0,192.0,161.0,144.0,140.0,144.0,154.0,193.0,203.0,212.0,297.0,297.0,291.0,283.0,267.0,251.0,237.0,242.0,253.0,288.0,296.0,297.0,391.0,390.0,396.0,148.0,90.0,101.0,103.0,105.0,78.0,172.0,232.0,392.0,173.0,273.0,69.0
495,161.0,161.0,155.0,141.0,117.0,97.0,92.0,93.0,102.0,138.0,151.0,161.0,261.5,263.0,260.0,249.0,236.0,217.0,189.0,195.0,215.0,262.0,262.0,260.0,305.0,283.0,244.0,72.0,35.0,32.0,36.0,34.0,24.0,149.0,288.0,327.0,119.0,247.0,46.0
496,199.0,199.0,199.0,193.0,173.0,157.0,148.0,147.0,151.0,177.0,190.0,199.0,295.0,295.0,291.0,287.0,276.0,264.0,240.0,240.0,250.0,281.0,291.0,295.0,278.5,266.0,251.0,168.0,84.0,91.0,104.0,106.0,64.0,100.0,219.0,291.0,161.0,266.0,66.0
497,195.0,195.0,183.0,158.0,127.0,107.0,99.0,107.0,130.0,178.0,190.0,195.0,325.0,322.0,324.0,319.0,304.0,278.0,273.0,290.0,314.0,340.0,330.0,328.0,158.5,136.0,88.0,19.0,9.0,8.0,4.0,4.0,8.0,61.0,142.0,181.0,155.0,332.0,25.0
498,217.5,218.0,216.0,211.0,194.0,177.0,171.0,170.0,173.0,199.0,210.0,217.0,302.0,303.0,299.0,295.0,285.0,273.0,257.0,256.0,264.0,289.0,298.0,301.0,233.0,218.0,208.0,153.0,91.0,95.0,109.0,123.0,67.0,97.0,183.0,248.0,184.0,276.0,77.0
499,195.0,195.0,183.0,158.0,127.0,107.0,99.0,107.0,130.0,178.0,190.0,195.0,325.0,322.0,324.0,319.0,304.0,278.0,273.0,290.0,314.0,340.0,330.0,328.0,158.5,136.0,88.0,19.0,9.0,8.0,4.0,4.0,8.0,61.0,142.0,181.0,155.0,332.0,25.0
500,218.0,219.0,217.0,211.0,194.0,177.0,172.0,170.0,174.0,200.0,211.0,217.0,302.5,304.0,299.0,295.0,285.0,273.0,257.0,257.0,264.0,289.0,299.0,301.0,233.5,218.0,209.0,155.0,91.0,95.0,110.0,123.0,67.0,97.0,181.0,249.0,185.0,277.0,77.0
501,219.0,219.0,213.0,191.0,161.0,144.0,138.0,140.0,152.0,194.0,211.0,219.0,318.0,318.0,315.0,308.0,294.0,269.0,258.0,262.0,278.0,304.0,315.0,318.0,124.0,114.0,121.0,46.0,66.0,79.0,59.0,51.0,38.0,70.0,108.0,134.0,172.0,293.0,41.0
502,195.0,196.0,186.0,174.0,147.0,131.0,130.0,129.0,135.0,168.0,184.0,194.0,285.0,286.0,283.0,273.0,259.0,240.0,220.0,223.0,235.0,277.0,284.0,284.0,399.5,416.0,411.0,191.0,127.0,153.0,144.0,127.0,96.0,143.0,304.0,383.0,148.0,260.0,67.0
503,207.5,207.0,200.0,180.0,143.0,128.0,123.0,129.0,143.0,183.0,200.0,208.0,317.0,316.0,312.0,304.0,287.0,263.0,256.0,262.0,282.0,309.0,316.0,318.0,162.5,153.0,152.0,51.0,54.0,69.0,47.0,43.0,35.0,87.0,145.0,172.0,164.0,298.0,46.0
504,161.5,162.0,158.0,146.0,116.0,97.0,96.0,97.0,106.0,146.0,157.0,161.0,261.0,264.0,257.0,250.0,231.0,216.0,204.0,207.0,228.0,266.0,259.0,258.0,281.0,262.0,206.0,51.0,14.0,9.0,9.0,11.0,12.0,152.0,268.0,300.0,121.0,254.0,48.0
505,220.0,222.0,216.0,212.0,177.0,157.0,157.0,168.0,184.0,214.0,217.0,218.0,308.0,309.0,309.0,313.0,305.0,289.0,284.0,294.0,308.0,322.0,318.0,307.0,335.5,301.0,201.0,51.0,7.0,2.0,4.0,6.0,12.0,102.0,233.0,370.0,203.0,318.0,36.0
506,216.5,217.0,207.0,183.0,141.0,120.0,111.0,119.0,144.0,196.0,210.0,216.0,348.5,347.0,351.0,343.0,330.0,300.0,287.0,302.0,328.0,359.0,353.0,350.0,134.0,112.0,81.0,18.0,13.0,12.0,5.0,6.0,9.0,59.0,138.0,156.0,172.0,356.0,22.0
507,220.0,222.0,216.0,212.0,177.0,157.0,157.0,168.0,184.0,214.0,217.0,218.0,308.0,309.0,309.0,313.0,305.0,289.0,284.0,294.0,308.0,322.0,318.0,307.0,335.5,301.0,201.0,51.0,7.0,2.0,4.0,6.0,12.0,102.0,233.0,370.0,203.0,318.0,36.0
508,223.5,225.0,227.0,220.0,200.0,182.0,170.0,179.0,186.0,215.0,221.0,222.0,307.0,307.0,311.0,314.0,308.0,300.0,291.0,295.0,301.0,318.0,315.0,307.0,456.0,429.0,283.0,128.0,42.0,27.0,20.0,26.0,30.0,161.0,319.0,483.0,202.0,316.0,58.0
509,224.0,224.0,225.0,219.0,204.0,191.0,180.0,182.0,191.0,216.0,221.0,224.0,299.0,299.0,306.0,308.0,300.0,290.0,284.0,286.0,296.0,308.0,305.0,299.0,433.5,396.0,276.0,110.0,34.0,18.0,14.0,19.0,24.0,168.0,311.0,471.0,204.0,305.0,58.0
510,216.5,218.0,213.0,209.0,173.0,153.0,153.0,165.0,181.0,211.0,214.0,215.0,306.5,307.0,308.0,312.0,304.0,288.0,284.0,294.0,309.0,322.0,317.0,306.0,334.5,300.0,205.0,54.0,7.0,2.0,4.0,6.0,12.0,109.0,239.0,369.0,200.0,319.0,39.0
511,216.0,218.0,213.0,209.0,172.0,152.0,153.0,165.0,180.0,209.0,213.0,214.0,304.5,305.0,307.0,311.0,301.0,285.0,281.0,291.0,305.0,319.0,315.0,304.0,335.5,301.0,203.0,52.0,7.0,2.0,4.0,6.0,12.0,105.0,237.0,370.0,198.0,315.0,37.0
512,229.5,232.0,225.0,222.0,186.0,166.0,168.0,178.0,193.0,223.0,226.0,227.0,313.5,314.0,314.0,317.0,305.0,287.0,284.0,293.0,305.0,322.0,324.0,313.0,325.5,290.0,175.0,41.0,7.0,2.0,4.0,5.0,9.0,81.0,208.0,361.0,212.0,315.0,26.0
513,221.0,223.0,218.0,214.0,177.0,157.0,159.0,170.0,185.0,214.0,218.0,219.0,308.0,309.0,310.0,314.0,305.0,288.0,285.0,294.0,308.0,322.0,319.0,307.0,338.0,305.0,203.0,50.0,7.0,2.0,4.0,6.0,12.0,100.0,232.0,371.0,204.0,318.0,35.0
514,217.0,219.0,214.0,209.0,173.0,153.0,153.0,165.0,182.0,211.0,214.0,215.0,307.5,308.0,309.0,312.0,304.0,288.0,284.0,294.0,309.0,323.0,317.0,307.0,334.5,300.0,205.0,54.0,6.0,2.0,4.0,6.0,12.0,109.0,240.0,369.0,200.0,320.0,39.0
515,189.5,190.0,191.0,186.0,173.0,156.0,151.0,152.0,156.0,178.0,186.0,189.0,275.5,277.0,277.0,274.0,267.0,259.0,245.0,246.0,256.0,277.0,278.0,274.0,304.5,287.0,222.0,98.0,22.0,20.0,29.0,22.0,14.0,65.0,217.0,322.0,165.0,268.0,22.0
516,219.5,219.0,217.0,205.0,187.0,174.0,170.0,170.0,175.0,200.0,212.0,220.0,295.0,295.0,291.0,285.0,270.0,252.0,237.0,239.0,245.0,279.0,289.0,295.0,348.0,356.0,383.0,300.0,193.0,203.0,191.0,153.0,104.0,112.0,234.0,340.0,183.0,262.0,82.0
517,228.0,228.0,223.0,212.0,193.0,178.0,175.0,173.0,176.0,206.0,218.0,228.0,304.0,304.0,303.0,294.0,278.0,262.0,244.0,246.0,256.0,287.0,298.0,304.0,376.0,391.0,422.0,312.0,222.0,220.0,211.0,181.0,114.0,153.0,272.0,361.0,188.0,272.0,95.0
518,177.0,178.0,173.0,156.0,132.0,119.0,115.0,118.0,120.0,150.0,164.0,176.0,270.0,272.0,275.0,265.0,250.0,229.0,200.0,209.0,222.0,266.0,274.0,268.0,270.5,264.0,224.0,88.0,49.0,55.0,58.0,54.0,28.0,107.0,212.0,277.0,130.0,243.0,39.0
519,177.0,178.0,173.0,156.0,132.0,119.0,115.0,118.0,120.0,150.0,164.0,176.0,270.0,272.0,275.0,265.0,250.0,229.0,200.0,209.0,222.0,266.0,274.0,268.0,270.5,264.0,224.0,88.0,49.0,55.0,58.0,54.0,28.0,107.0,212.0,277.0,130.0,243.0,39.0
520,192.5,192.0,185.0,169.0,136.0,116.0,115.0,123.0,134.0,173.0,187.0,193.0,290.5,290.0,283.0,274.0,258.0,236.0,226.0,237.0,253.0,290.0,291.0,291.0,293.5,281.0,256.0,73.0,43.0,51.0,42.0,44.0,32.0,125.0,254.0,306.0,156.0,280.0,50.0
521,192.5,192.0,185.0,169.0,136.0,116.0,115.0,123.0,134.0,173.0,187.0,193.0,290.5,290.0,283.0,274.0,258.0,236.0,226.0,237.0,253.0,290.0,291.0,291.0,293.5,281.0,256.0,73.0,43.0,51.0,42.0,44.0,32.0,125.0,254.0,306.0,156.0,280.0,50.0
522,225.0,226.0,229.0,222.0,204.0,184.0,174.0,181.0,189.0,218.0,222.0,224.0,308.5,309.0,312.0,314.0,309.0,301.0,291.0,294.0,303.0,321.0,317.0,308.0,445.5,431.0,284.0,126.0,40.0,28.0,20.0,24.0,27.0,148.0,315.0,460.0,204.0,317.0,51.0
523,225.0,225.0,222.0,219.0,204.0,185.0,181.0,183.0,188.0,215.0,222.0,225.0,305.5,306.0,304.0,307.0,302.0,293.0,276.0,279.0,287.0,309.0,310.0,305.0,268.0,273.0,193.0,129.0,51.0,43.0,48.0,45.0,30.0,81.0,219.0,263.0,200.0,299.0,45.0
524,225.0,225.0,222.0,219.0,204.0,185.0,181.0,183.0,188.0,215.0,222.0,225.0,305.5,306.0,304.0,307.0,302.0,293.0,276.0,279.0,287.0,309.0,310.0,305.0,268.0,273.0,193.0,129.0,51.0,43.0,48.0,45.0,30.0,81.0,219.0,263.0,200.0,299.0,45.0
525,192.5,192.0,180.0,155.0,122.0,100.0,91.0,99.0,123.0,174.0,188.0,193.0,323.5,322.0,323.0,317.0,309.0,281.0,270.0,287.0,312.0,342.0,330.0,325.0,162.5,136.0,104.0,20.0,10.0,8.0,4.0,5.0,8.0,65.0,155.0,189.0,149.0,335.0,26.0
