clim_1_tmin1_jan,clim_13_tmax1_jan,clim_14_tmax2_feb,clim_25_prec1_jan,clim_26_prec2_feb,clim_27_prec3_mar,clim_28_prec4_apr,clim_34_prec10_oct,clim_35_prec11_nov,clim_38_mean_diurn_range,clim_39_isotherm,clim_40_temp_season,clim_69_cwd_annual,env_72_slo,env_73_asp,env_74_solrad,env_79_forcov,env_75_geo_1_1,env_75_geo_10,env_75_geo_9,env_75_geo_7,env_75_geo_6,env_75_geo_2,env_75_geo_0,env_76_soi_9,env_76_soi_18,env_76_soi_11,env_76_soi_10,env_76_soi_21,env_76_soi_6,env_76_soi_16,env_76_soi_0,env_77_veg_4,env_77_veg_5,env_77_veg_6,env_77_veg_14,env_77_veg_15,env_77_veg_16,env_77_veg_25,env_78_wat_1,env_78_wat_10,env_78_wat_2,env_78_wat_4,env_78_wat_5,env_78_wat_3,env_78_wat_14,caffeine_class,caffeine_percent
-0.9347206519889297,0.7524916600243262,0.7378023537095145,-1.0956951618207404,-2.0109898318569024,-1.7061902152293575,-1.2249519444169505,-1.406159688714739,-2.197415307019304,1.802313520175657,0.38688176314940415,1.147233435631714,0.9481573250296988,0.5013912320310989,1.5890167051731505,0.9314383259653073,0.8425020132862888,-0.18823674154144757,-0.8216807382851261,-0.4845015831115092,-0.3554410355663144,-0.3688754728507201,-0.25025239784318276,-0.25025239784318276,-0.3168886398119078,-0.34517957090507656,-0.4014323141823005,-0.35203923635246104,-0.30586777135731963,-0.30956959368344517,-0.23711790231526927,-0.23261172892368465,-0.17133069613002574,-0.3688754728507201,-0.37549677868472187,-0.4724995385748947,-0.20892772350933622,-0.6316139407998891,-0.18275344379265376,-0.42974956042407375,-0.12427395320024001,-0.5377877706628423,-0.2459346884189824,-0.18823674154144757,-0.3853201470472626,-0.17133069613002574,Absent,0.0
0.16475748573912416,-0.4448075766514941,0.06972860943131583,0.7820645106793498,-0.9393462160790454,-0.4922483166999971,0.241775464123003,-0.34053559455580246,-0.7368088946921426,-0.528398001919968,0.38688176314940415,-0.5468214544509385,-0.8300138192564503,0.8302338605203236,-1.933978368200781,1.399261062366435,1.3747711276919512,-0.18823674154144757,1.217017697271366,-0.4845015831115092,-0.3554410355663144,-0.3688754728507201,-0.25025239784318276,-0.25025239784318276,-0.3168886398119078,-0.34517957090507656,-0.4014323141823005,-0.35203923635246104,-0.30586777135731963,3.230291412348993,-0.23711790231526927,-0.23261172892368465,-0.17133069613002574,-0.3688754728507201,-0.37549677868472187,2.116404183200049,-0.20892772350933622,-0.6316139407998891,-0.18275344379265376,2.3269366442474237,-0.12427395320024001,-0.5377877706628423,-0.2459346884189824,-0.18823674154144757,-0.3853201470472626,-0.17133069613002574,Low,0.03
-0.7383852702517772,1.2479258269246656,1.8067203445546323,-0.8225664821843638,-2.0679921518450866,-1.4651237389256546,-1.0739652994201907,-0.7522539945717552,-1.5714411303076634,2.0712417727251524,0.38688176314940415,1.7081158066467335,0.6089686096456357,-1.1428219104150237,0.5601774359577546,-0.5482481942247759,-1.0624611330076603,-0.18823674154144757,1.217017697271366,-0.4845015831115092,-0.3554410355663144,-0.3688754728507201,-0.25025239784318276,-0.25025239784318276,-0.3168886398119078,2.8970428272390354,-0.4014323141823005,-0.35203923635246104,-0.30586777135731963,-0.30956959368344517,-0.23711790231526927,-0.23261172892368465,-0.17133069613002574,-0.3688754728507201,-0.37549677868472187,-0.4724995385748947,-0.20892772350933622,-0.6316139407998891,-0.18275344379265376,-0.42974956042407375,-0.12427395320024001,-0.5377877706628423,-0.2459346884189824,-0.18823674154144757,-0.3853201470472626,-0.17133069613002574,Absent,0.0
-0.7383852702517772,1.2479258269246656,1.8067203445546323,-0.8225664821843638,-2.0679921518450866,-1.4651237389256546,-1.0739652994201907,-0.7522539945717552,-1.5714411303076634,2.0712417727251524,0.38688176314940415,1.7081158066467335,0.6089686096456357,-1.1428219104150237,0.5601774359577546,-0.5482481942247759,-1.0624611330076603,-0.18823674154144757,1.217017697271366,-0.4845015831115092,-0.3554410355663144,-0.3688754728507201,-0.25025239784318276,-0.25025239784318276,-0.3168886398119078,2.8970428272390354,-0.4014323141823005,-0.35203923635246104,-0.30586777135731963,-0.30956959368344517,-0.23711790231526927,-0.23261172892368465,-0.17133069613002574,-0.3688754728507201,-0.37549677868472187,-0.4724995385748947,-0.20892772350933622,-0.6316139407998891,-0.18275344379265376,-0.42974956042407375,-0.12427395320024001,-0.5377877706628423,-0.2459346884189824,-0.18823674154144757,-0.3853201470472626,-0.17133069613002574,Absent,0.0
-0.7383852702517772,1.2479258269246656,1.8067203445546323,-0.8225664821843638,-2.0679921518450866,-1.4651237389256546,-1.0739652994201907,-0.7522539945717552,-1.5714411303076634,2.0712417727251524,0.38688176314940415,1.7081158066467335,0.6089686096456357,-1.1428219104150237,0.5601774359577546,-0.5482481942247759,-1.0624611330076603,-0.18823674154144757,1.217017697271366,-0.4845015831115092,-0.3554410355663144,-0.3688754728507201,-0.25025239784318276,-0.25025239784318276,-0.3168886398119078,2.8970428272390354,-0.4014323141823005,-0.35203923635246104,-0.30586777135731963,-0.30956959368344517,-0.23711790231526927,-0.23261172892368465,-0.17133069613002574,-0.3688754728507201,-0.37549677868472187,-0.4724995385748947,-0.20892772350933622,-0.6316139407998891,-0.18275344379265376,-0.42974956042407375,-0.12427395320024001,-0.5377877706628423,-0.2459346884189824,-0.18823674154144757,-0.3853201470472626,-0.17133069613002574,Absent,0.0
0.24329163843398516,-0.36223521550143756,0.2701507327147754,1.8745792292248569,0.5541145676113725,0.2051225611785716,0.44668591090432,1.1852443584444932,1.2454426648947194,-0.4835766264950521,-1.5169625889808274,0.6643042077069173,-0.9670597648661728,-1.307243224659636,-0.19846162114046662,-0.5640174999461622,-0.8663619855950478,-0.18823674154144757,-0.8216807382851261,2.0639767440550294,-0.3554410355663144,-0.3688754728507201,-0.25025239784318276,-0.25025239784318276,-0.3168886398119078,-0.34517957090507656,-0.4014323141823005,-0.35203923635246104,-0.30586777135731963,-0.30956959368344517,-0.23711790231526927,-0.23261172892368465,-0.17133069613002574,-0.3688754728507201,-0.37549677868472187,-0.4724995385748947,4.786344211304794,-0.6316139407998891,-0.18275344379265376,-0.42974956042407375,-0.12427395320024001,-0.5377877706628423,4.066120181860509,-0.18823674154144757,-0.3853201470472626,-0.17133069613002574,Absent,0.0
0.24329163843398516,-0.36223521550143756,0.2701507327147754,1.8745792292248569,0.5541145676113725,0.2051225611785716,0.44668591090432,1.1852443584444932,1.2454426648947194,-0.4835766264950521,-1.5169625889808274,0.6643042077069173,-0.9670597648661728,-1.307243224659636,-0.19846162114046662,-0.5640174999461622,-0.8663619855950478,-0.18823674154144757,-0.8216807382851261,2.0639767440550294,-0.3554410355663144,-0.3688754728507201,-0.25025239784318276,-0.25025239784318276,-0.3168886398119078,-0.34517957090507656,-0.4014323141823005,-0.35203923635246104,-0.30586777135731963,-0.30956959368344517,-0.23711790231526927,-0.23261172892368465,-0.17133069613002574,-0.3688754728507201,-0.37549677868472187,-0.4724995385748947,4.786344211304794,-0.6316139407998891,-0.18275344379265376,-0.42974956042407375,-0.12427395320024001,-0.5377877706628423,4.066120181860509,-0.18823674154144757,-0.3853201470472626,-0.17133069613002574,Absent,0.0
0.24329163843398516,-0.4860937572265224,0.20334335828695557,2.0111435690430453,0.4173089996397311,0.3945319354171952,0.6408115973287256,1.0641507113809776,0.9741871883196752,-0.6180407527697998,-1.7285008503286308,0.6414886536317301,-0.9670597648661728,-1.1428219104150237,0.3939003823471856,-0.6428640285530938,0.11413375146801417,-0.18823674154144757,-0.8216807382851261,2.0639767440550294,-0.3554410355663144,-0.3688754728507201,-0.25025239784318276,-0.25025239784318276,-0.3168886398119078,-0.34517957090507656,-0.4014323141823005,-0.35203923635246104,-0.30586777135731963,-0.30956959368344517,-0.23711790231526927,4.299009360478467,-0.17133069613002574,-0.3688754728507201,-0.37549677868472187,-0.4724995385748947,4.786344211304794,-0.6316139407998891,-0.18275344379265376,-0.42974956042407375,-0.12427395320024001,-0.5377877706628423,4.066120181860509,-0.18823674154144757,-0.3853201470472626,-0.17133069613002574,Absent,0.0
-0.1101120486928893,0.7524916600243262,1.6731055956989926,-1.3005416715480231,-2.3530037517860056,-1.9300376575113671,-1.289660506558419,-1.8420968181433948,-3.2198397956483173,1.2644570150766667,-0.2477330208940063,1.2727189830452437,2.2158323219196316,-0.9784005961704115,0.6848852261656814,-0.5797868056675485,1.6829269307689134,-0.18823674154144757,-0.8216807382851261,-0.4845015831115092,-0.3554410355663144,-0.3688754728507201,-0.25025239784318276,3.995965707495983,-0.3168886398119078,-0.34517957090507656,-0.4014323141823005,-0.35203923635246104,-0.30586777135731963,-0.30956959368344517,-0.23711790231526927,-0.23261172892368465,-0.17133069613002574,-0.3688754728507201,-0.37549677868472187,-0.4724995385748947,-0.20892772350933622,-0.6316139407998891,-0.18275344379265376,-0.42974956042407375,-0.12427395320024001,-0.5377877706628423,-0.2459346884189824,-0.18823674154144757,-0.3853201470472626,-0.17133069613002574,Absent,0.0
0.28255871478141564,-0.32094903492640925,0.20334335828695557,0.7820645106793498,-0.8823438960908615,-0.4750292826783041,0.26334498483682584,-0.34053559455580246,-0.7159430888017545,-0.5732193773448838,0.38688176314940415,-0.5715383046990581,-0.7923261842137767,-0.48513665343657464,0.4874312250031307,0.2586146151861576,-0.4461495268537356,-0.18823674154144757,1.217017697271366,-0.4845015831115092,-0.3554410355663144,-0.3688754728507201,-0.25025239784318276,-0.25025239784318276,-0.3168886398119078,-0.34517957090507656,-0.4014323141823005,2.840592458843996,-0.30586777135731963,-0.30956959368344517,-0.23711790231526927,-0.23261172892368465,-0.17133069613002574,-0.3688754728507201,-0.37549677868472187,-0.4724995385748947,-0.20892772350933622,1.5832456116050555,-0.18275344379265376,2.3269366442474237,-0.12427395320024001,-0.5377877706628423,-0.2459346884189824,-0.18823674154144757,-0.3853201470472626,-0.17133069613002574,Low,0.03
1.2249685471197476,2.5277974247505424,1.472683472415533,-0.48115563263889277,0.34890621565391045,0.06737028900502719,-0.8798396129957851,0.38602628782529064,0.723797517635019,1.1748142642268349,1.0214965471928146,-1.1324206757140778,1.7430238095660893,0.5013912320310989,-0.6661158344201921,-0.311708608403981,0.45030371846106404,-0.18823674154144757,-0.8216807382851261,-0.4845015831115092,2.813406162872353,-0.3688754728507201,-0.25025239784318276,-0.25025239784318276,-0.3168886398119078,-0.34517957090507656,-0.4014323141823005,-0.35203923635246104,-0.30586777135731963,-0.30956959368344517,-0.23711790231526927,-0.23261172892368465,-0.17133069613002574,2.7109419671410064,-0.37549677868472187,-0.4724995385748947,-0.20892772350933622,-0.6316139407998891,-0.18275344379265376,-0.42974956042407375,-0.12427395320024001,-0.5377877706628423,-0.2459346884189824,-0.18823674154144757,-0.3853201470472626,-0.17133069613002574,Absent,0.0
0.9893660890351645,0.21577131254895845,0.2701507327147754,-1.2322595016389288,-0.1755151282373813,-0.6816576909386207,-0.6425748851437337,-1.4545971475401451,-0.7994063123633066,-0.7076835036196315,1.0214965471928146,-1.550705833759177,1.1126124597613658,0.9946551747649358,1.4331319674132421,1.359837798062969,0.2542045710484516,-0.18823674154144757,-0.8216807382851261,-0.4845015831115092,-0.3554410355663144,2.7109419671410064,-0.25025239784318276,-0.25025239784318276,-0.3168886398119078,-0.34517957090507656,-0.4014323141823005,-0.35203923635246104,-0.30586777135731963,-0.30956959368344517,-0.23711790231526927,-0.23261172892368465,-0.17133069613002574,2.7109419671410064,-0.37549677868472187,-0.4724995385748947,-0.20892772350933622,-0.6316139407998891,-0.18275344379265376,2.3269366442474237,-0.12427395320024001,-0.5377877706628423,-0.2459346884189824,-0.18823674154144757,-0.3853201470472626,-0.17133069613002574,Absent,0.0
-0.8561864992940688,2.032363257850203,1.6731055956989926,-1.0274129919116464,-1.9083856558781715,-1.55121890903412,-1.2033824237031276,-1.2608473122385204,-1.7175017715403795,2.74356240409889,0.38688176314940415,1.4799602658948612,1.0852032706394215,-0.9784005961704115,-0.7804313087774583,-0.4194655308334542,-0.3901211990215606,-0.18823674154144757,-0.8216807382851261,-0.4845015831115092,2.813406162872353,-0.3688754728507201,-0.25025239784318276,-0.25025239784318276,-0.3168886398119078,-0.34517957090507656,-0.4014323141823005,-0.35203923635246104,-0.30586777135731963,-0.30956959368344517,4.217311262607289,-0.23261172892368465,5.836665714829544,-0.3688754728507201,-0.37549677868472187,-0.4724995385748947,-0.20892772350933622,-0.6316139407998891,-0.18275344379265376,-0.42974956042407375,-0.12427395320024001,-0.5377877706628423,-0.2459346884189824,-0.18823674154144757,-0.3853201470472626,-0.17133069613002574,Absent,0.0
-0.07084497234545882,-0.568666118376579,-0.13069351385214378,1.5331683796793858,-0.4833276561735743,0.34287483335211605,0.31726878662138297,0.700869770190431,0.1812865644849304,-0.34911250022030454,-1.0938860662852203,0.6852184656091723,-0.9670597648661728,-1.307243224659636,0.549785120107094,-0.853121438171578,-0.5582061825180855,-0.18823674154144757,-0.8216807382851261,-0.4845015831115092,-0.3554410355663144,-0.3688754728507201,3.995965707495983,-0.25025239784318276,-0.3168886398119078,-0.34517957090507656,-0.4014323141823005,-0.35203923635246104,3.269386622730461,-0.30956959368344517,-0.23711790231526927,-0.23261172892368465,-0.17133069613002574,-0.3688754728507201,2.6631386919024123,-0.4724995385748947,-0.20892772350933622,-0.6316139407998891,-0.18275344379265376,-0.42974956042407375,-0.12427395320024001,-0.5377877706628423,-0.2459346884189824,5.312459150169743,-0.3853201470472626,-0.17133069613002574,Absent,0.0
-0.07084497234545882,-0.6099522989516073,-0.2643082627077835,1.4307451248157446,-0.5745313681546685,0.25677966324365076,0.23099070376609154,0.5555573937142124,0.014360117361826233,-0.3939338756452204,-1.3054243276330237,0.6262782842482719,-0.9602074675856866,-0.8139792819257992,1.2252856504000307,-0.5587610647057001,-0.5582061825180855,-0.18823674154144757,-0.8216807382851261,-0.4845015831115092,-0.3554410355663144,-0.3688754728507201,-0.25025239784318276,3.995965707495983,-0.3168886398119078,-0.34517957090507656,-0.4014323141823005,-0.35203923635246104,3.269386622730461,-0.30956959368344517,-0.23711790231526927,-0.23261172892368465,-0.17133069613002574,-0.3688754728507201,-0.37549677868472187,-0.4724995385748947,-0.20892772350933622,-0.6316139407998891,-0.18275344379265376,-0.42974956042407375,-0.12427395320024001,-0.5377877706628423,-0.2459346884189824,5.312459150169743,-0.3853201470472626,-0.17133069613002574,Absent,0.0
1.1464343944248865,1.3304981880747222,0.8046097281373343,-0.9932719069570992,0.1778992556893588,-0.6472196228952346,-1.0092567372787222,-0.94600382987338,-0.36122438866515816,0.2783867557285176,0.5984200244972077,-0.6532940401351457,1.4860626615478596,-0.9784005961704115,-1.3312240488624683,0.4057948019190966,-0.3060787072732981,-0.18823674154144757,-0.8216807382851261,2.0639767440550294,-0.3554410355663144,-0.3688754728507201,-0.25025239784318276,-0.25025239784318276,-0.3168886398119078,2.8970428272390354,-0.4014323141823005,-0.35203923635246104,-0.30586777135731963,-0.30956959368344517,-0.23711790231526927,-0.23261172892368465,-0.17133069613002574,-0.3688754728507201,-0.37549677868472187,-0.4724995385748947,-0.20892772350933622,-0.6316139407998891,-0.18275344379265376,-0.42974956042407375,-0.12427395320024001,-0.5377877706628423,-0.2459346884189824,-0.18823674154144757,-0.3853201470472626,-0.17133069613002574,Absent,0.0
1.264235623467178,1.1653534657746092,0.8046097281373343,-0.9932719069570992,-0.10711234425156063,-0.7849718950687791,-0.9661176958510764,-0.7764727239844583,-0.23602955332283004,0.09910125402885413,0.17534350180160066,-0.49358516160883503,1.4072612428222693,-0.48513665343657464,-0.5206234125109441,0.06675472890929068,-1.0624611330076603,-0.18823674154144757,-0.8216807382851261,2.0639767440550294,-0.3554410355663144,-0.3688754728507201,-0.25025239784318276,-0.25025239784318276,-0.3168886398119078,2.8970428272390354,-0.4014323141823005,-0.35203923635246104,-0.30586777135731963,-0.30956959368344517,-0.23711790231526927,-0.23261172892368465,-0.17133069613002574,-0.3688754728507201,2.6631386919024123,-0.4724995385748947,-0.20892772350933622,-0.6316139407998891,-0.18275344379265376,-0.42974956042407375,-0.12427395320024001,-0.5377877706628423,-0.2459346884189824,-0.18823674154144757,-0.3853201470472626,-0.17133069613002574,Absent,0.0
1.264235623467178,1.1653534657746092,0.8046097281373343,-0.9591308220025522,-0.11851280824919741,-0.7763623780579325,-0.9661176958510764,-0.7280352651590521,-0.21516374743244202,0.09910125402885413,0.17534350180160066,-0.4365462764208669,1.3867043509808108,-0.8139792819257992,1.6825475478290957,0.5477185534115735,-1.0624611330076603,-0.18823674154144757,-0.8216807382851261,2.0639767440550294,-0.3554410355663144,-0.3688754728507201,-0.25025239784318276,-0.25025239784318276,-0.3168886398119078,2.8970428272390354,-0.4014323141823005,-0.35203923635246104,-0.30586777135731963,-0.30956959368344517,-0.23711790231526927,-0.23261172892368465,-0.17133069613002574,-0.3688754728507201,2.6631386919024123,-0.4724995385748947,-0.20892772350933622,-0.6316139407998891,-0.18275344379265376,-0.42974956042407375,-0.12427395320024001,-0.5377877706628423,-0.2459346884189824,-0.18823674154144757,-0.3853201470472626,-0.17133069613002574,Absent,0.0
1.2249685471197476,1.1653534657746092,0.7378023537095145,-0.9591308220025522,-0.10711234425156063,-0.767752861047086,-0.955332935494165,-0.7038165357463491,-0.17343213565166596,0.14392262945377,0.17534350180160066,-0.46126312666898645,1.3524428645783801,-0.9784005961704115,0.31076185554190106,0.2139349156422297,-1.0624611330076603,-0.18823674154144757,-0.8216807382851261,2.0639767440550294,-0.3554410355663144,-0.3688754728507201,-0.25025239784318276,-0.25025239784318276,-0.3168886398119078,2.8970428272390354,-0.4014323141823005,-0.35203923635246104,-0.30586777135731963,-0.30956959368344517,-0.23711790231526927,-0.23261172892368465,-0.17133069613002574,-0.3688754728507201,2.6631386919024123,-0.4724995385748947,-0.20892772350933622,-0.6316139407998891,-0.18275344379265376,-0.42974956042407375,-0.12427395320024001,-0.5377877706628423,-0.2459346884189824,-0.18823674154144757,-0.3853201470472626,-0.17133069613002574,Low,0.03
1.264235623467178,1.1653534657746092,0.8046097281373343,-0.9591308220025522,-0.11851280824919741,-0.7763623780579325,-0.9661176958510764,-0.7280352651590521,-0.21516374743244202,0.09910125402885413,0.17534350180160066,-0.4365462764208669,1.3867043509808108,-0.8139792819257992,1.6825475478290957,0.5477185534115735,-1.0624611330076603,-0.18823674154144757,-0.8216807382851261,2.0639767440550294,-0.3554410355663144,-0.3688754728507201,-0.25025239784318276,-0.25025239784318276,-0.3168886398119078,2.8970428272390354,-0.4014323141823005,-0.35203923635246104,-0.30586777135731963,-0.30956959368344517,-0.23711790231526927,-0.23261172892368465,-0.17133069613002574,-0.3688754728507201,2.6631386919024123,-0.4724995385748947,-0.20892772350933622,-0.6316139407998891,-0.18275344379265376,-0.42974956042407375,-0.12427395320024001,-0.5377877706628423,-0.2459346884189824,-0.18823674154144757,-0.3853201470472626,-0.17133069613002574,Low,0.03
1.264235623467178,1.1653534657746092,0.8046097281373343,-0.9591308220025522,-0.11851280824919741,-0.7763623780579325,-0.9661176958510764,-0.7280352651590521,-0.21516374743244202,0.09910125402885413,0.17534350180160066,-0.4365462764208669,1.3867043509808108,-0.8139792819257992,1.6825475478290957,0.5477185534115735,-1.0624611330076603,-0.18823674154144757,-0.8216807382851261,2.0639767440550294,-0.3554410355663144,-0.3688754728507201,-0.25025239784318276,-0.25025239784318276,-0.3168886398119078,2.8970428272390354,-0.4014323141823005,-0.35203923635246104,-0.30586777135731963,-0.30956959368344517,-0.23711790231526927,-0.23261172892368465,-0.17133069613002574,-0.3688754728507201,2.6631386919024123,-0.4724995385748947,-0.20892772350933622,-0.6316139407998891,-0.18275344379265376,-0.42974956042407375,-0.12427395320024001,-0.5377877706628423,-0.2459346884189824,-0.18823674154144757,-0.3853201470472626,-0.17133069613002574,Absent,0.0
-0.1886462013877503,-0.4860937572265224,-0.19750088827996365,0.508935831042973,0.9987326635192068,1.109121847317457,0.13392786055388875,1.4758691113969302,0.13955495270415436,-0.2594697493704728,-0.8823478049374168,0.7194417967219532,-0.8711276029393671,0.008127289297262145,1.079793228490783,-0.19343881549358363,-1.0624611330076603,-0.18823674154144757,1.217017697271366,-0.4845015831115092,-0.3554410355663144,-0.3688754728507201,-0.25025239784318276,-0.25025239784318276,-0.3168886398119078,-0.34517957090507656,2.49107997704907,-0.35203923635246104,-0.30586777135731963,-0.30956959368344517,-0.23711790231526927,-0.23261172892368465,-0.17133069613002574,-0.3688754728507201,-0.37549677868472187,-0.4724995385748947,-0.20892772350933622,1.5832456116050555,-0.18275344379265376,-0.42974956042407375,-0.12427395320024001,-0.5377877706628423,-0.2459346884189824,-0.18823674154144757,2.5952445198183276,-0.17133069613002574,High,0.7
1.264235623467178,2.610369785900599,1.6062982212711727,-0.4128734627297986,0.30330435966336333,0.10180835704841329,-0.8906243733526965,0.4102450172379937,0.8489923529773471,1.2644570150766667,1.0214965471928146,-1.098197344601297,1.7670068500477905,-0.9784005961704115,-1.601424260979643,0.5818853824745772,-0.586220346434173,-0.18823674154144757,-0.8216807382851261,-0.4845015831115092,2.813406162872353,-0.3688754728507201,-0.25025239784318276,-0.25025239784318276,-0.3168886398119078,-0.34517957090507656,-0.4014323141823005,-0.35203923635246104,-0.30586777135731963,3.230291412348993,-0.23711790231526927,-0.23261172892368465,5.836665714829544,-0.3688754728507201,-0.37549677868472187,-0.4724995385748947,-0.20892772350933622,-0.6316139407998891,-0.18275344379265376,-0.42974956042407375,-0.12427395320024001,-0.5377877706628423,-0.2459346884189824,-0.18823674154144757,-0.3853201470472626,-0.17133069613002574,Absent,0.0
1.264235623467178,2.610369785900599,1.6062982212711727,-0.4128734627297986,0.30330435966336333,0.10180835704841329,-0.8906243733526965,0.4102450172379937,0.8489923529773471,1.2644570150766667,1.0214965471928146,-1.098197344601297,1.7670068500477905,-0.9784005961704115,-1.601424260979643,0.5818853824745772,-0.586220346434173,-0.18823674154144757,-0.8216807382851261,-0.4845015831115092,2.813406162872353,-0.3688754728507201,-0.25025239784318276,-0.25025239784318276,-0.3168886398119078,-0.34517957090507656,-0.4014323141823005,-0.35203923635246104,-0.30586777135731963,3.230291412348993,-0.23711790231526927,-0.23261172892368465,5.836665714829544,-0.3688754728507201,-0.37549677868472187,-0.4724995385748947,-0.20892772350933622,-0.6316139407998891,-0.18275344379265376,-0.42974956042407375,-0.12427395320024001,-0.5377877706628423,-0.2459346884189824,-0.18823674154144757,-0.3853201470472626,-0.17133069613002574,Absent,0.0
0.9500990126877341,2.2800803413003727,1.0718392258486138,-0.4128734627297986,0.2577025036728162,0.03293222096164107,-0.8367005715681394,0.5071199348888061,0.744663323525407,1.2644570150766667,1.0214965471928146,-1.0658753096614482,1.390130499621054,-0.8139792819257992,-0.48944646495896243,0.32694827331216497,-0.053951232028510744,-0.18823674154144757,-0.8216807382851261,-0.4845015831115092,2.813406162872353,-0.3688754728507201,-0.25025239784318276,-0.25025239784318276,-0.3168886398119078,-0.34517957090507656,-0.4014323141823005,-0.35203923635246104,-0.30586777135731963,-0.30956959368344517,-0.23711790231526927,-0.23261172892368465,-0.17133069613002574,2.7109419671410064,-0.37549677868472187,-0.4724995385748947,-0.20892772350933622,-0.6316139407998891,-0.18275344379265376,-0.42974956042407375,-0.12427395320024001,-0.5377877706628423,-0.2459346884189824,-0.18823674154144757,-0.3853201470472626,-0.17133069613002574,Absent,0.0
0.9108319363403036,2.2800803413003727,1.1386466002764337,-0.4128734627297986,0.269102967670453,0.0415417379724876,-0.8474853319250508,0.48290120547610305,0.765529129415795,1.2644570150766667,1.0214965471928146,-1.100098640774229,1.4209658373832414,-0.8139792819257992,0.4666465933018095,0.474128460045104,0.17016207930018915,-0.18823674154144757,-0.8216807382851261,-0.4845015831115092,2.813406162872353,-0.3688754728507201,-0.25025239784318276,-0.25025239784318276,-0.3168886398119078,-0.34517957090507656,-0.4014323141823005,-0.35203923635246104,-0.30586777135731963,-0.30956959368344517,-0.23711790231526927,-0.23261172892368465,-0.17133069613002574,-0.3688754728507201,-0.37549677868472187,-0.4724995385748947,-0.20892772350933622,-0.6316139407998891,-0.18275344379265376,-0.42974956042407375,-0.12427395320024001,-0.5377877706628423,-0.2459346884189824,-0.18823674154144757,-0.3853201470472626,-0.17133069613002574,Absent,0.0
-1.2488572627683736,1.9085047161251183,1.1386466002764337,-0.9591308220025522,-1.8855847278828979,-1.3962476028388824,-1.1925976633462163,-1.0913162063495987,-1.300185653732619,2.878026530373638,0.38688176314940415,1.5465056319474906,0.7494407038956014,-0.8139792819257992,1.1421471235947462,0.12720373417460493,-1.0624611330076603,-0.18823674154144757,-0.8216807382851261,-0.4845015831115092,-0.3554410355663144,2.7109419671410064,-0.25025239784318276,-0.25025239784318276,-0.3168886398119078,-0.34517957090507656,-0.4014323141823005,-0.35203923635246104,-0.30586777135731963,-0.30956959368344517,4.217311262607289,-0.23261172892368465,-0.17133069613002574,-0.3688754728507201,2.6631386919024123,-0.4724995385748947,-0.20892772350933622,-0.6316139407998891,-0.18275344379265376,-0.42974956042407375,-0.12427395320024001,-0.5377877706628423,-0.2459346884189824,-0.18823674154144757,-0.3853201470472626,-0.17133069613002574,Absent,0.0
-0.1101120486928893,0.5460607571491848,1.6062982212711727,-1.3346827565025703,-2.4670083917623735,-1.9730852425655998,-1.3004452669153306,-1.9147530063815041,-3.4076320486618092,1.0851715133770032,-0.4592712822418098,1.2917319447745665,2.3220429297671665,-1.1428219104150237,1.5370551259198477,-0.5377353237438517,-0.8103336577628729,-0.18823674154144757,-0.8216807382851261,-0.4845015831115092,-0.3554410355663144,-0.3688754728507201,-0.25025239784318276,3.995965707495983,-0.3168886398119078,-0.34517957090507656,-0.4014323141823005,-0.35203923635246104,-0.30586777135731963,-0.30956959368344517,-0.23711790231526927,-0.23261172892368465,-0.17133069613002574,-0.3688754728507201,2.6631386919024123,-0.4724995385748947,-0.20892772350933622,-0.6316139407998891,-0.18275344379265376,-0.42974956042407375,-0.12427395320024001,-0.5377877706628423,-0.2459346884189824,-0.18823674154144757,-0.3853201470472626,-0.17133069613002574,Absent,0.0
-0.1101120486928893,0.5460607571491848,1.6062982212711727,-1.3346827565025703,-2.4670083917623735,-1.9730852425655998,-1.3004452669153306,-1.9147530063815041,-3.4076320486618092,1.0851715133770032,-0.4592712822418098,1.2917319447745665,2.3220429297671665,-1.1428219104150237,1.5370551259198477,-0.5377353237438517,-0.8103336577628729,-0.18823674154144757,-0.8216807382851261,-0.4845015831115092,-0.3554410355663144,-0.3688754728507201,-0.25025239784318276,3.995965707495983,-0.3168886398119078,-0.34517957090507656,-0.4014323141823005,-0.35203923635246104,-0.30586777135731963,-0.30956959368344517,-0.23711790231526927,-0.23261172892368465,-0.17133069613002574,-0.3688754728507201,2.6631386919024123,-0.4724995385748947,-0.20892772350933622,-0.6316139407998891,-0.18275344379265376,-0.42974956042407375,-0.12427395320024001,-0.5377877706628423,-0.2459346884189824,-0.18823674154144757,-0.3853201470472626,-0.17133069613002574,Absent,0.0
-1.4059255681580956,1.5369290909498636,0.470572855998235,-0.924989737048005,-1.9083856558781715,-1.4306856708822686,-1.1710281426323934,-0.94600382987338,-1.133259206609515,2.6090982778241427,0.38688176314940415,1.1852593590903593,0.5849855691639343,-0.6495579676811869,-0.7284697295241555,-0.29331108506236364,1.7389552586010886,-0.18823674154144757,-0.8216807382851261,-0.4845015831115092,-0.3554410355663144,2.7109419671410064,-0.25025239784318276,-0.25025239784318276,-0.3168886398119078,-0.34517957090507656,-0.4014323141823005,-0.35203923635246104,-0.30586777135731963,-0.30956959368344517,4.217311262607289,-0.23261172892368465,-0.17133069613002574,-0.3688754728507201,-0.37549677868472187,-0.4724995385748947,-0.20892772350933622,-0.6316139407998891,-0.18275344379265376,-0.42974956042407375,-0.12427395320024001,-0.5377877706628423,-0.2459346884189824,-0.18823674154144757,-0.3853201470472626,-0.17133069613002574,Absent,0.0
-0.03157789599802832,1.9497908967001465,2.207564591121552,-1.266400586593476,-2.3644042157836425,-1.861161521424595,-1.235736704773862,-1.5272533357782545,-2.3852075600327964,1.9815990218753206,0.17534350180160066,1.6377678482482396,2.174718538236715,-0.48513665343657464,1.672155231978435,0.02733146460582488,1.0105869967828138,5.312459150169743,-0.8216807382851261,-0.4845015831115092,-0.3554410355663144,-0.3688754728507201,-0.25025239784318276,-0.25025239784318276,-0.3168886398119078,-0.34517957090507656,-0.4014323141823005,-0.35203923635246104,-0.30586777135731963,-0.30956959368344517,-0.23711790231526927,-0.23261172892368465,-0.17133069613002574,-0.3688754728507201,-0.37549677868472187,-0.4724995385748947,-0.20892772350933622,-0.6316139407998891,-0.18275344379265376,-0.42974956042407375,-0.12427395320024001,-0.5377877706628423,-0.2459346884189824,-0.18823674154144757,-0.3853201470472626,-0.17133069613002574,Absent,0.0
-0.03157789599802832,1.9497908967001465,2.207564591121552,-1.266400586593476,-2.3644042157836425,-1.861161521424595,-1.235736704773862,-1.5272533357782545,-2.3852075600327964,1.9815990218753206,0.17534350180160066,1.6377678482482396,2.174718538236715,-0.48513665343657464,1.672155231978435,0.02733146460582488,1.0105869967828138,5.312459150169743,-0.8216807382851261,-0.4845015831115092,-0.3554410355663144,-0.3688754728507201,-0.25025239784318276,-0.25025239784318276,-0.3168886398119078,-0.34517957090507656,-0.4014323141823005,-0.35203923635246104,-0.30586777135731963,-0.30956959368344517,-0.23711790231526927,-0.23261172892368465,-0.17133069613002574,-0.3688754728507201,-0.37549677868472187,-0.4724995385748947,-0.20892772350933622,-0.6316139407998891,-0.18275344379265376,-0.42974956042407375,-0.12427395320024001,-0.5377877706628423,-0.2459346884189824,-0.18823674154144757,-0.3853201470472626,-0.17133069613002574,Absent,0.0
-0.8561864992940688,2.032363257850203,1.6731055956989926,-1.0274129919116464,-1.9083856558781715,-1.55121890903412,-1.2033824237031276,-1.2608473122385204,-1.7175017715403795,2.74356240409889,0.38688176314940415,1.4799602658948612,1.0852032706394215,-0.9784005961704115,-0.7804313087774583,-0.4194655308334542,-0.3901211990215606,-0.18823674154144757,-0.8216807382851261,-0.4845015831115092,2.813406162872353,-0.3688754728507201,-0.25025239784318276,-0.25025239784318276,-0.3168886398119078,-0.34517957090507656,-0.4014323141823005,-0.35203923635246104,-0.30586777135731963,-0.30956959368344517,4.217311262607289,-0.23261172892368465,5.836665714829544,-0.3688754728507201,-0.37549677868472187,-0.4724995385748947,-0.20892772350933622,-0.6316139407998891,-0.18275344379265376,-0.42974956042407375,-0.12427395320024001,-0.5377877706628423,-0.2459346884189824,-0.18823674154144757,-0.3853201470472626,-0.17133069613002574,Absent,0.0
-0.1101120486928893,-1.1879588270020034,-0.6651525092747027,0.850346680588444,0.5655150316090093,0.9111029560679869,1.6545790708783994,-0.0014733827779590076,0.3064813998272585,-1.0214331315940426,-0.8823478049374168,0.03877776681220056,-0.9430767243844714,-0.6495579676811869,-1.36240099641445,0.6712447815624331,1.6268986029367385,-0.18823674154144757,1.217017697271366,-0.4845015831115092,-0.3554410355663144,-0.3688754728507201,-0.25025239784318276,-0.25025239784318276,-0.3168886398119078,-0.34517957090507656,2.49107997704907,-0.35203923635246104,-0.30586777135731963,-0.30956959368344517,-0.23711790231526927,-0.23261172892368465,-0.17133069613002574,-0.3688754728507201,-0.37549677868472187,2.116404183200049,-0.20892772350933622,-0.6316139407998891,-0.18275344379265376,-0.42974956042407375,-0.12427395320024001,1.8594695799189802,-0.2459346884189824,-0.18823674154144757,-0.3853201470472626,-0.17133069613002574,Absent,0.0
0.9893660890351645,0.21577131254895845,0.2701507327147754,-1.2322595016389288,-0.1755151282373813,-0.6816576909386207,-0.6425748851437337,-1.4545971475401451,-0.7994063123633066,-0.7076835036196315,1.0214965471928146,-1.550705833759177,1.1126124597613658,0.9946551747649358,1.4331319674132421,1.359837798062969,0.2542045710484516,-0.18823674154144757,-0.8216807382851261,-0.4845015831115092,-0.3554410355663144,2.7109419671410064,-0.25025239784318276,-0.25025239784318276,-0.3168886398119078,-0.34517957090507656,-0.4014323141823005,-0.35203923635246104,-0.30586777135731963,-0.30956959368344517,-0.23711790231526927,-0.23261172892368465,-0.17133069613002574,2.7109419671410064,-0.37549677868472187,-0.4724995385748947,-0.20892772350933622,-0.6316139407998891,-0.18275344379265376,2.3269366442474237,-0.12427395320024001,-0.5377877706628423,-0.2459346884189824,-0.18823674154144757,-0.3853201470472626,-0.17133069613002574,Absent,0.0
-1.2881243391158042,-1.1053864658519468,-1.1328041302694418,0.4065125761793317,1.2723437994624895,1.1866075004150758,0.5976725559010799,0.7735259584285403,1.7879536180448081,0.009458503179022398,-0.036194759546202826,0.7707767933911245,-0.9190936839027699,1.6523404317433847,-0.905139098985385,-0.6875437280970217,-0.02593706811242326,-0.18823674154144757,1.217017697271366,-0.4845015831115092,-0.3554410355663144,-0.3688754728507201,-0.25025239784318276,-0.25025239784318276,-0.3168886398119078,-0.34517957090507656,2.49107997704907,-0.35203923635246104,-0.30586777135731963,-0.30956959368344517,-0.23711790231526927,-0.23261172892368465,-0.17133069613002574,-0.3688754728507201,-0.37549677868472187,2.116404183200049,-0.20892772350933622,-0.6316139407998891,-0.18275344379265376,-0.42974956042407375,-0.12427395320024001,1.8594695799189802,-0.2459346884189824,-0.18823674154144757,-0.3853201470472626,-0.17133069613002574,Absent,0.0
-2.2698012478015666,-0.8163832018267487,-1.6004557512641808,-0.3445912928207044,-0.1299132722468342,0.0415417379724876,-0.14647590872580826,-0.14678575925417764,0.5151394587311388,1.2196356396517507,1.2330348085406182,0.2194009032407662,-0.5524957793967623,1.159076489009548,1.4435242832639026,1.846058057805714,1.318742799859776,-0.18823674154144757,1.217017697271366,-0.4845015831115092,-0.3554410355663144,-0.3688754728507201,-0.25025239784318276,-0.25025239784318276,3.155682704793582,-0.34517957090507656,-0.4014323141823005,-0.35203923635246104,-0.30586777135731963,-0.30956959368344517,-0.23711790231526927,-0.23261172892368465,-0.17133069613002574,-0.3688754728507201,-0.37549677868472187,2.116404183200049,-0.20892772350933622,-0.6316139407998891,-0.18275344379265376,-0.42974956042407375,-0.12427395320024001,-0.5377877706628423,-0.2459346884189824,-0.18823674154144757,-0.3853201470472626,5.836665714829544,Low,0.02
-0.5813169648620553,-0.7750970212517204,-1.6672631256920007,-1.0956951618207404,-0.15271420024210774,-0.3717150785481457,-0.3513863555071253,-1.1155349357623017,-0.027371494418949812,-0.30429112479538867,1.8676495925840286,-1.3833917705411374,0.16356928641403767,0.9946551747649358,0.7160621737176631,0.8998997145225347,1.7389552586010886,-0.18823674154144757,-0.8216807382851261,2.0639767440550294,-0.3554410355663144,-0.3688754728507201,-0.25025239784318276,-0.25025239784318276,-0.3168886398119078,-0.34517957090507656,-0.4014323141823005,-0.35203923635246104,-0.30586777135731963,-0.30956959368344517,-0.23711790231526927,-0.23261172892368465,-0.17133069613002574,-0.3688754728507201,-0.37549677868472187,2.116404183200049,-0.20892772350933622,-0.6316139407998891,-0.18275344379265376,-0.42974956042407375,-0.12427395320024001,-0.5377877706628423,-0.2459346884189824,-0.18823674154144757,-0.3853201470472626,-0.17133069613002574,Absent,0.0
-0.8169194229466382,-0.8989555629768053,-1.9344926234032802,-1.0274129919116464,-0.18691559223501808,-0.3458865275156061,-0.31903207443639103,-0.9944412886987862,0.11868914681376634,-0.16982699852064106,2.079187853931832,-1.3054386274509142,0.05050638128601663,0.008127289297262145,0.061346275126047504,0.5372056829306493,0.8425020132862888,-0.18823674154144757,-0.8216807382851261,2.0639767440550294,-0.3554410355663144,-0.3688754728507201,-0.25025239784318276,-0.25025239784318276,-0.3168886398119078,-0.34517957090507656,-0.4014323141823005,-0.35203923635246104,-0.30586777135731963,-0.30956959368344517,-0.23711790231526927,-0.23261172892368465,-0.17133069613002574,-0.3688754728507201,-0.37549677868472187,2.116404183200049,-0.20892772350933622,-0.6316139407998891,-0.18275344379265376,2.3269366442474237,-0.12427395320024001,-0.5377877706628423,-0.2459346884189824,-0.18823674154144757,-0.3853201470472626,-0.17133069613002574,Absent,0.0
0.7930307072980121,1.3717843686497506,0.40376548157041514,-0.5152967175934399,-0.004508168272829639,-0.5180768677325367,-0.8259158112112279,-0.049910841603365216,0.4525420410599747,0.5921363837029286,0.5984200244972077,-0.5677357123531935,1.0166802978345602,0.17254860354187443,-0.2400308845431089,-0.703313033818408,0.8425020132862888,-0.18823674154144757,-0.8216807382851261,-0.4845015831115092,2.813406162872353,-0.3688754728507201,-0.25025239784318276,-0.25025239784318276,-0.3168886398119078,-0.34517957090507656,-0.4014323141823005,-0.35203923635246104,-0.30586777135731963,3.230291412348993,-0.23711790231526927,-0.23261172892368465,-0.17133069613002574,2.7109419671410064,-0.37549677868472187,-0.4724995385748947,-0.20892772350933622,-0.6316139407998891,-0.18275344379265376,-0.42974956042407375,-0.12427395320024001,-0.5377877706628423,-0.2459346884189824,-0.18823674154144757,-0.3853201470472626,-0.17133069613002574,Absent,0.0
0.16475748573912416,-0.6099522989516073,0.06972860943131583,1.225898615088462,0.9987326635192068,1.3932359086753925,1.9134133194442735,1.1125881702063838,0.8281265470869591,-0.8421476298943791,-0.8823478049374168,0.27834108460166657,-0.9499290216649575,-0.9784005961704115,-1.9028014206487993,0.27964035614800603,-1.0624611330076603,-0.18823674154144757,1.217017697271366,-0.4845015831115092,-0.3554410355663144,-0.3688754728507201,-0.25025239784318276,-0.25025239784318276,-0.3168886398119078,-0.34517957090507656,-0.4014323141823005,2.840592458843996,-0.30586777135731963,-0.30956959368344517,-0.23711790231526927,-0.23261172892368465,-0.17133069613002574,-0.3688754728507201,-0.37549677868472187,-0.4724995385748947,-0.20892772350933622,1.5832456116050555,-0.18275344379265376,-0.42974956042407375,-0.12427395320024001,1.8594695799189802,-0.2459346884189824,-0.18823674154144757,-0.3853201470472626,-0.17133069613002574,Low,0.03
-2.1912670951067055,-1.5182482716022296,-2.06810737225892,-0.2763091229116102,-0.015908632270466416,-0.27701039142883394,-0.4915882401469738,0.43446374665069687,0.8489923529773471,0.4576722574281811,-0.036194759546202826,1.168147693533969,-0.8163092246954781,-0.6495579676811869,0.8615545956269111,0.6055393410566566,0.7864736854541139,-0.18823674154144757,-0.8216807382851261,-0.4845015831115092,-0.3554410355663144,-0.3688754728507201,-0.25025239784318276,-0.25025239784318276,-0.3168886398119078,-0.34517957090507656,-0.4014323141823005,-0.35203923635246104,-0.30586777135731963,-0.30956959368344517,-0.23711790231526927,-0.23261172892368465,-0.17133069613002574,-0.3688754728507201,-0.37549677868472187,2.116404183200049,-0.20892772350933622,-0.6316139407998891,-0.18275344379265376,-0.42974956042407375,-0.12427395320024001,1.8594695799189802,-0.2459346884189824,-0.18823674154144757,-0.3853201470472626,-0.17133069613002574,Absent,0.0
-2.152000018759275,-1.435675910452173,-1.9344926234032802,-0.3104502078661573,-0.03870956026573997,-0.294229425450527,-0.5023730005038852,0.45868247606339996,0.8907239647581232,0.5024936328530969,-0.036194759546202826,1.170048989706901,-0.8026046301345059,-0.15629402494735012,-0.14650004188716378,0.045728987947442255,0.618388701957589,-0.18823674154144757,1.217017697271366,-0.4845015831115092,-0.3554410355663144,-0.3688754728507201,-0.25025239784318276,-0.25025239784318276,3.155682704793582,-0.34517957090507656,-0.4014323141823005,-0.35203923635246104,-0.30586777135731963,-0.30956959368344517,-0.23711790231526927,-0.23261172892368465,-0.17133069613002574,-0.3688754728507201,-0.37549677868472187,2.116404183200049,-0.20892772350933622,-0.6316139407998891,-0.18275344379265376,-0.42974956042407375,-0.12427395320024001,1.8594695799189802,-0.2459346884189824,-0.18823674154144757,-0.3853201470472626,-0.17133069613002574,Absent,0.0
0.9893660890351645,0.21577131254895845,0.2701507327147754,-1.2322595016389288,-0.1755151282373813,-0.6816576909386207,-0.6425748851437337,-1.4545971475401451,-0.7994063123633066,-0.7076835036196315,1.0214965471928146,-1.550705833759177,1.1126124597613658,0.9946551747649358,1.4331319674132421,1.359837798062969,0.2542045710484516,-0.18823674154144757,-0.8216807382851261,-0.4845015831115092,-0.3554410355663144,2.7109419671410064,-0.25025239784318276,-0.25025239784318276,-0.3168886398119078,-0.34517957090507656,-0.4014323141823005,-0.35203923635246104,-0.30586777135731963,-0.30956959368344517,-0.23711790231526927,-0.23261172892368465,-0.17133069613002574,2.7109419671410064,-0.37549677868472187,-0.4724995385748947,-0.20892772350933622,-0.6316139407998891,-0.18275344379265376,2.3269366442474237,-0.12427395320024001,-0.5377877706628423,-0.2459346884189824,-0.18823674154144757,-0.3853201470472626,-0.17133069613002574,Absent,0.0
-2.8195403166655937,-1.3118173687270882,-2.3353368699701993,-0.3787323777752515,-0.25531837622083875,0.024322703950794545,-0.18961495015345395,-0.19522321807958384,0.3690788174984226,1.2644570150766667,1.4445730698884216,0.22890738410542755,-0.6175926035613805,-0.48513665343657464,1.3084241772053153,1.6095184719849192,0.5903745380415015,-0.18823674154144757,1.217017697271366,-0.4845015831115092,-0.3554410355663144,-0.3688754728507201,-0.25025239784318276,-0.25025239784318276,3.155682704793582,-0.34517957090507656,-0.4014323141823005,-0.35203923635246104,-0.30586777135731963,-0.30956959368344517,-0.23711790231526927,-0.23261172892368465,-0.17133069613002574,-0.3688754728507201,2.6631386919024123,-0.4724995385748947,-0.20892772350933622,-0.6316139407998891,-0.18275344379265376,-0.42974956042407375,-0.12427395320024001,-0.5377877706628423,-0.2459346884189824,-0.18823674154144757,-0.3853201470472626,5.836665714829544,Low,0.02
0.24329163843398516,-0.36223521550143756,0.2701507327147754,1.8745792292248569,0.5541145676113725,0.2051225611785716,0.44668591090432,1.1852443584444932,1.2454426648947194,-0.4835766264950521,-1.5169625889808274,0.6643042077069173,-0.9670597648661728,-1.307243224659636,-0.19846162114046662,-0.5640174999461622,-0.8663619855950478,-0.18823674154144757,-0.8216807382851261,2.0639767440550294,-0.3554410355663144,-0.3688754728507201,-0.25025239784318276,-0.25025239784318276,-0.3168886398119078,-0.34517957090507656,-0.4014323141823005,-0.35203923635246104,-0.30586777135731963,-0.30956959368344517,-0.23711790231526927,-0.23261172892368465,-0.17133069613002574,-0.3688754728507201,-0.37549677868472187,-0.4724995385748947,4.786344211304794,-0.6316139407998891,-0.18275344379265376,-0.42974956042407375,-0.12427395320024001,-0.5377877706628423,4.066120181860509,-0.18823674154144757,-0.3853201470472626,-0.17133069613002574,Absent,0.0
0.6752294782557205,-0.857669382401777,-0.2643082627077835,1.1234753602248206,1.1697396234837585,1.530988180848937,2.830117949781745,0.3133700995871813,0.682065905854243,-1.4696468858432012,-1.5169625889808274,-0.17416740455621368,-0.9293721298234991,-1.1428219104150237,0.20683869703529542,0.2980378794896234,0.5903745380415015,5.312459150169743,-0.8216807382851261,-0.4845015831115092,-0.3554410355663144,-0.3688754728507201,-0.25025239784318276,-0.25025239784318276,-0.3168886398119078,-0.34517957090507656,-0.4014323141823005,-0.35203923635246104,3.269386622730461,-0.30956959368344517,-0.23711790231526927,-0.23261172892368465,-0.17133069613002574,-0.3688754728507201,-0.37549677868472187,-0.4724995385748947,-0.20892772350933622,1.5832456116050555,-0.18275344379265376,-0.42974956042407375,-0.12427395320024001,1.8594695799189802,-0.2459346884189824,-0.18823674154144757,-0.3853201470472626,-0.17133069613002574,Absent,0.0
0.24329163843398516,-0.40352139607646587,0.20334335828695557,1.908720314179404,0.5199131756184622,0.2309511122111112,0.5006097126888771,1.16102562903179,1.1828452472235556,-0.528398001919968,-1.5169625889808274,0.6719093923986464,-0.9670597648661728,0.008127289297262145,0.7264544895683237,-0.8899164848548129,-1.0624611330076603,-0.18823674154144757,-0.8216807382851261,2.0639767440550294,-0.3554410355663144,-0.3688754728507201,-0.25025239784318276,-0.25025239784318276,-0.3168886398119078,-0.34517957090507656,-0.4014323141823005,-0.35203923635246104,3.269386622730461,-0.30956959368344517,-0.23711790231526927,-0.23261172892368465,-0.17133069613002574,-0.3688754728507201,-0.37549677868472187,-0.4724995385748947,-0.20892772350933622,1.5832456116050555,-0.18275344379265376,-0.42974956042407375,-0.12427395320024001,-0.5377877706628423,4.066120181860509,-0.18823674154144757,-0.3853201470472626,-0.17133069613002574,Absent,0.0
-0.7383852702517772,-0.857669382401777,-0.4647303859912431,0.4065125761793317,-0.3921239441924801,-0.12203908523359643,0.40354686947667434,-0.26787940631769314,0.014360117361826233,-0.08018424767080934,0.38688176314940415,-0.06959611504493883,-0.9019629407015547,2.6388683172110583,-0.37513099060169625,-2.6823609018523915,1.7389552586010886,-0.18823674154144757,1.217017697271366,-0.4845015831115092,-0.3554410355663144,-0.3688754728507201,-0.25025239784318276,-0.25025239784318276,3.155682704793582,-0.34517957090507656,-0.4014323141823005,-0.35203923635246104,-0.30586777135731963,-0.30956959368344517,-0.23711790231526927,-0.23261172892368465,-0.17133069613002574,-0.3688754728507201,-0.37549677868472187,2.116404183200049,-0.20892772350933622,-0.6316139407998891,-0.18275344379265376,-0.42974956042407375,-0.12427395320024001,-0.5377877706628423,-0.2459346884189824,-0.18823674154144757,-0.3853201470472626,5.836665714829544,Absent,0.0
-0.8561864992940688,2.032363257850203,1.6731055956989926,-1.0274129919116464,-1.9083856558781715,-1.55121890903412,-1.2033824237031276,-1.2608473122385204,-1.7175017715403795,2.74356240409889,0.38688176314940415,1.4799602658948612,1.0852032706394215,-0.9784005961704115,-0.7804313087774583,-0.4194655308334542,-0.3901211990215606,-0.18823674154144757,-0.8216807382851261,-0.4845015831115092,2.813406162872353,-0.3688754728507201,-0.25025239784318276,-0.25025239784318276,-0.3168886398119078,-0.34517957090507656,-0.4014323141823005,-0.35203923635246104,-0.30586777135731963,-0.30956959368344517,4.217311262607289,-0.23261172892368465,5.836665714829544,-0.3688754728507201,-0.37549677868472187,-0.4724995385748947,-0.20892772350933622,-0.6316139407998891,-0.18275344379265376,-0.42974956042407375,-0.12427395320024001,-0.5377877706628423,-0.2459346884189824,-0.18823674154144757,-0.3853201470472626,-0.17133069613002574,Absent,0.0
-1.0525218810312211,1.743359993825005,1.2722613491320733,-0.9932719069570992,-1.8855847278828979,-1.5253903580015804,-1.2033824237031276,-1.2124098534131142,-1.5923069361980515,2.6539196532490585,0.38688176314940415,1.4058097151505027,0.8864866495053237,1.9811830602326093,-1.3416163647131287,0.15348591037691545,-0.530192018601998,-0.18823674154144757,-0.8216807382851261,2.0639767440550294,-0.3554410355663144,-0.3688754728507201,-0.25025239784318276,-0.25025239784318276,-0.3168886398119078,2.8970428272390354,-0.4014323141823005,-0.35203923635246104,-0.30586777135731963,-0.30956959368344517,-0.23711790231526927,-0.23261172892368465,-0.17133069613002574,-0.3688754728507201,-0.37549677868472187,-0.4724995385748947,-0.20892772350933622,-0.6316139407998891,-0.18275344379265376,-0.42974956042407375,-0.12427395320024001,-0.5377877706628423,-0.2459346884189824,-0.18823674154144757,-0.3853201470472626,-0.17133069613002574,Absent,0.0
0.24329163843398516,-0.4448075766514941,0.1365359838591357,0.7820645106793498,-0.962147144074319,-0.44059121463491796,0.44668591090432,-0.5100667004447241,-0.9871985653767988,-0.6180407527697998,-0.036194759546202826,-0.5392162697592094,-0.8265876706162073,0.6658125462757112,1.6409782844264533,1.215285828950261,0.562360374125414,-0.18823674154144757,-0.8216807382851261,2.0639767440550294,-0.3554410355663144,-0.3688754728507201,-0.25025239784318276,-0.25025239784318276,3.155682704793582,-0.34517957090507656,-0.4014323141823005,-0.35203923635246104,-0.30586777135731963,-0.30956959368344517,-0.23711790231526927,-0.23261172892368465,-0.17133069613002574,-0.3688754728507201,-0.37549677868472187,-0.4724995385748947,-0.20892772350933622,1.5832456116050555,-0.18275344379265376,-0.42974956042407375,-0.12427395320024001,-0.5377877706628423,-0.2459346884189824,-0.18823674154144757,-0.3853201470472626,5.836665714829544,Low,0.02
-1.9556646370221227,-1.1879588270020034,-1.8008778745476404,-0.6860021423661754,-0.449126264180664,-0.5352959017542297,-0.7935615301404937,-0.12256702984147452,-0.4238218063363222,0.5024936328530969,0.38688176314940415,0.7441586469700727,-0.3058130772992618,-1.307243224659636,1.007047017536159,0.8315660563965273,-0.698277002098523,-0.18823674154144757,1.217017697271366,-0.4845015831115092,-0.3554410355663144,-0.3688754728507201,-0.25025239784318276,-0.25025239784318276,3.155682704793582,-0.34517957090507656,-0.4014323141823005,-0.35203923635246104,-0.30586777135731963,-0.30956959368344517,-0.23711790231526927,-0.23261172892368465,-0.17133069613002574,-0.3688754728507201,-0.37549677868472187,-0.4724995385748947,-0.20892772350933622,1.5832456116050555,-0.18275344379265376,-0.42974956042407375,-0.12427395320024001,1.8594695799189802,-0.2459346884189824,-0.18823674154144757,-0.3853201470472626,-0.17133069613002574,Low,0.02
0.40035994382370715,-0.568666118376579,0.06972860943131583,1.191757530133915,1.0671354475050274,2.0131211334563424,1.5251619465954624,0.8219634172539465,0.7863949353061831,-1.1110758824438742,-1.5169625889808274,0.16046072187986585,-0.9327982784637422,-0.8139792819257992,-0.81160825632944,0.01944681174513172,-0.10997955986068572,-0.18823674154144757,-0.8216807382851261,-0.4845015831115092,-0.3554410355663144,-0.3688754728507201,3.995965707495983,-0.25025239784318276,-0.3168886398119078,-0.34517957090507656,-0.4014323141823005,-0.35203923635246104,-0.30586777135731963,-0.30956959368344517,-0.23711790231526927,4.299009360478467,-0.17133069613002574,-0.3688754728507201,-0.37549677868472187,-0.4724995385748947,-0.20892772350933622,1.5832456116050555,-0.18275344379265376,-0.42974956042407375,-0.12427395320024001,1.8594695799189802,-0.2459346884189824,-0.18823674154144757,-0.3853201470472626,-0.17133069613002574,Absent,0.0
0.40035994382370715,-0.568666118376579,0.06972860943131583,1.1576164451793678,1.0671354475050274,2.0303401674780353,1.4820229051678167,0.8219634172539465,0.723797517635019,-1.0662545070189584,-1.3054243276330237,0.15475683336106902,-0.9293721298234991,-1.1428219104150237,0.4250773298991673,0.082524034630677,-0.3901211990215606,-0.18823674154144757,-0.8216807382851261,-0.4845015831115092,-0.3554410355663144,-0.3688754728507201,3.995965707495983,-0.25025239784318276,-0.3168886398119078,-0.34517957090507656,-0.4014323141823005,-0.35203923635246104,3.269386622730461,-0.30956959368344517,-0.23711790231526927,-0.23261172892368465,-0.17133069613002574,-0.3688754728507201,-0.37549677868472187,-0.4724995385748947,4.786344211304794,-0.6316139407998891,-0.18275344379265376,-0.42974956042407375,-0.12427395320024001,1.8594695799189802,-0.2459346884189824,-0.18823674154144757,-0.3853201470472626,-0.17133069613002574,Absent,0.0
0.9893660890351645,0.21577131254895845,0.2701507327147754,-1.2322595016389288,-0.1755151282373813,-0.6816576909386207,-0.6425748851437337,-1.4545971475401451,-0.7994063123633066,-0.7076835036196315,1.0214965471928146,-1.550705833759177,1.1126124597613658,0.9946551747649358,1.4331319674132421,1.359837798062969,0.2542045710484516,-0.18823674154144757,-0.8216807382851261,-0.4845015831115092,-0.3554410355663144,2.7109419671410064,-0.25025239784318276,-0.25025239784318276,-0.3168886398119078,-0.34517957090507656,-0.4014323141823005,-0.35203923635246104,-0.30586777135731963,-0.30956959368344517,-0.23711790231526927,-0.23261172892368465,-0.17133069613002574,2.7109419671410064,-0.37549677868472187,-0.4724995385748947,-0.20892772350933622,-0.6316139407998891,-0.18275344379265376,2.3269366442474237,-0.12427395320024001,-0.5377877706628423,-0.2459346884189824,-0.18823674154144757,-0.3853201470472626,-0.17133069613002574,Absent,0.0
0.20402456208655464,-0.6925246601016639,0.06972860943131583,1.3283218699521033,1.0101331275168435,1.2210455684584618,1.8055657158751595,0.9430570643174621,1.1411136354427793,-0.8869690053192949,-0.6708095435896133,0.21179571854903712,-0.9636336162259298,-0.48513665343657464,-0.36473867475103566,-0.14087446308896256,-0.9784186412593978,-0.18823674154144757,1.217017697271366,-0.4845015831115092,-0.3554410355663144,-0.3688754728507201,-0.25025239784318276,-0.25025239784318276,-0.3168886398119078,-0.34517957090507656,-0.4014323141823005,2.840592458843996,-0.30586777135731963,-0.30956959368344517,-0.23711790231526927,-0.23261172892368465,-0.17133069613002574,-0.3688754728507201,-0.37549677868472187,-0.4724995385748947,-0.20892772350933622,1.5832456116050555,-0.18275344379265376,-0.42974956042407375,-0.12427395320024001,1.8594695799189802,-0.2459346884189824,-0.18823674154144757,-0.3853201470472626,-0.17133069613002574,Absent,0.0
0.32182579112884613,-0.6925246601016639,0.0029212350034959643,1.4307451248157446,1.044334519509754,1.3157502555777736,1.9565523608719193,0.9430570643174621,1.2245768590043316,-0.9766117561691267,-0.8823478049374168,0.16046072187986585,-0.9670597648661728,-0.48513665343657464,-0.47905414910830185,-0.30908039078375,0.5903745380415015,-0.18823674154144757,1.217017697271366,-0.4845015831115092,-0.3554410355663144,-0.3688754728507201,-0.25025239784318276,-0.25025239784318276,-0.3168886398119078,-0.34517957090507656,-0.4014323141823005,-0.35203923635246104,-0.30586777135731963,-0.30956959368344517,-0.23711790231526927,-0.23261172892368465,-0.17133069613002574,-0.3688754728507201,-0.37549677868472187,2.116404183200049,-0.20892772350933622,-0.6316139407998891,-0.18275344379265376,-0.42974956042407375,-0.12427395320024001,1.8594695799189802,-0.2459346884189824,-0.18823674154144757,-0.3853201470472626,-0.17133069613002574,Low,0.03
-0.1101120486928893,0.5460607571491848,1.6062982212711727,-1.3346827565025703,-2.4670083917623735,-1.9730852425655998,-1.3004452669153306,-1.9147530063815041,-3.4076320486618092,1.0851715133770032,-0.4592712822418098,1.2917319447745665,2.3220429297671665,-1.1428219104150237,1.5370551259198477,-0.5377353237438517,-0.8103336577628729,-0.18823674154144757,-0.8216807382851261,-0.4845015831115092,-0.3554410355663144,-0.3688754728507201,-0.25025239784318276,3.995965707495983,-0.3168886398119078,-0.34517957090507656,-0.4014323141823005,-0.35203923635246104,-0.30586777135731963,-0.30956959368344517,-0.23711790231526927,-0.23261172892368465,-0.17133069613002574,-0.3688754728507201,2.6631386919024123,-0.4724995385748947,-0.20892772350933622,-0.6316139407998891,-0.18275344379265376,-0.42974956042407375,-0.12427395320024001,-0.5377877706628423,-0.2459346884189824,-0.18823674154144757,-0.3853201470472626,-0.17133069613002574,Absent,0.0
0.08622333304426316,-0.4860937572265224,0.0029212350034959643,0.7479234257248026,-0.9051448240861351,-0.4836387996891506,0.19863642269535728,-0.31631686514309937,-0.6533456711305905,-0.4835766264950521,0.17534350180160066,-0.5183020118569546,-0.8368661165369364,0.17254860354187443,1.5370551259198477,1.3756071037843554,1.0105869967828138,-0.18823674154144757,1.217017697271366,-0.4845015831115092,-0.3554410355663144,-0.3688754728507201,-0.25025239784318276,-0.25025239784318276,-0.3168886398119078,-0.34517957090507656,-0.4014323141823005,-0.35203923635246104,-0.30586777135731963,3.230291412348993,-0.23711790231526927,-0.23261172892368465,-0.17133069613002574,-0.3688754728507201,-0.37549677868472187,2.116404183200049,-0.20892772350933622,-0.6316139407998891,-0.18275344379265376,2.3269366442474237,-0.12427395320024001,-0.5377877706628423,-0.2459346884189824,-0.18823674154144757,-0.3853201470472626,-0.17133069613002574,Low,0.03
1.5391051578991914,0.4222022154240999,0.7378023537095145,-1.3005416715480231,-0.20971652023029164,-0.767752861047086,-0.7612072490697593,-1.5756907946036607,-1.195856624280679,-0.9766117561691267,0.5984200244972077,-1.6324615691952646,1.5511594857124777,-0.6495579676811869,0.4770389091524701,0.6896423049040504,-0.9504044773433103,-0.18823674154144757,-0.8216807382851261,-0.4845015831115092,-0.3554410355663144,2.7109419671410064,-0.25025239784318276,-0.25025239784318276,-0.3168886398119078,-0.34517957090507656,-0.4014323141823005,-0.35203923635246104,-0.30586777135731963,-0.30956959368344517,-0.23711790231526927,-0.23261172892368465,-0.17133069613002574,-0.3688754728507201,2.6631386919024123,-0.4724995385748947,-0.20892772350933622,-0.6316139407998891,-0.18275344379265376,-0.42974956042407375,-0.12427395320024001,-0.5377877706628423,-0.2459346884189824,-0.18823674154144757,-0.3853201470472626,-0.17133069613002574,Absent,0.0
-2.2305341714541362,-0.8163832018267487,-2.3353368699701993,-0.7542843122752696,-0.08431141625628709,0.12763690808095288,-0.394525396934771,-0.17100448866688073,0.9533213824292872,1.0851715133770032,1.4445730698884216,-0.48407868074417365,-0.19275017217124077,4.283081459657181,0.7680237529709659,-0.7348516452611806,1.6268986029367385,-0.18823674154144757,1.217017697271366,-0.4845015831115092,-0.3554410355663144,-0.3688754728507201,-0.25025239784318276,-0.25025239784318276,3.155682704793582,-0.34517957090507656,-0.4014323141823005,-0.35203923635246104,-0.30586777135731963,-0.30956959368344517,-0.23711790231526927,-0.23261172892368465,-0.17133069613002574,-0.3688754728507201,-0.37549677868472187,2.116404183200049,-0.20892772350933622,-0.6316139407998891,-0.18275344379265376,-0.42974956042407375,-0.12427395320024001,-0.5377877706628423,-0.2459346884189824,-0.18823674154144757,-0.3853201470472626,-0.17133069613002574,Low,0.03
1.5391051578991914,0.4222022154240999,0.7378023537095145,-1.3005416715480231,-0.20971652023029164,-0.767752861047086,-0.7612072490697593,-1.5756907946036607,-1.195856624280679,-0.9766117561691267,0.5984200244972077,-1.6324615691952646,1.5511594857124777,-0.6495579676811869,0.4770389091524701,0.6896423049040504,-0.9504044773433103,-0.18823674154144757,-0.8216807382851261,-0.4845015831115092,-0.3554410355663144,2.7109419671410064,-0.25025239784318276,-0.25025239784318276,-0.3168886398119078,-0.34517957090507656,-0.4014323141823005,-0.35203923635246104,-0.30586777135731963,-0.30956959368344517,-0.23711790231526927,-0.23261172892368465,-0.17133069613002574,-0.3688754728507201,2.6631386919024123,-0.4724995385748947,-0.20892772350933622,-0.6316139407998891,-0.18275344379265376,-0.42974956042407375,-0.12427395320024001,-0.5377877706628423,-0.2459346884189824,-0.18823674154144757,-0.3853201470472626,-0.17133069613002574,Absent,0.0
0.04695625669683267,-0.7338108406766921,0.0029212350034959643,1.191757530133915,0.9417303435310229,1.289921704545234,1.7516419140906023,1.0399319819682744,0.8698581588677351,-0.7973262544694633,-0.8823478049374168,0.32207089657910876,-0.9567813189454436,0.8302338605203236,0.6641005944643603,0.05887007604859752,-0.8383478216789604,-0.18823674154144757,1.217017697271366,-0.4845015831115092,-0.3554410355663144,-0.3688754728507201,-0.25025239784318276,-0.25025239784318276,-0.3168886398119078,-0.34517957090507656,-0.4014323141823005,2.840592458843996,-0.30586777135731963,-0.30956959368344517,-0.23711790231526927,-0.23261172892368465,-0.17133069613002574,-0.3688754728507201,-0.37549677868472187,-0.4724995385748947,-0.20892772350933622,1.5832456116050555,-0.18275344379265376,-0.42974956042407375,-0.12427395320024001,1.8594695799189802,-0.2459346884189824,-0.18823674154144757,-0.3853201470472626,-0.17133069613002574,Low,0.03
-0.1493791250403198,-0.7338108406766921,-0.0638861394243239,0.9186288504975382,0.8391261675522919,1.1779979834042291,1.363390541241791,0.9672757937301651,0.744663323525407,-0.6628621281947156,-0.8823478049374168,0.48177977510541947,-0.9362244271039852,0.8302338605203236,-0.33356172719905397,-0.6428640285530938,-1.0064328051754854,-0.18823674154144757,1.217017697271366,-0.4845015831115092,-0.3554410355663144,-0.3688754728507201,-0.25025239784318276,-0.25025239784318276,-0.3168886398119078,-0.34517957090507656,2.49107997704907,-0.35203923635246104,-0.30586777135731963,-0.30956959368344517,-0.23711790231526927,-0.23261172892368465,-0.17133069613002574,-0.3688754728507201,-0.37549677868472187,-0.4724995385748947,-0.20892772350933622,1.5832456116050555,-0.18275344379265376,-0.42974956042407375,-0.12427395320024001,1.8594695799189802,-0.2459346884189824,-0.18823674154144757,-0.3853201470472626,-0.17133069613002574,Low,0.03
0.3610928674762766,-0.6512384795266356,0.06972860943131583,1.4307451248157446,1.0557349835073906,1.3329692895994667,1.9781218815857422,0.9430570643174621,1.2454426648947194,-1.0214331315940426,-1.0938860662852203,0.16806590657159493,-0.9636336162259298,-0.48513665343657464,-0.13610772603650323,0.15348591037691545,-0.9223903134272229,-0.18823674154144757,1.217017697271366,-0.4845015831115092,-0.3554410355663144,-0.3688754728507201,-0.25025239784318276,-0.25025239784318276,-0.3168886398119078,-0.34517957090507656,-0.4014323141823005,-0.35203923635246104,-0.30586777135731963,-0.30956959368344517,-0.23711790231526927,-0.23261172892368465,-0.17133069613002574,-0.3688754728507201,-0.37549677868472187,-0.4724995385748947,-0.20892772350933622,1.5832456116050555,-0.18275344379265376,-0.42974956042407375,-0.12427395320024001,1.8594695799189802,-0.2459346884189824,-0.18823674154144757,-0.3853201470472626,-0.17133069613002574,Low,0.03
-0.5027828121671942,-0.6925246601016639,-1.533648376836361,-1.1298362467752876,-0.1299132722468342,-0.38032459555899223,-0.3621711158640367,-1.1397536651750049,-0.04823730030933784,-0.30429112479538867,2.079187853931832,-1.36057621646595,0.21838766465792667,1.4879191174987725,-1.1337700476999175,0.718552698726592,1.7389552586010886,-0.18823674154144757,-0.8216807382851261,2.0639767440550294,-0.3554410355663144,-0.3688754728507201,-0.25025239784318276,-0.25025239784318276,-0.3168886398119078,-0.34517957090507656,-0.4014323141823005,-0.35203923635246104,-0.30586777135731963,-0.30956959368344517,-0.23711790231526927,-0.23261172892368465,-0.17133069613002574,-0.3688754728507201,-0.37549677868472187,2.116404183200049,-0.20892772350933622,-0.6316139407998891,-0.18275344379265376,-0.42974956042407375,-0.12427395320024001,-0.5377877706628423,-0.2459346884189824,-0.18823674154144757,-0.3853201470472626,-0.17133069613002574,Absent,0.0
-0.8169194229466382,0.8350640211743828,1.0050318514207939,-0.8225664821843638,-1.9425870478710818,-1.4134666368605755,-1.0523957787063678,-0.43741051220661487,-1.0497959830479628,1.7574921447507412,0.17534350180160066,1.5902354439249329,0.33487671842619077,-1.1428219104150237,1.1837163869973886,-0.38004226652998846,-1.0624611330076603,-0.18823674154144757,1.217017697271366,-0.4845015831115092,-0.3554410355663144,-0.3688754728507201,-0.25025239784318276,-0.25025239784318276,-0.3168886398119078,-0.34517957090507656,-0.4014323141823005,-0.35203923635246104,-0.30586777135731963,3.230291412348993,-0.23711790231526927,-0.23261172892368465,-0.17133069613002574,-0.3688754728507201,-0.37549677868472187,-0.4724995385748947,-0.20892772350933622,-0.6316139407998891,-0.18275344379265376,-0.42974956042407375,-0.12427395320024001,-0.5377877706628423,-0.2459346884189824,-0.18823674154144757,-0.3853201470472626,-0.17133069613002574,Absent,0.0
-2.54467078223358,-1.6421068133273145,-2.535758993253659,-0.7201432273207224,-0.6201332241452157,-0.6041720378410019,-0.9229786544234307,-0.14678575925417764,-0.5907482534594264,0.5921363837029286,0.5984200244972077,0.717540500549021,-0.29553463137853264,0.9946551747649358,0.21723101288595598,-0.8688907438929644,1.7389552586010886,-0.18823674154144757,1.217017697271366,-0.4845015831115092,-0.3554410355663144,-0.3688754728507201,-0.25025239784318276,-0.25025239784318276,3.155682704793582,-0.34517957090507656,-0.4014323141823005,-0.35203923635246104,-0.30586777135731963,-0.30956959368344517,-0.23711790231526927,-0.23261172892368465,-0.17133069613002574,-0.3688754728507201,-0.37549677868472187,2.116404183200049,-0.20892772350933622,-0.6316139407998891,-0.18275344379265376,-0.42974956042407375,-0.12427395320024001,1.8594695799189802,-0.2459346884189824,-0.18823674154144757,-0.3853201470472626,-0.17133069613002574,Low,0.06
0.24329163843398516,-0.6099522989516073,0.06972860943131583,1.4307451248157446,1.0329340555121171,1.5912547999248625,2.1075390058686794,1.1852443584444932,1.0993820236620033,-0.9766117561691267,-1.0938860662852203,0.23461127262422438,-0.9670597648661728,-0.6495579676811869,-0.6453312027188709,0.06675472890929068,-1.0624611330076603,-0.18823674154144757,1.217017697271366,-0.4845015831115092,-0.3554410355663144,-0.3688754728507201,-0.25025239784318276,-0.25025239784318276,-0.3168886398119078,-0.34517957090507656,-0.4014323141823005,2.840592458843996,-0.30586777135731963,-0.30956959368344517,-0.23711790231526927,-0.23261172892368465,-0.17133069613002574,-0.3688754728507201,-0.37549677868472187,-0.4724995385748947,-0.20892772350933622,1.5832456116050555,-0.18275344379265376,-0.42974956042407375,-0.12427395320024001,1.8594695799189802,-0.2459346884189824,-0.18823674154144757,-0.3853201470472626,-0.17133069613002574,Low,0.03
0.3610928674762766,-0.6925246601016639,-0.3311156371356034,0.6113590859066143,0.884728023542839,1.289921704545234,1.3418210205279681,0.48290120547610305,0.4316762351695867,-0.9766117561691267,-1.3054243276330237,0.23080868027835982,-0.8745537515796101,-1.1428219104150237,-1.9859399474540838,-0.08305367544387937,-1.0344469690915727,-0.18823674154144757,-0.8216807382851261,-0.4845015831115092,-0.3554410355663144,2.7109419671410064,-0.25025239784318276,-0.25025239784318276,-0.3168886398119078,-0.34517957090507656,-0.4014323141823005,-0.35203923635246104,-0.30586777135731963,-0.30956959368344517,-0.23711790231526927,-0.23261172892368465,-0.17133069613002574,-0.3688754728507201,-0.37549677868472187,-0.4724995385748947,-0.20892772350933622,1.5832456116050555,-0.18275344379265376,-0.42974956042407375,-0.12427395320024001,-0.5377877706628423,-0.2459346884189824,-0.18823674154144757,2.5952445198183276,-0.17133069613002574,Absent,0.0
0.04695625669683267,-0.6099522989516073,0.0029212350034959643,1.1234753602248206,0.9645312715262965,1.3846263916645458,1.7085028726629565,1.0883694407936806,0.8072607411965711,-0.7525048790445473,-0.8823478049374168,0.31826830423324426,-0.9430767243844714,-0.15629402494735012,1.1421471235947462,0.521436377209263,-1.0064328051754854,-0.18823674154144757,1.217017697271366,-0.4845015831115092,-0.3554410355663144,-0.3688754728507201,-0.25025239784318276,-0.25025239784318276,-0.3168886398119078,-0.34517957090507656,-0.4014323141823005,2.840592458843996,-0.30586777135731963,-0.30956959368344517,-0.23711790231526927,-0.23261172892368465,-0.17133069613002574,-0.3688754728507201,-0.37549677868472187,-0.4724995385748947,-0.20892772350933622,1.5832456116050555,-0.18275344379265376,-0.42974956042407375,-0.12427395320024001,1.8594695799189802,-0.2459346884189824,-0.18823674154144757,-0.3853201470472626,-0.17133069613002574,Low,0.03
-1.6415280262426786,0.6286331182992413,-0.4647303859912431,-0.924989737048005,-1.8057814798994405,-1.4823427729473477,-1.1710281426323934,-0.9944412886987862,-1.195856624280679,2.1160631481500682,0.5984200244972077,0.9571038183384869,0.4273827317127535,0.33696991778648666,0.7368468054189842,-0.05677149924156884,1.7389552586010886,-0.18823674154144757,-0.8216807382851261,2.0639767440550294,-0.3554410355663144,-0.3688754728507201,-0.25025239784318276,-0.25025239784318276,-0.3168886398119078,2.8970428272390354,-0.4014323141823005,-0.35203923635246104,-0.30586777135731963,-0.30956959368344517,-0.23711790231526927,-0.23261172892368465,-0.17133069613002574,-0.3688754728507201,-0.37549677868472187,-0.4724995385748947,-0.20892772350933622,-0.6316139407998891,-0.18275344379265376,-0.42974956042407375,-0.12427395320024001,-0.5377877706628423,-0.2459346884189824,-0.18823674154144757,-0.3853201470472626,-0.17133069613002574,Absent,0.0
0.7930307072980121,1.3304981880747222,0.3369581071425953,-0.5152967175934399,-0.004508168272829639,-0.5180768677325367,-0.8259158112112279,-0.049910841603365216,0.4316762351695867,0.5921363837029286,0.5984200244972077,-0.6095642281577035,1.006401851913831,-0.6495579676811869,-1.746916682888891,0.5424621181711115,1.486827783356301,-0.18823674154144757,-0.8216807382851261,-0.4845015831115092,2.813406162872353,-0.3688754728507201,-0.25025239784318276,-0.25025239784318276,-0.3168886398119078,-0.34517957090507656,-0.4014323141823005,-0.35203923635246104,-0.30586777135731963,3.230291412348993,-0.23711790231526927,-0.23261172892368465,-0.17133069613002574,2.7109419671410064,-0.37549677868472187,-0.4724995385748947,-0.20892772350933622,-0.6316139407998891,-0.18275344379265376,-0.42974956042407375,-0.12427395320024001,-0.5377877706628423,-0.2459346884189824,-0.18823674154144757,-0.3853201470472626,-0.17133069613002574,Absent,0.0
0.9500990126877341,1.289212007499694,0.470572855998235,-0.6518610574116283,0.05249415171535425,-0.5352959017542297,-0.8690548526388736,-0.26787940631769314,0.2856155939368705,0.4576722574281811,0.38688176314940415,-0.6019590434659744,1.1297432029625811,-0.15629402494735012,0.6537082786136997,0.09303690511160122,1.2627144720276011,-0.18823674154144757,-0.8216807382851261,-0.4845015831115092,2.813406162872353,-0.3688754728507201,-0.25025239784318276,-0.25025239784318276,-0.3168886398119078,-0.34517957090507656,-0.4014323141823005,-0.35203923635246104,-0.30586777135731963,-0.30956959368344517,4.217311262607289,-0.23261172892368465,-0.17133069613002574,2.7109419671410064,-0.37549677868472187,-0.4724995385748947,-0.20892772350933622,-0.6316139407998891,-0.18275344379265376,-0.42974956042407375,-0.12427395320024001,-0.5377877706628423,-0.2459346884189824,-0.18823674154144757,-0.3853201470472626,-0.17133069613002574,Absent,0.0
-0.8169194229466382,-0.8989555629768053,-1.9344926234032802,-1.0274129919116464,-0.18691559223501808,-0.3458865275156061,-0.31903207443639103,-0.9944412886987862,0.11868914681376634,-0.16982699852064106,2.079187853931832,-1.3054386274509142,0.05050638128601663,0.008127289297262145,0.061346275126047504,0.5372056829306493,0.8425020132862888,-0.18823674154144757,-0.8216807382851261,2.0639767440550294,-0.3554410355663144,-0.3688754728507201,-0.25025239784318276,-0.25025239784318276,-0.3168886398119078,-0.34517957090507656,-0.4014323141823005,-0.35203923635246104,-0.30586777135731963,-0.30956959368344517,-0.23711790231526927,-0.23261172892368465,-0.17133069613002574,-0.3688754728507201,-0.37549677868472187,2.116404183200049,-0.20892772350933622,-0.6316139407998891,-0.18275344379265376,2.3269366442474237,-0.12427395320024001,-0.5377877706628423,-0.2459346884189824,-0.18823674154144757,-0.3853201470472626,-0.17133069613002574,Absent,0.0
0.7930307072980121,1.3717843686497506,0.40376548157041514,-0.5152967175934399,-0.004508168272829639,-0.5180768677325367,-0.8259158112112279,-0.049910841603365216,0.4525420410599747,0.5921363837029286,0.5984200244972077,-0.5677357123531935,1.0166802978345602,0.17254860354187443,-0.2400308845431089,-0.703313033818408,0.8425020132862888,-0.18823674154144757,-0.8216807382851261,-0.4845015831115092,2.813406162872353,-0.3688754728507201,-0.25025239784318276,-0.25025239784318276,-0.3168886398119078,-0.34517957090507656,-0.4014323141823005,-0.35203923635246104,-0.30586777135731963,3.230291412348993,-0.23711790231526927,-0.23261172892368465,-0.17133069613002574,2.7109419671410064,-0.37549677868472187,-0.4724995385748947,-0.20892772350933622,-0.6316139407998891,-0.18275344379265376,-0.42974956042407375,-0.12427395320024001,-0.5377877706628423,-0.2459346884189824,-0.18823674154144757,-0.3853201470472626,-0.17133069613002574,Absent,0.0
0.16475748573912416,-0.6099522989516073,0.06972860943131583,1.225898615088462,0.9987326635192068,1.3932359086753925,1.9134133194442735,1.1125881702063838,0.8281265470869591,-0.8421476298943791,-0.8823478049374168,0.27834108460166657,-0.9499290216649575,-0.9784005961704115,-1.9028014206487993,0.27964035614800603,-1.0624611330076603,-0.18823674154144757,1.217017697271366,-0.4845015831115092,-0.3554410355663144,-0.3688754728507201,-0.25025239784318276,-0.25025239784318276,-0.3168886398119078,-0.34517957090507656,-0.4014323141823005,2.840592458843996,-0.30586777135731963,-0.30956959368344517,-0.23711790231526927,-0.23261172892368465,-0.17133069613002574,-0.3688754728507201,-0.37549677868472187,-0.4724995385748947,-0.20892772350933622,1.5832456116050555,-0.18275344379265376,-0.42974956042407375,-0.12427395320024001,1.8594695799189802,-0.2459346884189824,-0.18823674154144757,-0.3853201470472626,-0.17133069613002574,Low,0.03
0.28255871478141564,-0.32094903492640925,0.20334335828695557,0.7820645106793498,-0.8823438960908615,-0.4750292826783041,0.26334498483682584,-0.34053559455580246,-0.7159430888017545,-0.5732193773448838,0.38688176314940415,-0.5715383046990581,-0.7923261842137767,-0.48513665343657464,0.4874312250031307,0.2586146151861576,-0.4461495268537356,-0.18823674154144757,1.217017697271366,-0.4845015831115092,-0.3554410355663144,-0.3688754728507201,-0.25025239784318276,-0.25025239784318276,-0.3168886398119078,-0.34517957090507656,-0.4014323141823005,2.840592458843996,-0.30586777135731963,-0.30956959368344517,-0.23711790231526927,-0.23261172892368465,-0.17133069613002574,-0.3688754728507201,-0.37549677868472187,-0.4724995385748947,-0.20892772350933622,1.5832456116050555,-0.18275344379265376,2.3269366442474237,-0.12427395320024001,-0.5377877706628423,-0.2459346884189824,-0.18823674154144757,-0.3853201470472626,-0.17133069613002574,Low,0.03
0.9500990126877341,0.7524916600243262,0.470572855998235,-0.5835788875025341,-0.20971652023029164,-0.5611244527867694,-0.11412162765507398,-0.8249101828098645,0.1812865644849304,-0.30429112479538867,1.656111331236225,-1.4632462098042927,0.6363777987675803,0.17254860354187443,0.08213090682736864,0.029959682226055936,-0.8943761495111354,-0.18823674154144757,1.217017697271366,-0.4845015831115092,-0.3554410355663144,-0.3688754728507201,-0.25025239784318276,-0.25025239784318276,-0.3168886398119078,-0.34517957090507656,-0.4014323141823005,2.840592458843996,-0.30586777135731963,-0.30956959368344517,-0.23711790231526927,-0.23261172892368465,-0.17133069613002574,-0.3688754728507201,2.6631386919024123,-0.4724995385748947,-0.20892772350933622,-0.6316139407998891,-0.18275344379265376,2.3269366442474237,-0.12427395320024001,-0.5377877706628423,-0.2459346884189824,-0.18823674154144757,-0.3853201470472626,-0.17133069613002574,Absent,0.0
0.40035994382370715,-0.568666118376579,0.06972860943131583,1.191757530133915,1.0671354475050274,2.0131211334563424,1.5251619465954624,0.8219634172539465,0.7863949353061831,-1.1110758824438742,-1.5169625889808274,0.16046072187986585,-0.9327982784637422,-0.8139792819257992,-0.81160825632944,0.01944681174513172,-0.10997955986068572,-0.18823674154144757,-0.8216807382851261,-0.4845015831115092,-0.3554410355663144,-0.3688754728507201,3.995965707495983,-0.25025239784318276,-0.3168886398119078,-0.34517957090507656,-0.4014323141823005,-0.35203923635246104,-0.30586777135731963,-0.30956959368344517,-0.23711790231526927,4.299009360478467,-0.17133069613002574,-0.3688754728507201,-0.37549677868472187,-0.4724995385748947,-0.20892772350933622,1.5832456116050555,-0.18275344379265376,-0.42974956042407375,-0.12427395320024001,1.8594695799189802,-0.2459346884189824,-0.18823674154144757,-0.3853201470472626,-0.17133069613002574,Low,0.03
-0.1101120486928893,0.5460607571491848,1.6062982212711727,-1.3346827565025703,-2.4670083917623735,-1.9730852425655998,-1.3004452669153306,-1.9147530063815041,-3.4076320486618092,1.0851715133770032,-0.4592712822418098,1.2917319447745665,2.3220429297671665,-1.1428219104150237,1.5370551259198477,-0.5377353237438517,-0.8103336577628729,-0.18823674154144757,-0.8216807382851261,-0.4845015831115092,-0.3554410355663144,-0.3688754728507201,-0.25025239784318276,3.995965707495983,-0.3168886398119078,-0.34517957090507656,-0.4014323141823005,-0.35203923635246104,-0.30586777135731963,-0.30956959368344517,-0.23711790231526927,-0.23261172892368465,-0.17133069613002574,-0.3688754728507201,2.6631386919024123,-0.4724995385748947,-0.20892772350933622,-0.6316139407998891,-0.18275344379265376,-0.42974956042407375,-0.12427395320024001,-0.5377877706628423,-0.2459346884189824,-0.18823674154144757,-0.3853201470472626,-0.17133069613002574,Absent,0.0
0.04695625669683267,-0.7338108406766921,0.0029212350034959643,1.191757530133915,0.9417303435310229,1.289921704545234,1.7516419140906023,1.0399319819682744,0.8698581588677351,-0.7973262544694633,-0.8823478049374168,0.32207089657910876,-0.9567813189454436,0.8302338605203236,0.6641005944643603,0.05887007604859752,-0.8383478216789604,-0.18823674154144757,1.217017697271366,-0.4845015831115092,-0.3554410355663144,-0.3688754728507201,-0.25025239784318276,-0.25025239784318276,-0.3168886398119078,-0.34517957090507656,-0.4014323141823005,2.840592458843996,-0.30586777135731963,-0.30956959368344517,-0.23711790231526927,-0.23261172892368465,-0.17133069613002574,-0.3688754728507201,-0.37549677868472187,-0.4724995385748947,-0.20892772350933622,1.5832456116050555,-0.18275344379265376,-0.42974956042407375,-0.12427395320024001,1.8594695799189802,-0.2459346884189824,-0.18823674154144757,-0.3853201470472626,-0.17133069613002574,Low,0.03
1.264235623467178,1.1653534657746092,0.8046097281373343,-0.9591308220025522,-0.11851280824919741,-0.7763623780579325,-0.9661176958510764,-0.7280352651590521,-0.21516374743244202,0.09910125402885413,0.17534350180160066,-0.4365462764208669,1.3867043509808108,-0.8139792819257992,1.6825475478290957,0.5477185534115735,-1.0624611330076603,-0.18823674154144757,-0.8216807382851261,2.0639767440550294,-0.3554410355663144,-0.3688754728507201,-0.25025239784318276,-0.25025239784318276,-0.3168886398119078,2.8970428272390354,-0.4014323141823005,-0.35203923635246104,-0.30586777135731963,-0.30956959368344517,-0.23711790231526927,-0.23261172892368465,-0.17133069613002574,-0.3688754728507201,2.6631386919024123,-0.4724995385748947,-0.20892772350933622,-0.6316139407998891,-0.18275344379265376,-0.42974956042407375,-0.12427395320024001,-0.5377877706628423,-0.2459346884189824,-0.18823674154144757,-0.3853201470472626,-0.17133069613002574,Absent,0.0
1.2249685471197476,1.1653534657746092,0.7378023537095145,-0.9591308220025522,-0.10711234425156063,-0.767752861047086,-0.955332935494165,-0.7038165357463491,-0.17343213565166596,0.14392262945377,0.17534350180160066,-0.46126312666898645,1.3524428645783801,-0.9784005961704115,0.31076185554190106,0.2139349156422297,-1.0624611330076603,-0.18823674154144757,-0.8216807382851261,2.0639767440550294,-0.3554410355663144,-0.3688754728507201,-0.25025239784318276,-0.25025239784318276,-0.3168886398119078,2.8970428272390354,-0.4014323141823005,-0.35203923635246104,-0.30586777135731963,-0.30956959368344517,-0.23711790231526927,-0.23261172892368465,-0.17133069613002574,-0.3688754728507201,2.6631386919024123,-0.4724995385748947,-0.20892772350933622,-0.6316139407998891,-0.18275344379265376,-0.42974956042407375,-0.12427395320024001,-0.5377877706628423,-0.2459346884189824,-0.18823674154144757,-0.3853201470472626,-0.17133069613002574,Low,0.03
-1.7593292552849702,0.46348839599912817,-0.7319598837025225,-0.924989737048005,-1.8057814798994405,-1.4823427729473477,-1.1710281426323934,-0.9702225592860831,-1.133259206609515,2.0264203973002366,0.5984200244972077,0.8810519714211962,0.3657120561883783,-0.6495579676811869,-0.47905414910830185,-0.4142090955929921,0.3662612267128016,-0.18823674154144757,-0.8216807382851261,2.0639767440550294,-0.3554410355663144,-0.3688754728507201,-0.25025239784318276,-0.25025239784318276,-0.3168886398119078,2.8970428272390354,-0.4014323141823005,-0.35203923635246104,-0.30586777135731963,-0.30956959368344517,-0.23711790231526927,-0.23261172892368465,-0.17133069613002574,-0.3688754728507201,-0.37549677868472187,-0.4724995385748947,-0.20892772350933622,-0.6316139407998891,-0.18275344379265376,-0.42974956042407375,-0.12427395320024001,-0.5377877706628423,-0.2459346884189824,-0.18823674154144757,-0.3853201470472626,-0.17133069613002574,Absent,0.0
1.264235623467178,1.1653534657746092,0.8046097281373343,-0.9932719069570992,-0.10711234425156063,-0.7849718950687791,-0.9661176958510764,-0.7764727239844583,-0.23602955332283004,0.09910125402885413,0.17534350180160066,-0.49358516160883503,1.4072612428222693,-0.48513665343657464,-0.5206234125109441,0.06675472890929068,-1.0624611330076603,-0.18823674154144757,-0.8216807382851261,2.0639767440550294,-0.3554410355663144,-0.3688754728507201,-0.25025239784318276,-0.25025239784318276,-0.3168886398119078,2.8970428272390354,-0.4014323141823005,-0.35203923635246104,-0.30586777135731963,-0.30956959368344517,-0.23711790231526927,-0.23261172892368465,-0.17133069613002574,-0.3688754728507201,2.6631386919024123,-0.4724995385748947,-0.20892772350933622,-0.6316139407998891,-0.18275344379265376,-0.42974956042407375,-0.12427395320024001,-0.5377877706628423,-0.2459346884189824,-0.18823674154144757,-0.3853201470472626,-0.17133069613002574,Absent,0.0
1.107167318077456,0.29834367369901504,0.40376548157041514,-1.266400586593476,-0.18691559223501808,-0.7247052759928534,-0.7072834472852023,-1.4788158769528483,-0.9454669535960228,-0.7973262544694633,1.0214965471928146,-1.5659162031426352,1.2428061080906023,1.6523404317433847,-0.7284697295241555,-0.9635065782212824,0.058105423635839204,-0.18823674154144757,-0.8216807382851261,-0.4845015831115092,-0.3554410355663144,-0.3688754728507201,-0.25025239784318276,-0.25025239784318276,-0.3168886398119078,-0.34517957090507656,-0.4014323141823005,-0.35203923635246104,-0.30586777135731963,-0.30956959368344517,-0.23711790231526927,-0.23261172892368465,-0.17133069613002574,2.7109419671410064,-0.37549677868472187,-0.4724995385748947,-0.20892772350933622,-0.6316139407998891,-0.18275344379265376,2.3269366442474237,-0.12427395320024001,-0.5377877706628423,-0.2459346884189824,-0.18823674154144757,-0.3853201470472626,-0.17133069613002574,Absent,0.0
0.7144965546031511,1.1653534657746092,0.20334335828695557,-0.5835788875025341,0.0068922957248071385,-0.5352959017542297,-0.8474853319250508,-0.14678575925417764,0.38994462338881064,0.5024936328530969,0.5984200244972077,-0.5886499702554485,0.9755665141516434,0.008127289297262145,0.1548771177819926,-0.5613892823259311,0.6744170297897639,-0.18823674154144757,-0.8216807382851261,-0.4845015831115092,2.813406162872353,-0.3688754728507201,-0.25025239784318276,-0.25025239784318276,-0.3168886398119078,-0.34517957090507656,-0.4014323141823005,-0.35203923635246104,-0.30586777135731963,-0.30956959368344517,4.217311262607289,-0.23261172892368465,-0.17133069613002574,-0.3688754728507201,2.6631386919024123,-0.4724995385748947,-0.20892772350933622,-0.6316139407998891,-0.18275344379265376,-0.42974956042407375,-0.12427395320024001,-0.5377877706628423,-0.2459346884189824,-0.18823674154144757,-0.3853201470472626,-0.17133069613002574,Low,0.03
0.9500990126877341,0.7524916600243262,0.470572855998235,-0.5835788875025341,-0.20971652023029164,-0.5611244527867694,-0.11412162765507398,-0.8249101828098645,0.1812865644849304,-0.30429112479538867,1.656111331236225,-1.4632462098042927,0.6363777987675803,0.17254860354187443,0.08213090682736864,0.029959682226055936,-0.8943761495111354,-0.18823674154144757,1.217017697271366,-0.4845015831115092,-0.3554410355663144,-0.3688754728507201,-0.25025239784318276,-0.25025239784318276,-0.3168886398119078,-0.34517957090507656,-0.4014323141823005,2.840592458843996,-0.30586777135731963,-0.30956959368344517,-0.23711790231526927,-0.23261172892368465,-0.17133069613002574,-0.3688754728507201,2.6631386919024123,-0.4724995385748947,-0.20892772350933622,-0.6316139407998891,-0.18275344379265376,2.3269366442474237,-0.12427395320024001,-0.5377877706628423,-0.2459346884189824,-0.18823674154144757,-0.3853201470472626,-0.17133069613002574,Absent,0.0
1.107167318077456,0.8350640211743828,0.0029212350034959643,0.20166606645204913,1.1127373034955745,0.08458932302672023,-0.2111844708672768,1.403212923158821,1.9131484533871363,-0.3939338756452204,1.4445730698884216,-1.6704874926539102,0.626099352846851,-0.15629402494735012,-1.4039702598170922,0.9550922845473868,0.9545586689506388,-0.18823674154144757,-0.8216807382851261,-0.4845015831115092,-0.3554410355663144,2.7109419671410064,-0.25025239784318276,-0.25025239784318276,-0.3168886398119078,2.8970428272390354,-0.4014323141823005,-0.35203923635246104,-0.30586777135731963,-0.30956959368344517,-0.23711790231526927,-0.23261172892368465,-0.17133069613002574,-0.3688754728507201,-0.37549677868472187,-0.4724995385748947,-0.20892772350933622,-0.6316139407998891,-0.18275344379265376,-0.42974956042407375,8.04673846971554,-0.5377877706628423,-0.2459346884189824,-0.18823674154144757,-0.3853201470472626,-0.17133069613002574,Low,0.03
0.7930307072980121,1.3304981880747222,0.3369581071425953,-0.5152967175934399,-0.004508168272829639,-0.5180768677325367,-0.8259158112112279,-0.049910841603365216,0.4316762351695867,0.5921363837029286,0.5984200244972077,-0.6095642281577035,1.006401851913831,-0.6495579676811869,-1.746916682888891,0.5424621181711115,1.486827783356301,-0.18823674154144757,-0.8216807382851261,-0.4845015831115092,2.813406162872353,-0.3688754728507201,-0.25025239784318276,-0.25025239784318276,-0.3168886398119078,-0.34517957090507656,-0.4014323141823005,-0.35203923635246104,-0.30586777135731963,3.230291412348993,-0.23711790231526927,-0.23261172892368465,-0.17133069613002574,2.7109419671410064,-0.37549677868472187,-0.4724995385748947,-0.20892772350933622,-0.6316139407998891,-0.18275344379265376,-0.42974956042407375,-0.12427395320024001,-0.5377877706628423,-0.2459346884189824,-0.18823674154144757,-0.3853201470472626,-0.17133069613002574,Absent,0.0
0.08622333304426316,-0.7338108406766921,-0.0638861394243239,1.225898615088462,0.9645312715262965,1.367407357642853,1.848704757302805,1.0883694407936806,0.9115897706485112,-0.8869690053192949,-0.8823478049374168,0.316367008060312,-0.9567813189454436,2.1456043744772213,1.2772472296533337,0.7553477454098267,-0.530192018601998,-0.18823674154144757,1.217017697271366,-0.4845015831115092,-0.3554410355663144,-0.3688754728507201,-0.25025239784318276,-0.25025239784318276,-0.3168886398119078,-0.34517957090507656,-0.4014323141823005,2.840592458843996,-0.30586777135731963,-0.30956959368344517,-0.23711790231526927,-0.23261172892368465,-0.17133069613002574,-0.3688754728507201,-0.37549677868472187,-0.4724995385748947,-0.20892772350933622,1.5832456116050555,-0.18275344379265376,-0.42974956042407375,-0.12427395320024001,1.8594695799189802,-0.2459346884189824,-0.18823674154144757,-0.3853201470472626,-0.17133069613002574,Low,0.03
-0.3064474304300418,0.25705749312398674,1.0718392258486138,-0.4470145476843457,-2.1249944718332703,-1.241276296643645,-0.9121938940665193,-0.9944412886987862,-2.3017443364712444,0.6369577591278446,-0.2477330208940063,1.1282204739023913,0.20125692145671137,1.159076489009548,-0.7700389929267977,-2.7796049538009404,1.4027852916080386,-0.18823674154144757,1.217017697271366,-0.4845015831115092,-0.3554410355663144,-0.3688754728507201,-0.25025239784318276,-0.25025239784318276,-0.3168886398119078,-0.34517957090507656,-0.4014323141823005,-0.35203923635246104,-0.30586777135731963,-0.30956959368344517,-0.23711790231526927,-0.23261172892368465,-0.17133069613002574,-0.3688754728507201,-0.37549677868472187,-0.4724995385748947,-0.20892772350933622,-0.6316139407998891,-0.18275344379265376,-0.42974956042407375,-0.12427395320024001,-0.5377877706628423,-0.2459346884189824,5.312459150169743,-0.3853201470472626,-0.17133069613002574,Absent,0.0
0.24329163843398516,-0.7750970212517204,-0.3311156371356034,0.7820645106793498,0.782123847564108,1.1952170174259222,1.2555429376726768,0.8461821466666496,0.3064813998272585,-0.9317903807442108,-1.5169625889808274,0.3543929315189574,-0.8985367920613115,-1.307243224659636,0.5186081725551124,-0.15927198643057994,1.4588136194402137,-0.18823674154144757,-0.8216807382851261,-0.4845015831115092,-0.3554410355663144,-0.3688754728507201,3.995965707495983,-0.25025239784318276,-0.3168886398119078,-0.34517957090507656,-0.4014323141823005,-0.35203923635246104,3.269386622730461,-0.30956959368344517,-0.23711790231526927,-0.23261172892368465,-0.17133069613002574,-0.3688754728507201,-0.37549677868472187,-0.4724995385748947,4.786344211304794,-0.6316139407998891,-0.18275344379265376,-0.42974956042407375,-0.12427395320024001,-0.5377877706628423,-0.2459346884189824,-0.18823674154144757,2.5952445198183276,-0.17133069613002574,Absent,0.0
0.28255871478141564,-0.6925246601016639,0.06972860943131583,1.3966040398611974,1.0329340555121171,1.2813121875343876,1.8918437987304508,0.9430570643174621,1.1828452472235556,-0.9317903807442108,-0.8823478049374168,0.19278275681971443,-0.9670597648661728,-0.3207153391919624,0.8719469114775715,0.3085507499705476,-1.0624611330076603,-0.18823674154144757,1.217017697271366,-0.4845015831115092,-0.3554410355663144,-0.3688754728507201,-0.25025239784318276,-0.25025239784318276,-0.3168886398119078,-0.34517957090507656,-0.4014323141823005,2.840592458843996,-0.30586777135731963,-0.30956959368344517,-0.23711790231526927,-0.23261172892368465,-0.17133069613002574,-0.3688754728507201,-0.37549677868472187,-0.4724995385748947,-0.20892772350933622,1.5832456116050555,-0.18275344379265376,-0.42974956042407375,-0.12427395320024001,1.8594695799189802,-0.2459346884189824,-0.18823674154144757,-0.3853201470472626,-0.17133069613002574,Low,0.03
0.08622333304426316,-0.7338108406766921,-0.0638861394243239,1.225898615088462,0.9645312715262965,1.367407357642853,1.848704757302805,1.0883694407936806,0.9115897706485112,-0.8869690053192949,-0.8823478049374168,0.316367008060312,-0.9567813189454436,2.1456043744772213,1.2772472296533337,0.7553477454098267,-0.530192018601998,-0.18823674154144757,1.217017697271366,-0.4845015831115092,-0.3554410355663144,-0.3688754728507201,-0.25025239784318276,-0.25025239784318276,-0.3168886398119078,-0.34517957090507656,-0.4014323141823005,2.840592458843996,-0.30586777135731963,-0.30956959368344517,-0.23711790231526927,-0.23261172892368465,-0.17133069613002574,-0.3688754728507201,-0.37549677868472187,-0.4724995385748947,-0.20892772350933622,1.5832456116050555,-0.18275344379265376,-0.42974956042407375,-0.12427395320024001,1.8594695799189802,-0.2459346884189824,-0.18823674154144757,-0.3853201470472626,-0.17133069613002574,Low,0.03
-0.6205840412094857,0.46348839599912817,0.9382244769929741,-0.2763091229116102,-1.680376375925436,-0.9743812693074027,-0.8582700922819622,-0.5827228886828335,-1.5297095185268874,1.1748142642268349,-0.036194759546202826,1.2727189830452437,-0.29553463137853264,0.5013912320310989,-0.40630793815367794,-2.225051035932188,1.2347003081115138,-0.18823674154144757,1.217017697271366,-0.4845015831115092,-0.3554410355663144,-0.3688754728507201,-0.25025239784318276,-0.25025239784318276,-0.3168886398119078,-0.34517957090507656,-0.4014323141823005,-0.35203923635246104,-0.30586777135731963,3.230291412348993,-0.23711790231526927,-0.23261172892368465,-0.17133069613002574,-0.3688754728507201,-0.37549677868472187,-0.4724995385748947,-0.20892772350933622,-0.6316139407998891,-0.18275344379265376,-0.42974956042407375,-0.12427395320024001,-0.5377877706628423,-0.2459346884189824,-0.18823674154144757,-0.3853201470472626,-0.17133069613002574,Absent,0.0
0.24329163843398516,-0.36223521550143756,0.2701507327147754,1.908720314179404,0.5427141036137357,0.2051225611785716,0.46825543161814287,1.1852443584444932,1.2245768590043316,-0.4835766264950521,-1.5169625889808274,0.6776132809174432,-0.9670597648661728,-1.307243224659636,1.194108702848049,-0.506196712301079,-0.7262911660146104,-0.18823674154144757,-0.8216807382851261,2.0639767440550294,-0.3554410355663144,-0.3688754728507201,-0.25025239784318276,-0.25025239784318276,-0.3168886398119078,-0.34517957090507656,-0.4014323141823005,-0.35203923635246104,3.269386622730461,-0.30956959368344517,-0.23711790231526927,-0.23261172892368465,-0.17133069613002574,-0.3688754728507201,-0.37549677868472187,-0.4724995385748947,4.786344211304794,-0.6316139407998891,-0.18275344379265376,-0.42974956042407375,-0.12427395320024001,-0.5377877706628423,4.066120181860509,-0.18823674154144757,-0.3853201470472626,-0.17133069613002574,Absent,0.0
0.24329163843398516,-0.36223521550143756,0.2701507327147754,1.908720314179404,0.5427141036137357,0.2051225611785716,0.46825543161814287,1.1852443584444932,1.2245768590043316,-0.4835766264950521,-1.5169625889808274,0.6776132809174432,-0.9670597648661728,-1.307243224659636,1.194108702848049,-0.506196712301079,-0.7262911660146104,-0.18823674154144757,-0.8216807382851261,2.0639767440550294,-0.3554410355663144,-0.3688754728507201,-0.25025239784318276,-0.25025239784318276,-0.3168886398119078,-0.34517957090507656,-0.4014323141823005,-0.35203923635246104,3.269386622730461,-0.30956959368344517,-0.23711790231526927,-0.23261172892368465,-0.17133069613002574,-0.3688754728507201,-0.37549677868472187,-0.4724995385748947,4.786344211304794,-0.6316139407998891,-0.18275344379265376,-0.42974956042407375,-0.12427395320024001,-0.5377877706628423,4.066120181860509,-0.18823674154144757,-0.3853201470472626,-0.17133069613002574,Absent,0.0
-0.9739877283363602,-0.9815279241268619,-1.065996755841622,0.47479474608842587,-1.212957352022328,-0.621391071862695,-0.41609491764859385,0.022745346634744097,-0.7576747005825306,0.054279878603938264,-0.4592712822418098,0.7498625354888695,-0.8882583461405824,2.4744470029664463,-0.3855233064523568,-5.326347827804831,1.4588136194402137,-0.18823674154144757,1.217017697271366,-0.4845015831115092,-0.3554410355663144,-0.3688754728507201,-0.25025239784318276,-0.25025239784318276,3.155682704793582,-0.34517957090507656,-0.4014323141823005,-0.35203923635246104,-0.30586777135731963,-0.30956959368344517,-0.23711790231526927,-0.23261172892368465,-0.17133069613002574,-0.3688754728507201,-0.37549677868472187,2.116404183200049,-0.20892772350933622,-0.6316139407998891,-0.18275344379265376,-0.42974956042407375,-0.12427395320024001,-0.5377877706628423,-0.2459346884189824,5.312459150169743,-0.3853201470472626,-0.17133069613002574,Absent,0.0
1.107167318077456,0.8350640211743828,0.0029212350034959643,0.20166606645204913,1.1127373034955745,0.08458932302672023,-0.2111844708672768,1.403212923158821,1.9131484533871363,-0.3939338756452204,1.4445730698884216,-1.6704874926539102,0.626099352846851,-0.15629402494735012,-1.4039702598170922,0.9550922845473868,0.9545586689506388,-0.18823674154144757,-0.8216807382851261,-0.4845015831115092,-0.3554410355663144,2.7109419671410064,-0.25025239784318276,-0.25025239784318276,-0.3168886398119078,2.8970428272390354,-0.4014323141823005,-0.35203923635246104,-0.30586777135731963,-0.30956959368344517,-0.23711790231526927,-0.23261172892368465,-0.17133069613002574,-0.3688754728507201,-0.37549677868472187,-0.4724995385748947,-0.20892772350933622,-0.6316139407998891,-0.18275344379265376,-0.42974956042407375,8.04673846971554,-0.5377877706628423,-0.2459346884189824,-0.18823674154144757,-0.3853201470472626,-0.17133069613002574,Low,0.03
0.24329163843398516,-0.568666118376579,0.0029212350034959643,0.7820645106793498,1.2267419434719424,1.9614640313912632,1.2663276980295881,0.6039948525396186,0.41081042927919864,-0.7973262544694633,-0.8823478049374168,0.12433609459415271,-0.8985367920613115,-0.8139792819257992,0.28997722384057995,-0.19343881549358363,-1.0624611330076603,-0.18823674154144757,1.217017697271366,-0.4845015831115092,-0.3554410355663144,-0.3688754728507201,-0.25025239784318276,-0.25025239784318276,-0.3168886398119078,-0.34517957090507656,-0.4014323141823005,2.840592458843996,-0.30586777135731963,-0.30956959368344517,-0.23711790231526927,-0.23261172892368465,-0.17133069613002574,-0.3688754728507201,-0.37549677868472187,-0.4724995385748947,-0.20892772350933622,-0.6316139407998891,-0.18275344379265376,-0.42974956042407375,-0.12427395320024001,1.8594695799189802,-0.2459346884189824,-0.18823674154144757,-0.3853201470472626,-0.17133069613002574,Low,0.03
0.08622333304426316,-0.4448075766514941,0.0029212350034959643,0.7137823407702556,-0.8937443600884983,-0.4750292826783041,0.2094211830522687,-0.2920981357303962,-0.6533456711305905,-0.4835766264950521,0.17534350180160066,-0.5202033080298868,-0.8300138192564503,0.17254860354187443,-0.44787720155632016,0.05624185842836647,-0.586220346434173,-0.18823674154144757,1.217017697271366,-0.4845015831115092,-0.3554410355663144,-0.3688754728507201,-0.25025239784318276,-0.25025239784318276,-0.3168886398119078,-0.34517957090507656,-0.4014323141823005,-0.35203923635246104,-0.30586777135731963,3.230291412348993,-0.23711790231526927,-0.23261172892368465,-0.17133069613002574,-0.3688754728507201,-0.37549677868472187,2.116404183200049,-0.20892772350933622,-0.6316139407998891,-0.18275344379265376,2.3269366442474237,-0.12427395320024001,-0.5377877706628423,-0.2459346884189824,-0.18823674154144757,-0.3853201470472626,-0.17133069613002574,Low,0.03
1.4213039288569,0.3809160348490716,0.6709949792816946,-1.3005416715480231,-0.19831605623265486,-0.750533827025393,-0.750422488712848,-1.5756907946036607,-1.174990818390291,-0.9766117561691267,0.5984200244972077,-1.6058434227742129,1.455227323785672,0.8302338605203236,0.8199853322242687,0.5004106362474146,-0.586220346434173,-0.18823674154144757,-0.8216807382851261,-0.4845015831115092,-0.3554410355663144,2.7109419671410064,-0.25025239784318276,-0.25025239784318276,-0.3168886398119078,-0.34517957090507656,-0.4014323141823005,-0.35203923635246104,-0.30586777135731963,-0.30956959368344517,-0.23711790231526927,-0.23261172892368465,-0.17133069613002574,2.7109419671410064,-0.37549677868472187,-0.4724995385748947,-0.20892772350933622,-0.6316139407998891,-0.18275344379265376,-0.42974956042407375,-0.12427395320024001,-0.5377877706628423,-0.2459346884189824,-0.18823674154144757,-0.3853201470472626,-0.17133069613002574,Absent,0.0
-0.9739877283363602,1.8672185355500899,1.3390687235598933,-0.9932719069570992,-1.8741842638852613,-1.5253903580015804,-1.2033824237031276,-1.2124098534131142,-1.5923069361980515,2.6987410286739744,0.38688176314940415,1.3963032342858412,0.9276004331882405,0.8302338605203236,1.57862438932249,1.0470799012554737,-0.5582061825180855,-0.18823674154144757,-0.8216807382851261,-0.4845015831115092,2.813406162872353,-0.3688754728507201,-0.25025239784318276,-0.25025239784318276,-0.3168886398119078,2.8970428272390354,-0.4014323141823005,-0.35203923635246104,-0.30586777135731963,-0.30956959368344517,-0.23711790231526927,-0.23261172892368465,-0.17133069613002574,-0.3688754728507201,2.6631386919024123,-0.4724995385748947,-0.20892772350933622,-0.6316139407998891,-0.18275344379265376,-0.42974956042407375,-0.12427395320024001,-0.5377877706628423,-0.2459346884189824,-0.18823674154144757,-0.3853201470472626,-0.17133069613002574,Absent,0.0
0.20402456208655464,-0.40352139607646587,0.1365359838591357,0.7820645106793498,-0.9393462160790454,-0.4836387996891506,0.26334498483682584,-0.34053559455580246,-0.7785405064729186,-0.5732193773448838,0.17534350180160066,-0.543018862105074,-0.8265876706162073,1.9811830602326093,-0.06336151508187927,-1.9963961029720865,1.0105869967828138,-0.18823674154144757,1.217017697271366,-0.4845015831115092,-0.3554410355663144,-0.3688754728507201,-0.25025239784318276,-0.25025239784318276,-0.3168886398119078,-0.34517957090507656,-0.4014323141823005,-0.35203923635246104,-0.30586777135731963,3.230291412348993,-0.23711790231526927,-0.23261172892368465,-0.17133069613002574,-0.3688754728507201,-0.37549677868472187,2.116404183200049,-0.20892772350933622,-0.6316139407998891,-0.18275344379265376,2.3269366442474237,-0.12427395320024001,-0.5377877706628423,-0.2459346884189824,-0.18823674154144757,-0.3853201470472626,-0.17133069613002574,Low,0.03
0.32182579112884613,-0.6925246601016639,0.0029212350034959643,1.3966040398611974,1.0329340555121171,1.3071407385669271,1.9349828401580964,0.9430570643174621,1.2037110531139434,-0.9766117561691267,-0.8823478049374168,0.17376979509039173,-0.9636336162259298,-0.15629402494735012,-0.2400308845431089,-0.5193378004022343,0.8144878493702014,-0.18823674154144757,1.217017697271366,-0.4845015831115092,-0.3554410355663144,-0.3688754728507201,-0.25025239784318276,-0.25025239784318276,-0.3168886398119078,-0.34517957090507656,-0.4014323141823005,2.840592458843996,-0.30586777135731963,-0.30956959368344517,-0.23711790231526927,-0.23261172892368465,5.836665714829544,-0.3688754728507201,-0.37549677868472187,-0.4724995385748947,-0.20892772350933622,-0.6316139407998891,-0.18275344379265376,-0.42974956042407375,-0.12427395320024001,1.8594695799189802,-0.2459346884189824,-0.18823674154144757,-0.3853201470472626,-0.17133069613002574,Absent,0.0
0.7537636309505816,0.29834367369901504,0.06972860943131583,-1.0615540768661935,-0.2325174482255652,-0.6041720378410019,-0.4053101572916824,-1.2366285828258172,-0.2777611651036061,-0.4835766264950521,1.4445730698884216,-1.4917656523982767,0.8076852307797333,-0.8139792819257992,0.7784160688216265,0.960348719787849,-0.47416369076982307,-0.18823674154144757,-0.8216807382851261,-0.4845015831115092,-0.3554410355663144,2.7109419671410064,-0.25025239784318276,-0.25025239784318276,-0.3168886398119078,-0.34517957090507656,-0.4014323141823005,-0.35203923635246104,-0.30586777135731963,-0.30956959368344517,-0.23711790231526927,-0.23261172892368465,-0.17133069613002574,-0.3688754728507201,2.6631386919024123,-0.4724995385748947,-0.20892772350933622,-0.6316139407998891,-0.18275344379265376,2.3269366442474237,-0.12427395320024001,-0.5377877706628423,-0.2459346884189824,-0.18823674154144757,-0.3853201470472626,-0.17133069613002574,Absent,0.0
-3.015875698402746,-1.5182482716022296,-2.7361811165371184,-0.3787323777752515,-0.30092023221138586,0.015713186939948016,-0.2111844708672768,-0.19522321807958384,0.3690788174984226,1.2196356396517507,1.4445730698884216,0.1623620180527981,-0.6347233467625958,0.9946551747649358,-0.3231694113483934,-0.2065799035947389,1.7389552586010886,-0.18823674154144757,1.217017697271366,-0.4845015831115092,-0.3554410355663144,-0.3688754728507201,-0.25025239784318276,-0.25025239784318276,3.155682704793582,-0.34517957090507656,-0.4014323141823005,-0.35203923635246104,-0.30586777135731963,-0.30956959368344517,-0.23711790231526927,-0.23261172892368465,-0.17133069613002574,-0.3688754728507201,-0.37549677868472187,2.116404183200049,-0.20892772350933622,-0.6316139407998891,-0.18275344379265376,-0.42974956042407375,-0.12427395320024001,-0.5377877706628423,-0.2459346884189824,-0.18823674154144757,-0.3853201470472626,5.836665714829544,Low,0.02
0.20402456208655464,-0.4448075766514941,0.20334335828695557,1.942861399133951,0.5199131756184622,0.2309511122111112,0.5221792334027,1.16102562903179,1.1828452472235556,-0.528398001919968,-1.5169625889808274,0.6909223541279691,-0.9670597648661728,-0.8139792819257992,1.3603857564586181,-0.3064521731635189,0.3662612267128016,-0.18823674154144757,-0.8216807382851261,2.0639767440550294,-0.3554410355663144,-0.3688754728507201,-0.25025239784318276,-0.25025239784318276,-0.3168886398119078,-0.34517957090507656,-0.4014323141823005,-0.35203923635246104,3.269386622730461,-0.30956959368344517,-0.23711790231526927,-0.23261172892368465,5.836665714829544,-0.3688754728507201,-0.37549677868472187,-0.4724995385748947,-0.20892772350933622,-0.6316139407998891,-0.18275344379265376,-0.42974956042407375,-0.12427395320024001,-0.5377877706628423,4.066120181860509,-0.18823674154144757,-0.3853201470472626,-0.17133069613002574,Absent,0.0
1.0679002417300256,0.25705749312398674,0.3369581071425953,-1.2322595016389288,-0.20971652023029164,-0.7074862419711603,-0.674929166214468,-1.4545971475401451,-0.8620037300344707,-0.7525048790445473,1.0214965471928146,-1.613448607465942,1.174283135285741,0.5013912320310989,0.9446931224321955,0.9314383259653073,0.4783178823771515,-0.18823674154144757,-0.8216807382851261,-0.4845015831115092,-0.3554410355663144,2.7109419671410064,-0.25025239784318276,-0.25025239784318276,-0.3168886398119078,-0.34517957090507656,-0.4014323141823005,-0.35203923635246104,-0.30586777135731963,-0.30956959368344517,-0.23711790231526927,-0.23261172892368465,-0.17133069613002574,2.7109419671410064,-0.37549677868472187,-0.4724995385748947,-0.20892772350933622,-0.6316139407998891,-0.18275344379265376,2.3269366442474237,-0.12427395320024001,-0.5377877706628423,-0.2459346884189824,-0.18823674154144757,-0.3853201470472626,-0.17133069613002574,Absent,0.0
-0.9739877283363602,1.8672185355500899,1.3390687235598933,-0.9932719069570992,-1.8741842638852613,-1.5253903580015804,-1.2033824237031276,-1.2124098534131142,-1.5923069361980515,2.6987410286739744,0.38688176314940415,1.3963032342858412,0.9276004331882405,0.8302338605203236,1.57862438932249,1.0470799012554737,-0.5582061825180855,-0.18823674154144757,-0.8216807382851261,-0.4845015831115092,2.813406162872353,-0.3688754728507201,-0.25025239784318276,-0.25025239784318276,-0.3168886398119078,2.8970428272390354,-0.4014323141823005,-0.35203923635246104,-0.30586777135731963,-0.30956959368344517,-0.23711790231526927,-0.23261172892368465,-0.17133069613002574,-0.3688754728507201,2.6631386919024123,-0.4724995385748947,-0.20892772350933622,-0.6316139407998891,-0.18275344379265376,-0.42974956042407375,-0.12427395320024001,-0.5377877706628423,-0.2459346884189824,-0.18823674154144757,-0.3853201470472626,-0.17133069613002574,Absent,0.0
0.24329163843398516,-0.36223521550143756,0.2701507327147754,1.8745792292248569,0.5541145676113725,0.2051225611785716,0.44668591090432,1.1852443584444932,1.2454426648947194,-0.4835766264950521,-1.5169625889808274,0.6643042077069173,-0.9670597648661728,-1.307243224659636,-0.19846162114046662,-0.5640174999461622,-0.8663619855950478,-0.18823674154144757,-0.8216807382851261,2.0639767440550294,-0.3554410355663144,-0.3688754728507201,-0.25025239784318276,-0.25025239784318276,-0.3168886398119078,-0.34517957090507656,-0.4014323141823005,-0.35203923635246104,-0.30586777135731963,-0.30956959368344517,-0.23711790231526927,-0.23261172892368465,-0.17133069613002574,-0.3688754728507201,-0.37549677868472187,-0.4724995385748947,4.786344211304794,-0.6316139407998891,-0.18275344379265376,-0.42974956042407375,-0.12427395320024001,-0.5377877706628423,4.066120181860509,-0.18823674154144757,-0.3853201470472626,-0.17133069613002574,Absent,0.0
0.24329163843398516,-0.4860937572265224,0.20334335828695557,2.0111435690430453,0.4287094636373679,0.37731290139550216,0.6300268369718142,1.0883694407936806,0.9741871883196752,-0.6180407527697998,-1.7285008503286308,0.6509951344963915,-0.9670597648661728,-1.1428219104150237,1.0694009126401223,-0.4956838418201548,0.22619040713236413,-0.18823674154144757,-0.8216807382851261,-0.4845015831115092,-0.3554410355663144,-0.3688754728507201,3.995965707495983,-0.25025239784318276,-0.3168886398119078,-0.34517957090507656,-0.4014323141823005,-0.35203923635246104,-0.30586777135731963,-0.30956959368344517,-0.23711790231526927,4.299009360478467,-0.17133069613002574,-0.3688754728507201,-0.37549677868472187,-0.4724995385748947,-0.20892772350933622,1.5832456116050555,-0.18275344379265376,-0.42974956042407375,-0.12427395320024001,-0.5377877706628423,4.066120181860509,-0.18823674154144757,-0.3853201470472626,-0.17133069613002574,Absent,0.0
0.16475748573912416,-0.8163832018267487,-0.2643082627077835,0.9869110204066324,0.782123847564108,1.0230266772089918,1.1261258133897396,0.9672757937301651,0.22301817626570644,-0.8869690053192949,-1.5169625889808274,0.45135903633850316,-0.9259459811832561,-1.307243224659636,-0.5829773076149075,-0.22234920931612523,-0.6702628381824355,-0.18823674154144757,-0.8216807382851261,-0.4845015831115092,-0.3554410355663144,-0.3688754728507201,3.995965707495983,-0.25025239784318276,-0.3168886398119078,-0.34517957090507656,-0.4014323141823005,-0.35203923635246104,3.269386622730461,-0.30956959368344517,-0.23711790231526927,-0.23261172892368465,-0.17133069613002574,-0.3688754728507201,-0.37549677868472187,-0.4724995385748947,-0.20892772350933622,1.5832456116050555,-0.18275344379265376,-0.42974956042407375,-0.12427395320024001,-0.5377877706628423,-0.2459346884189824,-0.18823674154144757,2.5952445198183276,-0.17133069613002574,Absent,0.0
-0.6205840412094857,0.46348839599912817,0.9382244769929741,-0.2763091229116102,-1.680376375925436,-0.9743812693074027,-0.8582700922819622,-0.5827228886828335,-1.5297095185268874,1.1748142642268349,-0.036194759546202826,1.2727189830452437,-0.29553463137853264,0.5013912320310989,-0.40630793815367794,-2.225051035932188,1.2347003081115138,-0.18823674154144757,1.217017697271366,-0.4845015831115092,-0.3554410355663144,-0.3688754728507201,-0.25025239784318276,-0.25025239784318276,-0.3168886398119078,-0.34517957090507656,-0.4014323141823005,-0.35203923635246104,-0.30586777135731963,3.230291412348993,-0.23711790231526927,-0.23261172892368465,-0.17133069613002574,-0.3688754728507201,-0.37549677868472187,-0.4724995385748947,-0.20892772350933622,-0.6316139407998891,-0.18275344379265376,-0.42974956042407375,-0.12427395320024001,-0.5377877706628423,-0.2459346884189824,-0.18823674154144757,-0.3853201470472626,-0.17133069613002574,Absent,0.0
1.107167318077456,1.2479258269246656,0.470572855998235,-0.8567075671389108,0.9645312715262965,-0.06177246615767073,-0.28667779336565674,-0.6311603475082397,0.702931711744631,-0.08018424767080934,1.2330348085406182,-1.6362641615411293,1.1571523920845257,-0.48513665343657464,0.9758700699841772,0.9051561497629969,0.17016207930018915,-0.18823674154144757,-0.8216807382851261,-0.4845015831115092,2.813406162872353,-0.3688754728507201,-0.25025239784318276,-0.25025239784318276,-0.3168886398119078,-0.34517957090507656,-0.4014323141823005,-0.35203923635246104,-0.30586777135731963,-0.30956959368344517,-0.23711790231526927,-0.23261172892368465,-0.17133069613002574,2.7109419671410064,-0.37549677868472187,-0.4724995385748947,-0.20892772350933622,-0.6316139407998891,-0.18275344379265376,-0.42974956042407375,-0.12427395320024001,-0.5377877706628423,-0.2459346884189824,-0.18823674154144757,-0.3853201470472626,-0.17133069613002574,Absent,0.0
0.24329163843398516,-0.7750970212517204,-0.3311156371356034,0.8162055956338968,0.782123847564108,1.1779979834042291,1.2447581773157654,0.8461821466666496,0.2856155939368705,-0.9317903807442108,-1.5169625889808274,0.36960330090241555,-0.9019629407015547,-1.1428219104150237,0.8511622797762505,-0.161900204050811,0.4783178823771515,-0.18823674154144757,-0.8216807382851261,-0.4845015831115092,-0.3554410355663144,-0.3688754728507201,3.995965707495983,-0.25025239784318276,-0.3168886398119078,-0.34517957090507656,-0.4014323141823005,-0.35203923635246104,3.269386622730461,-0.30956959368344517,-0.23711790231526927,-0.23261172892368465,-0.17133069613002574,-0.3688754728507201,-0.37549677868472187,-0.4724995385748947,4.786344211304794,-0.6316139407998891,-0.18275344379265376,-0.42974956042407375,-0.12427395320024001,-0.5377877706628423,-0.2459346884189824,-0.18823674154144757,2.5952445198183276,-0.17133069613002574,Absent,0.0
-0.38498158312490277,0.876350201749411,1.472683472415533,-1.2322595016389288,-2.250399575807275,-1.8697710384354416,-1.2680909858445963,-1.6967844416671762,-2.906852707292497,1.533385267626162,-0.036194759546202826,1.2651137983535146,1.838955971492895,-1.1428219104150237,-0.09453846263386097,-0.5351071061236206,-0.22203621552503566,-0.18823674154144757,-0.8216807382851261,-0.4845015831115092,-0.3554410355663144,-0.3688754728507201,-0.25025239784318276,-0.25025239784318276,-0.3168886398119078,-0.34517957090507656,-0.4014323141823005,-0.35203923635246104,-0.30586777135731963,-0.30956959368344517,-0.23711790231526927,-0.23261172892368465,-0.17133069613002574,-0.3688754728507201,-0.37549677868472187,-0.4724995385748947,-0.20892772350933622,-0.6316139407998891,-0.18275344379265376,-0.42974956042407375,-0.12427395320024001,-0.5377877706628423,-0.2459346884189824,-0.18823674154144757,-0.3853201470472626,-0.17133069613002574,Absent,0.0
0.9500990126877341,1.9085047161251183,1.0050318514207939,-1.0615540768661935,1.0101331275168435,-0.6127815548518485,-0.8474853319250508,-0.7038165357463491,-0.5907482534594264,0.816243260827508,0.8099582858450112,-0.993626055090022,1.6059778639563669,-0.6495579676811869,-1.4663241549210555,0.621308646778043,0.3102328988806266,-0.18823674154144757,-0.8216807382851261,2.0639767440550294,-0.3554410355663144,-0.3688754728507201,-0.25025239784318276,-0.25025239784318276,-0.3168886398119078,2.8970428272390354,-0.4014323141823005,-0.35203923635246104,-0.30586777135731963,-0.30956959368344517,-0.23711790231526927,-0.23261172892368465,-0.17133069613002574,2.7109419671410064,-0.37549677868472187,-0.4724995385748947,-0.20892772350933622,-0.6316139407998891,-0.18275344379265376,-0.42974956042407375,-0.12427395320024001,-0.5377877706628423,-0.2459346884189824,-0.18823674154144757,-0.3853201470472626,-0.17133069613002574,Absent,0.0
-0.6991181939043467,1.4130705492247788,1.6731055956989926,-0.924989737048005,-2.09079307984036,-1.3790285688171895,-1.0739652994201907,-0.3889730533812087,-0.8411379241440827,2.2057058989999,0.17534350180160066,1.7613520994888372,0.5849855691639343,0.8302338605203236,-0.33356172719905397,-2.4747317098541384,-1.0624611330076603,-0.18823674154144757,-0.8216807382851261,2.0639767440550294,-0.3554410355663144,-0.3688754728507201,-0.25025239784318276,-0.25025239784318276,-0.3168886398119078,-0.34517957090507656,-0.4014323141823005,-0.35203923635246104,-0.30586777135731963,-0.30956959368344517,-0.23711790231526927,-0.23261172892368465,-0.17133069613002574,-0.3688754728507201,-0.37549677868472187,-0.4724995385748947,-0.20892772350933622,-0.6316139407998891,-0.18275344379265376,-0.42974956042407375,-0.12427395320024001,-0.5377877706628423,-0.2459346884189824,-0.18823674154144757,-0.3853201470472626,-0.17133069613002574,Absent,0.0
-0.5420498885146248,1.6195014520999202,2.073949842265912,-0.924989737048005,-2.0565916878474497,-1.3704190518063428,-1.0739652994201907,-0.5100667004447241,-1.0497959830479628,2.2953486498497315,0.17534350180160066,1.9001467201128928,0.7117530688529277,-0.9784005961704115,0.4354696457498278,-0.703313033818408,1.710941094685001,-0.18823674154144757,-0.8216807382851261,2.0639767440550294,-0.3554410355663144,-0.3688754728507201,-0.25025239784318276,-0.25025239784318276,-0.3168886398119078,-0.34517957090507656,-0.4014323141823005,-0.35203923635246104,-0.30586777135731963,3.230291412348993,-0.23711790231526927,-0.23261172892368465,-0.17133069613002574,-0.3688754728507201,-0.37549677868472187,-0.4724995385748947,-0.20892772350933622,-0.6316139407998891,-0.18275344379265376,-0.42974956042407375,-0.12427395320024001,-0.5377877706628423,-0.2459346884189824,-0.18823674154144757,-0.3853201470472626,-0.17133069613002574,Absent,0.0
0.24329163843398516,-0.7750970212517204,-0.2643082627077835,0.850346680588444,0.782123847564108,1.1435599153608431,1.2231886566019425,0.8946196054920558,0.2856155939368705,-0.9317903807442108,-1.5169625889808274,0.39432015115053504,-0.9053890893417977,-1.1428219104150237,0.4978235408537912,-0.14087446308896256,0.9825728328667263,-0.18823674154144757,-0.8216807382851261,-0.4845015831115092,-0.3554410355663144,-0.3688754728507201,-0.25025239784318276,3.995965707495983,-0.3168886398119078,-0.34517957090507656,-0.4014323141823005,-0.35203923635246104,3.269386622730461,-0.30956959368344517,-0.23711790231526927,-0.23261172892368465,-0.17133069613002574,-0.3688754728507201,-0.37549677868472187,-0.4724995385748947,-0.20892772350933622,1.5832456116050555,-0.18275344379265376,-0.42974956042407375,-0.12427395320024001,-0.5377877706628423,-0.2459346884189824,-0.18823674154144757,2.5952445198183276,-0.17133069613002574,Absent,0.0
0.3610928674762766,-0.7750970212517204,-0.3311156371356034,0.6455001708611614,0.8961284875404758,1.289921704545234,1.3957448223125253,0.45868247606339996,0.41081042927919864,-1.0214331315940426,-1.5169625889808274,0.2384138649700889,-0.8814060488600962,-0.8139792819257992,1.02783164923748,-0.0015789292167167092,-0.1660078876928607,5.312459150169743,-0.8216807382851261,-0.4845015831115092,-0.3554410355663144,-0.3688754728507201,-0.25025239784318276,-0.25025239784318276,-0.3168886398119078,-0.34517957090507656,-0.4014323141823005,-0.35203923635246104,3.269386622730461,-0.30956959368344517,-0.23711790231526927,-0.23261172892368465,-0.17133069613002574,-0.3688754728507201,-0.37549677868472187,-0.4724995385748947,-0.20892772350933622,1.5832456116050555,-0.18275344379265376,-0.42974956042407375,-0.12427395320024001,-0.5377877706628423,-0.2459346884189824,-0.18823674154144757,2.5952445198183276,-0.17133069613002574,Absent,0.0
-2.780273240318163,-1.9311100773525125,-3.0702179886762178,-0.6860021423661754,-0.6429341521404892,-0.5869530038193089,-0.9445481751372535,-0.09834830042877142,-0.5490166416786504,0.5473150082780128,0.5984200244972077,0.7023301311655628,-0.3537791582626647,1.3234978032541602,1.007047017536159,0.9734898078890042,1.710941094685001,-0.18823674154144757,1.217017697271366,-0.4845015831115092,-0.3554410355663144,-0.3688754728507201,-0.25025239784318276,-0.25025239784318276,3.155682704793582,-0.34517957090507656,-0.4014323141823005,-0.35203923635246104,-0.30586777135731963,-0.30956959368344517,-0.23711790231526927,-0.23261172892368465,-0.17133069613002574,-0.3688754728507201,-0.37549677868472187,2.116404183200049,-0.20892772350933622,-0.6316139407998891,-0.18275344379265376,-0.42974956042407375,-0.12427395320024001,1.8594695799189802,-0.2459346884189824,-0.18823674154144757,-0.3853201470472626,-0.17133069613002574,Low,0.02
-0.8561864992940688,2.032363257850203,1.6731055956989926,-1.0274129919116464,-1.9083856558781715,-1.55121890903412,-1.2033824237031276,-1.2608473122385204,-1.7175017715403795,2.74356240409889,0.38688176314940415,1.4799602658948612,1.0852032706394215,-0.9784005961704115,-0.7804313087774583,-0.4194655308334542,-0.3901211990215606,-0.18823674154144757,-0.8216807382851261,-0.4845015831115092,2.813406162872353,-0.3688754728507201,-0.25025239784318276,-0.25025239784318276,-0.3168886398119078,-0.34517957090507656,-0.4014323141823005,-0.35203923635246104,-0.30586777135731963,-0.30956959368344517,4.217311262607289,-0.23261172892368465,5.836665714829544,-0.3688754728507201,-0.37549677868472187,-0.4724995385748947,-0.20892772350933622,-0.6316139407998891,-0.18275344379265376,-0.42974956042407375,-0.12427395320024001,-0.5377877706628423,-0.2459346884189824,-0.18823674154144757,-0.3853201470472626,-0.17133069613002574,Absent,0.0
-2.780273240318163,-1.9311100773525125,-3.0702179886762178,-0.6860021423661754,-0.6429341521404892,-0.5869530038193089,-0.9445481751372535,-0.09834830042877142,-0.5490166416786504,0.5473150082780128,0.5984200244972077,0.7023301311655628,-0.3537791582626647,1.3234978032541602,1.007047017536159,0.9734898078890042,1.710941094685001,-0.18823674154144757,1.217017697271366,-0.4845015831115092,-0.3554410355663144,-0.3688754728507201,-0.25025239784318276,-0.25025239784318276,3.155682704793582,-0.34517957090507656,-0.4014323141823005,-0.35203923635246104,-0.30586777135731963,-0.30956959368344517,-0.23711790231526927,-0.23261172892368465,-0.17133069613002574,-0.3688754728507201,-0.37549677868472187,2.116404183200049,-0.20892772350933622,-0.6316139407998891,-0.18275344379265376,-0.42974956042407375,-0.12427395320024001,1.8594695799189802,-0.2459346884189824,-0.18823674154144757,-0.3853201470472626,-0.17133069613002574,Low,0.02
-1.0525218810312211,1.743359993825005,1.2722613491320733,-0.9932719069570992,-1.8855847278828979,-1.5253903580015804,-1.2033824237031276,-1.2124098534131142,-1.5923069361980515,2.6539196532490585,0.38688176314940415,1.4058097151505027,0.8864866495053237,1.9811830602326093,-1.3416163647131287,0.15348591037691545,-0.530192018601998,-0.18823674154144757,-0.8216807382851261,2.0639767440550294,-0.3554410355663144,-0.3688754728507201,-0.25025239784318276,-0.25025239784318276,-0.3168886398119078,2.8970428272390354,-0.4014323141823005,-0.35203923635246104,-0.30586777135731963,-0.30956959368344517,-0.23711790231526927,-0.23261172892368465,-0.17133069613002574,-0.3688754728507201,-0.37549677868472187,-0.4724995385748947,-0.20892772350933622,-0.6316139407998891,-0.18275344379265376,-0.42974956042407375,-0.12427395320024001,-0.5377877706628423,-0.2459346884189824,-0.18823674154144757,-0.3853201470472626,-0.17133069613002574,Absent,0.0
-2.54467078223358,-1.6421068133273145,-2.535758993253659,-0.7201432273207224,-0.6201332241452157,-0.6041720378410019,-0.9229786544234307,-0.14678575925417764,-0.5907482534594264,0.5921363837029286,0.5984200244972077,0.717540500549021,-0.29553463137853264,0.9946551747649358,0.21723101288595598,-0.8688907438929644,1.7389552586010886,-0.18823674154144757,1.217017697271366,-0.4845015831115092,-0.3554410355663144,-0.3688754728507201,-0.25025239784318276,-0.25025239784318276,3.155682704793582,-0.34517957090507656,-0.4014323141823005,-0.35203923635246104,-0.30586777135731963,-0.30956959368344517,-0.23711790231526927,-0.23261172892368465,-0.17133069613002574,-0.3688754728507201,-0.37549677868472187,2.116404183200049,-0.20892772350933622,-0.6316139407998891,-0.18275344379265376,-0.42974956042407375,-0.12427395320024001,1.8594695799189802,-0.2459346884189824,-0.18823674154144757,-0.3853201470472626,-0.17133069613002574,Low,0.06
-1.9556646370221227,-1.1879588270020034,-1.8008778745476404,-0.6860021423661754,-0.449126264180664,-0.5352959017542297,-0.7935615301404937,-0.12256702984147452,-0.4238218063363222,0.5024936328530969,0.38688176314940415,0.7441586469700727,-0.3058130772992618,-1.307243224659636,1.007047017536159,0.8315660563965273,-0.698277002098523,-0.18823674154144757,1.217017697271366,-0.4845015831115092,-0.3554410355663144,-0.3688754728507201,-0.25025239784318276,-0.25025239784318276,3.155682704793582,-0.34517957090507656,-0.4014323141823005,-0.35203923635246104,-0.30586777135731963,-0.30956959368344517,-0.23711790231526927,-0.23261172892368465,-0.17133069613002574,-0.3688754728507201,-0.37549677868472187,-0.4724995385748947,-0.20892772350933622,1.5832456116050555,-0.18275344379265376,-0.42974956042407375,-0.12427395320024001,1.8594695799189802,-0.2459346884189824,-0.18823674154144757,-0.3853201470472626,-0.17133069613002574,Low,0.02
-0.6205840412094857,1.5369290909498636,1.8735277189824522,-0.924989737048005,-2.0679921518450866,-1.3618095347954964,-1.0631805390632791,-0.4131917827939118,-0.8828695359248587,2.2505272744248157,0.17534350180160066,1.8602195004813151,0.619247055566365,0.6658125462757112,0.8095930163736081,-1.0292120187270586,1.710941094685001,-0.18823674154144757,-0.8216807382851261,2.0639767440550294,-0.3554410355663144,-0.3688754728507201,-0.25025239784318276,-0.25025239784318276,-0.3168886398119078,-0.34517957090507656,-0.4014323141823005,-0.35203923635246104,-0.30586777135731963,-0.30956959368344517,-0.23711790231526927,-0.23261172892368465,-0.17133069613002574,-0.3688754728507201,-0.37549677868472187,-0.4724995385748947,-0.20892772350933622,-0.6316139407998891,-0.18275344379265376,-0.42974956042407375,-0.12427395320024001,-0.5377877706628423,-0.2459346884189824,-0.18823674154144757,-0.3853201470472626,-0.17133069613002574,Absent,0.0
-0.1101120486928893,-1.1879588270020034,-0.6651525092747027,0.850346680588444,0.5655150316090093,0.9111029560679869,1.6545790708783994,-0.0014733827779590076,0.3064813998272585,-1.0214331315940426,-0.8823478049374168,0.03877776681220056,-0.9430767243844714,-0.6495579676811869,-1.36240099641445,0.6712447815624331,1.6268986029367385,-0.18823674154144757,1.217017697271366,-0.4845015831115092,-0.3554410355663144,-0.3688754728507201,-0.25025239784318276,-0.25025239784318276,-0.3168886398119078,-0.34517957090507656,2.49107997704907,-0.35203923635246104,-0.30586777135731963,-0.30956959368344517,-0.23711790231526927,-0.23261172892368465,-0.17133069613002574,-0.3688754728507201,-0.37549677868472187,2.116404183200049,-0.20892772350933622,-0.6316139407998891,-0.18275344379265376,-0.42974956042407375,-0.12427395320024001,1.8594695799189802,-0.2459346884189824,-0.18823674154144757,-0.3853201470472626,-0.17133069613002574,Absent,0.0
-0.1493791250403198,-0.7338108406766921,-0.0638861394243239,0.9186288504975382,0.8391261675522919,1.1779979834042291,1.363390541241791,0.9672757937301651,0.744663323525407,-0.6628621281947156,-0.8823478049374168,0.48177977510541947,-0.9362244271039852,0.8302338605203236,-0.33356172719905397,-0.6428640285530938,-1.0064328051754854,-0.18823674154144757,1.217017697271366,-0.4845015831115092,-0.3554410355663144,-0.3688754728507201,-0.25025239784318276,-0.25025239784318276,-0.3168886398119078,-0.34517957090507656,2.49107997704907,-0.35203923635246104,-0.30586777135731963,-0.30956959368344517,-0.23711790231526927,-0.23261172892368465,-0.17133069613002574,-0.3688754728507201,-0.37549677868472187,-0.4724995385748947,-0.20892772350933622,1.5832456116050555,-0.18275344379265376,-0.42974956042407375,-0.12427395320024001,1.8594695799189802,-0.2459346884189824,-0.18823674154144757,-0.3853201470472626,-0.17133069613002574,Low,0.03
-0.1493791250403198,-0.7338108406766921,-0.0638861394243239,0.9186288504975382,0.8391261675522919,1.1779979834042291,1.363390541241791,0.9672757937301651,0.744663323525407,-0.6628621281947156,-0.8823478049374168,0.48177977510541947,-0.9362244271039852,0.8302338605203236,-0.33356172719905397,-0.6428640285530938,-1.0064328051754854,-0.18823674154144757,1.217017697271366,-0.4845015831115092,-0.3554410355663144,-0.3688754728507201,-0.25025239784318276,-0.25025239784318276,-0.3168886398119078,-0.34517957090507656,2.49107997704907,-0.35203923635246104,-0.30586777135731963,-0.30956959368344517,-0.23711790231526927,-0.23261172892368465,-0.17133069613002574,-0.3688754728507201,-0.37549677868472187,-0.4724995385748947,-0.20892772350933622,1.5832456116050555,-0.18275344379265376,-0.42974956042407375,-0.12427395320024001,1.8594695799189802,-0.2459346884189824,-0.18823674154144757,-0.3853201470472626,-0.17133069613002574,Low,0.03
-0.5027828121671942,-0.6925246601016639,-1.533648376836361,-1.1298362467752876,-0.1299132722468342,-0.38032459555899223,-0.3621711158640367,-1.1397536651750049,-0.04823730030933784,-0.30429112479538867,2.079187853931832,-1.36057621646595,0.21838766465792667,1.4879191174987725,-1.1337700476999175,0.718552698726592,1.7389552586010886,-0.18823674154144757,-0.8216807382851261,2.0639767440550294,-0.3554410355663144,-0.3688754728507201,-0.25025239784318276,-0.25025239784318276,-0.3168886398119078,-0.34517957090507656,-0.4014323141823005,-0.35203923635246104,-0.30586777135731963,-0.30956959368344517,-0.23711790231526927,-0.23261172892368465,-0.17133069613002574,-0.3688754728507201,-0.37549677868472187,2.116404183200049,-0.20892772350933622,-0.6316139407998891,-0.18275344379265376,-0.42974956042407375,-0.12427395320024001,-0.5377877706628423,-0.2459346884189824,-0.18823674154144757,-0.3853201470472626,-0.17133069613002574,Absent,0.0
0.7930307072980121,1.3304981880747222,0.3369581071425953,-0.5152967175934399,-0.004508168272829639,-0.5180768677325367,-0.8259158112112279,-0.049910841603365216,0.4316762351695867,0.5921363837029286,0.5984200244972077,-0.6095642281577035,1.006401851913831,-0.6495579676811869,-1.746916682888891,0.5424621181711115,1.486827783356301,-0.18823674154144757,-0.8216807382851261,-0.4845015831115092,2.813406162872353,-0.3688754728507201,-0.25025239784318276,-0.25025239784318276,-0.3168886398119078,-0.34517957090507656,-0.4014323141823005,-0.35203923635246104,-0.30586777135731963,3.230291412348993,-0.23711790231526927,-0.23261172892368465,-0.17133069613002574,2.7109419671410064,-0.37549677868472187,-0.4724995385748947,-0.20892772350933622,-0.6316139407998891,-0.18275344379265376,-0.42974956042407375,-0.12427395320024001,-0.5377877706628423,-0.2459346884189824,-0.18823674154144757,-0.3853201470472626,-0.17133069613002574,Absent,0.0
0.9500990126877341,1.289212007499694,0.470572855998235,-0.6518610574116283,0.05249415171535425,-0.5352959017542297,-0.8690548526388736,-0.26787940631769314,0.2856155939368705,0.4576722574281811,0.38688176314940415,-0.6019590434659744,1.1297432029625811,-0.15629402494735012,0.6537082786136997,0.09303690511160122,1.2627144720276011,-0.18823674154144757,-0.8216807382851261,-0.4845015831115092,2.813406162872353,-0.3688754728507201,-0.25025239784318276,-0.25025239784318276,-0.3168886398119078,-0.34517957090507656,-0.4014323141823005,-0.35203923635246104,-0.30586777135731963,-0.30956959368344517,4.217311262607289,-0.23261172892368465,-0.17133069613002574,2.7109419671410064,-0.37549677868472187,-0.4724995385748947,-0.20892772350933622,-0.6316139407998891,-0.18275344379265376,-0.42974956042407375,-0.12427395320024001,-0.5377877706628423,-0.2459346884189824,-0.18823674154144757,-0.3853201470472626,-0.17133069613002574,Absent,0.0
-0.5027828121671942,-0.6925246601016639,-1.533648376836361,-1.1298362467752876,-0.1299132722468342,-0.38032459555899223,-0.3621711158640367,-1.1397536651750049,-0.04823730030933784,-0.30429112479538867,2.079187853931832,-1.36057621646595,0.21838766465792667,1.4879191174987725,-1.1337700476999175,0.718552698726592,1.7389552586010886,-0.18823674154144757,-0.8216807382851261,2.0639767440550294,-0.3554410355663144,-0.3688754728507201,-0.25025239784318276,-0.25025239784318276,-0.3168886398119078,-0.34517957090507656,-0.4014323141823005,-0.35203923635246104,-0.30586777135731963,-0.30956959368344517,-0.23711790231526927,-0.23261172892368465,-0.17133069613002574,-0.3688754728507201,-0.37549677868472187,2.116404183200049,-0.20892772350933622,-0.6316139407998891,-0.18275344379265376,-0.42974956042407375,-0.12427395320024001,-0.5377877706628423,-0.2459346884189824,-0.18823674154144757,-0.3853201470472626,-0.17133069613002574,Absent,0.0
0.04695625669683267,-0.7338108406766921,0.0029212350034959643,1.191757530133915,0.9417303435310229,1.289921704545234,1.7516419140906023,1.0399319819682744,0.8698581588677351,-0.7973262544694633,-0.8823478049374168,0.32207089657910876,-0.9567813189454436,0.8302338605203236,0.6641005944643603,0.05887007604859752,-0.8383478216789604,-0.18823674154144757,1.217017697271366,-0.4845015831115092,-0.3554410355663144,-0.3688754728507201,-0.25025239784318276,-0.25025239784318276,-0.3168886398119078,-0.34517957090507656,-0.4014323141823005,2.840592458843996,-0.30586777135731963,-0.30956959368344517,-0.23711790231526927,-0.23261172892368465,-0.17133069613002574,-0.3688754728507201,-0.37549677868472187,-0.4724995385748947,-0.20892772350933622,1.5832456116050555,-0.18275344379265376,-0.42974956042407375,-0.12427395320024001,1.8594695799189802,-0.2459346884189824,-0.18823674154144757,-0.3853201470472626,-0.17133069613002574,Low,0.03
1.107167318077456,0.29834367369901504,0.40376548157041514,-1.266400586593476,-0.18691559223501808,-0.7247052759928534,-0.7072834472852023,-1.4788158769528483,-0.9454669535960228,-0.7973262544694633,1.0214965471928146,-1.5659162031426352,1.2428061080906023,1.6523404317433847,-0.7284697295241555,-0.9635065782212824,0.058105423635839204,-0.18823674154144757,-0.8216807382851261,-0.4845015831115092,-0.3554410355663144,-0.3688754728507201,-0.25025239784318276,-0.25025239784318276,-0.3168886398119078,-0.34517957090507656,-0.4014323141823005,-0.35203923635246104,-0.30586777135731963,-0.30956959368344517,-0.23711790231526927,-0.23261172892368465,-0.17133069613002574,2.7109419671410064,-0.37549677868472187,-0.4724995385748947,-0.20892772350933622,-0.6316139407998891,-0.18275344379265376,2.3269366442474237,-0.12427395320024001,-0.5377877706628423,-0.2459346884189824,-0.18823674154144757,-0.3853201470472626,-0.17133069613002574,Absent,0.0
-0.5027828121671942,-0.6925246601016639,-1.533648376836361,-1.1298362467752876,-0.1299132722468342,-0.38032459555899223,-0.3621711158640367,-1.1397536651750049,-0.04823730030933784,-0.30429112479538867,2.079187853931832,-1.36057621646595,0.21838766465792667,1.4879191174987725,-1.1337700476999175,0.718552698726592,1.7389552586010886,-0.18823674154144757,-0.8216807382851261,2.0639767440550294,-0.3554410355663144,-0.3688754728507201,-0.25025239784318276,-0.25025239784318276,-0.3168886398119078,-0.34517957090507656,-0.4014323141823005,-0.35203923635246104,-0.30586777135731963,-0.30956959368344517,-0.23711790231526927,-0.23261172892368465,-0.17133069613002574,-0.3688754728507201,-0.37549677868472187,2.116404183200049,-0.20892772350933622,-0.6316139407998891,-0.18275344379265376,-0.42974956042407375,-0.12427395320024001,-0.5377877706628423,-0.2459346884189824,-0.18823674154144757,-0.3853201470472626,-0.17133069613002574,Absent,0.0
0.7930307072980121,1.3304981880747222,0.3369581071425953,-0.5152967175934399,-0.004508168272829639,-0.5180768677325367,-0.8259158112112279,-0.049910841603365216,0.4316762351695867,0.5921363837029286,0.5984200244972077,-0.6095642281577035,1.006401851913831,-0.6495579676811869,-1.746916682888891,0.5424621181711115,1.486827783356301,-0.18823674154144757,-0.8216807382851261,-0.4845015831115092,2.813406162872353,-0.3688754728507201,-0.25025239784318276,-0.25025239784318276,-0.3168886398119078,-0.34517957090507656,-0.4014323141823005,-0.35203923635246104,-0.30586777135731963,3.230291412348993,-0.23711790231526927,-0.23261172892368465,-0.17133069613002574,2.7109419671410064,-0.37549677868472187,-0.4724995385748947,-0.20892772350933622,-0.6316139407998891,-0.18275344379265376,-0.42974956042407375,-0.12427395320024001,-0.5377877706628423,-0.2459346884189824,-0.18823674154144757,-0.3853201470472626,-0.17133069613002574,Absent,0.0
0.08622333304426316,-0.7338108406766921,-0.0638861394243239,1.225898615088462,0.9645312715262965,1.367407357642853,1.848704757302805,1.0883694407936806,0.9115897706485112,-0.8869690053192949,-0.8823478049374168,0.316367008060312,-0.9567813189454436,2.1456043744772213,1.2772472296533337,0.7553477454098267,-0.530192018601998,-0.18823674154144757,1.217017697271366,-0.4845015831115092,-0.3554410355663144,-0.3688754728507201,-0.25025239784318276,-0.25025239784318276,-0.3168886398119078,-0.34517957090507656,-0.4014323141823005,2.840592458843996,-0.30586777135731963,-0.30956959368344517,-0.23711790231526927,-0.23261172892368465,-0.17133069613002574,-0.3688754728507201,-0.37549677868472187,-0.4724995385748947,-0.20892772350933622,1.5832456116050555,-0.18275344379265376,-0.42974956042407375,-0.12427395320024001,1.8594695799189802,-0.2459346884189824,-0.18823674154144757,-0.3853201470472626,-0.17133069613002574,Low,0.03
-1.2881243391158042,-1.1053864658519468,-1.1328041302694418,0.4065125761793317,1.2723437994624895,1.1866075004150758,0.5976725559010799,0.7735259584285403,1.7879536180448081,0.009458503179022398,-0.036194759546202826,0.7707767933911245,-0.9190936839027699,1.6523404317433847,-0.905139098985385,-0.6875437280970217,-0.02593706811242326,-0.18823674154144757,1.217017697271366,-0.4845015831115092,-0.3554410355663144,-0.3688754728507201,-0.25025239784318276,-0.25025239784318276,-0.3168886398119078,-0.34517957090507656,2.49107997704907,-0.35203923635246104,-0.30586777135731963,-0.30956959368344517,-0.23711790231526927,-0.23261172892368465,-0.17133069613002574,-0.3688754728507201,-0.37549677868472187,2.116404183200049,-0.20892772350933622,-0.6316139407998891,-0.18275344379265376,-0.42974956042407375,-0.12427395320024001,1.8594695799189802,-0.2459346884189824,-0.18823674154144757,-0.3853201470472626,-0.17133069613002574,Absent,0.0
-0.5813169648620553,-0.7750970212517204,-1.6672631256920007,-1.0956951618207404,-0.15271420024210774,-0.3717150785481457,-0.3513863555071253,-1.1155349357623017,-0.027371494418949812,-0.30429112479538867,1.8676495925840286,-1.3833917705411374,0.16356928641403767,0.9946551747649358,0.7160621737176631,0.8998997145225347,1.7389552586010886,-0.18823674154144757,-0.8216807382851261,2.0639767440550294,-0.3554410355663144,-0.3688754728507201,-0.25025239784318276,-0.25025239784318276,-0.3168886398119078,-0.34517957090507656,-0.4014323141823005,-0.35203923635246104,-0.30586777135731963,-0.30956959368344517,-0.23711790231526927,-0.23261172892368465,-0.17133069613002574,-0.3688754728507201,-0.37549677868472187,2.116404183200049,-0.20892772350933622,-0.6316139407998891,-0.18275344379265376,-0.42974956042407375,-0.12427395320024001,-0.5377877706628423,-0.2459346884189824,-0.18823674154144757,-0.3853201470472626,-0.17133069613002574,Absent,0.0
-0.8169194229466382,-0.8989555629768053,-1.9344926234032802,-1.0274129919116464,-0.18691559223501808,-0.3458865275156061,-0.31903207443639103,-0.9944412886987862,0.11868914681376634,-0.16982699852064106,2.079187853931832,-1.3054386274509142,0.05050638128601663,0.008127289297262145,0.061346275126047504,0.5372056829306493,0.8425020132862888,-0.18823674154144757,-0.8216807382851261,2.0639767440550294,-0.3554410355663144,-0.3688754728507201,-0.25025239784318276,-0.25025239784318276,-0.3168886398119078,-0.34517957090507656,-0.4014323141823005,-0.35203923635246104,-0.30586777135731963,-0.30956959368344517,-0.23711790231526927,-0.23261172892368465,-0.17133069613002574,-0.3688754728507201,-0.37549677868472187,2.116404183200049,-0.20892772350933622,-0.6316139407998891,-0.18275344379265376,2.3269366442474237,-0.12427395320024001,-0.5377877706628423,-0.2459346884189824,-0.18823674154144757,-0.3853201470472626,-0.17133069613002574,Absent,0.0
0.7930307072980121,1.3717843686497506,0.40376548157041514,-0.5152967175934399,-0.004508168272829639,-0.5180768677325367,-0.8259158112112279,-0.049910841603365216,0.4525420410599747,0.5921363837029286,0.5984200244972077,-0.5677357123531935,1.0166802978345602,0.17254860354187443,-0.2400308845431089,-0.703313033818408,0.8425020132862888,-0.18823674154144757,-0.8216807382851261,-0.4845015831115092,2.813406162872353,-0.3688754728507201,-0.25025239784318276,-0.25025239784318276,-0.3168886398119078,-0.34517957090507656,-0.4014323141823005,-0.35203923635246104,-0.30586777135731963,3.230291412348993,-0.23711790231526927,-0.23261172892368465,-0.17133069613002574,2.7109419671410064,-0.37549677868472187,-0.4724995385748947,-0.20892772350933622,-0.6316139407998891,-0.18275344379265376,-0.42974956042407375,-0.12427395320024001,-0.5377877706628423,-0.2459346884189824,-0.18823674154144757,-0.3853201470472626,-0.17133069613002574,Absent,0.0
0.24329163843398516,-0.6099522989516073,0.06972860943131583,1.4307451248157446,1.0329340555121171,1.5912547999248625,2.1075390058686794,1.1852443584444932,1.0993820236620033,-0.9766117561691267,-1.0938860662852203,0.23461127262422438,-0.9670597648661728,-0.6495579676811869,-0.6453312027188709,0.06675472890929068,-1.0624611330076603,-0.18823674154144757,1.217017697271366,-0.4845015831115092,-0.3554410355663144,-0.3688754728507201,-0.25025239784318276,-0.25025239784318276,-0.3168886398119078,-0.34517957090507656,-0.4014323141823005,2.840592458843996,-0.30586777135731963,-0.30956959368344517,-0.23711790231526927,-0.23261172892368465,-0.17133069613002574,-0.3688754728507201,-0.37549677868472187,-0.4724995385748947,-0.20892772350933622,1.5832456116050555,-0.18275344379265376,-0.42974956042407375,-0.12427395320024001,1.8594695799189802,-0.2459346884189824,-0.18823674154144757,-0.3853201470472626,-0.17133069613002574,Low,0.03
0.28255871478141564,-0.32094903492640925,0.20334335828695557,0.7820645106793498,-0.8823438960908615,-0.4750292826783041,0.26334498483682584,-0.34053559455580246,-0.7159430888017545,-0.5732193773448838,0.38688176314940415,-0.5715383046990581,-0.7923261842137767,-0.48513665343657464,0.4874312250031307,0.2586146151861576,-0.4461495268537356,-0.18823674154144757,1.217017697271366,-0.4845015831115092,-0.3554410355663144,-0.3688754728507201,-0.25025239784318276,-0.25025239784318276,-0.3168886398119078,-0.34517957090507656,-0.4014323141823005,2.840592458843996,-0.30586777135731963,-0.30956959368344517,-0.23711790231526927,-0.23261172892368465,-0.17133069613002574,-0.3688754728507201,-0.37549677868472187,-0.4724995385748947,-0.20892772350933622,1.5832456116050555,-0.18275344379265376,2.3269366442474237,-0.12427395320024001,-0.5377877706628423,-0.2459346884189824,-0.18823674154144757,-0.3853201470472626,-0.17133069613002574,Low,0.03
-1.7593292552849702,0.46348839599912817,-0.7319598837025225,-0.924989737048005,-1.8057814798994405,-1.4823427729473477,-1.1710281426323934,-0.9702225592860831,-1.133259206609515,2.0264203973002366,0.5984200244972077,0.8810519714211962,0.3657120561883783,-0.6495579676811869,-0.47905414910830185,-0.4142090955929921,0.3662612267128016,-0.18823674154144757,-0.8216807382851261,2.0639767440550294,-0.3554410355663144,-0.3688754728507201,-0.25025239784318276,-0.25025239784318276,-0.3168886398119078,2.8970428272390354,-0.4014323141823005,-0.35203923635246104,-0.30586777135731963,-0.30956959368344517,-0.23711790231526927,-0.23261172892368465,-0.17133069613002574,-0.3688754728507201,-0.37549677868472187,-0.4724995385748947,-0.20892772350933622,-0.6316139407998891,-0.18275344379265376,-0.42974956042407375,-0.12427395320024001,-0.5377877706628423,-0.2459346884189824,-0.18823674154144757,-0.3853201470472626,-0.17133069613002574,Absent,0.0
-1.6415280262426786,0.6286331182992413,-0.4647303859912431,-0.924989737048005,-1.8057814798994405,-1.4823427729473477,-1.1710281426323934,-0.9944412886987862,-1.195856624280679,2.1160631481500682,0.5984200244972077,0.9571038183384869,0.4273827317127535,0.33696991778648666,0.7368468054189842,-0.05677149924156884,1.7389552586010886,-0.18823674154144757,-0.8216807382851261,2.0639767440550294,-0.3554410355663144,-0.3688754728507201,-0.25025239784318276,-0.25025239784318276,-0.3168886398119078,2.8970428272390354,-0.4014323141823005,-0.35203923635246104,-0.30586777135731963,-0.30956959368344517,-0.23711790231526927,-0.23261172892368465,-0.17133069613002574,-0.3688754728507201,-0.37549677868472187,-0.4724995385748947,-0.20892772350933622,-0.6316139407998891,-0.18275344379265376,-0.42974956042407375,-0.12427395320024001,-0.5377877706628423,-0.2459346884189824,-0.18823674154144757,-0.3853201470472626,-0.17133069613002574,Absent,0.0
-1.2881243391158042,-1.1053864658519468,-1.1328041302694418,0.4065125761793317,1.2723437994624895,1.1866075004150758,0.5976725559010799,0.7735259584285403,1.7879536180448081,0.009458503179022398,-0.036194759546202826,0.7707767933911245,-0.9190936839027699,1.6523404317433847,-0.905139098985385,-0.6875437280970217,-0.02593706811242326,-0.18823674154144757,1.217017697271366,-0.4845015831115092,-0.3554410355663144,-0.3688754728507201,-0.25025239784318276,-0.25025239784318276,-0.3168886398119078,-0.34517957090507656,2.49107997704907,-0.35203923635246104,-0.30586777135731963,-0.30956959368344517,-0.23711790231526927,-0.23261172892368465,-0.17133069613002574,-0.3688754728507201,-0.37549677868472187,2.116404183200049,-0.20892772350933622,-0.6316139407998891,-0.18275344379265376,-0.42974956042407375,-0.12427395320024001,1.8594695799189802,-0.2459346884189824,-0.18823674154144757,-0.3853201470472626,-0.17133069613002574,Absent,0.0
-0.5813169648620553,-0.7750970212517204,-1.6672631256920007,-1.0956951618207404,-0.15271420024210774,-0.3717150785481457,-0.3513863555071253,-1.1155349357623017,-0.027371494418949812,-0.30429112479538867,1.8676495925840286,-1.3833917705411374,0.16356928641403767,0.9946551747649358,0.7160621737176631,0.8998997145225347,1.7389552586010886,-0.18823674154144757,-0.8216807382851261,2.0639767440550294,-0.3554410355663144,-0.3688754728507201,-0.25025239784318276,-0.25025239784318276,-0.3168886398119078,-0.34517957090507656,-0.4014323141823005,-0.35203923635246104,-0.30586777135731963,-0.30956959368344517,-0.23711790231526927,-0.23261172892368465,-0.17133069613002574,-0.3688754728507201,-0.37549677868472187,2.116404183200049,-0.20892772350933622,-0.6316139407998891,-0.18275344379265376,-0.42974956042407375,-0.12427395320024001,-0.5377877706628423,-0.2459346884189824,-0.18823674154144757,-0.3853201470472626,-0.17133069613002574,Absent,0.0
-0.8169194229466382,-0.8989555629768053,-1.9344926234032802,-1.0274129919116464,-0.18691559223501808,-0.3458865275156061,-0.31903207443639103,-0.9944412886987862,0.11868914681376634,-0.16982699852064106,2.079187853931832,-1.3054386274509142,0.05050638128601663,0.008127289297262145,0.061346275126047504,0.5372056829306493,0.8425020132862888,-0.18823674154144757,-0.8216807382851261,2.0639767440550294,-0.3554410355663144,-0.3688754728507201,-0.25025239784318276,-0.25025239784318276,-0.3168886398119078,-0.34517957090507656,-0.4014323141823005,-0.35203923635246104,-0.30586777135731963,-0.30956959368344517,-0.23711790231526927,-0.23261172892368465,-0.17133069613002574,-0.3688754728507201,-0.37549677868472187,2.116404183200049,-0.20892772350933622,-0.6316139407998891,-0.18275344379265376,2.3269366442474237,-0.12427395320024001,-0.5377877706628423,-0.2459346884189824,-0.18823674154144757,-0.3853201470472626,-0.17133069613002574,Absent,0.0
0.28255871478141564,-0.32094903492640925,0.20334335828695557,0.7820645106793498,-0.8823438960908615,-0.4750292826783041,0.26334498483682584,-0.34053559455580246,-0.7159430888017545,-0.5732193773448838,0.38688176314940415,-0.5715383046990581,-0.7923261842137767,-0.48513665343657464,0.4874312250031307,0.2586146151861576,-0.4461495268537356,-0.18823674154144757,1.217017697271366,-0.4845015831115092,-0.3554410355663144,-0.3688754728507201,-0.25025239784318276,-0.25025239784318276,-0.3168886398119078,-0.34517957090507656,-0.4014323141823005,2.840592458843996,-0.30586777135731963,-0.30956959368344517,-0.23711790231526927,-0.23261172892368465,-0.17133069613002574,-0.3688754728507201,-0.37549677868472187,-0.4724995385748947,-0.20892772350933622,1.5832456116050555,-0.18275344379265376,2.3269366442474237,-0.12427395320024001,-0.5377877706628423,-0.2459346884189824,-0.18823674154144757,-0.3853201470472626,-0.17133069613002574,Low,0.03
0.7930307072980121,1.3717843686497506,0.40376548157041514,-0.5152967175934399,-0.004508168272829639,-0.5180768677325367,-0.8259158112112279,-0.049910841603365216,0.4525420410599747,0.5921363837029286,0.5984200244972077,-0.5677357123531935,1.0166802978345602,0.17254860354187443,-0.2400308845431089,-0.703313033818408,0.8425020132862888,-0.18823674154144757,-0.8216807382851261,-0.4845015831115092,2.813406162872353,-0.3688754728507201,-0.25025239784318276,-0.25025239784318276,-0.3168886398119078,-0.34517957090507656,-0.4014323141823005,-0.35203923635246104,-0.30586777135731963,3.230291412348993,-0.23711790231526927,-0.23261172892368465,-0.17133069613002574,2.7109419671410064,-0.37549677868472187,-0.4724995385748947,-0.20892772350933622,-0.6316139407998891,-0.18275344379265376,-0.42974956042407375,-0.12427395320024001,-0.5377877706628423,-0.2459346884189824,-0.18823674154144757,-0.3853201470472626,-0.17133069613002574,Absent,0.0
0.16475748573912416,-0.6099522989516073,0.06972860943131583,1.225898615088462,0.9987326635192068,1.3932359086753925,1.9134133194442735,1.1125881702063838,0.8281265470869591,-0.8421476298943791,-0.8823478049374168,0.27834108460166657,-0.9499290216649575,-0.9784005961704115,-1.9028014206487993,0.27964035614800603,-1.0624611330076603,-0.18823674154144757,1.217017697271366,-0.4845015831115092,-0.3554410355663144,-0.3688754728507201,-0.25025239784318276,-0.25025239784318276,-0.3168886398119078,-0.34517957090507656,-0.4014323141823005,2.840592458843996,-0.30586777135731963,-0.30956959368344517,-0.23711790231526927,-0.23261172892368465,-0.17133069613002574,-0.3688754728507201,-0.37549677868472187,-0.4724995385748947,-0.20892772350933622,1.5832456116050555,-0.18275344379265376,-0.42974956042407375,-0.12427395320024001,1.8594695799189802,-0.2459346884189824,-0.18823674154144757,-0.3853201470472626,-0.17133069613002574,Low,0.03
1.107167318077456,0.8350640211743828,0.0029212350034959643,0.20166606645204913,1.1127373034955745,0.08458932302672023,-0.2111844708672768,1.403212923158821,1.9131484533871363,-0.3939338756452204,1.4445730698884216,-1.6704874926539102,0.626099352846851,-0.15629402494735012,-1.4039702598170922,0.9550922845473868,0.9545586689506388,-0.18823674154144757,-0.8216807382851261,-0.4845015831115092,-0.3554410355663144,2.7109419671410064,-0.25025239784318276,-0.25025239784318276,-0.3168886398119078,2.8970428272390354,-0.4014323141823005,-0.35203923635246104,-0.30586777135731963,-0.30956959368344517,-0.23711790231526927,-0.23261172892368465,-0.17133069613002574,-0.3688754728507201,-0.37549677868472187,-0.4724995385748947,-0.20892772350933622,-0.6316139407998891,-0.18275344379265376,-0.42974956042407375,8.04673846971554,-0.5377877706628423,-0.2459346884189824,-0.18823674154144757,-0.3853201470472626,-0.17133069613002574,Low,0.03
0.9500990126877341,0.7524916600243262,0.470572855998235,-0.5835788875025341,-0.20971652023029164,-0.5611244527867694,-0.11412162765507398,-0.8249101828098645,0.1812865644849304,-0.30429112479538867,1.656111331236225,-1.4632462098042927,0.6363777987675803,0.17254860354187443,0.08213090682736864,0.029959682226055936,-0.8943761495111354,-0.18823674154144757,1.217017697271366,-0.4845015831115092,-0.3554410355663144,-0.3688754728507201,-0.25025239784318276,-0.25025239784318276,-0.3168886398119078,-0.34517957090507656,-0.4014323141823005,2.840592458843996,-0.30586777135731963,-0.30956959368344517,-0.23711790231526927,-0.23261172892368465,-0.17133069613002574,-0.3688754728507201,2.6631386919024123,-0.4724995385748947,-0.20892772350933622,-0.6316139407998891,-0.18275344379265376,2.3269366442474237,-0.12427395320024001,-0.5377877706628423,-0.2459346884189824,-0.18823674154144757,-0.3853201470472626,-0.17133069613002574,Absent,0.0
1.107167318077456,0.8350640211743828,0.0029212350034959643,0.20166606645204913,1.1127373034955745,0.08458932302672023,-0.2111844708672768,1.403212923158821,1.9131484533871363,-0.3939338756452204,1.4445730698884216,-1.6704874926539102,0.626099352846851,-0.15629402494735012,-1.4039702598170922,0.9550922845473868,0.9545586689506388,-0.18823674154144757,-0.8216807382851261,-0.4845015831115092,-0.3554410355663144,2.7109419671410064,-0.25025239784318276,-0.25025239784318276,-0.3168886398119078,2.8970428272390354,-0.4014323141823005,-0.35203923635246104,-0.30586777135731963,-0.30956959368344517,-0.23711790231526927,-0.23261172892368465,-0.17133069613002574,-0.3688754728507201,-0.37549677868472187,-0.4724995385748947,-0.20892772350933622,-0.6316139407998891,-0.18275344379265376,-0.42974956042407375,8.04673846971554,-0.5377877706628423,-0.2459346884189824,-0.18823674154144757,-0.3853201470472626,-0.17133069613002574,Low,0.03
-0.07084497234545882,-0.6099522989516073,-0.2643082627077835,1.4307451248157446,-0.5745313681546685,0.25677966324365076,0.23099070376609154,0.5555573937142124,0.014360117361826233,-0.3939338756452204,-1.3054243276330237,0.6262782842482719,-0.9602074675856866,-0.8139792819257992,1.2252856504000307,-0.5587610647057001,-0.5582061825180855,-0.18823674154144757,-0.8216807382851261,-0.4845015831115092,-0.3554410355663144,-0.3688754728507201,-0.25025239784318276,3.995965707495983,-0.3168886398119078,-0.34517957090507656,-0.4014323141823005,-0.35203923635246104,3.269386622730461,-0.30956959368344517,-0.23711790231526927,-0.23261172892368465,-0.17133069613002574,-0.3688754728507201,-0.37549677868472187,-0.4724995385748947,-0.20892772350933622,-0.6316139407998891,-0.18275344379265376,-0.42974956042407375,-0.12427395320024001,-0.5377877706628423,-0.2459346884189824,5.312459150169743,-0.3853201470472626,-0.17133069613002574,Absent,0.0
0.43962702017113764,-0.1970904932013244,0.40376548157041514,0.7820645106793498,-0.8709434320932248,-0.4664197656674575,0.3388383073352058,-0.3889730533812087,-0.7994063123633066,-0.5732193773448838,0.17534350180160066,-0.6019590434659744,-0.7477862518906169,-0.3207153391919624,-0.16728467358848492,0.035216117466518045,-1.0064328051754854,-0.18823674154144757,1.217017697271366,-0.4845015831115092,-0.3554410355663144,-0.3688754728507201,-0.25025239784318276,-0.25025239784318276,-0.3168886398119078,-0.34517957090507656,-0.4014323141823005,2.840592458843996,-0.30586777135731963,-0.30956959368344517,-0.23711790231526927,-0.23261172892368465,-0.17133069613002574,-0.3688754728507201,-0.37549677868472187,-0.4724995385748947,-0.20892772350933622,1.5832456116050555,-0.18275344379265376,2.3269366442474237,-0.12427395320024001,-0.5377877706628423,-0.2459346884189824,-0.18823674154144757,-0.3853201470472626,-0.17133069613002574,Low,0.03
-0.07084497234545882,-0.568666118376579,-0.13069351385214378,1.5331683796793858,-0.4833276561735743,0.34287483335211605,0.31726878662138297,0.700869770190431,0.1812865644849304,-0.34911250022030454,-1.0938860662852203,0.6852184656091723,-0.9670597648661728,-1.307243224659636,0.549785120107094,-0.853121438171578,-0.5582061825180855,-0.18823674154144757,-0.8216807382851261,-0.4845015831115092,-0.3554410355663144,-0.3688754728507201,3.995965707495983,-0.25025239784318276,-0.3168886398119078,-0.34517957090507656,-0.4014323141823005,-0.35203923635246104,3.269386622730461,-0.30956959368344517,-0.23711790231526927,-0.23261172892368465,-0.17133069613002574,-0.3688754728507201,2.6631386919024123,-0.4724995385748947,-0.20892772350933622,-0.6316139407998891,-0.18275344379265376,-0.42974956042407375,-0.12427395320024001,-0.5377877706628423,-0.2459346884189824,5.312459150169743,-0.3853201470472626,-0.17133069613002574,Absent,0.0
0.24329163843398516,-0.568666118376579,0.0029212350034959643,0.7820645106793498,1.2267419434719424,1.9614640313912632,1.2663276980295881,0.6039948525396186,0.41081042927919864,-0.7973262544694633,-0.8823478049374168,0.12433609459415271,-0.8985367920613115,-0.8139792819257992,0.28997722384057995,-0.19343881549358363,-1.0624611330076603,-0.18823674154144757,1.217017697271366,-0.4845015831115092,-0.3554410355663144,-0.3688754728507201,-0.25025239784318276,-0.25025239784318276,-0.3168886398119078,-0.34517957090507656,-0.4014323141823005,2.840592458843996,-0.30586777135731963,-0.30956959368344517,-0.23711790231526927,-0.23261172892368465,-0.17133069613002574,-0.3688754728507201,-0.37549677868472187,-0.4724995385748947,-0.20892772350933622,-0.6316139407998891,-0.18275344379265376,-0.42974956042407375,-0.12427395320024001,1.8594695799189802,-0.2459346884189824,-0.18823674154144757,-0.3853201470472626,-0.17133069613002574,Low,0.03
0.24329163843398516,-0.568666118376579,0.0029212350034959643,0.7820645106793498,1.2267419434719424,1.9614640313912632,1.2663276980295881,0.6039948525396186,0.41081042927919864,-0.7973262544694633,-0.8823478049374168,0.12433609459415271,-0.8985367920613115,-0.8139792819257992,0.28997722384057995,-0.19343881549358363,-1.0624611330076603,-0.18823674154144757,1.217017697271366,-0.4845015831115092,-0.3554410355663144,-0.3688754728507201,-0.25025239784318276,-0.25025239784318276,-0.3168886398119078,-0.34517957090507656,-0.4014323141823005,2.840592458843996,-0.30586777135731963,-0.30956959368344517,-0.23711790231526927,-0.23261172892368465,-0.17133069613002574,-0.3688754728507201,-0.37549677868472187,-0.4724995385748947,-0.20892772350933622,-0.6316139407998891,-0.18275344379265376,-0.42974956042407375,-0.12427395320024001,1.8594695799189802,-0.2459346884189824,-0.18823674154144757,-0.3853201470472626,-0.17133069613002574,Low,0.03
1.264235623467178,1.1653534657746092,0.8046097281373343,-0.9591308220025522,-0.11851280824919741,-0.7763623780579325,-0.9661176958510764,-0.7280352651590521,-0.21516374743244202,0.09910125402885413,0.17534350180160066,-0.4365462764208669,1.3867043509808108,-0.8139792819257992,1.6825475478290957,0.5477185534115735,-1.0624611330076603,-0.18823674154144757,-0.8216807382851261,2.0639767440550294,-0.3554410355663144,-0.3688754728507201,-0.25025239784318276,-0.25025239784318276,-0.3168886398119078,2.8970428272390354,-0.4014323141823005,-0.35203923635246104,-0.30586777135731963,-0.30956959368344517,-0.23711790231526927,-0.23261172892368465,-0.17133069613002574,-0.3688754728507201,2.6631386919024123,-0.4724995385748947,-0.20892772350933622,-0.6316139407998891,-0.18275344379265376,-0.42974956042407375,-0.12427395320024001,-0.5377877706628423,-0.2459346884189824,-0.18823674154144757,-0.3853201470472626,-0.17133069613002574,Low,0.03
1.2249685471197476,1.1653534657746092,0.7378023537095145,-0.9591308220025522,-0.10711234425156063,-0.767752861047086,-0.955332935494165,-0.7038165357463491,-0.17343213565166596,0.14392262945377,0.17534350180160066,-0.46126312666898645,1.3524428645783801,-0.9784005961704115,0.31076185554190106,0.2139349156422297,-1.0624611330076603,-0.18823674154144757,-0.8216807382851261,2.0639767440550294,-0.3554410355663144,-0.3688754728507201,-0.25025239784318276,-0.25025239784318276,-0.3168886398119078,2.8970428272390354,-0.4014323141823005,-0.35203923635246104,-0.30586777135731963,-0.30956959368344517,-0.23711790231526927,-0.23261172892368465,-0.17133069613002574,-0.3688754728507201,2.6631386919024123,-0.4724995385748947,-0.20892772350933622,-0.6316139407998891,-0.18275344379265376,-0.42974956042407375,-0.12427395320024001,-0.5377877706628423,-0.2459346884189824,-0.18823674154144757,-0.3853201470472626,-0.17133069613002574,Absent,0.0
1.1464343944248865,1.3304981880747222,0.8046097281373343,-0.9932719069570992,0.1778992556893588,-0.6472196228952346,-1.0092567372787222,-0.94600382987338,-0.36122438866515816,0.2783867557285176,0.5984200244972077,-0.6532940401351457,1.4860626615478596,-0.9784005961704115,-1.3312240488624683,0.4057948019190966,-0.3060787072732981,-0.18823674154144757,-0.8216807382851261,2.0639767440550294,-0.3554410355663144,-0.3688754728507201,-0.25025239784318276,-0.25025239784318276,-0.3168886398119078,2.8970428272390354,-0.4014323141823005,-0.35203923635246104,-0.30586777135731963,-0.30956959368344517,-0.23711790231526927,-0.23261172892368465,-0.17133069613002574,-0.3688754728507201,-0.37549677868472187,-0.4724995385748947,-0.20892772350933622,-0.6316139407998891,-0.18275344379265376,-0.42974956042407375,-0.12427395320024001,-0.5377877706628423,-0.2459346884189824,-0.18823674154144757,-0.3853201470472626,-0.17133069613002574,Absent,0.0
1.2249685471197476,1.1653534657746092,0.7378023537095145,-0.9591308220025522,-0.10711234425156063,-0.767752861047086,-0.955332935494165,-0.7038165357463491,-0.17343213565166596,0.14392262945377,0.17534350180160066,-0.46126312666898645,1.3524428645783801,-0.9784005961704115,0.31076185554190106,0.2139349156422297,-1.0624611330076603,-0.18823674154144757,-0.8216807382851261,2.0639767440550294,-0.3554410355663144,-0.3688754728507201,-0.25025239784318276,-0.25025239784318276,-0.3168886398119078,2.8970428272390354,-0.4014323141823005,-0.35203923635246104,-0.30586777135731963,-0.30956959368344517,-0.23711790231526927,-0.23261172892368465,-0.17133069613002574,-0.3688754728507201,2.6631386919024123,-0.4724995385748947,-0.20892772350933622,-0.6316139407998891,-0.18275344379265376,-0.42974956042407375,-0.12427395320024001,-0.5377877706628423,-0.2459346884189824,-0.18823674154144757,-0.3853201470472626,-0.17133069613002574,Absent,0.0
-0.9739877283363602,1.8672185355500899,1.3390687235598933,-0.9932719069570992,-1.8741842638852613,-1.5253903580015804,-1.2033824237031276,-1.2124098534131142,-1.5923069361980515,2.6987410286739744,0.38688176314940415,1.3963032342858412,0.9276004331882405,0.8302338605203236,1.57862438932249,1.0470799012554737,-0.5582061825180855,-0.18823674154144757,-0.8216807382851261,-0.4845015831115092,2.813406162872353,-0.3688754728507201,-0.25025239784318276,-0.25025239784318276,-0.3168886398119078,2.8970428272390354,-0.4014323141823005,-0.35203923635246104,-0.30586777135731963,-0.30956959368344517,-0.23711790231526927,-0.23261172892368465,-0.17133069613002574,-0.3688754728507201,2.6631386919024123,-0.4724995385748947,-0.20892772350933622,-0.6316139407998891,-0.18275344379265376,-0.42974956042407375,-0.12427395320024001,-0.5377877706628423,-0.2459346884189824,-0.18823674154144757,-0.3853201470472626,-0.17133069613002574,Absent,0.0
0.16475748573912416,-0.4448075766514941,0.06972860943131583,0.7820645106793498,-0.9393462160790454,-0.4922483166999971,0.241775464123003,-0.34053559455580246,-0.7368088946921426,-0.528398001919968,0.38688176314940415,-0.5468214544509385,-0.8300138192564503,0.8302338605203236,-1.933978368200781,1.399261062366435,1.3747711276919512,-0.18823674154144757,1.217017697271366,-0.4845015831115092,-0.3554410355663144,-0.3688754728507201,-0.25025239784318276,-0.25025239784318276,-0.3168886398119078,-0.34517957090507656,-0.4014323141823005,-0.35203923635246104,-0.30586777135731963,3.230291412348993,-0.23711790231526927,-0.23261172892368465,-0.17133069613002574,-0.3688754728507201,-0.37549677868472187,2.116404183200049,-0.20892772350933622,-0.6316139407998891,-0.18275344379265376,2.3269366442474237,-0.12427395320024001,-0.5377877706628423,-0.2459346884189824,-0.18823674154144757,-0.3853201470472626,-0.17133069613002574,Low,0.03
0.40035994382370715,-0.568666118376579,0.06972860943131583,1.1576164451793678,1.0671354475050274,2.004511616445496,1.5035924258816395,0.8461821466666496,0.7863949353061831,-1.1110758824438742,-1.3054243276330237,0.17757238743625628,-0.9293721298234991,-1.1428219104150237,0.6121390152110574,0.12457551655437386,0.8705161772023764,-0.18823674154144757,-0.8216807382851261,-0.4845015831115092,-0.3554410355663144,-0.3688754728507201,3.995965707495983,-0.25025239784318276,-0.3168886398119078,-0.34517957090507656,-0.4014323141823005,-0.35203923635246104,3.269386622730461,-0.30956959368344517,-0.23711790231526927,-0.23261172892368465,-0.17133069613002574,-0.3688754728507201,-0.37549677868472187,-0.4724995385748947,4.786344211304794,-0.6316139407998891,-0.18275344379265376,-0.42974956042407375,-0.12427395320024001,1.8594695799189802,-0.2459346884189824,-0.18823674154144757,-0.3853201470472626,-0.17133069613002574,Low,0.03
0.40035994382370715,-0.568666118376579,0.06972860943131583,1.191757530133915,1.0671354475050274,2.0131211334563424,1.5251619465954624,0.8219634172539465,0.7863949353061831,-1.1110758824438742,-1.5169625889808274,0.16046072187986585,-0.9327982784637422,-0.8139792819257992,-0.81160825632944,0.01944681174513172,-0.10997955986068572,-0.18823674154144757,-0.8216807382851261,-0.4845015831115092,-0.3554410355663144,-0.3688754728507201,3.995965707495983,-0.25025239784318276,-0.3168886398119078,-0.34517957090507656,-0.4014323141823005,-0.35203923635246104,-0.30586777135731963,-0.30956959368344517,-0.23711790231526927,4.299009360478467,-0.17133069613002574,-0.3688754728507201,-0.37549677868472187,-0.4724995385748947,-0.20892772350933622,1.5832456116050555,-0.18275344379265376,-0.42974956042407375,-0.12427395320024001,1.8594695799189802,-0.2459346884189824,-0.18823674154144757,-0.3853201470472626,-0.17133069613002574,Low,0.03
0.28255871478141564,-0.6925246601016639,0.06972860943131583,1.3966040398611974,1.0329340555121171,1.2813121875343876,1.8918437987304508,0.9430570643174621,1.1828452472235556,-0.9317903807442108,-0.8823478049374168,0.19278275681971443,-0.9670597648661728,-0.3207153391919624,0.8719469114775715,0.3085507499705476,-1.0624611330076603,-0.18823674154144757,1.217017697271366,-0.4845015831115092,-0.3554410355663144,-0.3688754728507201,-0.25025239784318276,-0.25025239784318276,-0.3168886398119078,-0.34517957090507656,-0.4014323141823005,2.840592458843996,-0.30586777135731963,-0.30956959368344517,-0.23711790231526927,-0.23261172892368465,-0.17133069613002574,-0.3688754728507201,-0.37549677868472187,-0.4724995385748947,-0.20892772350933622,1.5832456116050555,-0.18275344379265376,-0.42974956042407375,-0.12427395320024001,1.8594695799189802,-0.2459346884189824,-0.18823674154144757,-0.3853201470472626,-0.17133069613002574,Low,0.03
0.20402456208655464,-0.36223521550143756,0.2701507327147754,1.8404381442703097,0.5655150316090093,0.17929401014603205,0.40354686947667434,1.2094630878571961,1.2871742766754957,-0.43875525107013624,-1.3054243276330237,0.7042314273384951,-0.9670597648661728,-0.9784005961704115,0.8615545956269111,-0.7295952100207186,-1.0624611330076603,-0.18823674154144757,-0.8216807382851261,2.0639767440550294,-0.3554410355663144,-0.3688754728507201,-0.25025239784318276,-0.25025239784318276,-0.3168886398119078,-0.34517957090507656,-0.4014323141823005,-0.35203923635246104,-0.30586777135731963,-0.30956959368344517,-0.23711790231526927,-0.23261172892368465,-0.17133069613002574,-0.3688754728507201,-0.37549677868472187,-0.4724995385748947,-0.20892772350933622,1.5832456116050555,-0.18275344379265376,-0.42974956042407375,-0.12427395320024001,-0.5377877706628423,4.066120181860509,-0.18823674154144757,-0.3853201470472626,-0.17133069613002574,Absent,0.0
1.4213039288569,0.3809160348490716,0.6709949792816946,-1.3005416715480231,-0.19831605623265486,-0.750533827025393,-0.750422488712848,-1.5756907946036607,-1.174990818390291,-0.9766117561691267,0.5984200244972077,-1.6058434227742129,1.455227323785672,0.8302338605203236,0.8199853322242687,0.5004106362474146,-0.586220346434173,-0.18823674154144757,-0.8216807382851261,-0.4845015831115092,-0.3554410355663144,2.7109419671410064,-0.25025239784318276,-0.25025239784318276,-0.3168886398119078,-0.34517957090507656,-0.4014323141823005,-0.35203923635246104,-0.30586777135731963,-0.30956959368344517,-0.23711790231526927,-0.23261172892368465,-0.17133069613002574,2.7109419671410064,-0.37549677868472187,-0.4724995385748947,-0.20892772350933622,-0.6316139407998891,-0.18275344379265376,-0.42974956042407375,-0.12427395320024001,-0.5377877706628423,-0.2459346884189824,-0.18823674154144757,-0.3853201470472626,-0.17133069613002574,Absent,0.0
1.0679002417300256,0.25705749312398674,0.3369581071425953,-1.2322595016389288,-0.20971652023029164,-0.7074862419711603,-0.674929166214468,-1.4545971475401451,-0.8620037300344707,-0.7525048790445473,1.0214965471928146,-1.613448607465942,1.174283135285741,0.5013912320310989,0.9446931224321955,0.9314383259653073,0.4783178823771515,-0.18823674154144757,-0.8216807382851261,-0.4845015831115092,-0.3554410355663144,2.7109419671410064,-0.25025239784318276,-0.25025239784318276,-0.3168886398119078,-0.34517957090507656,-0.4014323141823005,-0.35203923635246104,-0.30586777135731963,-0.30956959368344517,-0.23711790231526927,-0.23261172892368465,-0.17133069613002574,2.7109419671410064,-0.37549677868472187,-0.4724995385748947,-0.20892772350933622,-0.6316139407998891,-0.18275344379265376,2.3269366442474237,-0.12427395320024001,-0.5377877706628423,-0.2459346884189824,-0.18823674154144757,-0.3853201470472626,-0.17133069613002574,Absent,0.0
0.7144965546031511,1.7020738132499769,0.5373802304260549,-0.9932719069570992,0.8733275595452022,-0.5525149357759228,-0.7827767697835822,-0.5100667004447241,-0.4238218063363222,0.8610646362524239,0.8099582858450112,-0.993626055090022,1.3216075268161926,-0.48513665343657464,-0.5414080442122653,0.11931908131391177,0.9265445050345513,-0.18823674154144757,-0.8216807382851261,2.0639767440550294,-0.3554410355663144,-0.3688754728507201,-0.25025239784318276,-0.25025239784318276,-0.3168886398119078,2.8970428272390354,-0.4014323141823005,-0.35203923635246104,-0.30586777135731963,-0.30956959368344517,-0.23711790231526927,-0.23261172892368465,-0.17133069613002574,2.7109419671410064,-0.37549677868472187,-0.4724995385748947,-0.20892772350933622,-0.6316139407998891,-0.18275344379265376,-0.42974956042407375,-0.12427395320024001,-0.5377877706628423,-0.2459346884189824,-0.18823674154144757,-0.3853201470472626,-0.17133069613002574,Absent,0.0
0.8322977836454426,0.1331989513989019,0.1365359838591357,-1.2322595016389288,-0.22111698422792841,-0.6730481739277742,-0.599435843716088,-1.4303784181274422,-0.7368088946921426,-0.6628621281947156,1.2330348085406182,-1.5335941682027867,0.9926972573528587,0.5013912320310989,-0.18806930528980606,0.8815021911809173,-0.13799372377677321,-0.18823674154144757,-0.8216807382851261,-0.4845015831115092,-0.3554410355663144,2.7109419671410064,-0.25025239784318276,-0.25025239784318276,-0.3168886398119078,-0.34517957090507656,-0.4014323141823005,-0.35203923635246104,-0.30586777135731963,-0.30956959368344517,-0.23711790231526927,-0.23261172892368465,-0.17133069613002574,-0.3688754728507201,-0.37549677868472187,-0.4724995385748947,-0.20892772350933622,-0.6316139407998891,-0.18275344379265376,2.3269366442474237,-0.12427395320024001,-0.5377877706628423,-0.2459346884189824,-0.18823674154144757,-0.3853201470472626,-0.17133069613002574,Absent,0.0
0.9893660890351645,0.21577131254895845,0.2701507327147754,-1.2322595016389288,-0.1755151282373813,-0.6816576909386207,-0.6425748851437337,-1.4545971475401451,-0.7994063123633066,-0.7076835036196315,1.0214965471928146,-1.550705833759177,1.1126124597613658,0.9946551747649358,1.4331319674132421,1.359837798062969,0.2542045710484516,-0.18823674154144757,-0.8216807382851261,-0.4845015831115092,-0.3554410355663144,2.7109419671410064,-0.25025239784318276,-0.25025239784318276,-0.3168886398119078,-0.34517957090507656,-0.4014323141823005,-0.35203923635246104,-0.30586777135731963,-0.30956959368344517,-0.23711790231526927,-0.23261172892368465,-0.17133069613002574,2.7109419671410064,-0.37549677868472187,-0.4724995385748947,-0.20892772350933622,-0.6316139407998891,-0.18275344379265376,2.3269366442474237,-0.12427395320024001,-0.5377877706628423,-0.2459346884189824,-0.18823674154144757,-0.3853201470472626,-0.17133069613002574,Absent,0.0
0.8322977836454426,0.1331989513989019,0.1365359838591357,-1.2322595016389288,-0.22111698422792841,-0.6730481739277742,-0.599435843716088,-1.4303784181274422,-0.7368088946921426,-0.6628621281947156,1.2330348085406182,-1.5335941682027867,0.9926972573528587,0.5013912320310989,-0.18806930528980606,0.8815021911809173,-0.13799372377677321,-0.18823674154144757,-0.8216807382851261,-0.4845015831115092,-0.3554410355663144,2.7109419671410064,-0.25025239784318276,-0.25025239784318276,-0.3168886398119078,-0.34517957090507656,-0.4014323141823005,-0.35203923635246104,-0.30586777135731963,-0.30956959368344517,-0.23711790231526927,-0.23261172892368465,-0.17133069613002574,-0.3688754728507201,-0.37549677868472187,-0.4724995385748947,-0.20892772350933622,-0.6316139407998891,-0.18275344379265376,2.3269366442474237,-0.12427395320024001,-0.5377877706628423,-0.2459346884189824,-0.18823674154144757,-0.3853201470472626,-0.17133069613002574,Absent,0.0
0.7537636309505816,0.29834367369901504,0.06972860943131583,-1.0615540768661935,-0.2325174482255652,-0.6041720378410019,-0.4053101572916824,-1.2366285828258172,-0.2777611651036061,-0.4835766264950521,1.4445730698884216,-1.4917656523982767,0.8076852307797333,-0.8139792819257992,0.7784160688216265,0.960348719787849,-0.47416369076982307,-0.18823674154144757,-0.8216807382851261,-0.4845015831115092,-0.3554410355663144,2.7109419671410064,-0.25025239784318276,-0.25025239784318276,-0.3168886398119078,-0.34517957090507656,-0.4014323141823005,-0.35203923635246104,-0.30586777135731963,-0.30956959368344517,-0.23711790231526927,-0.23261172892368465,-0.17133069613002574,-0.3688754728507201,2.6631386919024123,-0.4724995385748947,-0.20892772350933622,-0.6316139407998891,-0.18275344379265376,2.3269366442474237,-0.12427395320024001,-0.5377877706628423,-0.2459346884189824,-0.18823674154144757,-0.3853201470472626,-0.17133069613002574,Absent,0.0
-2.54467078223358,-1.6421068133273145,-2.535758993253659,-0.7201432273207224,-0.6201332241452157,-0.6041720378410019,-0.9229786544234307,-0.14678575925417764,-0.5907482534594264,0.5921363837029286,0.5984200244972077,0.717540500549021,-0.29553463137853264,0.9946551747649358,0.21723101288595598,-0.8688907438929644,1.7389552586010886,-0.18823674154144757,1.217017697271366,-0.4845015831115092,-0.3554410355663144,-0.3688754728507201,-0.25025239784318276,-0.25025239784318276,3.155682704793582,-0.34517957090507656,-0.4014323141823005,-0.35203923635246104,-0.30586777135731963,-0.30956959368344517,-0.23711790231526927,-0.23261172892368465,-0.17133069613002574,-0.3688754728507201,-0.37549677868472187,2.116404183200049,-0.20892772350933622,-0.6316139407998891,-0.18275344379265376,-0.42974956042407375,-0.12427395320024001,1.8594695799189802,-0.2459346884189824,-0.18823674154144757,-0.3853201470472626,-0.17133069613002574,Low,0.06
-0.1101120486928893,0.5460607571491848,1.6062982212711727,-1.3346827565025703,-2.4670083917623735,-1.9730852425655998,-1.3004452669153306,-1.9147530063815041,-3.4076320486618092,1.0851715133770032,-0.4592712822418098,1.2917319447745665,2.3220429297671665,-1.1428219104150237,1.5370551259198477,-0.5377353237438517,-0.8103336577628729,-0.18823674154144757,-0.8216807382851261,-0.4845015831115092,-0.3554410355663144,-0.3688754728507201,-0.25025239784318276,3.995965707495983,-0.3168886398119078,-0.34517957090507656,-0.4014323141823005,-0.35203923635246104,-0.30586777135731963,-0.30956959368344517,-0.23711790231526927,-0.23261172892368465,-0.17133069613002574,-0.3688754728507201,2.6631386919024123,-0.4724995385748947,-0.20892772350933622,-0.6316139407998891,-0.18275344379265376,-0.42974956042407375,-0.12427395320024001,-0.5377877706628423,-0.2459346884189824,-0.18823674154144757,-0.3853201470472626,-0.17133069613002574,Absent,0.0
-0.6205840412094857,0.46348839599912817,0.9382244769929741,-0.2763091229116102,-1.680376375925436,-0.9743812693074027,-0.8582700922819622,-0.5827228886828335,-1.5297095185268874,1.1748142642268349,-0.036194759546202826,1.2727189830452437,-0.29553463137853264,0.5013912320310989,-0.40630793815367794,-2.225051035932188,1.2347003081115138,-0.18823674154144757,1.217017697271366,-0.4845015831115092,-0.3554410355663144,-0.3688754728507201,-0.25025239784318276,-0.25025239784318276,-0.3168886398119078,-0.34517957090507656,-0.4014323141823005,-0.35203923635246104,-0.30586777135731963,3.230291412348993,-0.23711790231526927,-0.23261172892368465,-0.17133069613002574,-0.3688754728507201,-0.37549677868472187,-0.4724995385748947,-0.20892772350933622,-0.6316139407998891,-0.18275344379265376,-0.42974956042407375,-0.12427395320024001,-0.5377877706628423,-0.2459346884189824,-0.18823674154144757,-0.3853201470472626,-0.17133069613002574,Absent,0.0
-0.07084497234545882,-0.568666118376579,-0.13069351385214378,1.5331683796793858,-0.4833276561735743,0.34287483335211605,0.31726878662138297,0.700869770190431,0.1812865644849304,-0.34911250022030454,-1.0938860662852203,0.6852184656091723,-0.9670597648661728,-1.307243224659636,0.549785120107094,-0.853121438171578,-0.5582061825180855,-0.18823674154144757,-0.8216807382851261,-0.4845015831115092,-0.3554410355663144,-0.3688754728507201,3.995965707495983,-0.25025239784318276,-0.3168886398119078,-0.34517957090507656,-0.4014323141823005,-0.35203923635246104,3.269386622730461,-0.30956959368344517,-0.23711790231526927,-0.23261172892368465,-0.17133069613002574,-0.3688754728507201,2.6631386919024123,-0.4724995385748947,-0.20892772350933622,-0.6316139407998891,-0.18275344379265376,-0.42974956042407375,-0.12427395320024001,-0.5377877706628423,-0.2459346884189824,5.312459150169743,-0.3853201470472626,-0.17133069613002574,Absent,0.0
0.20402456208655464,-0.36223521550143756,0.2701507327147754,1.8404381442703097,0.5655150316090093,0.17929401014603205,0.40354686947667434,1.2094630878571961,1.2871742766754957,-0.43875525107013624,-1.3054243276330237,0.7042314273384951,-0.9670597648661728,-0.9784005961704115,0.8615545956269111,-0.7295952100207186,-1.0624611330076603,-0.18823674154144757,-0.8216807382851261,2.0639767440550294,-0.3554410355663144,-0.3688754728507201,-0.25025239784318276,-0.25025239784318276,-0.3168886398119078,-0.34517957090507656,-0.4014323141823005,-0.35203923635246104,-0.30586777135731963,-0.30956959368344517,-0.23711790231526927,-0.23261172892368465,-0.17133069613002574,-0.3688754728507201,-0.37549677868472187,-0.4724995385748947,-0.20892772350933622,1.5832456116050555,-0.18275344379265376,-0.42974956042407375,-0.12427395320024001,-0.5377877706628423,4.066120181860509,-0.18823674154144757,-0.3853201470472626,-0.17133069613002574,Absent,0.0
1.4213039288569,0.3809160348490716,0.6709949792816946,-1.3005416715480231,-0.19831605623265486,-0.750533827025393,-0.750422488712848,-1.5756907946036607,-1.174990818390291,-0.9766117561691267,0.5984200244972077,-1.6058434227742129,1.455227323785672,0.8302338605203236,0.8199853322242687,0.5004106362474146,-0.586220346434173,-0.18823674154144757,-0.8216807382851261,-0.4845015831115092,-0.3554410355663144,2.7109419671410064,-0.25025239784318276,-0.25025239784318276,-0.3168886398119078,-0.34517957090507656,-0.4014323141823005,-0.35203923635246104,-0.30586777135731963,-0.30956959368344517,-0.23711790231526927,-0.23261172892368465,-0.17133069613002574,2.7109419671410064,-0.37549677868472187,-0.4724995385748947,-0.20892772350933622,-0.6316139407998891,-0.18275344379265376,-0.42974956042407375,-0.12427395320024001,-0.5377877706628423,-0.2459346884189824,-0.18823674154144757,-0.3853201470472626,-0.17133069613002574,Absent,0.0
-0.9739877283363602,-0.9815279241268619,-1.065996755841622,0.47479474608842587,-1.212957352022328,-0.621391071862695,-0.41609491764859385,0.022745346634744097,-0.7576747005825306,0.054279878603938264,-0.4592712822418098,0.7498625354888695,-0.8882583461405824,2.4744470029664463,-0.3855233064523568,-5.326347827804831,1.4588136194402137,-0.18823674154144757,1.217017697271366,-0.4845015831115092,-0.3554410355663144,-0.3688754728507201,-0.25025239784318276,-0.25025239784318276,3.155682704793582,-0.34517957090507656,-0.4014323141823005,-0.35203923635246104,-0.30586777135731963,-0.30956959368344517,-0.23711790231526927,-0.23261172892368465,-0.17133069613002574,-0.3688754728507201,-0.37549677868472187,2.116404183200049,-0.20892772350933622,-0.6316139407998891,-0.18275344379265376,-0.42974956042407375,-0.12427395320024001,-0.5377877706628423,-0.2459346884189824,5.312459150169743,-0.3853201470472626,-0.17133069613002574,Absent,0.0
0.7537636309505816,0.29834367369901504,0.06972860943131583,-1.0615540768661935,-0.2325174482255652,-0.6041720378410019,-0.4053101572916824,-1.2366285828258172,-0.2777611651036061,-0.4835766264950521,1.4445730698884216,-1.4917656523982767,0.8076852307797333,-0.8139792819257992,0.7784160688216265,0.960348719787849,-0.47416369076982307,-0.18823674154144757,-0.8216807382851261,-0.4845015831115092,-0.3554410355663144,2.7109419671410064,-0.25025239784318276,-0.25025239784318276,-0.3168886398119078,-0.34517957090507656,-0.4014323141823005,-0.35203923635246104,-0.30586777135731963,-0.30956959368344517,-0.23711790231526927,-0.23261172892368465,-0.17133069613002574,-0.3688754728507201,2.6631386919024123,-0.4724995385748947,-0.20892772350933622,-0.6316139407998891,-0.18275344379265376,2.3269366442474237,-0.12427395320024001,-0.5377877706628423,-0.2459346884189824,-0.18823674154144757,-0.3853201470472626,-0.17133069613002574,Absent,0.0
0.8322977836454426,0.1331989513989019,0.1365359838591357,-1.2322595016389288,-0.22111698422792841,-0.6730481739277742,-0.599435843716088,-1.4303784181274422,-0.7368088946921426,-0.6628621281947156,1.2330348085406182,-1.5335941682027867,0.9926972573528587,0.5013912320310989,-0.18806930528980606,0.8815021911809173,-0.13799372377677321,-0.18823674154144757,-0.8216807382851261,-0.4845015831115092,-0.3554410355663144,2.7109419671410064,-0.25025239784318276,-0.25025239784318276,-0.3168886398119078,-0.34517957090507656,-0.4014323141823005,-0.35203923635246104,-0.30586777135731963,-0.30956959368344517,-0.23711790231526927,-0.23261172892368465,-0.17133069613002574,-0.3688754728507201,-0.37549677868472187,-0.4724995385748947,-0.20892772350933622,-0.6316139407998891,-0.18275344379265376,2.3269366442474237,-0.12427395320024001,-0.5377877706628423,-0.2459346884189824,-0.18823674154144757,-0.3853201470472626,-0.17133069613002574,Absent,0.0
0.24329163843398516,-0.4860937572265224,0.20334335828695557,2.0111435690430453,0.4287094636373679,0.37731290139550216,0.6300268369718142,1.0883694407936806,0.9741871883196752,-0.6180407527697998,-1.7285008503286308,0.6509951344963915,-0.9670597648661728,-1.1428219104150237,1.0694009126401223,-0.4956838418201548,0.22619040713236413,-0.18823674154144757,-0.8216807382851261,-0.4845015831115092,-0.3554410355663144,-0.3688754728507201,3.995965707495983,-0.25025239784318276,-0.3168886398119078,-0.34517957090507656,-0.4014323141823005,-0.35203923635246104,-0.30586777135731963,-0.30956959368344517,-0.23711790231526927,4.299009360478467,-0.17133069613002574,-0.3688754728507201,-0.37549677868472187,-0.4724995385748947,-0.20892772350933622,1.5832456116050555,-0.18275344379265376,-0.42974956042407375,-0.12427395320024001,-0.5377877706628423,4.066120181860509,-0.18823674154144757,-0.3853201470472626,-0.17133069613002574,Absent,0.0
-0.07084497234545882,-0.6099522989516073,-0.2643082627077835,1.4307451248157446,-0.5745313681546685,0.25677966324365076,0.23099070376609154,0.5555573937142124,0.014360117361826233,-0.3939338756452204,-1.3054243276330237,0.6262782842482719,-0.9602074675856866,-0.8139792819257992,1.2252856504000307,-0.5587610647057001,-0.5582061825180855,-0.18823674154144757,-0.8216807382851261,-0.4845015831115092,-0.3554410355663144,-0.3688754728507201,-0.25025239784318276,3.995965707495983,-0.3168886398119078,-0.34517957090507656,-0.4014323141823005,-0.35203923635246104,3.269386622730461,-0.30956959368344517,-0.23711790231526927,-0.23261172892368465,-0.17133069613002574,-0.3688754728507201,-0.37549677868472187,-0.4724995385748947,-0.20892772350933622,-0.6316139407998891,-0.18275344379265376,-0.42974956042407375,-0.12427395320024001,-0.5377877706628423,-0.2459346884189824,5.312459150169743,-0.3853201470472626,-0.17133069613002574,Absent,0.0
0.20402456208655464,-0.4448075766514941,0.20334335828695557,1.942861399133951,0.5199131756184622,0.2309511122111112,0.5221792334027,1.16102562903179,1.1828452472235556,-0.528398001919968,-1.5169625889808274,0.6909223541279691,-0.9670597648661728,-0.8139792819257992,1.3603857564586181,-0.3064521731635189,0.3662612267128016,-0.18823674154144757,-0.8216807382851261,2.0639767440550294,-0.3554410355663144,-0.3688754728507201,-0.25025239784318276,-0.25025239784318276,-0.3168886398119078,-0.34517957090507656,-0.4014323141823005,-0.35203923635246104,3.269386622730461,-0.30956959368344517,-0.23711790231526927,-0.23261172892368465,5.836665714829544,-0.3688754728507201,-0.37549677868472187,-0.4724995385748947,-0.20892772350933622,-0.6316139407998891,-0.18275344379265376,-0.42974956042407375,-0.12427395320024001,-0.5377877706628423,4.066120181860509,-0.18823674154144757,-0.3853201470472626,-0.17133069613002574,Absent,0.0
-0.3064474304300418,-1.146672646426975,-0.4647303859912431,0.7820645106793498,0.39450807164445756,0.8680553710137542,2.0536152040841222,0.07118280546015031,0.5568710705119149,-0.7973262544694633,-0.6708095435896133,0.0996192443460332,-0.9430767243844714,1.3234978032541602,1.412347335711921,1.351953145202276,1.654912766852826,-0.18823674154144757,1.217017697271366,-0.4845015831115092,-0.3554410355663144,-0.3688754728507201,-0.25025239784318276,-0.25025239784318276,-0.3168886398119078,-0.34517957090507656,2.49107997704907,-0.35203923635246104,-0.30586777135731963,-0.30956959368344517,-0.23711790231526927,-0.23261172892368465,-0.17133069613002574,-0.3688754728507201,-0.37549677868472187,2.116404183200049,-0.20892772350933622,-0.6316139407998891,-0.18275344379265376,-0.42974956042407375,-0.12427395320024001,1.8594695799189802,-0.2459346884189824,-0.18823674154144757,-0.3853201470472626,-0.17133069613002574,Absent,0.0
-0.3064474304300418,0.25705749312398674,1.0718392258486138,-0.4470145476843457,-2.1249944718332703,-1.241276296643645,-0.9121938940665193,-0.9944412886987862,-2.3017443364712444,0.6369577591278446,-0.2477330208940063,1.1282204739023913,0.20125692145671137,1.159076489009548,-0.7700389929267977,-2.7796049538009404,1.4027852916080386,-0.18823674154144757,1.217017697271366,-0.4845015831115092,-0.3554410355663144,-0.3688754728507201,-0.25025239784318276,-0.25025239784318276,-0.3168886398119078,-0.34517957090507656,-0.4014323141823005,-0.35203923635246104,-0.30586777135731963,-0.30956959368344517,-0.23711790231526927,-0.23261172892368465,-0.17133069613002574,-0.3688754728507201,-0.37549677868472187,-0.4724995385748947,-0.20892772350933622,-0.6316139407998891,-0.18275344379265376,-0.42974956042407375,-0.12427395320024001,-0.5377877706628423,-0.2459346884189824,5.312459150169743,-0.3853201470472626,-0.17133069613002574,Absent,0.0
0.32182579112884613,-0.6925246601016639,0.0029212350034959643,1.4307451248157446,1.044334519509754,1.3157502555777736,1.9565523608719193,0.9430570643174621,1.2245768590043316,-0.9766117561691267,-0.8823478049374168,0.16046072187986585,-0.9670597648661728,-0.48513665343657464,-0.47905414910830185,-0.30908039078375,0.5903745380415015,-0.18823674154144757,1.217017697271366,-0.4845015831115092,-0.3554410355663144,-0.3688754728507201,-0.25025239784318276,-0.25025239784318276,-0.3168886398119078,-0.34517957090507656,-0.4014323141823005,-0.35203923635246104,-0.30586777135731963,-0.30956959368344517,-0.23711790231526927,-0.23261172892368465,-0.17133069613002574,-0.3688754728507201,-0.37549677868472187,2.116404183200049,-0.20892772350933622,-0.6316139407998891,-0.18275344379265376,-0.42974956042407375,-0.12427395320024001,1.8594695799189802,-0.2459346884189824,-0.18823674154144757,-0.3853201470472626,-0.17133069613002574,Low,0.03
-0.6991181939043467,1.4130705492247788,1.6731055956989926,-0.924989737048005,-2.09079307984036,-1.3790285688171895,-1.0739652994201907,-0.3889730533812087,-0.8411379241440827,2.2057058989999,0.17534350180160066,1.7613520994888372,0.5849855691639343,0.8302338605203236,-0.33356172719905397,-2.4747317098541384,-1.0624611330076603,-0.18823674154144757,-0.8216807382851261,2.0639767440550294,-0.3554410355663144,-0.3688754728507201,-0.25025239784318276,-0.25025239784318276,-0.3168886398119078,-0.34517957090507656,-0.4014323141823005,-0.35203923635246104,-0.30586777135731963,-0.30956959368344517,-0.23711790231526927,-0.23261172892368465,-0.17133069613002574,-0.3688754728507201,-0.37549677868472187,-0.4724995385748947,-0.20892772350933622,-0.6316139407998891,-0.18275344379265376,-0.42974956042407375,-0.12427395320024001,-0.5377877706628423,-0.2459346884189824,-0.18823674154144757,-0.3853201470472626,-0.17133069613002574,Absent,0.0
-0.5420498885146248,1.6195014520999202,2.073949842265912,-0.924989737048005,-2.0565916878474497,-1.3704190518063428,-1.0739652994201907,-0.5100667004447241,-1.0497959830479628,2.2953486498497315,0.17534350180160066,1.9001467201128928,0.7117530688529277,-0.9784005961704115,0.4354696457498278,-0.703313033818408,1.710941094685001,-0.18823674154144757,-0.8216807382851261,2.0639767440550294,-0.3554410355663144,-0.3688754728507201,-0.25025239784318276,-0.25025239784318276,-0.3168886398119078,-0.34517957090507656,-0.4014323141823005,-0.35203923635246104,-0.30586777135731963,3.230291412348993,-0.23711790231526927,-0.23261172892368465,-0.17133069613002574,-0.3688754728507201,-0.37549677868472187,-0.4724995385748947,-0.20892772350933622,-0.6316139407998891,-0.18275344379265376,-0.42974956042407375,-0.12427395320024001,-0.5377877706628423,-0.2459346884189824,-0.18823674154144757,-0.3853201470472626,-0.17133069613002574,Absent,0.0
-0.6598511175569163,1.6195014520999202,0.0029212350034959643,-0.7884253972298166,-0.9735476080719557,-1.0518669224050214,-1.160243382275482,-0.6795978063336459,0.5360052646215268,1.802313520175657,-0.036194759546202826,0.9666102992031483,0.6637869878895247,1.3234978032541602,0.19644638118463484,-2.3958851812472064,-0.8383478216789604,-0.18823674154144757,-0.8216807382851261,-0.4845015831115092,-0.3554410355663144,2.7109419671410064,-0.25025239784318276,-0.25025239784318276,-0.3168886398119078,-0.34517957090507656,-0.4014323141823005,-0.35203923635246104,-0.30586777135731963,-0.30956959368344517,-0.23711790231526927,-0.23261172892368465,-0.17133069613002574,-0.3688754728507201,-0.37549677868472187,-0.4724995385748947,-0.20892772350933622,-0.6316139407998891,-0.18275344379265376,-0.42974956042407375,-0.12427395320024001,-0.5377877706628423,-0.2459346884189824,-0.18823674154144757,-0.3853201470472626,-0.17133069613002574,Absent,0.0
-1.4844597208529566,-1.4769620910272014,-2.8029884909649385,-0.9591308220025522,-0.2781193042161123,-0.294229425450527,-0.3298168347933024,-0.8975663710479739,0.20215237037531844,-0.12500562309572522,1.8676495925840286,-1.2293867805336234,-0.1653409830492963,-0.15629402494735012,0.7680237529709659,1.3940046271259727,1.7389552586010886,-0.18823674154144757,-0.8216807382851261,2.0639767440550294,-0.3554410355663144,-0.3688754728507201,-0.25025239784318276,-0.25025239784318276,-0.3168886398119078,2.8970428272390354,-0.4014323141823005,-0.35203923635246104,-0.30586777135731963,-0.30956959368344517,-0.23711790231526927,-0.23261172892368465,-0.17133069613002574,-0.3688754728507201,-0.37549677868472187,2.116404183200049,-0.20892772350933622,-0.6316139407998891,-0.18275344379265376,-0.42974956042407375,-0.12427395320024001,-0.5377877706628423,-0.2459346884189824,-0.18823674154144757,-0.3853201470472626,-0.17133069613002574,Absent,0.0
-1.0525218810312211,1.743359993825005,1.2722613491320733,-0.9932719069570992,-1.8855847278828979,-1.5253903580015804,-1.2033824237031276,-1.2124098534131142,-1.5923069361980515,2.6539196532490585,0.38688176314940415,1.4058097151505027,0.8864866495053237,1.9811830602326093,-1.3416163647131287,0.15348591037691545,-0.530192018601998,-0.18823674154144757,-0.8216807382851261,2.0639767440550294,-0.3554410355663144,-0.3688754728507201,-0.25025239784318276,-0.25025239784318276,-0.3168886398119078,2.8970428272390354,-0.4014323141823005,-0.35203923635246104,-0.30586777135731963,-0.30956959368344517,-0.23711790231526927,-0.23261172892368465,-0.17133069613002574,-0.3688754728507201,-0.37549677868472187,-0.4724995385748947,-0.20892772350933622,-0.6316139407998891,-0.18275344379265376,-0.42974956042407375,-0.12427395320024001,-0.5377877706628423,-0.2459346884189824,-0.18823674154144757,-0.3853201470472626,-0.17133069613002574,Absent,0.0
-0.8169194229466382,0.8350640211743828,1.0050318514207939,-0.8225664821843638,-1.9425870478710818,-1.4134666368605755,-1.0523957787063678,-0.43741051220661487,-1.0497959830479628,1.7574921447507412,0.17534350180160066,1.5902354439249329,0.33487671842619077,-1.1428219104150237,1.1837163869973886,-0.38004226652998846,-1.0624611330076603,-0.18823674154144757,1.217017697271366,-0.4845015831115092,-0.3554410355663144,-0.3688754728507201,-0.25025239784318276,-0.25025239784318276,-0.3168886398119078,-0.34517957090507656,-0.4014323141823005,-0.35203923635246104,-0.30586777135731963,3.230291412348993,-0.23711790231526927,-0.23261172892368465,-0.17133069613002574,-0.3688754728507201,-0.37549677868472187,-0.4724995385748947,-0.20892772350933622,-0.6316139407998891,-0.18275344379265376,-0.42974956042407375,-0.12427395320024001,-0.5377877706628423,-0.2459346884189824,-0.18823674154144757,-0.3853201470472626,-0.17133069613002574,Absent,0.0
0.3610928674762766,-0.6925246601016639,-0.3311156371356034,0.6113590859066143,0.884728023542839,1.289921704545234,1.3418210205279681,0.48290120547610305,0.4316762351695867,-0.9766117561691267,-1.3054243276330237,0.23080868027835982,-0.8745537515796101,-1.1428219104150237,-1.9859399474540838,-0.08305367544387937,-1.0344469690915727,-0.18823674154144757,-0.8216807382851261,-0.4845015831115092,-0.3554410355663144,2.7109419671410064,-0.25025239784318276,-0.25025239784318276,-0.3168886398119078,-0.34517957090507656,-0.4014323141823005,-0.35203923635246104,-0.30586777135731963,-0.30956959368344517,-0.23711790231526927,-0.23261172892368465,-0.17133069613002574,-0.3688754728507201,-0.37549677868472187,-0.4724995385748947,-0.20892772350933622,1.5832456116050555,-0.18275344379265376,-0.42974956042407375,-0.12427395320024001,-0.5377877706628423,-0.2459346884189824,-0.18823674154144757,2.5952445198183276,-0.17133069613002574,Absent,0.0
-1.7593292552849702,0.46348839599912817,-0.7319598837025225,-0.924989737048005,-1.8057814798994405,-1.4823427729473477,-1.1710281426323934,-0.9702225592860831,-1.133259206609515,2.0264203973002366,0.5984200244972077,0.8810519714211962,0.3657120561883783,-0.6495579676811869,-0.47905414910830185,-0.4142090955929921,0.3662612267128016,-0.18823674154144757,-0.8216807382851261,2.0639767440550294,-0.3554410355663144,-0.3688754728507201,-0.25025239784318276,-0.25025239784318276,-0.3168886398119078,2.8970428272390354,-0.4014323141823005,-0.35203923635246104,-0.30586777135731963,-0.30956959368344517,-0.23711790231526927,-0.23261172892368465,-0.17133069613002574,-0.3688754728507201,-0.37549677868472187,-0.4724995385748947,-0.20892772350933622,-0.6316139407998891,-0.18275344379265376,-0.42974956042407375,-0.12427395320024001,-0.5377877706628423,-0.2459346884189824,-0.18823674154144757,-0.3853201470472626,-0.17133069613002574,Absent,0.0
-0.6205840412094857,1.5369290909498636,1.8735277189824522,-0.924989737048005,-2.0679921518450866,-1.3618095347954964,-1.0631805390632791,-0.4131917827939118,-0.8828695359248587,2.2505272744248157,0.17534350180160066,1.8602195004813151,0.619247055566365,0.6658125462757112,0.8095930163736081,-1.0292120187270586,1.710941094685001,-0.18823674154144757,-0.8216807382851261,2.0639767440550294,-0.3554410355663144,-0.3688754728507201,-0.25025239784318276,-0.25025239784318276,-0.3168886398119078,-0.34517957090507656,-0.4014323141823005,-0.35203923635246104,-0.30586777135731963,-0.30956959368344517,-0.23711790231526927,-0.23261172892368465,-0.17133069613002574,-0.3688754728507201,-0.37549677868472187,-0.4724995385748947,-0.20892772350933622,-0.6316139407998891,-0.18275344379265376,-0.42974956042407375,-0.12427395320024001,-0.5377877706628423,-0.2459346884189824,-0.18823674154144757,-0.3853201470472626,-0.17133069613002574,Absent,0.0
0.28255871478141564,-0.32094903492640925,0.20334335828695557,0.7820645106793498,-0.8823438960908615,-0.4750292826783041,0.26334498483682584,-0.34053559455580246,-0.7159430888017545,-0.5732193773448838,0.38688176314940415,-0.5715383046990581,-0.7923261842137767,-0.48513665343657464,0.4874312250031307,0.2586146151861576,-0.4461495268537356,-0.18823674154144757,1.217017697271366,-0.4845015831115092,-0.3554410355663144,-0.3688754728507201,-0.25025239784318276,-0.25025239784318276,-0.3168886398119078,-0.34517957090507656,-0.4014323141823005,2.840592458843996,-0.30586777135731963,-0.30956959368344517,-0.23711790231526927,-0.23261172892368465,-0.17133069613002574,-0.3688754728507201,-0.37549677868472187,-0.4724995385748947,-0.20892772350933622,1.5832456116050555,-0.18275344379265376,2.3269366442474237,-0.12427395320024001,-0.5377877706628423,-0.2459346884189824,-0.18823674154144757,-0.3853201470472626,-0.17133069613002574,Low,0.03
1.107167318077456,0.8350640211743828,0.0029212350034959643,0.20166606645204913,1.1127373034955745,0.08458932302672023,-0.2111844708672768,1.403212923158821,1.9131484533871363,-0.3939338756452204,1.4445730698884216,-1.6704874926539102,0.626099352846851,-0.15629402494735012,-1.4039702598170922,0.9550922845473868,0.9545586689506388,-0.18823674154144757,-0.8216807382851261,-0.4845015831115092,-0.3554410355663144,2.7109419671410064,-0.25025239784318276,-0.25025239784318276,-0.3168886398119078,2.8970428272390354,-0.4014323141823005,-0.35203923635246104,-0.30586777135731963,-0.30956959368344517,-0.23711790231526927,-0.23261172892368465,-0.17133069613002574,-0.3688754728507201,-0.37549677868472187,-0.4724995385748947,-0.20892772350933622,-0.6316139407998891,-0.18275344379265376,-0.42974956042407375,8.04673846971554,-0.5377877706628423,-0.2459346884189824,-0.18823674154144757,-0.3853201470472626,-0.17133069613002574,Low,0.03
-1.9556646370221227,-1.1879588270020034,-1.8008778745476404,-0.6860021423661754,-0.449126264180664,-0.5352959017542297,-0.7935615301404937,-0.12256702984147452,-0.4238218063363222,0.5024936328530969,0.38688176314940415,0.7441586469700727,-0.3058130772992618,-1.307243224659636,1.007047017536159,0.8315660563965273,-0.698277002098523,-0.18823674154144757,1.217017697271366,-0.4845015831115092,-0.3554410355663144,-0.3688754728507201,-0.25025239784318276,-0.25025239784318276,3.155682704793582,-0.34517957090507656,-0.4014323141823005,-0.35203923635246104,-0.30586777135731963,-0.30956959368344517,-0.23711790231526927,-0.23261172892368465,-0.17133069613002574,-0.3688754728507201,-0.37549677868472187,-0.4724995385748947,-0.20892772350933622,1.5832456116050555,-0.18275344379265376,-0.42974956042407375,-0.12427395320024001,1.8594695799189802,-0.2459346884189824,-0.18823674154144757,-0.3853201470472626,-0.17133069613002574,Low,0.02
0.3610928674762766,-0.6512384795266356,0.06972860943131583,1.4307451248157446,1.0557349835073906,1.3329692895994667,1.9781218815857422,0.9430570643174621,1.2454426648947194,-1.0214331315940426,-1.0938860662852203,0.16806590657159493,-0.9636336162259298,-0.48513665343657464,-0.13610772603650323,0.15348591037691545,-0.9223903134272229,-0.18823674154144757,1.217017697271366,-0.4845015831115092,-0.3554410355663144,-0.3688754728507201,-0.25025239784318276,-0.25025239784318276,-0.3168886398119078,-0.34517957090507656,-0.4014323141823005,-0.35203923635246104,-0.30586777135731963,-0.30956959368344517,-0.23711790231526927,-0.23261172892368465,-0.17133069613002574,-0.3688754728507201,-0.37549677868472187,-0.4724995385748947,-0.20892772350933622,1.5832456116050555,-0.18275344379265376,-0.42974956042407375,-0.12427395320024001,1.8594695799189802,-0.2459346884189824,-0.18823674154144757,-0.3853201470472626,-0.17133069613002574,Low,0.03
0.04695625669683267,-0.6099522989516073,0.0029212350034959643,1.1234753602248206,0.9645312715262965,1.3846263916645458,1.7085028726629565,1.0883694407936806,0.8072607411965711,-0.7525048790445473,-0.8823478049374168,0.31826830423324426,-0.9430767243844714,-0.15629402494735012,1.1421471235947462,0.521436377209263,-1.0064328051754854,-0.18823674154144757,1.217017697271366,-0.4845015831115092,-0.3554410355663144,-0.3688754728507201,-0.25025239784318276,-0.25025239784318276,-0.3168886398119078,-0.34517957090507656,-0.4014323141823005,2.840592458843996,-0.30586777135731963,-0.30956959368344517,-0.23711790231526927,-0.23261172892368465,-0.17133069613002574,-0.3688754728507201,-0.37549677868472187,-0.4724995385748947,-0.20892772350933622,1.5832456116050555,-0.18275344379265376,-0.42974956042407375,-0.12427395320024001,1.8594695799189802,-0.2459346884189824,-0.18823674154144757,-0.3853201470472626,-0.17133069613002574,Low,0.03
-2.780273240318163,-1.9311100773525125,-3.0702179886762178,-0.6860021423661754,-0.6429341521404892,-0.5869530038193089,-0.9445481751372535,-0.09834830042877142,-0.5490166416786504,0.5473150082780128,0.5984200244972077,0.7023301311655628,-0.3537791582626647,1.3234978032541602,1.007047017536159,0.9734898078890042,1.710941094685001,-0.18823674154144757,1.217017697271366,-0.4845015831115092,-0.3554410355663144,-0.3688754728507201,-0.25025239784318276,-0.25025239784318276,3.155682704793582,-0.34517957090507656,-0.4014323141823005,-0.35203923635246104,-0.30586777135731963,-0.30956959368344517,-0.23711790231526927,-0.23261172892368465,-0.17133069613002574,-0.3688754728507201,-0.37549677868472187,2.116404183200049,-0.20892772350933622,-0.6316139407998891,-0.18275344379265376,-0.42974956042407375,-0.12427395320024001,1.8594695799189802,-0.2459346884189824,-0.18823674154144757,-0.3853201470472626,-0.17133069613002574,Low,0.02
0.7144965546031511,1.1653534657746092,0.20334335828695557,-0.5835788875025341,0.0068922957248071385,-0.5352959017542297,-0.8474853319250508,-0.14678575925417764,0.38994462338881064,0.5024936328530969,0.5984200244972077,-0.5886499702554485,0.9755665141516434,0.008127289297262145,0.1548771177819926,-0.5613892823259311,0.6744170297897639,-0.18823674154144757,-0.8216807382851261,-0.4845015831115092,2.813406162872353,-0.3688754728507201,-0.25025239784318276,-0.25025239784318276,-0.3168886398119078,-0.34517957090507656,-0.4014323141823005,-0.35203923635246104,-0.30586777135731963,-0.30956959368344517,4.217311262607289,-0.23261172892368465,-0.17133069613002574,-0.3688754728507201,2.6631386919024123,-0.4724995385748947,-0.20892772350933622,-0.6316139407998891,-0.18275344379265376,-0.42974956042407375,-0.12427395320024001,-0.5377877706628423,-0.2459346884189824,-0.18823674154144757,-0.3853201470472626,-0.17133069613002574,Low,0.03
0.24329163843398516,-0.36223521550143756,0.2701507327147754,1.8745792292248569,0.5541145676113725,0.2051225611785716,0.44668591090432,1.1852443584444932,1.2454426648947194,-0.4835766264950521,-1.5169625889808274,0.6643042077069173,-0.9670597648661728,-1.307243224659636,-0.19846162114046662,-0.5640174999461622,-0.8663619855950478,-0.18823674154144757,-0.8216807382851261,2.0639767440550294,-0.3554410355663144,-0.3688754728507201,-0.25025239784318276,-0.25025239784318276,-0.3168886398119078,-0.34517957090507656,-0.4014323141823005,-0.35203923635246104,-0.30586777135731963,-0.30956959368344517,-0.23711790231526927,-0.23261172892368465,-0.17133069613002574,-0.3688754728507201,-0.37549677868472187,-0.4724995385748947,4.786344211304794,-0.6316139407998891,-0.18275344379265376,-0.42974956042407375,-0.12427395320024001,-0.5377877706628423,4.066120181860509,-0.18823674154144757,-0.3853201470472626,-0.17133069613002574,Absent,0.0
0.24329163843398516,-0.568666118376579,0.0029212350034959643,0.7820645106793498,1.2267419434719424,1.9614640313912632,1.2663276980295881,0.6039948525396186,0.41081042927919864,-0.7973262544694633,-0.8823478049374168,0.12433609459415271,-0.8985367920613115,-0.8139792819257992,0.28997722384057995,-0.19343881549358363,-1.0624611330076603,-0.18823674154144757,1.217017697271366,-0.4845015831115092,-0.3554410355663144,-0.3688754728507201,-0.25025239784318276,-0.25025239784318276,-0.3168886398119078,-0.34517957090507656,-0.4014323141823005,2.840592458843996,-0.30586777135731963,-0.30956959368344517,-0.23711790231526927,-0.23261172892368465,-0.17133069613002574,-0.3688754728507201,-0.37549677868472187,-0.4724995385748947,-0.20892772350933622,-0.6316139407998891,-0.18275344379265376,-0.42974956042407375,-0.12427395320024001,1.8594695799189802,-0.2459346884189824,-0.18823674154144757,-0.3853201470472626,-0.17133069613002574,Low,0.03
0.43962702017113764,-0.1970904932013244,0.40376548157041514,0.7820645106793498,-0.8709434320932248,-0.4664197656674575,0.3388383073352058,-0.3889730533812087,-0.7994063123633066,-0.5732193773448838,0.17534350180160066,-0.6019590434659744,-0.7477862518906169,-0.3207153391919624,-0.16728467358848492,0.035216117466518045,-1.0064328051754854,-0.18823674154144757,1.217017697271366,-0.4845015831115092,-0.3554410355663144,-0.3688754728507201,-0.25025239784318276,-0.25025239784318276,-0.3168886398119078,-0.34517957090507656,-0.4014323141823005,2.840592458843996,-0.30586777135731963,-0.30956959368344517,-0.23711790231526927,-0.23261172892368465,-0.17133069613002574,-0.3688754728507201,-0.37549677868472187,-0.4724995385748947,-0.20892772350933622,1.5832456116050555,-0.18275344379265376,2.3269366442474237,-0.12427395320024001,-0.5377877706628423,-0.2459346884189824,-0.18823674154144757,-0.3853201470472626,-0.17133069613002574,Low,0.03
-1.6415280262426786,0.6286331182992413,-0.4647303859912431,-0.924989737048005,-1.8057814798994405,-1.4823427729473477,-1.1710281426323934,-0.9944412886987862,-1.195856624280679,2.1160631481500682,0.5984200244972077,0.9571038183384869,0.4273827317127535,0.33696991778648666,0.7368468054189842,-0.05677149924156884,1.7389552586010886,-0.18823674154144757,-0.8216807382851261,2.0639767440550294,-0.3554410355663144,-0.3688754728507201,-0.25025239784318276,-0.25025239784318276,-0.3168886398119078,2.8970428272390354,-0.4014323141823005,-0.35203923635246104,-0.30586777135731963,-0.30956959368344517,-0.23711790231526927,-0.23261172892368465,-0.17133069613002574,-0.3688754728507201,-0.37549677868472187,-0.4724995385748947,-0.20892772350933622,-0.6316139407998891,-0.18275344379265376,-0.42974956042407375,-0.12427395320024001,-0.5377877706628423,-0.2459346884189824,-0.18823674154144757,-0.3853201470472626,-0.17133069613002574,Absent,0.0
0.24329163843398516,-0.4448075766514941,0.1365359838591357,0.7820645106793498,-0.962147144074319,-0.44059121463491796,0.44668591090432,-0.5100667004447241,-0.9871985653767988,-0.6180407527697998,-0.036194759546202826,-0.5392162697592094,-0.8265876706162073,0.6658125462757112,1.6409782844264533,1.215285828950261,0.562360374125414,-0.18823674154144757,-0.8216807382851261,2.0639767440550294,-0.3554410355663144,-0.3688754728507201,-0.25025239784318276,-0.25025239784318276,3.155682704793582,-0.34517957090507656,-0.4014323141823005,-0.35203923635246104,-0.30586777135731963,-0.30956959368344517,-0.23711790231526927,-0.23261172892368465,-0.17133069613002574,-0.3688754728507201,-0.37549677868472187,-0.4724995385748947,-0.20892772350933622,1.5832456116050555,-0.18275344379265376,-0.42974956042407375,-0.12427395320024001,-0.5377877706628423,-0.2459346884189824,-0.18823674154144757,-0.3853201470472626,5.836665714829544,Low,0.02
-0.9739877283363602,1.8672185355500899,1.3390687235598933,-0.9932719069570992,-1.8741842638852613,-1.5253903580015804,-1.2033824237031276,-1.2124098534131142,-1.5923069361980515,2.6987410286739744,0.38688176314940415,1.3963032342858412,0.9276004331882405,0.8302338605203236,1.57862438932249,1.0470799012554737,-0.5582061825180855,-0.18823674154144757,-0.8216807382851261,-0.4845015831115092,2.813406162872353,-0.3688754728507201,-0.25025239784318276,-0.25025239784318276,-0.3168886398119078,2.8970428272390354,-0.4014323141823005,-0.35203923635246104,-0.30586777135731963,-0.30956959368344517,-0.23711790231526927,-0.23261172892368465,-0.17133069613002574,-0.3688754728507201,2.6631386919024123,-0.4724995385748947,-0.20892772350933622,-0.6316139407998891,-0.18275344379265376,-0.42974956042407375,-0.12427395320024001,-0.5377877706628423,-0.2459346884189824,-0.18823674154144757,-0.3853201470472626,-0.17133069613002574,Absent,0.0
0.7144965546031511,1.7020738132499769,0.5373802304260549,-0.9932719069570992,0.8733275595452022,-0.5525149357759228,-0.7827767697835822,-0.5100667004447241,-0.4238218063363222,0.8610646362524239,0.8099582858450112,-0.993626055090022,1.3216075268161926,-0.48513665343657464,-0.5414080442122653,0.11931908131391177,0.9265445050345513,-0.18823674154144757,-0.8216807382851261,2.0639767440550294,-0.3554410355663144,-0.3688754728507201,-0.25025239784318276,-0.25025239784318276,-0.3168886398119078,2.8970428272390354,-0.4014323141823005,-0.35203923635246104,-0.30586777135731963,-0.30956959368344517,-0.23711790231526927,-0.23261172892368465,-0.17133069613002574,2.7109419671410064,-0.37549677868472187,-0.4724995385748947,-0.20892772350933622,-0.6316139407998891,-0.18275344379265376,-0.42974956042407375,-0.12427395320024001,-0.5377877706628423,-0.2459346884189824,-0.18823674154144757,-0.3853201470472626,-0.17133069613002574,Absent,0.0
-0.1493791250403198,-0.7338108406766921,-0.0638861394243239,0.9186288504975382,0.8391261675522919,1.1779979834042291,1.363390541241791,0.9672757937301651,0.744663323525407,-0.6628621281947156,-0.8823478049374168,0.48177977510541947,-0.9362244271039852,0.8302338605203236,-0.33356172719905397,-0.6428640285530938,-1.0064328051754854,-0.18823674154144757,1.217017697271366,-0.4845015831115092,-0.3554410355663144,-0.3688754728507201,-0.25025239784318276,-0.25025239784318276,-0.3168886398119078,-0.34517957090507656,2.49107997704907,-0.35203923635246104,-0.30586777135731963,-0.30956959368344517,-0.23711790231526927,-0.23261172892368465,-0.17133069613002574,-0.3688754728507201,-0.37549677868472187,-0.4724995385748947,-0.20892772350933622,1.5832456116050555,-0.18275344379265376,-0.42974956042407375,-0.12427395320024001,1.8594695799189802,-0.2459346884189824,-0.18823674154144757,-0.3853201470472626,-0.17133069613002574,Low,0.03
0.04695625669683267,-0.7338108406766921,0.0029212350034959643,1.191757530133915,0.9417303435310229,1.289921704545234,1.7516419140906023,1.0399319819682744,0.8698581588677351,-0.7973262544694633,-0.8823478049374168,0.32207089657910876,-0.9567813189454436,0.8302338605203236,0.6641005944643603,0.05887007604859752,-0.8383478216789604,-0.18823674154144757,1.217017697271366,-0.4845015831115092,-0.3554410355663144,-0.3688754728507201,-0.25025239784318276,-0.25025239784318276,-0.3168886398119078,-0.34517957090507656,-0.4014323141823005,2.840592458843996,-0.30586777135731963,-0.30956959368344517,-0.23711790231526927,-0.23261172892368465,-0.17133069613002574,-0.3688754728507201,-0.37549677868472187,-0.4724995385748947,-0.20892772350933622,1.5832456116050555,-0.18275344379265376,-0.42974956042407375,-0.12427395320024001,1.8594695799189802,-0.2459346884189824,-0.18823674154144757,-0.3853201470472626,-0.17133069613002574,Low,0.03
-0.5027828121671942,-0.6925246601016639,-1.533648376836361,-1.1298362467752876,-0.1299132722468342,-0.38032459555899223,-0.3621711158640367,-1.1397536651750049,-0.04823730030933784,-0.30429112479538867,2.079187853931832,-1.36057621646595,0.21838766465792667,1.4879191174987725,-1.1337700476999175,0.718552698726592,1.7389552586010886,-0.18823674154144757,-0.8216807382851261,2.0639767440550294,-0.3554410355663144,-0.3688754728507201,-0.25025239784318276,-0.25025239784318276,-0.3168886398119078,-0.34517957090507656,-0.4014323141823005,-0.35203923635246104,-0.30586777135731963,-0.30956959368344517,-0.23711790231526927,-0.23261172892368465,-0.17133069613002574,-0.3688754728507201,-0.37549677868472187,2.116404183200049,-0.20892772350933622,-0.6316139407998891,-0.18275344379265376,-0.42974956042407375,-0.12427395320024001,-0.5377877706628423,-0.2459346884189824,-0.18823674154144757,-0.3853201470472626,-0.17133069613002574,Absent,0.0
-0.9739877283363602,1.8672185355500899,1.3390687235598933,-0.9932719069570992,-1.8741842638852613,-1.5253903580015804,-1.2033824237031276,-1.2124098534131142,-1.5923069361980515,2.6987410286739744,0.38688176314940415,1.3963032342858412,0.9276004331882405,0.8302338605203236,1.57862438932249,1.0470799012554737,-0.5582061825180855,-0.18823674154144757,-0.8216807382851261,-0.4845015831115092,2.813406162872353,-0.3688754728507201,-0.25025239784318276,-0.25025239784318276,-0.3168886398119078,2.8970428272390354,-0.4014323141823005,-0.35203923635246104,-0.30586777135731963,-0.30956959368344517,-0.23711790231526927,-0.23261172892368465,-0.17133069613002574,-0.3688754728507201,2.6631386919024123,-0.4724995385748947,-0.20892772350933622,-0.6316139407998891,-0.18275344379265376,-0.42974956042407375,-0.12427395320024001,-0.5377877706628423,-0.2459346884189824,-0.18823674154144757,-0.3853201470472626,-0.17133069613002574,Absent,0.0
-0.5813169648620553,-0.7750970212517204,-1.6672631256920007,-1.0956951618207404,-0.15271420024210774,-0.3717150785481457,-0.3513863555071253,-1.1155349357623017,-0.027371494418949812,-0.30429112479538867,1.8676495925840286,-1.3833917705411374,0.16356928641403767,0.9946551747649358,0.7160621737176631,0.8998997145225347,1.7389552586010886,-0.18823674154144757,-0.8216807382851261,2.0639767440550294,-0.3554410355663144,-0.3688754728507201,-0.25025239784318276,-0.25025239784318276,-0.3168886398119078,-0.34517957090507656,-0.4014323141823005,-0.35203923635246104,-0.30586777135731963,-0.30956959368344517,-0.23711790231526927,-0.23261172892368465,-0.17133069613002574,-0.3688754728507201,-0.37549677868472187,2.116404183200049,-0.20892772350933622,-0.6316139407998891,-0.18275344379265376,-0.42974956042407375,-0.12427395320024001,-0.5377877706628423,-0.2459346884189824,-0.18823674154144757,-0.3853201470472626,-0.17133069613002574,Absent,0.0
-0.8169194229466382,-0.8989555629768053,-1.9344926234032802,-1.0274129919116464,-0.18691559223501808,-0.3458865275156061,-0.31903207443639103,-0.9944412886987862,0.11868914681376634,-0.16982699852064106,2.079187853931832,-1.3054386274509142,0.05050638128601663,0.008127289297262145,0.061346275126047504,0.5372056829306493,0.8425020132862888,-0.18823674154144757,-0.8216807382851261,2.0639767440550294,-0.3554410355663144,-0.3688754728507201,-0.25025239784318276,-0.25025239784318276,-0.3168886398119078,-0.34517957090507656,-0.4014323141823005,-0.35203923635246104,-0.30586777135731963,-0.30956959368344517,-0.23711790231526927,-0.23261172892368465,-0.17133069613002574,-0.3688754728507201,-0.37549677868472187,2.116404183200049,-0.20892772350933622,-0.6316139407998891,-0.18275344379265376,2.3269366442474237,-0.12427395320024001,-0.5377877706628423,-0.2459346884189824,-0.18823674154144757,-0.3853201470472626,-0.17133069613002574,Absent,0.0
0.16475748573912416,-0.6099522989516073,0.06972860943131583,1.225898615088462,0.9987326635192068,1.3932359086753925,1.9134133194442735,1.1125881702063838,0.8281265470869591,-0.8421476298943791,-0.8823478049374168,0.27834108460166657,-0.9499290216649575,-0.9784005961704115,-1.9028014206487993,0.27964035614800603,-1.0624611330076603,-0.18823674154144757,1.217017697271366,-0.4845015831115092,-0.3554410355663144,-0.3688754728507201,-0.25025239784318276,-0.25025239784318276,-0.3168886398119078,-0.34517957090507656,-0.4014323141823005,2.840592458843996,-0.30586777135731963,-0.30956959368344517,-0.23711790231526927,-0.23261172892368465,-0.17133069613002574,-0.3688754728507201,-0.37549677868472187,-0.4724995385748947,-0.20892772350933622,1.5832456116050555,-0.18275344379265376,-0.42974956042407375,-0.12427395320024001,1.8594695799189802,-0.2459346884189824,-0.18823674154144757,-0.3853201470472626,-0.17133069613002574,Low,0.03
0.24329163843398516,-0.6099522989516073,0.06972860943131583,1.4307451248157446,1.0329340555121171,1.5912547999248625,2.1075390058686794,1.1852443584444932,1.0993820236620033,-0.9766117561691267,-1.0938860662852203,0.23461127262422438,-0.9670597648661728,-0.6495579676811869,-0.6453312027188709,0.06675472890929068,-1.0624611330076603,-0.18823674154144757,1.217017697271366,-0.4845015831115092,-0.3554410355663144,-0.3688754728507201,-0.25025239784318276,-0.25025239784318276,-0.3168886398119078,-0.34517957090507656,-0.4014323141823005,2.840592458843996,-0.30586777135731963,-0.30956959368344517,-0.23711790231526927,-0.23261172892368465,-0.17133069613002574,-0.3688754728507201,-0.37549677868472187,-0.4724995385748947,-0.20892772350933622,1.5832456116050555,-0.18275344379265376,-0.42974956042407375,-0.12427395320024001,1.8594695799189802,-0.2459346884189824,-0.18823674154144757,-0.3853201470472626,-0.17133069613002574,Low,0.03
0.7930307072980121,1.3304981880747222,0.3369581071425953,-0.5152967175934399,-0.004508168272829639,-0.5180768677325367,-0.8259158112112279,-0.049910841603365216,0.4316762351695867,0.5921363837029286,0.5984200244972077,-0.6095642281577035,1.006401851913831,-0.6495579676811869,-1.746916682888891,0.5424621181711115,1.486827783356301,-0.18823674154144757,-0.8216807382851261,-0.4845015831115092,2.813406162872353,-0.3688754728507201,-0.25025239784318276,-0.25025239784318276,-0.3168886398119078,-0.34517957090507656,-0.4014323141823005,-0.35203923635246104,-0.30586777135731963,3.230291412348993,-0.23711790231526927,-0.23261172892368465,-0.17133069613002574,2.7109419671410064,-0.37549677868472187,-0.4724995385748947,-0.20892772350933622,-0.6316139407998891,-0.18275344379265376,-0.42974956042407375,-0.12427395320024001,-0.5377877706628423,-0.2459346884189824,-0.18823674154144757,-0.3853201470472626,-0.17133069613002574,Absent,0.0
0.7930307072980121,1.3717843686497506,0.40376548157041514,-0.5152967175934399,-0.004508168272829639,-0.5180768677325367,-0.8259158112112279,-0.049910841603365216,0.4525420410599747,0.5921363837029286,0.5984200244972077,-0.5677357123531935,1.0166802978345602,0.17254860354187443,-0.2400308845431089,-0.703313033818408,0.8425020132862888,-0.18823674154144757,-0.8216807382851261,-0.4845015831115092,2.813406162872353,-0.3688754728507201,-0.25025239784318276,-0.25025239784318276,-0.3168886398119078,-0.34517957090507656,-0.4014323141823005,-0.35203923635246104,-0.30586777135731963,3.230291412348993,-0.23711790231526927,-0.23261172892368465,-0.17133069613002574,2.7109419671410064,-0.37549677868472187,-0.4724995385748947,-0.20892772350933622,-0.6316139407998891,-0.18275344379265376,-0.42974956042407375,-0.12427395320024001,-0.5377877706628423,-0.2459346884189824,-0.18823674154144757,-0.3853201470472626,-0.17133069613002574,Absent,0.0
0.08622333304426316,-0.4448075766514941,0.0029212350034959643,0.7137823407702556,-0.8937443600884983,-0.4750292826783041,0.2094211830522687,-0.2920981357303962,-0.6533456711305905,-0.4835766264950521,0.17534350180160066,-0.5202033080298868,-0.8300138192564503,0.17254860354187443,-0.44787720155632016,0.05624185842836647,-0.586220346434173,-0.18823674154144757,1.217017697271366,-0.4845015831115092,-0.3554410355663144,-0.3688754728507201,-0.25025239784318276,-0.25025239784318276,-0.3168886398119078,-0.34517957090507656,-0.4014323141823005,-0.35203923635246104,-0.30586777135731963,3.230291412348993,-0.23711790231526927,-0.23261172892368465,-0.17133069613002574,-0.3688754728507201,-0.37549677868472187,2.116404183200049,-0.20892772350933622,-0.6316139407998891,-0.18275344379265376,2.3269366442474237,-0.12427395320024001,-0.5377877706628423,-0.2459346884189824,-0.18823674154144757,-0.3853201470472626,-0.17133069613002574,Low,0.03
-0.1101120486928893,-0.6099522989516073,-0.19750088827996365,1.4307451248157446,-0.5631309041570317,0.2653891802544973,0.23099070376609154,0.5797761231269155,0.035225923252214256,-0.3939338756452204,-1.3054243276330237,0.6586003191881206,-0.9602074675856866,-0.8139792819257992,-0.7596466770761371,-1.0186991482461345,-0.8663619855950478,-0.18823674154144757,-0.8216807382851261,-0.4845015831115092,-0.3554410355663144,-0.3688754728507201,3.995965707495983,-0.25025239784318276,-0.3168886398119078,-0.34517957090507656,-0.4014323141823005,-0.35203923635246104,3.269386622730461,-0.30956959368344517,-0.23711790231526927,-0.23261172892368465,-0.17133069613002574,-0.3688754728507201,-0.37549677868472187,-0.4724995385748947,-0.20892772350933622,-0.6316139407998891,-0.18275344379265376,-0.42974956042407375,-0.12427395320024001,-0.5377877706628423,-0.2459346884189824,5.312459150169743,-0.3853201470472626,-0.17133069613002574,Absent,0.0
0.9893660890351645,0.21577131254895845,0.2701507327147754,-1.2322595016389288,-0.1755151282373813,-0.6816576909386207,-0.6425748851437337,-1.4545971475401451,-0.7994063123633066,-0.7076835036196315,1.0214965471928146,-1.550705833759177,1.1126124597613658,0.9946551747649358,1.4331319674132421,1.359837798062969,0.2542045710484516,-0.18823674154144757,-0.8216807382851261,-0.4845015831115092,-0.3554410355663144,2.7109419671410064,-0.25025239784318276,-0.25025239784318276,-0.3168886398119078,-0.34517957090507656,-0.4014323141823005,-0.35203923635246104,-0.30586777135731963,-0.30956959368344517,-0.23711790231526927,-0.23261172892368465,-0.17133069613002574,2.7109419671410064,-0.37549677868472187,-0.4724995385748947,-0.20892772350933622,-0.6316139407998891,-0.18275344379265376,2.3269366442474237,-0.12427395320024001,-0.5377877706628423,-0.2459346884189824,-0.18823674154144757,-0.3853201470472626,-0.17133069613002574,Absent,0.0
-0.7383852702517772,-0.857669382401777,-0.4647303859912431,0.4065125761793317,-0.3921239441924801,-0.12203908523359643,0.40354686947667434,-0.26787940631769314,0.014360117361826233,-0.08018424767080934,0.38688176314940415,-0.06959611504493883,-0.9019629407015547,2.6388683172110583,-0.37513099060169625,-2.6823609018523915,1.7389552586010886,-0.18823674154144757,1.217017697271366,-0.4845015831115092,-0.3554410355663144,-0.3688754728507201,-0.25025239784318276,-0.25025239784318276,3.155682704793582,-0.34517957090507656,-0.4014323141823005,-0.35203923635246104,-0.30586777135731963,-0.30956959368344517,-0.23711790231526927,-0.23261172892368465,-0.17133069613002574,-0.3688754728507201,-0.37549677868472187,2.116404183200049,-0.20892772350933622,-0.6316139407998891,-0.18275344379265376,-0.42974956042407375,-0.12427395320024001,-0.5377877706628423,-0.2459346884189824,-0.18823674154144757,-0.3853201470472626,5.836665714829544,Absent,0.0
0.24329163843398516,-0.36223521550143756,0.2701507327147754,1.8745792292248569,0.5541145676113725,0.2051225611785716,0.44668591090432,1.1852443584444932,1.2454426648947194,-0.4835766264950521,-1.5169625889808274,0.6643042077069173,-0.9670597648661728,-1.307243224659636,-0.19846162114046662,-0.5640174999461622,-0.8663619855950478,-0.18823674154144757,-0.8216807382851261,2.0639767440550294,-0.3554410355663144,-0.3688754728507201,-0.25025239784318276,-0.25025239784318276,-0.3168886398119078,-0.34517957090507656,-0.4014323141823005,-0.35203923635246104,-0.30586777135731963,-0.30956959368344517,-0.23711790231526927,-0.23261172892368465,-0.17133069613002574,-0.3688754728507201,-0.37549677868472187,-0.4724995385748947,4.786344211304794,-0.6316139407998891,-0.18275344379265376,-0.42974956042407375,-0.12427395320024001,-0.5377877706628423,4.066120181860509,-0.18823674154144757,-0.3853201470472626,-0.17133069613002574,Absent,0.0
0.16475748573912416,-0.4448075766514941,0.06972860943131583,0.7820645106793498,-0.9393462160790454,-0.4922483166999971,0.241775464123003,-0.34053559455580246,-0.7368088946921426,-0.528398001919968,0.38688176314940415,-0.5468214544509385,-0.8300138192564503,0.8302338605203236,-1.933978368200781,1.399261062366435,1.3747711276919512,-0.18823674154144757,1.217017697271366,-0.4845015831115092,-0.3554410355663144,-0.3688754728507201,-0.25025239784318276,-0.25025239784318276,-0.3168886398119078,-0.34517957090507656,-0.4014323141823005,-0.35203923635246104,-0.30586777135731963,3.230291412348993,-0.23711790231526927,-0.23261172892368465,-0.17133069613002574,-0.3688754728507201,-0.37549677868472187,2.116404183200049,-0.20892772350933622,-0.6316139407998891,-0.18275344379265376,2.3269366442474237,-0.12427395320024001,-0.5377877706628423,-0.2459346884189824,-0.18823674154144757,-0.3853201470472626,-0.17133069613002574,Low,0.03
1.5391051578991914,0.4222022154240999,0.7378023537095145,-1.3005416715480231,-0.20971652023029164,-0.767752861047086,-0.7612072490697593,-1.5756907946036607,-1.195856624280679,-0.9766117561691267,0.5984200244972077,-1.6324615691952646,1.5511594857124777,-0.6495579676811869,0.4770389091524701,0.6896423049040504,-0.9504044773433103,-0.18823674154144757,-0.8216807382851261,-0.4845015831115092,-0.3554410355663144,2.7109419671410064,-0.25025239784318276,-0.25025239784318276,-0.3168886398119078,-0.34517957090507656,-0.4014323141823005,-0.35203923635246104,-0.30586777135731963,-0.30956959368344517,-0.23711790231526927,-0.23261172892368465,-0.17133069613002574,-0.3688754728507201,2.6631386919024123,-0.4724995385748947,-0.20892772350933622,-0.6316139407998891,-0.18275344379265376,-0.42974956042407375,-0.12427395320024001,-0.5377877706628423,-0.2459346884189824,-0.18823674154144757,-0.3853201470472626,-0.17133069613002574,Absent,0.0
-2.152000018759275,-1.435675910452173,-1.9344926234032802,-0.3104502078661573,-0.03870956026573997,-0.294229425450527,-0.5023730005038852,0.45868247606339996,0.8907239647581232,0.5024936328530969,-0.036194759546202826,1.170048989706901,-0.8026046301345059,-0.15629402494735012,-0.14650004188716378,0.045728987947442255,0.618388701957589,-0.18823674154144757,1.217017697271366,-0.4845015831115092,-0.3554410355663144,-0.3688754728507201,-0.25025239784318276,-0.25025239784318276,3.155682704793582,-0.34517957090507656,-0.4014323141823005,-0.35203923635246104,-0.30586777135731963,-0.30956959368344517,-0.23711790231526927,-0.23261172892368465,-0.17133069613002574,-0.3688754728507201,-0.37549677868472187,2.116404183200049,-0.20892772350933622,-0.6316139407998891,-0.18275344379265376,-0.42974956042407375,-0.12427395320024001,1.8594695799189802,-0.2459346884189824,-0.18823674154144757,-0.3853201470472626,-0.17133069613002574,Absent,0.0
-0.03157789599802832,-0.568666118376579,-0.0638861394243239,0.7137823407702556,1.1583391594861217,2.004511616445496,1.0182782098206256,0.6524323113650248,0.5151394587311388,-0.6628621281947156,-0.6708095435896133,0.3068605271956506,-0.9019629407015547,0.33696991778648666,0.8407699639255899,0.014190376504669613,1.710941094685001,-0.18823674154144757,1.217017697271366,-0.4845015831115092,-0.3554410355663144,-0.3688754728507201,-0.25025239784318276,-0.25025239784318276,-0.3168886398119078,-0.34517957090507656,-0.4014323141823005,2.840592458843996,-0.30586777135731963,-0.30956959368344517,-0.23711790231526927,-0.23261172892368465,-0.17133069613002574,-0.3688754728507201,-0.37549677868472187,2.116404183200049,-0.20892772350933622,-0.6316139407998891,-0.18275344379265376,-0.42974956042407375,-0.12427395320024001,1.8594695799189802,-0.2459346884189824,-0.18823674154144757,-0.3853201470472626,-0.17133069613002574,Low,0.03
0.20402456208655464,-0.40352139607646587,0.1365359838591357,0.7820645106793498,-0.9393462160790454,-0.4836387996891506,0.26334498483682584,-0.34053559455580246,-0.7785405064729186,-0.5732193773448838,0.17534350180160066,-0.543018862105074,-0.8265876706162073,1.9811830602326093,-0.06336151508187927,-1.9963961029720865,1.0105869967828138,-0.18823674154144757,1.217017697271366,-0.4845015831115092,-0.3554410355663144,-0.3688754728507201,-0.25025239784318276,-0.25025239784318276,-0.3168886398119078,-0.34517957090507656,-0.4014323141823005,-0.35203923635246104,-0.30586777135731963,3.230291412348993,-0.23711790231526927,-0.23261172892368465,-0.17133069613002574,-0.3688754728507201,-0.37549677868472187,2.116404183200049,-0.20892772350933622,-0.6316139407998891,-0.18275344379265376,2.3269366442474237,-0.12427395320024001,-0.5377877706628423,-0.2459346884189824,-0.18823674154144757,-0.3853201470472626,-0.17133069613002574,Low,0.03
0.28255871478141564,-0.6925246601016639,0.06972860943131583,1.3966040398611974,1.0329340555121171,1.2813121875343876,1.8918437987304508,0.9430570643174621,1.1828452472235556,-0.9317903807442108,-0.8823478049374168,0.19278275681971443,-0.9670597648661728,-0.3207153391919624,0.8719469114775715,0.3085507499705476,-1.0624611330076603,-0.18823674154144757,1.217017697271366,-0.4845015831115092,-0.3554410355663144,-0.3688754728507201,-0.25025239784318276,-0.25025239784318276,-0.3168886398119078,-0.34517957090507656,-0.4014323141823005,2.840592458843996,-0.30586777135731963,-0.30956959368344517,-0.23711790231526927,-0.23261172892368465,-0.17133069613002574,-0.3688754728507201,-0.37549677868472187,-0.4724995385748947,-0.20892772350933622,1.5832456116050555,-0.18275344379265376,-0.42974956042407375,-0.12427395320024001,1.8594695799189802,-0.2459346884189824,-0.18823674154144757,-0.3853201470472626,-0.17133069613002574,Low,0.03
1.0679002417300256,0.25705749312398674,0.3369581071425953,-1.2322595016389288,-0.20971652023029164,-0.7074862419711603,-0.674929166214468,-1.4545971475401451,-0.8620037300344707,-0.7525048790445473,1.0214965471928146,-1.613448607465942,1.174283135285741,0.5013912320310989,0.9446931224321955,0.9314383259653073,0.4783178823771515,-0.18823674154144757,-0.8216807382851261,-0.4845015831115092,-0.3554410355663144,2.7109419671410064,-0.25025239784318276,-0.25025239784318276,-0.3168886398119078,-0.34517957090507656,-0.4014323141823005,-0.35203923635246104,-0.30586777135731963,-0.30956959368344517,-0.23711790231526927,-0.23261172892368465,-0.17133069613002574,2.7109419671410064,-0.37549677868472187,-0.4724995385748947,-0.20892772350933622,-0.6316139407998891,-0.18275344379265376,2.3269366442474237,-0.12427395320024001,-0.5377877706628423,-0.2459346884189824,-0.18823674154144757,-0.3853201470472626,-0.17133069613002574,Absent,0.0
0.9500990126877341,1.9085047161251183,1.0050318514207939,-1.0615540768661935,1.0101331275168435,-0.6127815548518485,-0.8474853319250508,-0.7038165357463491,-0.5907482534594264,0.816243260827508,0.8099582858450112,-0.993626055090022,1.6059778639563669,-0.6495579676811869,-1.4663241549210555,0.621308646778043,0.3102328988806266,-0.18823674154144757,-0.8216807382851261,2.0639767440550294,-0.3554410355663144,-0.3688754728507201,-0.25025239784318276,-0.25025239784318276,-0.3168886398119078,2.8970428272390354,-0.4014323141823005,-0.35203923635246104,-0.30586777135731963,-0.30956959368344517,-0.23711790231526927,-0.23261172892368465,-0.17133069613002574,2.7109419671410064,-0.37549677868472187,-0.4724995385748947,-0.20892772350933622,-0.6316139407998891,-0.18275344379265376,-0.42974956042407375,-0.12427395320024001,-0.5377877706628423,-0.2459346884189824,-0.18823674154144757,-0.3853201470472626,-0.17133069613002574,Absent,0.0
-3.015875698402746,-1.5182482716022296,-2.7361811165371184,-0.3787323777752515,-0.30092023221138586,0.015713186939948016,-0.2111844708672768,-0.19522321807958384,0.3690788174984226,1.2196356396517507,1.4445730698884216,0.1623620180527981,-0.6347233467625958,0.9946551747649358,-0.3231694113483934,-0.2065799035947389,1.7389552586010886,-0.18823674154144757,1.217017697271366,-0.4845015831115092,-0.3554410355663144,-0.3688754728507201,-0.25025239784318276,-0.25025239784318276,3.155682704793582,-0.34517957090507656,-0.4014323141823005,-0.35203923635246104,-0.30586777135731963,-0.30956959368344517,-0.23711790231526927,-0.23261172892368465,-0.17133069613002574,-0.3688754728507201,-0.37549677868472187,2.116404183200049,-0.20892772350933622,-0.6316139407998891,-0.18275344379265376,-0.42974956042407375,-0.12427395320024001,-0.5377877706628423,-0.2459346884189824,-0.18823674154144757,-0.3853201470472626,5.836665714829544,Low,0.02
-2.54467078223358,-1.6421068133273145,-2.535758993253659,-0.7201432273207224,-0.6201332241452157,-0.6041720378410019,-0.9229786544234307,-0.14678575925417764,-0.5907482534594264,0.5921363837029286,0.5984200244972077,0.717540500549021,-0.29553463137853264,0.9946551747649358,0.21723101288595598,-0.8688907438929644,1.7389552586010886,-0.18823674154144757,1.217017697271366,-0.4845015831115092,-0.3554410355663144,-0.3688754728507201,-0.25025239784318276,-0.25025239784318276,3.155682704793582,-0.34517957090507656,-0.4014323141823005,-0.35203923635246104,-0.30586777135731963,-0.30956959368344517,-0.23711790231526927,-0.23261172892368465,-0.17133069613002574,-0.3688754728507201,-0.37549677868472187,2.116404183200049,-0.20892772350933622,-0.6316139407998891,-0.18275344379265376,-0.42974956042407375,-0.12427395320024001,1.8594695799189802,-0.2459346884189824,-0.18823674154144757,-0.3853201470472626,-0.17133069613002574,Low,0.06
-2.2698012478015666,-0.8163832018267487,-1.6004557512641808,-0.3445912928207044,-0.1299132722468342,0.0415417379724876,-0.14647590872580826,-0.14678575925417764,0.5151394587311388,1.2196356396517507,1.2330348085406182,0.2194009032407662,-0.5524957793967623,1.159076489009548,1.4435242832639026,1.846058057805714,1.318742799859776,-0.18823674154144757,1.217017697271366,-0.4845015831115092,-0.3554410355663144,-0.3688754728507201,-0.25025239784318276,-0.25025239784318276,3.155682704793582,-0.34517957090507656,-0.4014323141823005,-0.35203923635246104,-0.30586777135731963,-0.30956959368344517,-0.23711790231526927,-0.23261172892368465,-0.17133069613002574,-0.3688754728507201,-0.37549677868472187,2.116404183200049,-0.20892772350933622,-0.6316139407998891,-0.18275344379265376,-0.42974956042407375,-0.12427395320024001,-0.5377877706628423,-0.2459346884189824,-0.18823674154144757,-0.3853201470472626,5.836665714829544,Low,0.02
0.9893660890351645,0.21577131254895845,0.2701507327147754,-1.2322595016389288,-0.1755151282373813,-0.6816576909386207,-0.6425748851437337,-1.4545971475401451,-0.7994063123633066,-0.7076835036196315,1.0214965471928146,-1.550705833759177,1.1126124597613658,0.9946551747649358,1.4331319674132421,1.359837798062969,0.2542045710484516,-0.18823674154144757,-0.8216807382851261,-0.4845015831115092,-0.3554410355663144,2.7109419671410064,-0.25025239784318276,-0.25025239784318276,-0.3168886398119078,-0.34517957090507656,-0.4014323141823005,-0.35203923635246104,-0.30586777135731963,-0.30956959368344517,-0.23711790231526927,-0.23261172892368465,-0.17133069613002574,2.7109419671410064,-0.37549677868472187,-0.4724995385748947,-0.20892772350933622,-0.6316139407998891,-0.18275344379265376,2.3269366442474237,-0.12427395320024001,-0.5377877706628423,-0.2459346884189824,-0.18823674154144757,-0.3853201470472626,-0.17133069613002574,Absent,0.0
-2.8195403166655937,-1.3118173687270882,-2.3353368699701993,-0.3787323777752515,-0.25531837622083875,0.024322703950794545,-0.18961495015345395,-0.19522321807958384,0.3690788174984226,1.2644570150766667,1.4445730698884216,0.22890738410542755,-0.6175926035613805,-0.48513665343657464,1.3084241772053153,1.6095184719849192,0.5903745380415015,-0.18823674154144757,1.217017697271366,-0.4845015831115092,-0.3554410355663144,-0.3688754728507201,-0.25025239784318276,-0.25025239784318276,3.155682704793582,-0.34517957090507656,-0.4014323141823005,-0.35203923635246104,-0.30586777135731963,-0.30956959368344517,-0.23711790231526927,-0.23261172892368465,-0.17133069613002574,-0.3688754728507201,2.6631386919024123,-0.4724995385748947,-0.20892772350933622,-0.6316139407998891,-0.18275344379265376,-0.42974956042407375,-0.12427395320024001,-0.5377877706628423,-0.2459346884189824,-0.18823674154144757,-0.3853201470472626,5.836665714829544,Low,0.02
1.107167318077456,1.2479258269246656,0.470572855998235,-0.8567075671389108,0.9645312715262965,-0.06177246615767073,-0.28667779336565674,-0.6311603475082397,0.702931711744631,-0.08018424767080934,1.2330348085406182,-1.6362641615411293,1.1571523920845257,-0.48513665343657464,0.9758700699841772,0.9051561497629969,0.17016207930018915,-0.18823674154144757,-0.8216807382851261,-0.4845015831115092,2.813406162872353,-0.3688754728507201,-0.25025239784318276,-0.25025239784318276,-0.3168886398119078,-0.34517957090507656,-0.4014323141823005,-0.35203923635246104,-0.30586777135731963,-0.30956959368344517,-0.23711790231526927,-0.23261172892368465,-0.17133069613002574,2.7109419671410064,-0.37549677868472187,-0.4724995385748947,-0.20892772350933622,-0.6316139407998891,-0.18275344379265376,-0.42974956042407375,-0.12427395320024001,-0.5377877706628423,-0.2459346884189824,-0.18823674154144757,-0.3853201470472626,-0.17133069613002574,Absent,0.0
-0.38498158312490277,0.876350201749411,1.472683472415533,-1.2322595016389288,-2.250399575807275,-1.8697710384354416,-1.2680909858445963,-1.6967844416671762,-2.906852707292497,1.533385267626162,-0.036194759546202826,1.2651137983535146,1.838955971492895,-1.1428219104150237,-0.09453846263386097,-0.5351071061236206,-0.22203621552503566,-0.18823674154144757,-0.8216807382851261,-0.4845015831115092,-0.3554410355663144,-0.3688754728507201,-0.25025239784318276,-0.25025239784318276,-0.3168886398119078,-0.34517957090507656,-0.4014323141823005,-0.35203923635246104,-0.30586777135731963,-0.30956959368344517,-0.23711790231526927,-0.23261172892368465,-0.17133069613002574,-0.3688754728507201,-0.37549677868472187,-0.4724995385748947,-0.20892772350933622,-0.6316139407998891,-0.18275344379265376,-0.42974956042407375,-0.12427395320024001,-0.5377877706628423,-0.2459346884189824,-0.18823674154144757,-0.3853201470472626,-0.17133069613002574,Absent,0.0
-2.1912670951067055,-1.5182482716022296,-2.06810737225892,-0.2763091229116102,-0.015908632270466416,-0.27701039142883394,-0.4915882401469738,0.43446374665069687,0.8489923529773471,0.4576722574281811,-0.036194759546202826,1.168147693533969,-0.8163092246954781,-0.6495579676811869,0.8615545956269111,0.6055393410566566,0.7864736854541139,-0.18823674154144757,-0.8216807382851261,-0.4845015831115092,-0.3554410355663144,-0.3688754728507201,-0.25025239784318276,-0.25025239784318276,-0.3168886398119078,-0.34517957090507656,-0.4014323141823005,-0.35203923635246104,-0.30586777135731963,-0.30956959368344517,-0.23711790231526927,-0.23261172892368465,-0.17133069613002574,-0.3688754728507201,-0.37549677868472187,2.116404183200049,-0.20892772350933622,-0.6316139407998891,-0.18275344379265376,-0.42974956042407375,-0.12427395320024001,1.8594695799189802,-0.2459346884189824,-0.18823674154144757,-0.3853201470472626,-0.17133069613002574,Absent,0.0
0.24329163843398516,-0.7750970212517204,-0.2643082627077835,0.850346680588444,0.782123847564108,1.1435599153608431,1.2231886566019425,0.8946196054920558,0.2856155939368705,-0.9317903807442108,-1.5169625889808274,0.39432015115053504,-0.9053890893417977,-1.1428219104150237,0.4978235408537912,-0.14087446308896256,0.9825728328667263,-0.18823674154144757,-0.8216807382851261,-0.4845015831115092,-0.3554410355663144,-0.3688754728507201,-0.25025239784318276,3.995965707495983,-0.3168886398119078,-0.34517957090507656,-0.4014323141823005,-0.35203923635246104,3.269386622730461,-0.30956959368344517,-0.23711790231526927,-0.23261172892368465,-0.17133069613002574,-0.3688754728507201,-0.37549677868472187,-0.4724995385748947,-0.20892772350933622,1.5832456116050555,-0.18275344379265376,-0.42974956042407375,-0.12427395320024001,-0.5377877706628423,-0.2459346884189824,-0.18823674154144757,2.5952445198183276,-0.17133069613002574,Absent,0.0
0.24329163843398516,-0.40352139607646587,0.20334335828695557,1.908720314179404,0.5199131756184622,0.2309511122111112,0.5006097126888771,1.16102562903179,1.1828452472235556,-0.528398001919968,-1.5169625889808274,0.6719093923986464,-0.9670597648661728,0.008127289297262145,0.7264544895683237,-0.8899164848548129,-1.0624611330076603,-0.18823674154144757,-0.8216807382851261,2.0639767440550294,-0.3554410355663144,-0.3688754728507201,-0.25025239784318276,-0.25025239784318276,-0.3168886398119078,-0.34517957090507656,-0.4014323141823005,-0.35203923635246104,3.269386622730461,-0.30956959368344517,-0.23711790231526927,-0.23261172892368465,-0.17133069613002574,-0.3688754728507201,-0.37549677868472187,-0.4724995385748947,-0.20892772350933622,1.5832456116050555,-0.18275344379265376,-0.42974956042407375,-0.12427395320024001,-0.5377877706628423,4.066120181860509,-0.18823674154144757,-0.3853201470472626,-0.17133069613002574,Absent,0.0
0.3610928674762766,-0.7750970212517204,-0.3311156371356034,0.6455001708611614,0.8961284875404758,1.289921704545234,1.3957448223125253,0.45868247606339996,0.41081042927919864,-1.0214331315940426,-1.5169625889808274,0.2384138649700889,-0.8814060488600962,-0.8139792819257992,1.02783164923748,-0.0015789292167167092,-0.1660078876928607,5.312459150169743,-0.8216807382851261,-0.4845015831115092,-0.3554410355663144,-0.3688754728507201,-0.25025239784318276,-0.25025239784318276,-0.3168886398119078,-0.34517957090507656,-0.4014323141823005,-0.35203923635246104,3.269386622730461,-0.30956959368344517,-0.23711790231526927,-0.23261172892368465,-0.17133069613002574,-0.3688754728507201,-0.37549677868472187,-0.4724995385748947,-0.20892772350933622,1.5832456116050555,-0.18275344379265376,-0.42974956042407375,-0.12427395320024001,-0.5377877706628423,-0.2459346884189824,-0.18823674154144757,2.5952445198183276,-0.17133069613002574,Absent,0.0
0.40035994382370715,-0.568666118376579,0.06972860943131583,1.191757530133915,1.0671354475050274,2.0131211334563424,1.5251619465954624,0.8219634172539465,0.7863949353061831,-1.1110758824438742,-1.5169625889808274,0.16046072187986585,-0.9327982784637422,-0.8139792819257992,-0.81160825632944,0.01944681174513172,-0.10997955986068572,-0.18823674154144757,-0.8216807382851261,-0.4845015831115092,-0.3554410355663144,-0.3688754728507201,3.995965707495983,-0.25025239784318276,-0.3168886398119078,-0.34517957090507656,-0.4014323141823005,-0.35203923635246104,-0.30586777135731963,-0.30956959368344517,-0.23711790231526927,4.299009360478467,-0.17133069613002574,-0.3688754728507201,-0.37549677868472187,-0.4724995385748947,-0.20892772350933622,1.5832456116050555,-0.18275344379265376,-0.42974956042407375,-0.12427395320024001,1.8594695799189802,-0.2459346884189824,-0.18823674154144757,-0.3853201470472626,-0.17133069613002574,Absent,0.0
0.40035994382370715,-0.568666118376579,0.06972860943131583,1.1576164451793678,1.0671354475050274,2.0303401674780353,1.4820229051678167,0.8219634172539465,0.723797517635019,-1.0662545070189584,-1.3054243276330237,0.15475683336106902,-0.9293721298234991,-1.1428219104150237,0.4250773298991673,0.082524034630677,-0.3901211990215606,-0.18823674154144757,-0.8216807382851261,-0.4845015831115092,-0.3554410355663144,-0.3688754728507201,3.995965707495983,-0.25025239784318276,-0.3168886398119078,-0.34517957090507656,-0.4014323141823005,-0.35203923635246104,3.269386622730461,-0.30956959368344517,-0.23711790231526927,-0.23261172892368465,-0.17133069613002574,-0.3688754728507201,-0.37549677868472187,-0.4724995385748947,4.786344211304794,-0.6316139407998891,-0.18275344379265376,-0.42974956042407375,-0.12427395320024001,1.8594695799189802,-0.2459346884189824,-0.18823674154144757,-0.3853201470472626,-0.17133069613002574,Absent,0.0
0.40035994382370715,-0.568666118376579,0.06972860943131583,1.191757530133915,1.0671354475050274,2.0131211334563424,1.5251619465954624,0.8219634172539465,0.7863949353061831,-1.1110758824438742,-1.5169625889808274,0.16046072187986585,-0.9327982784637422,-0.8139792819257992,-0.81160825632944,0.01944681174513172,-0.10997955986068572,-0.18823674154144757,-0.8216807382851261,-0.4845015831115092,-0.3554410355663144,-0.3688754728507201,3.995965707495983,-0.25025239784318276,-0.3168886398119078,-0.34517957090507656,-0.4014323141823005,-0.35203923635246104,-0.30586777135731963,-0.30956959368344517,-0.23711790231526927,4.299009360478467,-0.17133069613002574,-0.3688754728507201,-0.37549677868472187,-0.4724995385748947,-0.20892772350933622,1.5832456116050555,-0.18275344379265376,-0.42974956042407375,-0.12427395320024001,1.8594695799189802,-0.2459346884189824,-0.18823674154144757,-0.3853201470472626,-0.17133069613002574,Low,0.03
0.6752294782557205,-0.857669382401777,-0.2643082627077835,1.1234753602248206,1.1697396234837585,1.530988180848937,2.830117949781745,0.3133700995871813,0.682065905854243,-1.4696468858432012,-1.5169625889808274,-0.17416740455621368,-0.9293721298234991,-1.1428219104150237,0.20683869703529542,0.2980378794896234,0.5903745380415015,5.312459150169743,-0.8216807382851261,-0.4845015831115092,-0.3554410355663144,-0.3688754728507201,-0.25025239784318276,-0.25025239784318276,-0.3168886398119078,-0.34517957090507656,-0.4014323141823005,-0.35203923635246104,3.269386622730461,-0.30956959368344517,-0.23711790231526927,-0.23261172892368465,-0.17133069613002574,-0.3688754728507201,-0.37549677868472187,-0.4724995385748947,-0.20892772350933622,1.5832456116050555,-0.18275344379265376,-0.42974956042407375,-0.12427395320024001,1.8594695799189802,-0.2459346884189824,-0.18823674154144757,-0.3853201470472626,-0.17133069613002574,Absent,0.0
0.6752294782557205,-0.857669382401777,-0.2643082627077835,1.1234753602248206,1.1697396234837585,1.530988180848937,2.830117949781745,0.3133700995871813,0.682065905854243,-1.4696468858432012,-1.5169625889808274,-0.17416740455621368,-0.9293721298234991,-1.1428219104150237,0.20683869703529542,0.2980378794896234,0.5903745380415015,5.312459150169743,-0.8216807382851261,-0.4845015831115092,-0.3554410355663144,-0.3688754728507201,-0.25025239784318276,-0.25025239784318276,-0.3168886398119078,-0.34517957090507656,-0.4014323141823005,-0.35203923635246104,3.269386622730461,-0.30956959368344517,-0.23711790231526927,-0.23261172892368465,-0.17133069613002574,-0.3688754728507201,-0.37549677868472187,-0.4724995385748947,-0.20892772350933622,1.5832456116050555,-0.18275344379265376,-0.42974956042407375,-0.12427395320024001,1.8594695799189802,-0.2459346884189824,-0.18823674154144757,-0.3853201470472626,-0.17133069613002574,Absent,0.0
-0.1101120486928893,-1.1879588270020034,-0.6651525092747027,0.850346680588444,0.5655150316090093,0.9111029560679869,1.6545790708783994,-0.0014733827779590076,0.3064813998272585,-1.0214331315940426,-0.8823478049374168,0.03877776681220056,-0.9430767243844714,-0.6495579676811869,-1.36240099641445,0.6712447815624331,1.6268986029367385,-0.18823674154144757,1.217017697271366,-0.4845015831115092,-0.3554410355663144,-0.3688754728507201,-0.25025239784318276,-0.25025239784318276,-0.3168886398119078,-0.34517957090507656,2.49107997704907,-0.35203923635246104,-0.30586777135731963,-0.30956959368344517,-0.23711790231526927,-0.23261172892368465,-0.17133069613002574,-0.3688754728507201,-0.37549677868472187,2.116404183200049,-0.20892772350933622,-0.6316139407998891,-0.18275344379265376,-0.42974956042407375,-0.12427395320024001,1.8594695799189802,-0.2459346884189824,-0.18823674154144757,-0.3853201470472626,-0.17133069613002574,Absent,0.0
0.20402456208655464,-0.6925246601016639,0.06972860943131583,1.3283218699521033,1.0101331275168435,1.2210455684584618,1.8055657158751595,0.9430570643174621,1.1411136354427793,-0.8869690053192949,-0.6708095435896133,0.21179571854903712,-0.9636336162259298,-0.48513665343657464,-0.36473867475103566,-0.14087446308896256,-0.9784186412593978,-0.18823674154144757,1.217017697271366,-0.4845015831115092,-0.3554410355663144,-0.3688754728507201,-0.25025239784318276,-0.25025239784318276,-0.3168886398119078,-0.34517957090507656,-0.4014323141823005,2.840592458843996,-0.30586777135731963,-0.30956959368344517,-0.23711790231526927,-0.23261172892368465,-0.17133069613002574,-0.3688754728507201,-0.37549677868472187,-0.4724995385748947,-0.20892772350933622,1.5832456116050555,-0.18275344379265376,-0.42974956042407375,-0.12427395320024001,1.8594695799189802,-0.2459346884189824,-0.18823674154144757,-0.3853201470472626,-0.17133069613002574,Absent,0.0
0.08622333304426316,-0.4860937572265224,0.0029212350034959643,0.7479234257248026,-0.9051448240861351,-0.4836387996891506,0.19863642269535728,-0.31631686514309937,-0.6533456711305905,-0.4835766264950521,0.17534350180160066,-0.5183020118569546,-0.8368661165369364,0.17254860354187443,1.5370551259198477,1.3756071037843554,1.0105869967828138,-0.18823674154144757,1.217017697271366,-0.4845015831115092,-0.3554410355663144,-0.3688754728507201,-0.25025239784318276,-0.25025239784318276,-0.3168886398119078,-0.34517957090507656,-0.4014323141823005,-0.35203923635246104,-0.30586777135731963,3.230291412348993,-0.23711790231526927,-0.23261172892368465,-0.17133069613002574,-0.3688754728507201,-0.37549677868472187,2.116404183200049,-0.20892772350933622,-0.6316139407998891,-0.18275344379265376,2.3269366442474237,-0.12427395320024001,-0.5377877706628423,-0.2459346884189824,-0.18823674154144757,-0.3853201470472626,-0.17133069613002574,Low,0.03
-0.2279132777351808,-0.8163832018267487,-0.19750088827996365,0.850346680588444,0.7593229195688345,1.109121847317457,1.158480094460474,0.8946196054920558,0.744663323525407,-0.6628621281947156,-0.8823478049374168,0.4893849597971485,-0.9327982784637422,0.8302338605203236,-0.7076850978228343,-0.6376075933126317,-1.0624611330076603,-0.18823674154144757,1.217017697271366,-0.4845015831115092,-0.3554410355663144,-0.3688754728507201,-0.25025239784318276,-0.25025239784318276,-0.3168886398119078,-0.34517957090507656,2.49107997704907,-0.35203923635246104,-0.30586777135731963,-0.30956959368344517,-0.23711790231526927,-0.23261172892368465,5.836665714829544,-0.3688754728507201,-0.37549677868472187,-0.4724995385748947,-0.20892772350933622,-0.6316139407998891,-0.18275344379265376,-0.42974956042407375,-0.12427395320024001,1.8594695799189802,-0.2459346884189824,-0.18823674154144757,-0.3853201470472626,-0.17133069613002574,Absent,0.0
-1.2881243391158042,-1.1053864658519468,-1.1328041302694418,0.4065125761793317,1.2723437994624895,1.1866075004150758,0.5976725559010799,0.7735259584285403,1.7879536180448081,0.009458503179022398,-0.036194759546202826,0.7707767933911245,-0.9190936839027699,1.6523404317433847,-0.905139098985385,-0.6875437280970217,-0.02593706811242326,-0.18823674154144757,1.217017697271366,-0.4845015831115092,-0.3554410355663144,-0.3688754728507201,-0.25025239784318276,-0.25025239784318276,-0.3168886398119078,-0.34517957090507656,2.49107997704907,-0.35203923635246104,-0.30586777135731963,-0.30956959368344517,-0.23711790231526927,-0.23261172892368465,-0.17133069613002574,-0.3688754728507201,-0.37549677868472187,2.116404183200049,-0.20892772350933622,-0.6316139407998891,-0.18275344379265376,-0.42974956042407375,-0.12427395320024001,1.8594695799189802,-0.2459346884189824,-0.18823674154144757,-0.3853201470472626,-0.17133069613002574,Absent,0.0
0.08622333304426316,-0.7338108406766921,-0.0638861394243239,1.225898615088462,0.9645312715262965,1.367407357642853,1.848704757302805,1.0883694407936806,0.9115897706485112,-0.8869690053192949,-0.8823478049374168,0.316367008060312,-0.9567813189454436,2.1456043744772213,1.2772472296533337,0.7553477454098267,-0.530192018601998,-0.18823674154144757,1.217017697271366,-0.4845015831115092,-0.3554410355663144,-0.3688754728507201,-0.25025239784318276,-0.25025239784318276,-0.3168886398119078,-0.34517957090507656,-0.4014323141823005,2.840592458843996,-0.30586777135731963,-0.30956959368344517,-0.23711790231526927,-0.23261172892368465,-0.17133069613002574,-0.3688754728507201,-0.37549677868472187,-0.4724995385748947,-0.20892772350933622,1.5832456116050555,-0.18275344379265376,-0.42974956042407375,-0.12427395320024001,1.8594695799189802,-0.2459346884189824,-0.18823674154144757,-0.3853201470472626,-0.17133069613002574,Low,0.03
0.6359624019082901,-0.857669382401777,-0.2643082627077835,1.1576164451793678,1.1697396234837585,1.4965501128055507,2.8193331894248335,0.36180755841258755,0.702931711744631,-1.4248255104182854,-1.3054243276330237,-0.1912790701126041,-0.9327982784637422,-1.1428219104150237,-0.8531775197320822,0.3611151023751687,1.710941094685001,5.312459150169743,-0.8216807382851261,-0.4845015831115092,-0.3554410355663144,-0.3688754728507201,-0.25025239784318276,-0.25025239784318276,-0.3168886398119078,-0.34517957090507656,-0.4014323141823005,-0.35203923635246104,-0.30586777135731963,-0.30956959368344517,-0.23711790231526927,-0.23261172892368465,-0.17133069613002574,-0.3688754728507201,-0.37549677868472187,-0.4724995385748947,-0.20892772350933622,1.5832456116050555,-0.18275344379265376,-0.42974956042407375,-0.12427395320024001,1.8594695799189802,-0.2459346884189824,-0.18823674154144757,-0.3853201470472626,-0.17133069613002574,Absent,0.0
0.9500990126877341,0.7524916600243262,0.470572855998235,-0.5835788875025341,-0.20971652023029164,-0.5611244527867694,-0.11412162765507398,-0.8249101828098645,0.1812865644849304,-0.30429112479538867,1.656111331236225,-1.4632462098042927,0.6363777987675803,0.17254860354187443,0.08213090682736864,0.029959682226055936,-0.8943761495111354,-0.18823674154144757,1.217017697271366,-0.4845015831115092,-0.3554410355663144,-0.3688754728507201,-0.25025239784318276,-0.25025239784318276,-0.3168886398119078,-0.34517957090507656,-0.4014323141823005,2.840592458843996,-0.30586777135731963,-0.30956959368344517,-0.23711790231526927,-0.23261172892368465,-0.17133069613002574,-0.3688754728507201,2.6631386919024123,-0.4724995385748947,-0.20892772350933622,-0.6316139407998891,-0.18275344379265376,2.3269366442474237,-0.12427395320024001,-0.5377877706628423,-0.2459346884189824,-0.18823674154144757,-0.3853201470472626,-0.17133069613002574,Absent,0.0
-0.6991181939043467,1.4130705492247788,1.6731055956989926,-0.924989737048005,-2.09079307984036,-1.3790285688171895,-1.0739652994201907,-0.3889730533812087,-0.8411379241440827,2.2057058989999,0.17534350180160066,1.7613520994888372,0.5849855691639343,0.8302338605203236,-0.33356172719905397,-2.4747317098541384,-1.0624611330076603,-0.18823674154144757,-0.8216807382851261,2.0639767440550294,-0.3554410355663144,-0.3688754728507201,-0.25025239784318276,-0.25025239784318276,-0.3168886398119078,-0.34517957090507656,-0.4014323141823005,-0.35203923635246104,-0.30586777135731963,-0.30956959368344517,-0.23711790231526927,-0.23261172892368465,-0.17133069613002574,-0.3688754728507201,-0.37549677868472187,-0.4724995385748947,-0.20892772350933622,-0.6316139407998891,-0.18275344379265376,-0.42974956042407375,-0.12427395320024001,-0.5377877706628423,-0.2459346884189824,-0.18823674154144757,-0.3853201470472626,-0.17133069613002574,Absent,0.0
-0.6205840412094857,1.5369290909498636,1.8735277189824522,-0.924989737048005,-2.0679921518450866,-1.3618095347954964,-1.0631805390632791,-0.4131917827939118,-0.8828695359248587,2.2505272744248157,0.17534350180160066,1.8602195004813151,0.619247055566365,0.6658125462757112,0.8095930163736081,-1.0292120187270586,1.710941094685001,-0.18823674154144757,-0.8216807382851261,2.0639767440550294,-0.3554410355663144,-0.3688754728507201,-0.25025239784318276,-0.25025239784318276,-0.3168886398119078,-0.34517957090507656,-0.4014323141823005,-0.35203923635246104,-0.30586777135731963,-0.30956959368344517,-0.23711790231526927,-0.23261172892368465,-0.17133069613002574,-0.3688754728507201,-0.37549677868472187,-0.4724995385748947,-0.20892772350933622,-0.6316139407998891,-0.18275344379265376,-0.42974956042407375,-0.12427395320024001,-0.5377877706628423,-0.2459346884189824,-0.18823674154144757,-0.3853201470472626,-0.17133069613002574,Absent,0.0
-0.6598511175569163,1.6195014520999202,0.0029212350034959643,-0.7884253972298166,-0.9735476080719557,-1.0518669224050214,-1.160243382275482,-0.6795978063336459,0.5360052646215268,1.802313520175657,-0.036194759546202826,0.9666102992031483,0.6637869878895247,1.3234978032541602,0.19644638118463484,-2.3958851812472064,-0.8383478216789604,-0.18823674154144757,-0.8216807382851261,-0.4845015831115092,-0.3554410355663144,2.7109419671410064,-0.25025239784318276,-0.25025239784318276,-0.3168886398119078,-0.34517957090507656,-0.4014323141823005,-0.35203923635246104,-0.30586777135731963,-0.30956959368344517,-0.23711790231526927,-0.23261172892368465,-0.17133069613002574,-0.3688754728507201,-0.37549677868472187,-0.4724995385748947,-0.20892772350933622,-0.6316139407998891,-0.18275344379265376,-0.42974956042407375,-0.12427395320024001,-0.5377877706628423,-0.2459346884189824,-0.18823674154144757,-0.3853201470472626,-0.17133069613002574,Absent,0.0
-0.1101120486928893,-1.1879588270020034,-0.6651525092747027,0.850346680588444,0.5655150316090093,0.9111029560679869,1.6545790708783994,-0.0014733827779590076,0.3064813998272585,-1.0214331315940426,-0.8823478049374168,0.03877776681220056,-0.9430767243844714,-0.6495579676811869,-1.36240099641445,0.6712447815624331,1.6268986029367385,-0.18823674154144757,1.217017697271366,-0.4845015831115092,-0.3554410355663144,-0.3688754728507201,-0.25025239784318276,-0.25025239784318276,-0.3168886398119078,-0.34517957090507656,2.49107997704907,-0.35203923635246104,-0.30586777135731963,-0.30956959368344517,-0.23711790231526927,-0.23261172892368465,-0.17133069613002574,-0.3688754728507201,-0.37549677868472187,2.116404183200049,-0.20892772350933622,-0.6316139407998891,-0.18275344379265376,-0.42974956042407375,-0.12427395320024001,1.8594695799189802,-0.2459346884189824,-0.18823674154144757,-0.3853201470472626,-0.17133069613002574,Absent,0.0
0.24329163843398516,-0.4448075766514941,0.1365359838591357,0.7820645106793498,-0.962147144074319,-0.44059121463491796,0.44668591090432,-0.5100667004447241,-0.9871985653767988,-0.6180407527697998,-0.036194759546202826,-0.5392162697592094,-0.8265876706162073,0.6658125462757112,1.6409782844264533,1.215285828950261,0.562360374125414,-0.18823674154144757,-0.8216807382851261,2.0639767440550294,-0.3554410355663144,-0.3688754728507201,-0.25025239784318276,-0.25025239784318276,3.155682704793582,-0.34517957090507656,-0.4014323141823005,-0.35203923635246104,-0.30586777135731963,-0.30956959368344517,-0.23711790231526927,-0.23261172892368465,-0.17133069613002574,-0.3688754728507201,-0.37549677868472187,-0.4724995385748947,-0.20892772350933622,1.5832456116050555,-0.18275344379265376,-0.42974956042407375,-0.12427395320024001,-0.5377877706628423,-0.2459346884189824,-0.18823674154144757,-0.3853201470472626,5.836665714829544,Low,0.02
-0.1101120486928893,0.5460607571491848,1.6062982212711727,-1.3346827565025703,-2.4670083917623735,-1.9730852425655998,-1.3004452669153306,-1.9147530063815041,-3.4076320486618092,1.0851715133770032,-0.4592712822418098,1.2917319447745665,2.3220429297671665,-1.1428219104150237,1.5370551259198477,-0.5377353237438517,-0.8103336577628729,-0.18823674154144757,-0.8216807382851261,-0.4845015831115092,-0.3554410355663144,-0.3688754728507201,-0.25025239784318276,3.995965707495983,-0.3168886398119078,-0.34517957090507656,-0.4014323141823005,-0.35203923635246104,-0.30586777135731963,-0.30956959368344517,-0.23711790231526927,-0.23261172892368465,-0.17133069613002574,-0.3688754728507201,2.6631386919024123,-0.4724995385748947,-0.20892772350933622,-0.6316139407998891,-0.18275344379265376,-0.42974956042407375,-0.12427395320024001,-0.5377877706628423,-0.2459346884189824,-0.18823674154144757,-0.3853201470472626,-0.17133069613002574,Absent,0.0
1.2249685471197476,2.5277974247505424,1.472683472415533,-0.4470145476843457,0.33750575165627367,0.06737028900502719,-0.8798396129957851,0.4102450172379937,0.744663323525407,1.1748142642268349,1.0214965471928146,-1.1571375259621972,1.722466917724631,-0.9784005961704115,-1.570247313427661,0.5661160767531909,-0.642248674266348,-0.18823674154144757,-0.8216807382851261,-0.4845015831115092,2.813406162872353,-0.3688754728507201,-0.25025239784318276,-0.25025239784318276,-0.3168886398119078,-0.34517957090507656,-0.4014323141823005,-0.35203923635246104,-0.30586777135731963,-0.30956959368344517,-0.23711790231526927,-0.23261172892368465,-0.17133069613002574,-0.3688754728507201,-0.37549677868472187,-0.4724995385748947,-0.20892772350933622,-0.6316139407998891,-0.18275344379265376,-0.42974956042407375,-0.12427395320024001,-0.5377877706628423,-0.2459346884189824,-0.18823674154144757,-0.3853201470472626,-0.17133069613002574,Absent,0.0
1.185701470772317,2.5277974247505424,1.4058760979877132,-0.4470145476843457,0.3147048236610001,0.06737028900502719,-0.8690548526388736,0.4102450172379937,0.765529129415795,1.2196356396517507,1.0214965471928146,-1.1248154910223487,1.6882054313222004,-0.15629402494735012,-1.6845627877849274,0.9419511964462316,0.39427539062888906,-0.18823674154144757,-0.8216807382851261,-0.4845015831115092,2.813406162872353,-0.3688754728507201,-0.25025239784318276,-0.25025239784318276,-0.3168886398119078,-0.34517957090507656,-0.4014323141823005,-0.35203923635246104,-0.30586777135731963,-0.30956959368344517,-0.23711790231526927,-0.23261172892368465,-0.17133069613002574,-0.3688754728507201,-0.37549677868472187,-0.4724995385748947,-0.20892772350933622,-0.6316139407998891,-0.18275344379265376,-0.42974956042407375,-0.12427395320024001,-0.5377877706628423,-0.2459346884189824,-0.18823674154144757,-0.3853201470472626,-0.17133069613002574,Absent,0.0
0.8322977836454426,1.0827811046245526,0.20334335828695557,-0.8567075671389108,0.8391261675522919,-0.06177246615767073,-0.2651082726518339,-0.6069416180955366,0.765529129415795,0.009458503179022398,1.2330348085406182,-1.5583110184509061,0.955009622310185,-0.6495579676811869,1.5266628100691872,0.8210531859156031,-1.0064328051754854,-0.18823674154144757,-0.8216807382851261,-0.4845015831115092,2.813406162872353,-0.3688754728507201,-0.25025239784318276,-0.25025239784318276,-0.3168886398119078,-0.34517957090507656,-0.4014323141823005,-0.35203923635246104,-0.30586777135731963,3.230291412348993,-0.23711790231526927,-0.23261172892368465,-0.17133069613002574,2.7109419671410064,-0.37549677868472187,-0.4724995385748947,-0.20892772350933622,-0.6316139407998891,-0.18275344379265376,-0.42974956042407375,-0.12427395320024001,-0.5377877706628423,-0.2459346884189824,-0.18823674154144757,-0.3853201470472626,-0.17133069613002574,Absent,0.0
0.8322977836454426,1.0827811046245526,0.20334335828695557,-0.8567075671389108,0.8391261675522919,-0.06177246615767073,-0.2651082726518339,-0.6069416180955366,0.765529129415795,0.009458503179022398,1.2330348085406182,-1.5583110184509061,0.955009622310185,-0.6495579676811869,1.5266628100691872,0.8210531859156031,-1.0064328051754854,-0.18823674154144757,-0.8216807382851261,-0.4845015831115092,2.813406162872353,-0.3688754728507201,-0.25025239784318276,-0.25025239784318276,-0.3168886398119078,-0.34517957090507656,-0.4014323141823005,-0.35203923635246104,-0.30586777135731963,3.230291412348993,-0.23711790231526927,-0.23261172892368465,-0.17133069613002574,2.7109419671410064,-0.37549677868472187,-0.4724995385748947,-0.20892772350933622,-0.6316139407998891,-0.18275344379265376,-0.42974956042407375,-0.12427395320024001,-0.5377877706628423,-0.2459346884189824,-0.18823674154144757,-0.3853201470472626,-0.17133069613002574,Absent,0.0
1.735440539636344,0.5873469377242131,1.0718392258486138,-1.2322595016389288,-0.30092023221138586,-0.8366289971338582,-0.7612072490697593,-1.5514720651909577,-1.195856624280679,-1.0214331315940426,0.38688176314940415,-1.6286589768494002,1.7361715122856032,-0.15629402494735012,0.061346275126047504,0.11931908131391177,-0.3901211990215606,-0.18823674154144757,-0.8216807382851261,-0.4845015831115092,-0.3554410355663144,-0.3688754728507201,3.995965707495983,-0.25025239784318276,-0.3168886398119078,-0.34517957090507656,-0.4014323141823005,-0.35203923635246104,-0.30586777135731963,-0.30956959368344517,-0.23711790231526927,4.299009360478467,-0.17133069613002574,-0.3688754728507201,-0.37549677868472187,-0.4724995385748947,-0.20892772350933622,-0.6316139407998891,5.471853111203575,2.3269366442474237,-0.12427395320024001,-0.5377877706628423,-0.2459346884189824,-0.18823674154144757,-0.3853201470472626,-0.17133069613002574,Absent,0.0
1.578372234246622,0.5460607571491848,0.9382244769929741,-1.3005416715480231,-0.09571188025392385,-0.7591433440362395,-0.7935615301404937,-1.5272533357782545,-1.154125012499903,-0.9317903807442108,0.5984200244972077,-1.6438693462328584,1.6573700935600129,-0.15629402494735012,0.061346275126047504,0.11931908131391177,-0.3901211990215606,-0.18823674154144757,-0.8216807382851261,-0.4845015831115092,-0.3554410355663144,-0.3688754728507201,-0.25025239784318276,3.995965707495983,-0.3168886398119078,-0.34517957090507656,-0.4014323141823005,-0.35203923635246104,-0.30586777135731963,-0.30956959368344517,-0.23711790231526927,4.299009360478467,-0.17133069613002574,-0.3688754728507201,-0.37549677868472187,-0.4724995385748947,-0.20892772350933622,-0.6316139407998891,5.471853111203575,-0.42974956042407375,-0.12427395320024001,-0.5377877706628423,-0.2459346884189824,-0.18823674154144757,-0.3853201470472626,-0.17133069613002574,Absent,0.0
-0.2671803540826113,-0.568666118376579,-0.3311156371356034,0.508935831042973,1.0215335915144803,1.12634088133915,0.18785166233844586,1.4758691113969302,0.2856155939368705,-0.21464837394555694,-0.8823478049374168,0.7631716086993954,-0.8779799002198532,1.159076489009548,-1.5078934183236978,0.5319492476901871,-1.0624611330076603,-0.18823674154144757,1.217017697271366,-0.4845015831115092,-0.3554410355663144,-0.3688754728507201,-0.25025239784318276,-0.25025239784318276,-0.3168886398119078,-0.34517957090507656,2.49107997704907,-0.35203923635246104,-0.30586777135731963,-0.30956959368344517,-0.23711790231526927,-0.23261172892368465,-0.17133069613002574,-0.3688754728507201,-0.37549677868472187,-0.4724995385748947,-0.20892772350933622,1.5832456116050555,-0.18275344379265376,-0.42974956042407375,-0.12427395320024001,-0.5377877706628423,-0.2459346884189824,-0.18823674154144757,2.5952445198183276,-0.17133069613002574,Absent,0.0
0.6752294782557205,-0.9402417435518335,-0.3311156371356034,1.1576164451793678,1.3065451914553998,1.6515214190007883,3.067382677633796,0.38602628782529064,0.8281265470869591,-1.5592896366930329,-1.5169625889808274,-0.183673885420875,-0.9362244271039852,-1.1428219104150237,-0.7492543612254765,0.3322047085526271,-1.0624611330076603,5.312459150169743,-0.8216807382851261,-0.4845015831115092,-0.3554410355663144,-0.3688754728507201,-0.25025239784318276,-0.25025239784318276,-0.3168886398119078,-0.34517957090507656,-0.4014323141823005,-0.35203923635246104,3.269386622730461,-0.30956959368344517,-0.23711790231526927,-0.23261172892368465,-0.17133069613002574,-0.3688754728507201,-0.37549677868472187,-0.4724995385748947,-0.20892772350933622,1.5832456116050555,-0.18275344379265376,-0.42974956042407375,-0.12427395320024001,1.8594695799189802,-0.2459346884189824,-0.18823674154144757,-0.3853201470472626,-0.17133069613002574,Absent,0.0
-0.2671803540826113,-0.568666118376579,-0.3311156371356034,0.508935831042973,1.0215335915144803,1.12634088133915,0.18785166233844586,1.4758691113969302,0.2856155939368705,-0.21464837394555694,-0.8823478049374168,0.7631716086993954,-0.8779799002198532,1.159076489009548,-1.5078934183236978,0.5319492476901871,-1.0624611330076603,-0.18823674154144757,1.217017697271366,-0.4845015831115092,-0.3554410355663144,-0.3688754728507201,-0.25025239784318276,-0.25025239784318276,-0.3168886398119078,-0.34517957090507656,2.49107997704907,-0.35203923635246104,-0.30586777135731963,-0.30956959368344517,-0.23711790231526927,-0.23261172892368465,-0.17133069613002574,-0.3688754728507201,-0.37549677868472187,-0.4724995385748947,-0.20892772350933622,1.5832456116050555,-0.18275344379265376,-0.42974956042407375,-0.12427395320024001,-0.5377877706628423,-0.2459346884189824,-0.18823674154144757,2.5952445198183276,-0.17133069613002574,Absent,0.0
-0.2671803540826113,-0.568666118376579,-0.3311156371356034,0.508935831042973,1.0215335915144803,1.12634088133915,0.18785166233844586,1.4758691113969302,0.2856155939368705,-0.21464837394555694,-0.8823478049374168,0.7631716086993954,-0.8779799002198532,1.159076489009548,-1.5078934183236978,0.5319492476901871,-1.0624611330076603,-0.18823674154144757,1.217017697271366,-0.4845015831115092,-0.3554410355663144,-0.3688754728507201,-0.25025239784318276,-0.25025239784318276,-0.3168886398119078,-0.34517957090507656,2.49107997704907,-0.35203923635246104,-0.30586777135731963,-0.30956959368344517,-0.23711790231526927,-0.23261172892368465,-0.17133069613002574,-0.3688754728507201,-0.37549677868472187,-0.4724995385748947,-0.20892772350933622,1.5832456116050555,-0.18275344379265376,-0.42974956042407375,-0.12427395320024001,-0.5377877706628423,-0.2459346884189824,-0.18823674154144757,2.5952445198183276,-0.17133069613002574,Absent,0.0
-0.2671803540826113,-0.568666118376579,-0.3311156371356034,0.508935831042973,1.0215335915144803,1.12634088133915,0.18785166233844586,1.4758691113969302,0.2856155939368705,-0.21464837394555694,-0.8823478049374168,0.7631716086993954,-0.8779799002198532,1.159076489009548,-1.5078934183236978,0.5319492476901871,-1.0624611330076603,-0.18823674154144757,1.217017697271366,-0.4845015831115092,-0.3554410355663144,-0.3688754728507201,-0.25025239784318276,-0.25025239784318276,-0.3168886398119078,-0.34517957090507656,2.49107997704907,-0.35203923635246104,-0.30586777135731963,-0.30956959368344517,-0.23711790231526927,-0.23261172892368465,-0.17133069613002574,-0.3688754728507201,-0.37549677868472187,-0.4724995385748947,-0.20892772350933622,1.5832456116050555,-0.18275344379265376,-0.42974956042407375,-0.12427395320024001,-0.5377877706628423,-0.2459346884189824,-0.18823674154144757,2.5952445198183276,-0.17133069613002574,Low,0.06
-0.2671803540826113,-0.568666118376579,-0.3311156371356034,0.508935831042973,1.0215335915144803,1.12634088133915,0.18785166233844586,1.4758691113969302,0.2856155939368705,-0.21464837394555694,-0.8823478049374168,0.7631716086993954,-0.8779799002198532,1.159076489009548,-1.5078934183236978,0.5319492476901871,-1.0624611330076603,-0.18823674154144757,1.217017697271366,-0.4845015831115092,-0.3554410355663144,-0.3688754728507201,-0.25025239784318276,-0.25025239784318276,-0.3168886398119078,-0.34517957090507656,2.49107997704907,-0.35203923635246104,-0.30586777135731963,-0.30956959368344517,-0.23711790231526927,-0.23261172892368465,-0.17133069613002574,-0.3688754728507201,-0.37549677868472187,-0.4724995385748947,-0.20892772350933622,1.5832456116050555,-0.18275344379265376,-0.42974956042407375,-0.12427395320024001,-0.5377877706628423,-0.2459346884189824,-0.18823674154144757,2.5952445198183276,-0.17133069613002574,Low,0.06
-0.2671803540826113,-0.568666118376579,-0.3311156371356034,0.508935831042973,1.0215335915144803,1.12634088133915,0.18785166233844586,1.4758691113969302,0.2856155939368705,-0.21464837394555694,-0.8823478049374168,0.7631716086993954,-0.8779799002198532,1.159076489009548,-1.5078934183236978,0.5319492476901871,-1.0624611330076603,-0.18823674154144757,1.217017697271366,-0.4845015831115092,-0.3554410355663144,-0.3688754728507201,-0.25025239784318276,-0.25025239784318276,-0.3168886398119078,-0.34517957090507656,2.49107997704907,-0.35203923635246104,-0.30586777135731963,-0.30956959368344517,-0.23711790231526927,-0.23261172892368465,-0.17133069613002574,-0.3688754728507201,-0.37549677868472187,-0.4724995385748947,-0.20892772350933622,1.5832456116050555,-0.18275344379265376,-0.42974956042407375,-0.12427395320024001,-0.5377877706628423,-0.2459346884189824,-0.18823674154144757,2.5952445198183276,-0.17133069613002574,Absent,0.0
-0.2671803540826113,-0.568666118376579,-0.3311156371356034,0.508935831042973,1.0215335915144803,1.12634088133915,0.18785166233844586,1.4758691113969302,0.2856155939368705,-0.21464837394555694,-0.8823478049374168,0.7631716086993954,-0.8779799002198532,1.159076489009548,-1.5078934183236978,0.5319492476901871,-1.0624611330076603,-0.18823674154144757,1.217017697271366,-0.4845015831115092,-0.3554410355663144,-0.3688754728507201,-0.25025239784318276,-0.25025239784318276,-0.3168886398119078,-0.34517957090507656,2.49107997704907,-0.35203923635246104,-0.30586777135731963,-0.30956959368344517,-0.23711790231526927,-0.23261172892368465,-0.17133069613002574,-0.3688754728507201,-0.37549677868472187,-0.4724995385748947,-0.20892772350933622,1.5832456116050555,-0.18275344379265376,-0.42974956042407375,-0.12427395320024001,-0.5377877706628423,-0.2459346884189824,-0.18823674154144757,2.5952445198183276,-0.17133069613002574,Absent,0.0
-0.2671803540826113,-0.568666118376579,-0.3311156371356034,0.508935831042973,1.0215335915144803,1.12634088133915,0.18785166233844586,1.4758691113969302,0.2856155939368705,-0.21464837394555694,-0.8823478049374168,0.7631716086993954,-0.8779799002198532,1.159076489009548,-1.5078934183236978,0.5319492476901871,-1.0624611330076603,-0.18823674154144757,1.217017697271366,-0.4845015831115092,-0.3554410355663144,-0.3688754728507201,-0.25025239784318276,-0.25025239784318276,-0.3168886398119078,-0.34517957090507656,2.49107997704907,-0.35203923635246104,-0.30586777135731963,-0.30956959368344517,-0.23711790231526927,-0.23261172892368465,-0.17133069613002574,-0.3688754728507201,-0.37549677868472187,-0.4724995385748947,-0.20892772350933622,1.5832456116050555,-0.18275344379265376,-0.42974956042407375,-0.12427395320024001,-0.5377877706628423,-0.2459346884189824,-0.18823674154144757,2.5952445198183276,-0.17133069613002574,Low,0.04
-0.1493791250403198,-0.4860937572265224,-0.13069351385214378,0.5430769159975201,0.98733219952157,1.1005123303066104,0.12314310019697733,1.5000878408096334,0.0769575350329903,-0.2594697493704728,-0.8823478049374168,0.7669742010452599,-0.8745537515796101,0.8302338605203236,-0.2088539369911272,-2.25396142975473,-0.6142345103502606,-0.18823674154144757,1.217017697271366,-0.4845015831115092,-0.3554410355663144,-0.3688754728507201,-0.25025239784318276,-0.25025239784318276,-0.3168886398119078,-0.34517957090507656,2.49107997704907,-0.35203923635246104,-0.30586777135731963,-0.30956959368344517,-0.23711790231526927,-0.23261172892368465,-0.17133069613002574,-0.3688754728507201,-0.37549677868472187,-0.4724995385748947,-0.20892772350933622,1.5832456116050555,-0.18275344379265376,-0.42974956042407375,-0.12427395320024001,-0.5377877706628423,-0.2459346884189824,-0.18823674154144757,2.5952445198183276,-0.17133069613002574,Low,0.04
-0.2671803540826113,-0.568666118376579,-0.3311156371356034,0.508935831042973,1.0215335915144803,1.12634088133915,0.18785166233844586,1.4758691113969302,0.2856155939368705,-0.21464837394555694,-0.8823478049374168,0.7631716086993954,-0.8779799002198532,1.159076489009548,-1.5078934183236978,0.5319492476901871,-1.0624611330076603,-0.18823674154144757,1.217017697271366,-0.4845015831115092,-0.3554410355663144,-0.3688754728507201,-0.25025239784318276,-0.25025239784318276,-0.3168886398119078,-0.34517957090507656,2.49107997704907,-0.35203923635246104,-0.30586777135731963,-0.30956959368344517,-0.23711790231526927,-0.23261172892368465,-0.17133069613002574,-0.3688754728507201,-0.37549677868472187,-0.4724995385748947,-0.20892772350933622,1.5832456116050555,-0.18275344379265376,-0.42974956042407375,-0.12427395320024001,-0.5377877706628423,-0.2459346884189824,-0.18823674154144757,2.5952445198183276,-0.17133069613002574,Low,0.03
-0.2671803540826113,-0.568666118376579,-0.3311156371356034,0.508935831042973,1.0215335915144803,1.12634088133915,0.18785166233844586,1.4758691113969302,0.2856155939368705,-0.21464837394555694,-0.8823478049374168,0.7631716086993954,-0.8779799002198532,1.159076489009548,-1.5078934183236978,0.5319492476901871,-1.0624611330076603,-0.18823674154144757,1.217017697271366,-0.4845015831115092,-0.3554410355663144,-0.3688754728507201,-0.25025239784318276,-0.25025239784318276,-0.3168886398119078,-0.34517957090507656,2.49107997704907,-0.35203923635246104,-0.30586777135731963,-0.30956959368344517,-0.23711790231526927,-0.23261172892368465,-0.17133069613002574,-0.3688754728507201,-0.37549677868472187,-0.4724995385748947,-0.20892772350933622,1.5832456116050555,-0.18275344379265376,-0.42974956042407375,-0.12427395320024001,-0.5377877706628423,-0.2459346884189824,-0.18823674154144757,2.5952445198183276,-0.17133069613002574,Low,0.03
-0.07084497234545882,-0.4448075766514941,-0.13069351385214378,0.5772180009520672,0.9759317355239332,1.091902813295764,0.10157357948315447,1.4758691113969302,-0.00650568852856179,-0.30429112479538867,-0.8823478049374168,0.7308495737595468,-0.8745537515796101,-0.3207153391919624,-1.8924091047981386,0.3453457966537824,-1.0624611330076603,-0.18823674154144757,1.217017697271366,-0.4845015831115092,-0.3554410355663144,-0.3688754728507201,-0.25025239784318276,-0.25025239784318276,-0.3168886398119078,-0.34517957090507656,2.49107997704907,-0.35203923635246104,-0.30586777135731963,-0.30956959368344517,-0.23711790231526927,-0.23261172892368465,-0.17133069613002574,-0.3688754728507201,-0.37549677868472187,-0.4724995385748947,-0.20892772350933622,1.5832456116050555,-0.18275344379265376,-0.42974956042407375,-0.12427395320024001,-0.5377877706628423,-0.2459346884189824,-0.18823674154144757,2.5952445198183276,-0.17133069613002574,Low,0.03
0.40035994382370715,-0.568666118376579,0.06972860943131583,1.191757530133915,1.0671354475050274,2.0131211334563424,1.5251619465954624,0.8219634172539465,0.7863949353061831,-1.1110758824438742,-1.5169625889808274,0.16046072187986585,-0.9327982784637422,-0.8139792819257992,-0.81160825632944,0.01944681174513172,-0.10997955986068572,-0.18823674154144757,-0.8216807382851261,-0.4845015831115092,-0.3554410355663144,-0.3688754728507201,3.995965707495983,-0.25025239784318276,-0.3168886398119078,-0.34517957090507656,-0.4014323141823005,-0.35203923635246104,-0.30586777135731963,-0.30956959368344517,-0.23711790231526927,4.299009360478467,-0.17133069613002574,-0.3688754728507201,-0.37549677868472187,-0.4724995385748947,-0.20892772350933622,1.5832456116050555,-0.18275344379265376,-0.42974956042407375,-0.12427395320024001,1.8594695799189802,-0.2459346884189824,-0.18823674154144757,-0.3853201470472626,-0.17133069613002574,Low,0.03
0.3610928674762766,-0.7750970212517204,-0.3311156371356034,0.6455001708611614,0.8961284875404758,1.289921704545234,1.3957448223125253,0.45868247606339996,0.41081042927919864,-1.0214331315940426,-1.5169625889808274,0.2384138649700889,-0.8814060488600962,-0.8139792819257992,1.02783164923748,-0.0015789292167167092,-0.1660078876928607,5.312459150169743,-0.8216807382851261,-0.4845015831115092,-0.3554410355663144,-0.3688754728507201,-0.25025239784318276,-0.25025239784318276,-0.3168886398119078,-0.34517957090507656,-0.4014323141823005,-0.35203923635246104,3.269386622730461,-0.30956959368344517,-0.23711790231526927,-0.23261172892368465,-0.17133069613002574,-0.3688754728507201,-0.37549677868472187,-0.4724995385748947,-0.20892772350933622,1.5832456116050555,-0.18275344379265376,-0.42974956042407375,-0.12427395320024001,-0.5377877706628423,-0.2459346884189824,-0.18823674154144757,2.5952445198183276,-0.17133069613002574,Absent,0.0
0.20402456208655464,-0.4860937572265224,0.1365359838591357,1.908720314179404,0.3831076076468208,0.5408937246015862,0.6084573162579914,1.0157132525555714,0.8907239647581232,-0.5732193773448838,-1.7285008503286308,0.6509951344963915,-0.9670597648661728,-0.15629402494735012,-0.7284697295241555,-1.139597158776763,1.4588136194402137,-0.18823674154144757,1.217017697271366,-0.4845015831115092,-0.3554410355663144,-0.3688754728507201,-0.25025239784318276,-0.25025239784318276,-0.3168886398119078,-0.34517957090507656,-0.4014323141823005,-0.35203923635246104,-0.30586777135731963,-0.30956959368344517,-0.23711790231526927,-0.23261172892368465,-0.17133069613002574,-0.3688754728507201,-0.37549677868472187,2.116404183200049,-0.20892772350933622,-0.6316139407998891,-0.18275344379265376,-0.42974956042407375,-0.12427395320024001,-0.5377877706628423,4.066120181860509,-0.18823674154144757,-0.3853201470472626,-0.17133069613002574,Absent,0.0
0.24329163843398516,-0.7750970212517204,-0.2643082627077835,0.850346680588444,0.782123847564108,1.1435599153608431,1.2231886566019425,0.8946196054920558,0.2856155939368705,-0.9317903807442108,-1.5169625889808274,0.39432015115053504,-0.9053890893417977,-1.1428219104150237,0.4978235408537912,-0.14087446308896256,0.9825728328667263,-0.18823674154144757,-0.8216807382851261,-0.4845015831115092,-0.3554410355663144,-0.3688754728507201,-0.25025239784318276,3.995965707495983,-0.3168886398119078,-0.34517957090507656,-0.4014323141823005,-0.35203923635246104,3.269386622730461,-0.30956959368344517,-0.23711790231526927,-0.23261172892368465,-0.17133069613002574,-0.3688754728507201,-0.37549677868472187,-0.4724995385748947,-0.20892772350933622,1.5832456116050555,-0.18275344379265376,-0.42974956042407375,-0.12427395320024001,-0.5377877706628423,-0.2459346884189824,-0.18823674154144757,2.5952445198183276,-0.17133069613002574,Absent,0.0
0.40035994382370715,-0.568666118376579,0.06972860943131583,1.1576164451793678,1.0671354475050274,2.0303401674780353,1.4820229051678167,0.8219634172539465,0.723797517635019,-1.0662545070189584,-1.3054243276330237,0.15475683336106902,-0.9293721298234991,-1.1428219104150237,0.4250773298991673,0.082524034630677,-0.3901211990215606,-0.18823674154144757,-0.8216807382851261,-0.4845015831115092,-0.3554410355663144,-0.3688754728507201,3.995965707495983,-0.25025239784318276,-0.3168886398119078,-0.34517957090507656,-0.4014323141823005,-0.35203923635246104,3.269386622730461,-0.30956959368344517,-0.23711790231526927,-0.23261172892368465,-0.17133069613002574,-0.3688754728507201,-0.37549677868472187,-0.4724995385748947,4.786344211304794,-0.6316139407998891,-0.18275344379265376,-0.42974956042407375,-0.12427395320024001,1.8594695799189802,-0.2459346884189824,-0.18823674154144757,-0.3853201470472626,-0.17133069613002574,Absent,0.0
-0.1493791250403198,-0.4860937572265224,-0.13069351385214378,0.5430769159975201,0.98733219952157,1.1005123303066104,0.12314310019697733,1.5000878408096334,0.0769575350329903,-0.2594697493704728,-0.8823478049374168,0.7669742010452599,-0.8745537515796101,0.8302338605203236,-0.2088539369911272,-2.25396142975473,-0.6142345103502606,-0.18823674154144757,1.217017697271366,-0.4845015831115092,-0.3554410355663144,-0.3688754728507201,-0.25025239784318276,-0.25025239784318276,-0.3168886398119078,-0.34517957090507656,2.49107997704907,-0.35203923635246104,-0.30586777135731963,-0.30956959368344517,-0.23711790231526927,-0.23261172892368465,-0.17133069613002574,-0.3688754728507201,-0.37549677868472187,-0.4724995385748947,-0.20892772350933622,1.5832456116050555,-0.18275344379265376,-0.42974956042407375,-0.12427395320024001,-0.5377877706628423,-0.2459346884189824,-0.18823674154144757,2.5952445198183276,-0.17133069613002574,Absent,0.0
-0.1493791250403198,-0.4860937572265224,-0.13069351385214378,0.5430769159975201,0.98733219952157,1.1005123303066104,0.12314310019697733,1.5000878408096334,0.0769575350329903,-0.2594697493704728,-0.8823478049374168,0.7669742010452599,-0.8745537515796101,0.8302338605203236,-0.2088539369911272,-2.25396142975473,-0.6142345103502606,-0.18823674154144757,1.217017697271366,-0.4845015831115092,-0.3554410355663144,-0.3688754728507201,-0.25025239784318276,-0.25025239784318276,-0.3168886398119078,-0.34517957090507656,2.49107997704907,-0.35203923635246104,-0.30586777135731963,-0.30956959368344517,-0.23711790231526927,-0.23261172892368465,-0.17133069613002574,-0.3688754728507201,-0.37549677868472187,-0.4724995385748947,-0.20892772350933622,1.5832456116050555,-0.18275344379265376,-0.42974956042407375,-0.12427395320024001,-0.5377877706628423,-0.2459346884189824,-0.18823674154144757,2.5952445198183276,-0.17133069613002574,Absent,0.0
-0.1493791250403198,-0.4860937572265224,-0.13069351385214378,0.5430769159975201,0.98733219952157,1.1005123303066104,0.12314310019697733,1.5000878408096334,0.0769575350329903,-0.2594697493704728,-0.8823478049374168,0.7669742010452599,-0.8745537515796101,0.8302338605203236,-0.2088539369911272,-2.25396142975473,-0.6142345103502606,-0.18823674154144757,1.217017697271366,-0.4845015831115092,-0.3554410355663144,-0.3688754728507201,-0.25025239784318276,-0.25025239784318276,-0.3168886398119078,-0.34517957090507656,2.49107997704907,-0.35203923635246104,-0.30586777135731963,-0.30956959368344517,-0.23711790231526927,-0.23261172892368465,-0.17133069613002574,-0.3688754728507201,-0.37549677868472187,-0.4724995385748947,-0.20892772350933622,1.5832456116050555,-0.18275344379265376,-0.42974956042407375,-0.12427395320024001,-0.5377877706628423,-0.2459346884189824,-0.18823674154144757,2.5952445198183276,-0.17133069613002574,Absent,0.0
-0.2671803540826113,-0.568666118376579,-0.3311156371356034,0.508935831042973,1.0215335915144803,1.12634088133915,0.18785166233844586,1.4758691113969302,0.2856155939368705,-0.21464837394555694,-0.8823478049374168,0.7631716086993954,-0.8779799002198532,1.159076489009548,-1.5078934183236978,0.5319492476901871,-1.0624611330076603,-0.18823674154144757,1.217017697271366,-0.4845015831115092,-0.3554410355663144,-0.3688754728507201,-0.25025239784318276,-0.25025239784318276,-0.3168886398119078,-0.34517957090507656,2.49107997704907,-0.35203923635246104,-0.30586777135731963,-0.30956959368344517,-0.23711790231526927,-0.23261172892368465,-0.17133069613002574,-0.3688754728507201,-0.37549677868472187,-0.4724995385748947,-0.20892772350933622,1.5832456116050555,-0.18275344379265376,-0.42974956042407375,-0.12427395320024001,-0.5377877706628423,-0.2459346884189824,-0.18823674154144757,2.5952445198183276,-0.17133069613002574,Absent,0.0
-0.2671803540826113,-0.568666118376579,-0.3311156371356034,0.508935831042973,1.0215335915144803,1.12634088133915,0.18785166233844586,1.4758691113969302,0.2856155939368705,-0.21464837394555694,-0.8823478049374168,0.7631716086993954,-0.8779799002198532,1.159076489009548,-1.5078934183236978,0.5319492476901871,-1.0624611330076603,-0.18823674154144757,1.217017697271366,-0.4845015831115092,-0.3554410355663144,-0.3688754728507201,-0.25025239784318276,-0.25025239784318276,-0.3168886398119078,-0.34517957090507656,2.49107997704907,-0.35203923635246104,-0.30586777135731963,-0.30956959368344517,-0.23711790231526927,-0.23261172892368465,-0.17133069613002574,-0.3688754728507201,-0.37549677868472187,-0.4724995385748947,-0.20892772350933622,1.5832456116050555,-0.18275344379265376,-0.42974956042407375,-0.12427395320024001,-0.5377877706628423,-0.2459346884189824,-0.18823674154144757,2.5952445198183276,-0.17133069613002574,Absent,0.0
-0.2671803540826113,-0.568666118376579,-0.3311156371356034,0.508935831042973,1.0215335915144803,1.12634088133915,0.18785166233844586,1.4758691113969302,0.2856155939368705,-0.21464837394555694,-0.8823478049374168,0.7631716086993954,-0.8779799002198532,1.159076489009548,-1.5078934183236978,0.5319492476901871,-1.0624611330076603,-0.18823674154144757,1.217017697271366,-0.4845015831115092,-0.3554410355663144,-0.3688754728507201,-0.25025239784318276,-0.25025239784318276,-0.3168886398119078,-0.34517957090507656,2.49107997704907,-0.35203923635246104,-0.30586777135731963,-0.30956959368344517,-0.23711790231526927,-0.23261172892368465,-0.17133069613002574,-0.3688754728507201,-0.37549677868472187,-0.4724995385748947,-0.20892772350933622,1.5832456116050555,-0.18275344379265376,-0.42974956042407375,-0.12427395320024001,-0.5377877706628423,-0.2459346884189824,-0.18823674154144757,2.5952445198183276,-0.17133069613002574,Absent,0.0
-0.2671803540826113,-0.568666118376579,-0.3311156371356034,0.508935831042973,1.0215335915144803,1.12634088133915,0.18785166233844586,1.4758691113969302,0.2856155939368705,-0.21464837394555694,-0.8823478049374168,0.7631716086993954,-0.8779799002198532,1.159076489009548,-1.5078934183236978,0.5319492476901871,-1.0624611330076603,-0.18823674154144757,1.217017697271366,-0.4845015831115092,-0.3554410355663144,-0.3688754728507201,-0.25025239784318276,-0.25025239784318276,-0.3168886398119078,-0.34517957090507656,2.49107997704907,-0.35203923635246104,-0.30586777135731963,-0.30956959368344517,-0.23711790231526927,-0.23261172892368465,-0.17133069613002574,-0.3688754728507201,-0.37549677868472187,-0.4724995385748947,-0.20892772350933622,1.5832456116050555,-0.18275344379265376,-0.42974956042407375,-0.12427395320024001,-0.5377877706628423,-0.2459346884189824,-0.18823674154144757,2.5952445198183276,-0.17133069613002574,Absent,0.0
0.3610928674762766,-0.6925246601016639,-0.3311156371356034,0.6113590859066143,0.884728023542839,1.289921704545234,1.3418210205279681,0.48290120547610305,0.4316762351695867,-0.9766117561691267,-1.3054243276330237,0.23080868027835982,-0.8745537515796101,-1.1428219104150237,-1.9859399474540838,-0.08305367544387937,-1.0344469690915727,-0.18823674154144757,-0.8216807382851261,-0.4845015831115092,-0.3554410355663144,2.7109419671410064,-0.25025239784318276,-0.25025239784318276,-0.3168886398119078,-0.34517957090507656,-0.4014323141823005,-0.35203923635246104,-0.30586777135731963,-0.30956959368344517,-0.23711790231526927,-0.23261172892368465,-0.17133069613002574,-0.3688754728507201,-0.37549677868472187,-0.4724995385748947,-0.20892772350933622,1.5832456116050555,-0.18275344379265376,-0.42974956042407375,-0.12427395320024001,-0.5377877706628423,-0.2459346884189824,-0.18823674154144757,2.5952445198183276,-0.17133069613002574,Absent,0.0
-0.2671803540826113,-0.568666118376579,-0.3311156371356034,0.508935831042973,1.0215335915144803,1.12634088133915,0.18785166233844586,1.4758691113969302,0.2856155939368705,-0.21464837394555694,-0.8823478049374168,0.7631716086993954,-0.8779799002198532,1.159076489009548,-1.5078934183236978,0.5319492476901871,-1.0624611330076603,-0.18823674154144757,1.217017697271366,-0.4845015831115092,-0.3554410355663144,-0.3688754728507201,-0.25025239784318276,-0.25025239784318276,-0.3168886398119078,-0.34517957090507656,2.49107997704907,-0.35203923635246104,-0.30586777135731963,-0.30956959368344517,-0.23711790231526927,-0.23261172892368465,-0.17133069613002574,-0.3688754728507201,-0.37549677868472187,-0.4724995385748947,-0.20892772350933622,1.5832456116050555,-0.18275344379265376,-0.42974956042407375,-0.12427395320024001,-0.5377877706628423,-0.2459346884189824,-0.18823674154144757,2.5952445198183276,-0.17133069613002574,High,0.7
-1.445192644505526,1.454356729799807,0.2701507327147754,-0.924989737048005,-1.9083856558781715,-1.439295187893115,-1.1710281426323934,-0.94600382987338,-1.0915275948287388,2.564276902399227,0.38688176314940415,1.126319177729459,0.5575763800419898,-0.8139792819257992,0.3627234347952039,-0.3669011784288332,1.7389552586010886,-0.18823674154144757,-0.8216807382851261,-0.4845015831115092,-0.3554410355663144,2.7109419671410064,-0.25025239784318276,-0.25025239784318276,-0.3168886398119078,-0.34517957090507656,-0.4014323141823005,-0.35203923635246104,-0.30586777135731963,-0.30956959368344517,4.217311262607289,-0.23261172892368465,-0.17133069613002574,-0.3688754728507201,-0.37549677868472187,-0.4724995385748947,-0.20892772350933622,-0.6316139407998891,-0.18275344379265376,-0.42974956042407375,-0.12427395320024001,-0.5377877706628423,-0.2459346884189824,-0.18823674154144757,-0.3853201470472626,-0.17133069613002574,Absent,0.0
-0.2671803540826113,-0.568666118376579,-0.3311156371356034,0.508935831042973,1.0215335915144803,1.12634088133915,0.18785166233844586,1.4758691113969302,0.2856155939368705,-0.21464837394555694,-0.8823478049374168,0.7631716086993954,-0.8779799002198532,1.159076489009548,-1.5078934183236978,0.5319492476901871,-1.0624611330076603,-0.18823674154144757,1.217017697271366,-0.4845015831115092,-0.3554410355663144,-0.3688754728507201,-0.25025239784318276,-0.25025239784318276,-0.3168886398119078,-0.34517957090507656,2.49107997704907,-0.35203923635246104,-0.30586777135731963,-0.30956959368344517,-0.23711790231526927,-0.23261172892368465,-0.17133069613002574,-0.3688754728507201,-0.37549677868472187,-0.4724995385748947,-0.20892772350933622,1.5832456116050555,-0.18275344379265376,-0.42974956042407375,-0.12427395320024001,-0.5377877706628423,-0.2459346884189824,-0.18823674154144757,2.5952445198183276,-0.17133069613002574,Absent,0.0
0.6752294782557205,-0.857669382401777,-0.2643082627077835,1.1234753602248206,1.1697396234837585,1.530988180848937,2.830117949781745,0.3133700995871813,0.682065905854243,-1.4696468858432012,-1.5169625889808274,-0.17416740455621368,-0.9293721298234991,-1.1428219104150237,0.20683869703529542,0.2980378794896234,0.5903745380415015,5.312459150169743,-0.8216807382851261,-0.4845015831115092,-0.3554410355663144,-0.3688754728507201,-0.25025239784318276,-0.25025239784318276,-0.3168886398119078,-0.34517957090507656,-0.4014323141823005,-0.35203923635246104,3.269386622730461,-0.30956959368344517,-0.23711790231526927,-0.23261172892368465,-0.17133069613002574,-0.3688754728507201,-0.37549677868472187,-0.4724995385748947,-0.20892772350933622,1.5832456116050555,-0.18275344379265376,-0.42974956042407375,-0.12427395320024001,1.8594695799189802,-0.2459346884189824,-0.18823674154144757,-0.3853201470472626,-0.17133069613002574,Absent,0.0
-1.445192644505526,1.454356729799807,0.2701507327147754,-0.924989737048005,-1.9083856558781715,-1.439295187893115,-1.1710281426323934,-0.94600382987338,-1.0915275948287388,2.564276902399227,0.38688176314940415,1.126319177729459,0.5575763800419898,-0.8139792819257992,0.3627234347952039,-0.3669011784288332,1.7389552586010886,-0.18823674154144757,-0.8216807382851261,-0.4845015831115092,-0.3554410355663144,2.7109419671410064,-0.25025239784318276,-0.25025239784318276,-0.3168886398119078,-0.34517957090507656,-0.4014323141823005,-0.35203923635246104,-0.30586777135731963,-0.30956959368344517,4.217311262607289,-0.23261172892368465,-0.17133069613002574,-0.3688754728507201,-0.37549677868472187,-0.4724995385748947,-0.20892772350933622,-0.6316139407998891,-0.18275344379265376,-0.42974956042407375,-0.12427395320024001,-0.5377877706628423,-0.2459346884189824,-0.18823674154144757,-0.3853201470472626,-0.17133069613002574,Absent,0.0
-0.07084497234545882,-0.4448075766514941,-0.13069351385214378,0.5772180009520672,0.9759317355239332,1.091902813295764,0.10157357948315447,1.4758691113969302,-0.00650568852856179,-0.30429112479538867,-0.8823478049374168,0.7308495737595468,-0.8745537515796101,-0.3207153391919624,-1.8924091047981386,0.3453457966537824,-1.0624611330076603,-0.18823674154144757,1.217017697271366,-0.4845015831115092,-0.3554410355663144,-0.3688754728507201,-0.25025239784318276,-0.25025239784318276,-0.3168886398119078,-0.34517957090507656,2.49107997704907,-0.35203923635246104,-0.30586777135731963,-0.30956959368344517,-0.23711790231526927,-0.23261172892368465,-0.17133069613002574,-0.3688754728507201,-0.37549677868472187,-0.4724995385748947,-0.20892772350933622,1.5832456116050555,-0.18275344379265376,-0.42974956042407375,-0.12427395320024001,-0.5377877706628423,-0.2459346884189824,-0.18823674154144757,2.5952445198183276,-0.17133069613002574,Low,0.045
-0.2671803540826113,-0.568666118376579,-0.3311156371356034,0.508935831042973,1.0215335915144803,1.12634088133915,0.18785166233844586,1.4758691113969302,0.2856155939368705,-0.21464837394555694,-0.8823478049374168,0.7631716086993954,-0.8779799002198532,1.159076489009548,-1.5078934183236978,0.5319492476901871,-1.0624611330076603,-0.18823674154144757,1.217017697271366,-0.4845015831115092,-0.3554410355663144,-0.3688754728507201,-0.25025239784318276,-0.25025239784318276,-0.3168886398119078,-0.34517957090507656,2.49107997704907,-0.35203923635246104,-0.30586777135731963,-0.30956959368344517,-0.23711790231526927,-0.23261172892368465,-0.17133069613002574,-0.3688754728507201,-0.37549677868472187,-0.4724995385748947,-0.20892772350933622,1.5832456116050555,-0.18275344379265376,-0.42974956042407375,-0.12427395320024001,-0.5377877706628423,-0.2459346884189824,-0.18823674154144757,2.5952445198183276,-0.17133069613002574,Low,0.045
-0.1493791250403198,-0.4860937572265224,-0.13069351385214378,0.5430769159975201,0.98733219952157,1.1005123303066104,0.12314310019697733,1.5000878408096334,0.0769575350329903,-0.2594697493704728,-0.8823478049374168,0.7669742010452599,-0.8745537515796101,0.8302338605203236,-0.2088539369911272,-2.25396142975473,-0.6142345103502606,-0.18823674154144757,1.217017697271366,-0.4845015831115092,-0.3554410355663144,-0.3688754728507201,-0.25025239784318276,-0.25025239784318276,-0.3168886398119078,-0.34517957090507656,2.49107997704907,-0.35203923635246104,-0.30586777135731963,-0.30956959368344517,-0.23711790231526927,-0.23261172892368465,-0.17133069613002574,-0.3688754728507201,-0.37549677868472187,-0.4724995385748947,-0.20892772350933622,1.5832456116050555,-0.18275344379265376,-0.42974956042407375,-0.12427395320024001,-0.5377877706628423,-0.2459346884189824,-0.18823674154144757,2.5952445198183276,-0.17133069613002574,Absent,0.0
-0.1493791250403198,-0.4860937572265224,-0.13069351385214378,0.5430769159975201,0.98733219952157,1.1005123303066104,0.12314310019697733,1.5000878408096334,0.0769575350329903,-0.2594697493704728,-0.8823478049374168,0.7669742010452599,-0.8745537515796101,0.8302338605203236,-0.2088539369911272,-2.25396142975473,-0.6142345103502606,-0.18823674154144757,1.217017697271366,-0.4845015831115092,-0.3554410355663144,-0.3688754728507201,-0.25025239784318276,-0.25025239784318276,-0.3168886398119078,-0.34517957090507656,2.49107997704907,-0.35203923635246104,-0.30586777135731963,-0.30956959368344517,-0.23711790231526927,-0.23261172892368465,-0.17133069613002574,-0.3688754728507201,-0.37549677868472187,-0.4724995385748947,-0.20892772350933622,1.5832456116050555,-0.18275344379265376,-0.42974956042407375,-0.12427395320024001,-0.5377877706628423,-0.2459346884189824,-0.18823674154144757,2.5952445198183276,-0.17133069613002574,Absent,0.0
-0.2671803540826113,-0.568666118376579,-0.3311156371356034,0.508935831042973,1.0215335915144803,1.12634088133915,0.18785166233844586,1.4758691113969302,0.2856155939368705,-0.21464837394555694,-0.8823478049374168,0.7631716086993954,-0.8779799002198532,1.159076489009548,-1.5078934183236978,0.5319492476901871,-1.0624611330076603,-0.18823674154144757,1.217017697271366,-0.4845015831115092,-0.3554410355663144,-0.3688754728507201,-0.25025239784318276,-0.25025239784318276,-0.3168886398119078,-0.34517957090507656,2.49107997704907,-0.35203923635246104,-0.30586777135731963,-0.30956959368344517,-0.23711790231526927,-0.23261172892368465,-0.17133069613002574,-0.3688754728507201,-0.37549677868472187,-0.4724995385748947,-0.20892772350933622,1.5832456116050555,-0.18275344379265376,-0.42974956042407375,-0.12427395320024001,-0.5377877706628423,-0.2459346884189824,-0.18823674154144757,2.5952445198183276,-0.17133069613002574,Absent,0.0
1.185701470772317,2.5277974247505424,1.472683472415533,-0.4470145476843457,0.33750575165627367,0.0759798060158737,-0.8798396129957851,0.4102450172379937,0.765529129415795,1.2196356396517507,1.0214965471928146,-1.1077038254659581,1.6950577286026864,-0.48513665343657464,0.31076185554190106,-0.26965712648028417,-0.47416369076982307,-0.18823674154144757,-0.8216807382851261,-0.4845015831115092,2.813406162872353,-0.3688754728507201,-0.25025239784318276,-0.25025239784318276,-0.3168886398119078,-0.34517957090507656,-0.4014323141823005,-0.35203923635246104,-0.30586777135731963,-0.30956959368344517,-0.23711790231526927,-0.23261172892368465,-0.17133069613002574,2.7109419671410064,-0.37549677868472187,-0.4724995385748947,-0.20892772350933622,-0.6316139407998891,-0.18275344379265376,-0.42974956042407375,-0.12427395320024001,-0.5377877706628423,-0.2459346884189824,-0.18823674154144757,-0.3853201470472626,-0.17133069613002574,Absent,0.0
0.16475748573912416,-0.4448075766514941,0.06972860943131583,-0.2763091229116102,-0.004508168272829639,-0.294229425450527,-0.2219692312241882,-0.09834830042877142,0.20215237037531844,-0.30429112479538867,0.17534350180160066,0.2194009032407662,-0.3537791582626647,-0.15629402494735012,0.061346275126047504,0.11931908131391177,-0.3901211990215606,-0.18823674154144757,-0.8216807382851261,-0.4845015831115092,-0.3554410355663144,-0.3688754728507201,-0.25025239784318276,3.995965707495983,-0.3168886398119078,-0.34517957090507656,-0.4014323141823005,-0.35203923635246104,-0.30586777135731963,-0.30956959368344517,-0.23711790231526927,4.299009360478467,-0.17133069613002574,-0.3688754728507201,-0.37549677868472187,-0.4724995385748947,-0.20892772350933622,-0.6316139407998891,5.471853111203575,-0.42974956042407375,-0.12427395320024001,-0.5377877706628423,-0.2459346884189824,-0.18823674154144757,-0.3853201470472626,-0.17133069613002574,Absent,0.0
1.3035026998146084,0.5047745765741565,0.6709949792816946,-1.266400586593476,0.0068922957248071385,-0.6644386569169276,-0.7288529679990251,-1.4303784181274422,-0.8620037300344707,-0.7525048790445473,0.8099582858450112,-1.592534349563687,1.4243919860234846,-0.6495579676811869,1.007047017536159,0.8131685330549099,-0.8103336577628729,-0.18823674154144757,-0.8216807382851261,2.0639767440550294,-0.3554410355663144,-0.3688754728507201,-0.25025239784318276,-0.25025239784318276,-0.3168886398119078,-0.34517957090507656,-0.4014323141823005,-0.35203923635246104,-0.30586777135731963,-0.30956959368344517,-0.23711790231526927,-0.23261172892368465,-0.17133069613002574,-0.3688754728507201,-0.37549677868472187,-0.4724995385748947,-0.20892772350933622,-0.6316139407998891,-0.18275344379265376,2.3269366442474237,-0.12427395320024001,-0.5377877706628423,-0.2459346884189824,-0.18823674154144757,-0.3853201470472626,-0.17133069613002574,Absent,0.0
1.656906386941483,0.6286331182992413,1.0050318514207939,-1.266400586593476,-0.07291095225865031,-0.7591433440362395,-0.7935615301404937,-1.5030346063655515,-1.112393400719127,-0.9317903807442108,0.5984200244972077,-1.6305602730223325,1.7361715122856032,-1.1428219104150237,-0.6349388868682103,0.8499635797381446,-1.0624611330076603,5.312459150169743,-0.8216807382851261,-0.4845015831115092,-0.3554410355663144,-0.3688754728507201,-0.25025239784318276,-0.25025239784318276,-0.3168886398119078,-0.34517957090507656,-0.4014323141823005,-0.35203923635246104,-0.30586777135731963,-0.30956959368344517,-0.23711790231526927,-0.23261172892368465,-0.17133069613002574,-0.3688754728507201,2.6631386919024123,-0.4724995385748947,-0.20892772350933622,-0.6316139407998891,-0.18275344379265376,2.3269366442474237,-0.12427395320024001,-0.5377877706628423,-0.2459346884189824,-0.18823674154144757,-0.3853201470472626,-0.17133069613002574,Absent,0.0
1.5391051578991914,0.46348839599912817,0.8714171025651543,-1.266400586593476,-0.26671884021847553,-0.8194099631121652,-0.7827767697835822,-1.5514720651909577,-1.195856624280679,-0.9317903807442108,0.8099582858450112,-1.6248563845035355,1.5717163775539362,-0.9784005961704115,-0.8843544672840639,0.8552200149786068,-1.0624611330076603,-0.18823674154144757,-0.8216807382851261,-0.4845015831115092,2.813406162872353,-0.3688754728507201,-0.25025239784318276,-0.25025239784318276,-0.3168886398119078,-0.34517957090507656,-0.4014323141823005,-0.35203923635246104,-0.30586777135731963,-0.30956959368344517,4.217311262607289,-0.23261172892368465,-0.17133069613002574,-0.3688754728507201,2.6631386919024123,-0.4724995385748947,-0.20892772350933622,-0.6316139407998891,-0.18275344379265376,2.3269366442474237,-0.12427395320024001,-0.5377877706628423,-0.2459346884189824,-0.18823674154144757,-0.3853201470472626,-0.17133069613002574,Absent,0.0
1.6961734632889134,0.6699192988742696,1.0050318514207939,-1.266400586593476,-0.11851280824919741,-0.767752861047086,-0.7935615301404937,-1.5030346063655515,-1.112393400719127,-0.9317903807442108,0.5984200244972077,-1.641968050059926,1.7464499582063324,-0.3207153391919624,-1.1233777318492568,0.7579759630300578,-1.0624611330076603,-0.18823674154144757,-0.8216807382851261,-0.4845015831115092,2.813406162872353,-0.3688754728507201,-0.25025239784318276,-0.25025239784318276,-0.3168886398119078,-0.34517957090507656,-0.4014323141823005,-0.35203923635246104,-0.30586777135731963,-0.30956959368344517,-0.23711790231526927,-0.23261172892368465,-0.17133069613002574,-0.3688754728507201,2.6631386919024123,-0.4724995385748947,-0.20892772350933622,-0.6316139407998891,-0.18275344379265376,2.3269366442474237,-0.12427395320024001,-0.5377877706628423,-0.2459346884189824,-0.18823674154144757,-0.3853201470472626,-0.17133069613002574,Absent,0.0
1.107167318077456,0.3809160348490716,0.40376548157041514,-1.2322595016389288,-0.03870956026573997,-0.638610105884388,-0.674929166214468,-1.4303784181274422,-0.7785405064729186,-0.7076835036196315,1.2330348085406182,-1.5754226840072967,1.2462322567308453,-0.8139792819257992,1.2460702821013518,1.0365670307745496,-0.9784186412593978,-0.18823674154144757,-0.8216807382851261,2.0639767440550294,-0.3554410355663144,-0.3688754728507201,-0.25025239784318276,-0.25025239784318276,-0.3168886398119078,-0.34517957090507656,-0.4014323141823005,-0.35203923635246104,-0.30586777135731963,-0.30956959368344517,-0.23711790231526927,-0.23261172892368465,-0.17133069613002574,-0.3688754728507201,-0.37549677868472187,-0.4724995385748947,-0.20892772350933622,-0.6316139407998891,-0.18275344379265376,2.3269366442474237,-0.12427395320024001,-0.5377877706628423,-0.2459346884189824,-0.18823674154144757,-0.3853201470472626,-0.17133069613002574,Absent,0.0
0.16475748573912416,-0.4448075766514941,0.06972860943131583,-0.2763091229116102,-0.004508168272829639,-0.294229425450527,-0.2219692312241882,-0.09834830042877142,0.20215237037531844,-0.30429112479538867,0.17534350180160066,0.2194009032407662,-0.3537791582626647,-0.15629402494735012,0.061346275126047504,0.11931908131391177,-0.3901211990215606,-0.18823674154144757,-0.8216807382851261,-0.4845015831115092,-0.3554410355663144,-0.3688754728507201,-0.25025239784318276,3.995965707495983,-0.3168886398119078,-0.34517957090507656,-0.4014323141823005,-0.35203923635246104,-0.30586777135731963,-0.30956959368344517,-0.23711790231526927,4.299009360478467,-0.17133069613002574,-0.3688754728507201,-0.37549677868472187,-0.4724995385748947,-0.20892772350933622,-0.6316139407998891,5.471853111203575,-0.42974956042407375,-0.12427395320024001,-0.5377877706628423,-0.2459346884189824,-0.18823674154144757,-0.3853201470472626,-0.17133069613002574,Absent,0.0
1.6176393105940525,0.5873469377242131,1.0050318514207939,-1.266400586593476,-0.10711234425156063,-0.767752861047086,-0.8151310508543165,-1.5272533357782545,-1.133259206609515,-0.9317903807442108,0.5984200244972077,-1.5887317572178226,1.6984838772429296,-1.1428219104150237,1.007047017536159,0.9025279321427657,-1.0624611330076603,-0.18823674154144757,-0.8216807382851261,2.0639767440550294,-0.3554410355663144,-0.3688754728507201,-0.25025239784318276,-0.25025239784318276,-0.3168886398119078,-0.34517957090507656,-0.4014323141823005,-0.35203923635246104,-0.30586777135731963,-0.30956959368344517,-0.23711790231526927,-0.23261172892368465,-0.17133069613002574,-0.3688754728507201,-0.37549677868472187,-0.4724995385748947,-0.20892772350933622,-0.6316139407998891,-0.18275344379265376,2.3269366442474237,-0.12427395320024001,-0.5377877706628423,-0.2459346884189824,-0.18823674154144757,-0.3853201470472626,-0.17133069613002574,Absent,0.0
-0.5027828121671942,-0.6925246601016639,-1.6004557512641808,-1.0956951618207404,-0.15271420024210774,-0.38032459555899223,-0.3406015951502139,-1.1155349357623017,-0.027371494418949812,-0.30429112479538867,1.8676495925840286,-1.3928982514057986,0.19097847553598218,-0.3207153391919624,-0.04257688338055814,1.1679779117861022,0.2542045710484516,-0.18823674154144757,-0.8216807382851261,2.0639767440550294,-0.3554410355663144,-0.3688754728507201,-0.25025239784318276,-0.25025239784318276,-0.3168886398119078,-0.34517957090507656,-0.4014323141823005,-0.35203923635246104,-0.30586777135731963,-0.30956959368344517,-0.23711790231526927,-0.23261172892368465,-0.17133069613002574,-0.3688754728507201,-0.37549677868472187,-0.4724995385748947,-0.20892772350933622,-0.6316139407998891,-0.18275344379265376,2.3269366442474237,-0.12427395320024001,-0.5377877706628423,-0.2459346884189824,-0.18823674154144757,-0.3853201470472626,-0.17133069613002574,Absent,0.0
0.20402456208655464,-0.6925246601016639,0.06972860943131583,1.3283218699521033,1.0101331275168435,1.2210455684584618,1.8055657158751595,0.9430570643174621,1.1411136354427793,-0.8869690053192949,-0.6708095435896133,0.21179571854903712,-0.9636336162259298,-0.48513665343657464,-0.36473867475103566,-0.14087446308896256,-0.9784186412593978,-0.18823674154144757,1.217017697271366,-0.4845015831115092,-0.3554410355663144,-0.3688754728507201,-0.25025239784318276,-0.25025239784318276,-0.3168886398119078,-0.34517957090507656,-0.4014323141823005,2.840592458843996,-0.30586777135731963,-0.30956959368344517,-0.23711790231526927,-0.23261172892368465,-0.17133069613002574,-0.3688754728507201,-0.37549677868472187,-0.4724995385748947,-0.20892772350933622,1.5832456116050555,-0.18275344379265376,-0.42974956042407375,-0.12427395320024001,1.8594695799189802,-0.2459346884189824,-0.18823674154144757,-0.3853201470472626,-0.17133069613002574,Absent,0.0
0.9108319363403036,1.9085047161251183,0.3369581071425953,-0.5152967175934399,0.6909201355830138,-0.21674377235290823,-0.6641444058575565,0.9430570643174621,1.2454426648947194,0.5921363837029286,1.4445730698884216,-1.7712561898193204,1.345590567297894,-0.6495579676811869,-1.4455395232197343,0.9209254554843831,0.14214791538410168,-0.18823674154144757,-0.8216807382851261,-0.4845015831115092,-0.3554410355663144,2.7109419671410064,-0.25025239784318276,-0.25025239784318276,-0.3168886398119078,-0.34517957090507656,-0.4014323141823005,-0.35203923635246104,-0.30586777135731963,-0.30956959368344517,4.217311262607289,-0.23261172892368465,-0.17133069613002574,-0.3688754728507201,-0.37549677868472187,-0.4724995385748947,-0.20892772350933622,-0.6316139407998891,-0.18275344379265376,-0.42974956042407375,-0.12427395320024001,-0.5377877706628423,-0.2459346884189824,-0.18823674154144757,-0.3853201470472626,-0.17133069613002574,Absent,0.0
0.08622333304426316,-0.4860937572265224,0.0029212350034959643,0.7479234257248026,-0.9051448240861351,-0.4836387996891506,0.19863642269535728,-0.31631686514309937,-0.6533456711305905,-0.4835766264950521,0.17534350180160066,-0.5183020118569546,-0.8368661165369364,0.17254860354187443,1.5370551259198477,1.3756071037843554,1.0105869967828138,-0.18823674154144757,1.217017697271366,-0.4845015831115092,-0.3554410355663144,-0.3688754728507201,-0.25025239784318276,-0.25025239784318276,-0.3168886398119078,-0.34517957090507656,-0.4014323141823005,-0.35203923635246104,-0.30586777135731963,3.230291412348993,-0.23711790231526927,-0.23261172892368465,-0.17133069613002574,-0.3688754728507201,-0.37549677868472187,2.116404183200049,-0.20892772350933622,-0.6316139407998891,-0.18275344379265376,2.3269366442474237,-0.12427395320024001,-0.5377877706628423,-0.2459346884189824,-0.18823674154144757,-0.3853201470472626,-0.17133069613002574,Low,0.03
-1.209590186420943,-1.1879588270020034,-2.4021442443980194,-0.9932719069570992,-0.20971652023029164,-0.294229425450527,-0.3298168347933024,-0.921785100460677,0.1812865644849304,-0.12500562309572522,2.079187853931832,-1.288326961894524,-0.06598267248224748,0.33696991778648666,0.9031238590295533,1.3230427513797343,1.7389552586010886,-0.18823674154144757,-0.8216807382851261,2.0639767440550294,-0.3554410355663144,-0.3688754728507201,-0.25025239784318276,-0.25025239784318276,-0.3168886398119078,2.8970428272390354,-0.4014323141823005,-0.35203923635246104,-0.30586777135731963,-0.30956959368344517,-0.23711790231526927,-0.23261172892368465,-0.17133069613002574,-0.3688754728507201,-0.37549677868472187,2.116404183200049,-0.20892772350933622,-0.6316139407998891,-0.18275344379265376,-0.42974956042407375,-0.12427395320024001,-0.5377877706628423,-0.2459346884189824,-0.18823674154144757,-0.3853201470472626,-0.17133069613002574,Absent,0.0
-1.209590186420943,1.8672185355500899,0.9382244769929741,-0.924989737048005,-1.8969851918805347,-1.4220761538714222,-1.181812902989305,-1.0186600181114893,-1.195856624280679,2.788383779523806,0.38688176314940415,1.2156800978572757,0.7288838120541429,-0.9784005961704115,0.9862623858348378,-0.00946358207740987,1.7389552586010886,-0.18823674154144757,-0.8216807382851261,-0.4845015831115092,-0.3554410355663144,2.7109419671410064,-0.25025239784318276,-0.25025239784318276,-0.3168886398119078,-0.34517957090507656,-0.4014323141823005,-0.35203923635246104,-0.30586777135731963,-0.30956959368344517,4.217311262607289,-0.23261172892368465,-0.17133069613002574,-0.3688754728507201,-0.37549677868472187,-0.4724995385748947,-0.20892772350933622,-0.6316139407998891,-0.18275344379265376,-0.42974956042407375,-0.12427395320024001,-0.5377877706628423,-0.2459346884189824,-0.18823674154144757,-0.3853201470472626,-0.17133069613002574,Absent,0.0
-1.445192644505526,1.454356729799807,0.2701507327147754,-0.924989737048005,-1.9083856558781715,-1.439295187893115,-1.1710281426323934,-0.94600382987338,-1.0915275948287388,2.564276902399227,0.38688176314940415,1.126319177729459,0.5575763800419898,-0.8139792819257992,0.3627234347952039,-0.3669011784288332,1.7389552586010886,-0.18823674154144757,-0.8216807382851261,-0.4845015831115092,-0.3554410355663144,2.7109419671410064,-0.25025239784318276,-0.25025239784318276,-0.3168886398119078,-0.34517957090507656,-0.4014323141823005,-0.35203923635246104,-0.30586777135731963,-0.30956959368344517,4.217311262607289,-0.23261172892368465,-0.17133069613002574,-0.3688754728507201,-0.37549677868472187,-0.4724995385748947,-0.20892772350933622,-0.6316139407998891,-0.18275344379265376,-0.42974956042407375,-0.12427395320024001,-0.5377877706628423,-0.2459346884189824,-0.18823674154144757,-0.3853201470472626,-0.17133069613002574,Absent,0.0
0.24329163843398516,-0.4860937572265224,0.20334335828695557,2.0111435690430453,0.3603066796515472,0.47201758851481396,0.6839506387563713,1.0157132525555714,0.8489923529773471,-0.6628621281947156,-1.7285008503286308,0.6605016153610528,-0.9670597648661728,-1.1428219104150237,0.20683869703529542,-0.6270947228317075,-1.0344469690915727,-0.18823674154144757,-0.8216807382851261,2.0639767440550294,-0.3554410355663144,-0.3688754728507201,-0.25025239784318276,-0.25025239784318276,-0.3168886398119078,-0.34517957090507656,-0.4014323141823005,-0.35203923635246104,3.269386622730461,-0.30956959368344517,-0.23711790231526927,-0.23261172892368465,-0.17133069613002574,-0.3688754728507201,-0.37549677868472187,-0.4724995385748947,-0.20892772350933622,-0.6316139407998891,-0.18275344379265376,-0.42974956042407375,-0.12427395320024001,-0.5377877706628423,4.066120181860509,-0.18823674154144757,-0.3853201470472626,-0.17133069613002574,Absent,0.0
0.7930307072980121,1.2479258269246656,0.3369581071425953,-0.5835788875025341,0.0068922957248071385,-0.5439054187650763,-0.8474853319250508,-0.14678575925417764,0.3690788174984226,0.5473150082780128,0.5984200244972077,-0.5601305276614644,1.0201064464748033,-0.6495579676811869,0.3939003823471856,-0.0068353644571788165,0.11413375146801417,-0.18823674154144757,-0.8216807382851261,-0.4845015831115092,2.813406162872353,-0.3688754728507201,-0.25025239784318276,-0.25025239784318276,-0.3168886398119078,-0.34517957090507656,-0.4014323141823005,-0.35203923635246104,-0.30586777135731963,-0.30956959368344517,4.217311262607289,-0.23261172892368465,-0.17133069613002574,2.7109419671410064,-0.37549677868472187,-0.4724995385748947,-0.20892772350933622,-0.6316139407998891,-0.18275344379265376,-0.42974956042407375,-0.12427395320024001,-0.5377877706628423,-0.2459346884189824,-0.18823674154144757,-0.3853201470472626,-0.17133069613002574,Absent,0.0
0.7930307072980121,1.2479258269246656,0.3369581071425953,-0.5835788875025341,0.0068922957248071385,-0.5439054187650763,-0.8474853319250508,-0.14678575925417764,0.3690788174984226,0.5473150082780128,0.5984200244972077,-0.5601305276614644,1.0201064464748033,-0.6495579676811869,0.3939003823471856,-0.0068353644571788165,0.11413375146801417,-0.18823674154144757,-0.8216807382851261,-0.4845015831115092,2.813406162872353,-0.3688754728507201,-0.25025239784318276,-0.25025239784318276,-0.3168886398119078,-0.34517957090507656,-0.4014323141823005,-0.35203923635246104,-0.30586777135731963,-0.30956959368344517,4.217311262607289,-0.23261172892368465,-0.17133069613002574,2.7109419671410064,-0.37549677868472187,-0.4724995385748947,-0.20892772350933622,-0.6316139407998891,-0.18275344379265376,-0.42974956042407375,-0.12427395320024001,-0.5377877706628423,-0.2459346884189824,-0.18823674154144757,-0.3853201470472626,-0.17133069613002574,Low,0.03
0.5966953255608596,1.0827811046245526,0.0029212350034959643,-0.549437802547987,0.029693223720080694,-0.5094673507216901,-0.8259158112112279,-0.09834830042877142,0.4525420410599747,0.5473150082780128,0.5984200244972077,-0.6190707090223648,0.8693559063041085,1.159076489009548,-1.4247548915184134,0.6843858696635883,1.7389552586010886,-0.18823674154144757,-0.8216807382851261,-0.4845015831115092,2.813406162872353,-0.3688754728507201,-0.25025239784318276,-0.25025239784318276,-0.3168886398119078,-0.34517957090507656,-0.4014323141823005,-0.35203923635246104,-0.30586777135731963,3.230291412348993,-0.23711790231526927,-0.23261172892368465,-0.17133069613002574,2.7109419671410064,-0.37549677868472187,-0.4724995385748947,-0.20892772350933622,-0.6316139407998891,-0.18275344379265376,-0.42974956042407375,-0.12427395320024001,-0.5377877706628423,-0.2459346884189824,-0.18823674154144757,-0.3853201470472626,-0.17133069613002574,Absent,0.0
1.735440539636344,0.6699192988742696,1.1386466002764337,-1.2322595016389288,-0.19831605623265486,-0.8021909290904721,-0.7612072490697593,-1.5030346063655515,-1.112393400719127,-0.9766117561691267,0.5984200244972077,-1.6172511998118067,1.7601545527673044,-0.15629402494735012,0.061346275126047504,0.11931908131391177,-0.3901211990215606,-0.18823674154144757,-0.8216807382851261,-0.4845015831115092,2.813406162872353,-0.3688754728507201,-0.25025239784318276,-0.25025239784318276,-0.3168886398119078,-0.34517957090507656,-0.4014323141823005,-0.35203923635246104,-0.30586777135731963,-0.30956959368344517,-0.23711790231526927,-0.23261172892368465,-0.17133069613002574,-0.3688754728507201,-0.37549677868472187,-0.4724995385748947,-0.20892772350933622,-0.6316139407998891,5.471853111203575,-0.42974956042407375,-0.12427395320024001,-0.5377877706628423,-0.2459346884189824,-0.18823674154144757,-0.3853201470472626,-0.17133069613002574,Absent,0.0
1.6176393105940525,0.6286331182992413,1.0050318514207939,-1.2322595016389288,-0.11851280824919741,-0.767752861047086,-0.7827767697835822,-1.4788158769528483,-1.070661788938351,-0.8869690053192949,0.8099582858450112,-1.634362865368197,1.6745008367612282,-0.48513665343657464,1.0590085967894618,1.0024002017115459,-1.0624611330076603,-0.18823674154144757,-0.8216807382851261,-0.4845015831115092,2.813406162872353,-0.3688754728507201,-0.25025239784318276,-0.25025239784318276,-0.3168886398119078,-0.34517957090507656,-0.4014323141823005,-0.35203923635246104,-0.30586777135731963,-0.30956959368344517,-0.23711790231526927,-0.23261172892368465,-0.17133069613002574,-0.3688754728507201,2.6631386919024123,-0.4724995385748947,-0.20892772350933622,-0.6316139407998891,-0.18275344379265376,2.3269366442474237,-0.12427395320024001,-0.5377877706628423,-0.2459346884189824,-0.18823674154144757,-0.3853201470472626,-0.17133069613002574,Absent,0.0
1.1464343944248865,0.3809160348490716,0.5373802304260549,-1.2322595016389288,-0.11851280824919741,-0.6902672079494673,-0.6857139265713794,-1.4303784181274422,-0.7994063123633066,-0.7076835036196315,0.8099582858450112,-1.535495464375719,1.2736414458527898,-0.15629402494735012,0.549785120107094,0.5608596415127288,-0.9504044773433103,-0.18823674154144757,-0.8216807382851261,-0.4845015831115092,2.813406162872353,-0.3688754728507201,-0.25025239784318276,-0.25025239784318276,-0.3168886398119078,-0.34517957090507656,-0.4014323141823005,-0.35203923635246104,-0.30586777135731963,-0.30956959368344517,-0.23711790231526927,-0.23261172892368465,-0.17133069613002574,-0.3688754728507201,-0.37549677868472187,-0.4724995385748947,-0.20892772350933622,-0.6316139407998891,-0.18275344379265376,2.3269366442474237,-0.12427395320024001,-0.5377877706628423,-0.2459346884189824,-0.18823674154144757,-0.3853201470472626,-0.17133069613002574,Absent,0.0
1.107167318077456,0.3809160348490716,0.40376548157041514,-1.2322595016389288,-0.03870956026573997,-0.638610105884388,-0.674929166214468,-1.4303784181274422,-0.7785405064729186,-0.7076835036196315,1.2330348085406182,-1.5754226840072967,1.2462322567308453,-0.8139792819257992,1.2460702821013518,1.0365670307745496,-0.9784186412593978,-0.18823674154144757,-0.8216807382851261,2.0639767440550294,-0.3554410355663144,-0.3688754728507201,-0.25025239784318276,-0.25025239784318276,-0.3168886398119078,-0.34517957090507656,-0.4014323141823005,-0.35203923635246104,-0.30586777135731963,-0.30956959368344517,-0.23711790231526927,-0.23261172892368465,-0.17133069613002574,-0.3688754728507201,-0.37549677868472187,-0.4724995385748947,-0.20892772350933622,-0.6316139407998891,-0.18275344379265376,2.3269366442474237,-0.12427395320024001,-0.5377877706628423,-0.2459346884189824,-0.18823674154144757,-0.3853201470472626,-0.17133069613002574,Absent,0.0
-0.5813169648620553,-0.9815279241268619,-0.8655746325581624,0.47479474608842587,0.9531308075286596,1.12634088133915,0.37119258840594005,1.427431652571524,0.5777368764023029,-0.30429112479538867,-0.8823478049374168,0.7270469814136823,-0.8985367920613115,3.2965535741895073,-0.37513099060169625,-3.9544182300442214,0.2542045710484516,-0.18823674154144757,1.217017697271366,-0.4845015831115092,-0.3554410355663144,-0.3688754728507201,-0.25025239784318276,-0.25025239784318276,-0.3168886398119078,-0.34517957090507656,2.49107997704907,-0.35203923635246104,-0.30586777135731963,-0.30956959368344517,-0.23711790231526927,-0.23261172892368465,5.836665714829544,-0.3688754728507201,-0.37549677868472187,-0.4724995385748947,-0.20892772350933622,-0.6316139407998891,-0.18275344379265376,-0.42974956042407375,-0.12427395320024001,-0.5377877706628423,-0.2459346884189824,-0.18823674154144757,2.5952445198183276,-0.17133069613002574,Absent,0.0
-0.38498158312490277,-0.8163832018267487,-0.6651525092747027,0.508935831042973,0.9531308075286596,1.1349503983499967,0.31726878662138297,1.4516503819842272,0.41081042927919864,-0.34911250022030454,-1.0938860662852203,0.7916910512933795,-0.8882583461405824,1.6523404317433847,1.5994090210238112,1.2783630518358065,-0.5582061825180855,-0.18823674154144757,1.217017697271366,-0.4845015831115092,-0.3554410355663144,-0.3688754728507201,-0.25025239784318276,-0.25025239784318276,-0.3168886398119078,-0.34517957090507656,2.49107997704907,-0.35203923635246104,-0.30586777135731963,-0.30956959368344517,-0.23711790231526927,-0.23261172892368465,-0.17133069613002574,-0.3688754728507201,-0.37549677868472187,-0.4724995385748947,-0.20892772350933622,1.5832456116050555,-0.18275344379265376,-0.42974956042407375,-0.12427395320024001,-0.5377877706628423,-0.2459346884189824,-0.18823674154144757,2.5952445198183276,-0.17133069613002574,Absent,0.0
0.24329163843398516,-0.36223521550143756,0.2701507327147754,1.8745792292248569,0.5541145676113725,0.2051225611785716,0.44668591090432,1.1852443584444932,1.2454426648947194,-0.4835766264950521,-1.5169625889808274,0.6643042077069173,-0.9670597648661728,-1.307243224659636,-0.19846162114046662,-0.5640174999461622,-0.8663619855950478,-0.18823674154144757,-0.8216807382851261,2.0639767440550294,-0.3554410355663144,-0.3688754728507201,-0.25025239784318276,-0.25025239784318276,-0.3168886398119078,-0.34517957090507656,-0.4014323141823005,-0.35203923635246104,-0.30586777135731963,-0.30956959368344517,-0.23711790231526927,-0.23261172892368465,-0.17133069613002574,-0.3688754728507201,-0.37549677868472187,-0.4724995385748947,4.786344211304794,-0.6316139407998891,-0.18275344379265376,-0.42974956042407375,-0.12427395320024001,-0.5377877706628423,4.066120181860509,-0.18823674154144757,-0.3853201470472626,-0.17133069613002574,Absent,0.0
-0.1493791250403198,-0.4860937572265224,-0.13069351385214378,0.5430769159975201,0.98733219952157,1.1005123303066104,0.12314310019697733,1.5000878408096334,0.0769575350329903,-0.2594697493704728,-0.8823478049374168,0.7669742010452599,-0.8745537515796101,0.8302338605203236,-0.2088539369911272,-2.25396142975473,-0.6142345103502606,-0.18823674154144757,1.217017697271366,-0.4845015831115092,-0.3554410355663144,-0.3688754728507201,-0.25025239784318276,-0.25025239784318276,-0.3168886398119078,-0.34517957090507656,2.49107997704907,-0.35203923635246104,-0.30586777135731963,-0.30956959368344517,-0.23711790231526927,-0.23261172892368465,-0.17133069613002574,-0.3688754728507201,-0.37549677868472187,-0.4724995385748947,-0.20892772350933622,1.5832456116050555,-0.18275344379265376,-0.42974956042407375,-0.12427395320024001,-0.5377877706628423,-0.2459346884189824,-0.18823674154144757,2.5952445198183276,-0.17133069613002574,Low,0.03
0.9500990126877341,0.7524916600243262,-0.19750088827996365,0.13338389654295493,1.089936375500301,0.09319884003756676,-0.2219692312241882,1.3789941937461179,1.9340142592775242,-0.34911250022030454,1.4445730698884216,-1.6856978620373684,0.5747071232432052,0.8302338605203236,-0.17767698943914548,-0.7453645157421049,1.6268986029367385,-0.18823674154144757,-0.8216807382851261,-0.4845015831115092,-0.3554410355663144,2.7109419671410064,-0.25025239784318276,-0.25025239784318276,-0.3168886398119078,2.8970428272390354,-0.4014323141823005,-0.35203923635246104,-0.30586777135731963,-0.30956959368344517,-0.23711790231526927,-0.23261172892368465,-0.17133069613002574,-0.3688754728507201,-0.37549677868472187,2.116404183200049,-0.20892772350933622,-0.6316139407998891,-0.18275344379265376,-0.42974956042407375,8.04673846971554,-0.5377877706628423,-0.2459346884189824,-0.18823674154144757,-0.3853201470472626,-0.17133069613002574,Low,0.03
0.3610928674762766,-0.7750970212517204,-0.3311156371356034,0.6455001708611614,0.8961284875404758,1.289921704545234,1.3957448223125253,0.45868247606339996,0.41081042927919864,-1.0214331315940426,-1.5169625889808274,0.2384138649700889,-0.8814060488600962,-0.8139792819257992,1.02783164923748,-0.0015789292167167092,-0.1660078876928607,5.312459150169743,-0.8216807382851261,-0.4845015831115092,-0.3554410355663144,-0.3688754728507201,-0.25025239784318276,-0.25025239784318276,-0.3168886398119078,-0.34517957090507656,-0.4014323141823005,-0.35203923635246104,3.269386622730461,-0.30956959368344517,-0.23711790231526927,-0.23261172892368465,-0.17133069613002574,-0.3688754728507201,-0.37549677868472187,-0.4724995385748947,-0.20892772350933622,1.5832456116050555,-0.18275344379265376,-0.42974956042407375,-0.12427395320024001,-0.5377877706628423,-0.2459346884189824,-0.18823674154144757,2.5952445198183276,-0.17133069613002574,Absent,0.0
-0.1493791250403198,-0.4860937572265224,-0.13069351385214378,0.5430769159975201,0.98733219952157,1.1005123303066104,0.12314310019697733,1.5000878408096334,0.0769575350329903,-0.2594697493704728,-0.8823478049374168,0.7669742010452599,-0.8745537515796101,0.8302338605203236,-0.2088539369911272,-2.25396142975473,-0.6142345103502606,-0.18823674154144757,1.217017697271366,-0.4845015831115092,-0.3554410355663144,-0.3688754728507201,-0.25025239784318276,-0.25025239784318276,-0.3168886398119078,-0.34517957090507656,2.49107997704907,-0.35203923635246104,-0.30586777135731963,-0.30956959368344517,-0.23711790231526927,-0.23261172892368465,-0.17133069613002574,-0.3688754728507201,-0.37549677868472187,-0.4724995385748947,-0.20892772350933622,1.5832456116050555,-0.18275344379265376,-0.42974956042407375,-0.12427395320024001,-0.5377877706628423,-0.2459346884189824,-0.18823674154144757,2.5952445198183276,-0.17133069613002574,Absent,0.0
-0.1493791250403198,-0.4860937572265224,-0.13069351385214378,0.5430769159975201,0.98733219952157,1.1005123303066104,0.12314310019697733,1.5000878408096334,0.0769575350329903,-0.2594697493704728,-0.8823478049374168,0.7669742010452599,-0.8745537515796101,0.8302338605203236,-0.2088539369911272,-2.25396142975473,-0.6142345103502606,-0.18823674154144757,1.217017697271366,-0.4845015831115092,-0.3554410355663144,-0.3688754728507201,-0.25025239784318276,-0.25025239784318276,-0.3168886398119078,-0.34517957090507656,2.49107997704907,-0.35203923635246104,-0.30586777135731963,-0.30956959368344517,-0.23711790231526927,-0.23261172892368465,-0.17133069613002574,-0.3688754728507201,-0.37549677868472187,-0.4724995385748947,-0.20892772350933622,1.5832456116050555,-0.18275344379265376,-0.42974956042407375,-0.12427395320024001,-0.5377877706628423,-0.2459346884189824,-0.18823674154144757,2.5952445198183276,-0.17133069613002574,Low,0.02
-0.1493791250403198,-0.4860937572265224,-0.13069351385214378,0.5430769159975201,0.98733219952157,1.1005123303066104,0.12314310019697733,1.5000878408096334,0.0769575350329903,-0.2594697493704728,-0.8823478049374168,0.7669742010452599,-0.8745537515796101,0.8302338605203236,-0.2088539369911272,-2.25396142975473,-0.6142345103502606,-0.18823674154144757,1.217017697271366,-0.4845015831115092,-0.3554410355663144,-0.3688754728507201,-0.25025239784318276,-0.25025239784318276,-0.3168886398119078,-0.34517957090507656,2.49107997704907,-0.35203923635246104,-0.30586777135731963,-0.30956959368344517,-0.23711790231526927,-0.23261172892368465,-0.17133069613002574,-0.3688754728507201,-0.37549677868472187,-0.4724995385748947,-0.20892772350933622,1.5832456116050555,-0.18275344379265376,-0.42974956042407375,-0.12427395320024001,-0.5377877706628423,-0.2459346884189824,-0.18823674154144757,2.5952445198183276,-0.17133069613002574,Absent,0.0
-0.1493791250403198,-0.4860937572265224,-0.13069351385214378,0.5430769159975201,0.98733219952157,1.1005123303066104,0.12314310019697733,1.5000878408096334,0.0769575350329903,-0.2594697493704728,-0.8823478049374168,0.7669742010452599,-0.8745537515796101,0.8302338605203236,-0.2088539369911272,-2.25396142975473,-0.6142345103502606,-0.18823674154144757,1.217017697271366,-0.4845015831115092,-0.3554410355663144,-0.3688754728507201,-0.25025239784318276,-0.25025239784318276,-0.3168886398119078,-0.34517957090507656,2.49107997704907,-0.35203923635246104,-0.30586777135731963,-0.30956959368344517,-0.23711790231526927,-0.23261172892368465,-0.17133069613002574,-0.3688754728507201,-0.37549677868472187,-0.4724995385748947,-0.20892772350933622,1.5832456116050555,-0.18275344379265376,-0.42974956042407375,-0.12427395320024001,-0.5377877706628423,-0.2459346884189824,-0.18823674154144757,2.5952445198183276,-0.17133069613002574,Low,0.03
-0.1493791250403198,-0.4860937572265224,-0.13069351385214378,0.5430769159975201,0.98733219952157,1.1005123303066104,0.12314310019697733,1.5000878408096334,0.0769575350329903,-0.2594697493704728,-0.8823478049374168,0.7669742010452599,-0.8745537515796101,0.8302338605203236,-0.2088539369911272,-2.25396142975473,-0.6142345103502606,-0.18823674154144757,1.217017697271366,-0.4845015831115092,-0.3554410355663144,-0.3688754728507201,-0.25025239784318276,-0.25025239784318276,-0.3168886398119078,-0.34517957090507656,2.49107997704907,-0.35203923635246104,-0.30586777135731963,-0.30956959368344517,-0.23711790231526927,-0.23261172892368465,-0.17133069613002574,-0.3688754728507201,-0.37549677868472187,-0.4724995385748947,-0.20892772350933622,1.5832456116050555,-0.18275344379265376,-0.42974956042407375,-0.12427395320024001,-0.5377877706628423,-0.2459346884189824,-0.18823674154144757,2.5952445198183276,-0.17133069613002574,Absent,0.0
-0.1493791250403198,-0.4860937572265224,-0.13069351385214378,0.5430769159975201,0.98733219952157,1.1005123303066104,0.12314310019697733,1.5000878408096334,0.0769575350329903,-0.2594697493704728,-0.8823478049374168,0.7669742010452599,-0.8745537515796101,0.8302338605203236,-0.2088539369911272,-2.25396142975473,-0.6142345103502606,-0.18823674154144757,1.217017697271366,-0.4845015831115092,-0.3554410355663144,-0.3688754728507201,-0.25025239784318276,-0.25025239784318276,-0.3168886398119078,-0.34517957090507656,2.49107997704907,-0.35203923635246104,-0.30586777135731963,-0.30956959368344517,-0.23711790231526927,-0.23261172892368465,-0.17133069613002574,-0.3688754728507201,-0.37549677868472187,-0.4724995385748947,-0.20892772350933622,1.5832456116050555,-0.18275344379265376,-0.42974956042407375,-0.12427395320024001,-0.5377877706628423,-0.2459346884189824,-0.18823674154144757,2.5952445198183276,-0.17133069613002574,Absent,0.0
-0.1493791250403198,-0.4860937572265224,-0.13069351385214378,0.5430769159975201,0.98733219952157,1.1005123303066104,0.12314310019697733,1.5000878408096334,0.0769575350329903,-0.2594697493704728,-0.8823478049374168,0.7669742010452599,-0.8745537515796101,0.8302338605203236,-0.2088539369911272,-2.25396142975473,-0.6142345103502606,-0.18823674154144757,1.217017697271366,-0.4845015831115092,-0.3554410355663144,-0.3688754728507201,-0.25025239784318276,-0.25025239784318276,-0.3168886398119078,-0.34517957090507656,2.49107997704907,-0.35203923635246104,-0.30586777135731963,-0.30956959368344517,-0.23711790231526927,-0.23261172892368465,-0.17133069613002574,-0.3688754728507201,-0.37549677868472187,-0.4724995385748947,-0.20892772350933622,1.5832456116050555,-0.18275344379265376,-0.42974956042407375,-0.12427395320024001,-0.5377877706628423,-0.2459346884189824,-0.18823674154144757,2.5952445198183276,-0.17133069613002574,Absent,0.0
-0.1493791250403198,-0.4860937572265224,-0.13069351385214378,0.5430769159975201,0.98733219952157,1.1005123303066104,0.12314310019697733,1.5000878408096334,0.0769575350329903,-0.2594697493704728,-0.8823478049374168,0.7669742010452599,-0.8745537515796101,0.8302338605203236,-0.2088539369911272,-2.25396142975473,-0.6142345103502606,-0.18823674154144757,1.217017697271366,-0.4845015831115092,-0.3554410355663144,-0.3688754728507201,-0.25025239784318276,-0.25025239784318276,-0.3168886398119078,-0.34517957090507656,2.49107997704907,-0.35203923635246104,-0.30586777135731963,-0.30956959368344517,-0.23711790231526927,-0.23261172892368465,-0.17133069613002574,-0.3688754728507201,-0.37549677868472187,-0.4724995385748947,-0.20892772350933622,1.5832456116050555,-0.18275344379265376,-0.42974956042407375,-0.12427395320024001,-0.5377877706628423,-0.2459346884189824,-0.18823674154144757,2.5952445198183276,-0.17133069613002574,Absent,0.0
0.16475748573912416,-0.4448075766514941,0.06972860943131583,-0.2763091229116102,-0.004508168272829639,-0.294229425450527,-0.2219692312241882,-0.09834830042877142,0.20215237037531844,-0.30429112479538867,0.17534350180160066,0.2194009032407662,-0.3537791582626647,-0.15629402494735012,0.061346275126047504,0.11931908131391177,-0.3901211990215606,-0.18823674154144757,-0.8216807382851261,-0.4845015831115092,-0.3554410355663144,-0.3688754728507201,-0.25025239784318276,3.995965707495983,-0.3168886398119078,-0.34517957090507656,-0.4014323141823005,-0.35203923635246104,-0.30586777135731963,-0.30956959368344517,-0.23711790231526927,4.299009360478467,-0.17133069613002574,-0.3688754728507201,-0.37549677868472187,-0.4724995385748947,-0.20892772350933622,-0.6316139407998891,5.471853111203575,-0.42974956042407375,-0.12427395320024001,-0.5377877706628423,-0.2459346884189824,-0.18823674154144757,-0.3853201470472626,-0.17133069613002574,Absent,0.0
0.24329163843398516,-0.4860937572265224,0.20334335828695557,2.0111435690430453,0.371707143649184,0.4547985544931209,0.6839506387563713,1.0157132525555714,0.8698581588677351,-0.6628621281947156,-1.7285008503286308,0.6605016153610528,-0.9670597648661728,-0.9784005961704115,0.8511622797762505,-0.4457477070357648,0.058105423635839204,-0.18823674154144757,-0.8216807382851261,2.0639767440550294,-0.3554410355663144,-0.3688754728507201,-0.25025239784318276,-0.25025239784318276,-0.3168886398119078,-0.34517957090507656,-0.4014323141823005,-0.35203923635246104,3.269386622730461,-0.30956959368344517,-0.23711790231526927,-0.23261172892368465,-0.17133069613002574,-0.3688754728507201,-0.37549677868472187,-0.4724995385748947,-0.20892772350933622,1.5832456116050555,-0.18275344379265376,-0.42974956042407375,-0.12427395320024001,-0.5377877706628423,4.066120181860509,-0.18823674154144757,-0.3853201470472626,-0.17133069613002574,Absent,0.0
-0.1493791250403198,-0.4860937572265224,-0.13069351385214378,0.5430769159975201,0.98733219952157,1.1005123303066104,0.12314310019697733,1.5000878408096334,0.0769575350329903,-0.2594697493704728,-0.8823478049374168,0.7669742010452599,-0.8745537515796101,0.8302338605203236,-0.2088539369911272,-2.25396142975473,-0.6142345103502606,-0.18823674154144757,1.217017697271366,-0.4845015831115092,-0.3554410355663144,-0.3688754728507201,-0.25025239784318276,-0.25025239784318276,-0.3168886398119078,-0.34517957090507656,2.49107997704907,-0.35203923635246104,-0.30586777135731963,-0.30956959368344517,-0.23711790231526927,-0.23261172892368465,-0.17133069613002574,-0.3688754728507201,-0.37549677868472187,-0.4724995385748947,-0.20892772350933622,1.5832456116050555,-0.18275344379265376,-0.42974956042407375,-0.12427395320024001,-0.5377877706628423,-0.2459346884189824,-0.18823674154144757,2.5952445198183276,-0.17133069613002574,Absent,0.0
1.5391051578991914,0.6699192988742696,1.0050318514207939,-0.9932719069570992,-0.4947281201712111,-0.8280194801230116,-0.5239425212177081,-1.3335035004766298,-0.7159430888017545,-0.8421476298943791,1.0214965471928146,-1.6381654577140614,1.338738270017408,-0.15629402494735012,0.061346275126047504,0.11931908131391177,-0.3901211990215606,-0.18823674154144757,-0.8216807382851261,-0.4845015831115092,-0.3554410355663144,-0.3688754728507201,-0.25025239784318276,3.995965707495983,-0.3168886398119078,-0.34517957090507656,-0.4014323141823005,-0.35203923635246104,-0.30586777135731963,-0.30956959368344517,-0.23711790231526927,-0.23261172892368465,-0.17133069613002574,-0.3688754728507201,-0.37549677868472187,-0.4724995385748947,-0.20892772350933622,-0.6316139407998891,5.471853111203575,-0.42974956042407375,-0.12427395320024001,-0.5377877706628423,-0.2459346884189824,-0.18823674154144757,-0.3853201470472626,-0.17133069613002574,Absent,0.0
1.499838081551761,0.7937778405993545,0.9382244769929741,-0.924989737048005,-0.40352440819011687,-0.7591433440362395,-0.41609491764859385,-1.2124098534131142,-0.44468761222671027,-0.7076835036196315,1.0214965471928146,-1.5583110184509061,1.2496584053710884,-1.1428219104150237,0.5913543835097363,0.8026556625739857,0.730445357621939,-0.18823674154144757,-0.8216807382851261,-0.4845015831115092,-0.3554410355663144,-0.3688754728507201,3.995965707495983,-0.25025239784318276,-0.3168886398119078,-0.34517957090507656,-0.4014323141823005,-0.35203923635246104,-0.30586777135731963,-0.30956959368344517,-0.23711790231526927,-0.23261172892368465,-0.17133069613002574,-0.3688754728507201,-0.37549677868472187,-0.4724995385748947,-0.20892772350933622,-0.6316139407998891,-0.18275344379265376,2.3269366442474237,-0.12427395320024001,-0.5377877706628423,-0.2459346884189824,-0.18823674154144757,-0.3853201470472626,-0.17133069613002574,Absent,0.0
0.3610928674762766,-0.6512384795266356,0.06972860943131583,1.4307451248157446,1.0557349835073906,1.3329692895994667,1.9781218815857422,0.9430570643174621,1.2454426648947194,-1.0214331315940426,-1.0938860662852203,0.16806590657159493,-0.9636336162259298,-0.48513665343657464,-0.13610772603650323,0.15348591037691545,-0.9223903134272229,-0.18823674154144757,1.217017697271366,-0.4845015831115092,-0.3554410355663144,-0.3688754728507201,-0.25025239784318276,-0.25025239784318276,-0.3168886398119078,-0.34517957090507656,-0.4014323141823005,-0.35203923635246104,-0.30586777135731963,-0.30956959368344517,-0.23711790231526927,-0.23261172892368465,-0.17133069613002574,-0.3688754728507201,-0.37549677868472187,-0.4724995385748947,-0.20892772350933622,1.5832456116050555,-0.18275344379265376,-0.42974956042407375,-0.12427395320024001,1.8594695799189802,-0.2459346884189824,-0.18823674154144757,-0.3853201470472626,-0.17133069613002574,Low,0.03
-1.4844597208529566,-1.4769620910272014,-2.8029884909649385,-0.9591308220025522,-0.2781193042161123,-0.294229425450527,-0.3298168347933024,-0.8975663710479739,0.20215237037531844,-0.12500562309572522,1.8676495925840286,-1.2293867805336234,-0.1653409830492963,-0.15629402494735012,0.7680237529709659,1.3940046271259727,1.7389552586010886,-0.18823674154144757,-0.8216807382851261,2.0639767440550294,-0.3554410355663144,-0.3688754728507201,-0.25025239784318276,-0.25025239784318276,-0.3168886398119078,2.8970428272390354,-0.4014323141823005,-0.35203923635246104,-0.30586777135731963,-0.30956959368344517,-0.23711790231526927,-0.23261172892368465,-0.17133069613002574,-0.3688754728507201,-0.37549677868472187,2.116404183200049,-0.20892772350933622,-0.6316139407998891,-0.18275344379265376,-0.42974956042407375,-0.12427395320024001,-0.5377877706628423,-0.2459346884189824,-0.18823674154144757,-0.3853201470472626,-0.17133069613002574,Absent,0.0
0.04695625669683267,-0.7338108406766921,0.0029212350034959643,1.191757530133915,0.9417303435310229,1.289921704545234,1.7516419140906023,1.0399319819682744,0.8698581588677351,-0.7973262544694633,-0.8823478049374168,0.32207089657910876,-0.9567813189454436,0.8302338605203236,0.6641005944643603,0.05887007604859752,-0.8383478216789604,-0.18823674154144757,1.217017697271366,-0.4845015831115092,-0.3554410355663144,-0.3688754728507201,-0.25025239784318276,-0.25025239784318276,-0.3168886398119078,-0.34517957090507656,-0.4014323141823005,2.840592458843996,-0.30586777135731963,-0.30956959368344517,-0.23711790231526927,-0.23261172892368465,-0.17133069613002574,-0.3688754728507201,-0.37549677868472187,-0.4724995385748947,-0.20892772350933622,1.5832456116050555,-0.18275344379265376,-0.42974956042407375,-0.12427395320024001,1.8594695799189802,-0.2459346884189824,-0.18823674154144757,-0.3853201470472626,-0.17133069613002574,Low,0.03
0.04695625669683267,-0.6099522989516073,0.0029212350034959643,1.1234753602248206,0.9645312715262965,1.3846263916645458,1.7085028726629565,1.0883694407936806,0.8072607411965711,-0.7525048790445473,-0.8823478049374168,0.31826830423324426,-0.9430767243844714,-0.15629402494735012,1.1421471235947462,0.521436377209263,-1.0064328051754854,-0.18823674154144757,1.217017697271366,-0.4845015831115092,-0.3554410355663144,-0.3688754728507201,-0.25025239784318276,-0.25025239784318276,-0.3168886398119078,-0.34517957090507656,-0.4014323141823005,2.840592458843996,-0.30586777135731963,-0.30956959368344517,-0.23711790231526927,-0.23261172892368465,-0.17133069613002574,-0.3688754728507201,-0.37549677868472187,-0.4724995385748947,-0.20892772350933622,1.5832456116050555,-0.18275344379265376,-0.42974956042407375,-0.12427395320024001,1.8594695799189802,-0.2459346884189824,-0.18823674154144757,-0.3853201470472626,-0.17133069613002574,Low,0.03
-0.1493791250403198,-0.7338108406766921,-0.0638861394243239,0.9186288504975382,0.8391261675522919,1.1779979834042291,1.363390541241791,0.9672757937301651,0.744663323525407,-0.6628621281947156,-0.8823478049374168,0.48177977510541947,-0.9362244271039852,0.8302338605203236,-0.33356172719905397,-0.6428640285530938,-1.0064328051754854,-0.18823674154144757,1.217017697271366,-0.4845015831115092,-0.3554410355663144,-0.3688754728507201,-0.25025239784318276,-0.25025239784318276,-0.3168886398119078,-0.34517957090507656,2.49107997704907,-0.35203923635246104,-0.30586777135731963,-0.30956959368344517,-0.23711790231526927,-0.23261172892368465,-0.17133069613002574,-0.3688754728507201,-0.37549677868472187,-0.4724995385748947,-0.20892772350933622,1.5832456116050555,-0.18275344379265376,-0.42974956042407375,-0.12427395320024001,1.8594695799189802,-0.2459346884189824,-0.18823674154144757,-0.3853201470472626,-0.17133069613002574,Low,0.03
-0.2279132777351808,-0.8163832018267487,-0.19750088827996365,0.850346680588444,0.7593229195688345,1.109121847317457,1.158480094460474,0.8946196054920558,0.744663323525407,-0.6628621281947156,-0.8823478049374168,0.4893849597971485,-0.9327982784637422,0.8302338605203236,-0.7076850978228343,-0.6376075933126317,-1.0624611330076603,-0.18823674154144757,1.217017697271366,-0.4845015831115092,-0.3554410355663144,-0.3688754728507201,-0.25025239784318276,-0.25025239784318276,-0.3168886398119078,-0.34517957090507656,2.49107997704907,-0.35203923635246104,-0.30586777135731963,-0.30956959368344517,-0.23711790231526927,-0.23261172892368465,5.836665714829544,-0.3688754728507201,-0.37549677868472187,-0.4724995385748947,-0.20892772350933622,-0.6316139407998891,-0.18275344379265376,-0.42974956042407375,-0.12427395320024001,1.8594695799189802,-0.2459346884189824,-0.18823674154144757,-0.3853201470472626,-0.17133069613002574,Absent,0.0
-1.6415280262426786,0.6286331182992413,-0.4647303859912431,-0.924989737048005,-1.8057814798994405,-1.4823427729473477,-1.1710281426323934,-0.9944412886987862,-1.195856624280679,2.1160631481500682,0.5984200244972077,0.9571038183384869,0.4273827317127535,0.33696991778648666,0.7368468054189842,-0.05677149924156884,1.7389552586010886,-0.18823674154144757,-0.8216807382851261,2.0639767440550294,-0.3554410355663144,-0.3688754728507201,-0.25025239784318276,-0.25025239784318276,-0.3168886398119078,2.8970428272390354,-0.4014323141823005,-0.35203923635246104,-0.30586777135731963,-0.30956959368344517,-0.23711790231526927,-0.23261172892368465,-0.17133069613002574,-0.3688754728507201,-0.37549677868472187,-0.4724995385748947,-0.20892772350933622,-0.6316139407998891,-0.18275344379265376,-0.42974956042407375,-0.12427395320024001,-0.5377877706628423,-0.2459346884189824,-0.18823674154144757,-0.3853201470472626,-0.17133069613002574,Absent,0.0
0.6359624019082901,-0.857669382401777,-0.2643082627077835,1.1576164451793678,1.1697396234837585,1.4965501128055507,2.8193331894248335,0.36180755841258755,0.702931711744631,-1.4248255104182854,-1.3054243276330237,-0.1912790701126041,-0.9327982784637422,-1.1428219104150237,-0.8531775197320822,0.3611151023751687,1.710941094685001,5.312459150169743,-0.8216807382851261,-0.4845015831115092,-0.3554410355663144,-0.3688754728507201,-0.25025239784318276,-0.25025239784318276,-0.3168886398119078,-0.34517957090507656,-0.4014323141823005,-0.35203923635246104,-0.30586777135731963,-0.30956959368344517,-0.23711790231526927,-0.23261172892368465,-0.17133069613002574,-0.3688754728507201,-0.37549677868472187,-0.4724995385748947,-0.20892772350933622,1.5832456116050555,-0.18275344379265376,-0.42974956042407375,-0.12427395320024001,1.8594695799189802,-0.2459346884189824,-0.18823674154144757,-0.3853201470472626,-0.17133069613002574,Absent,0.0
1.107167318077456,0.29834367369901504,0.40376548157041514,-1.266400586593476,-0.18691559223501808,-0.7247052759928534,-0.7072834472852023,-1.4788158769528483,-0.9454669535960228,-0.7973262544694633,1.0214965471928146,-1.5659162031426352,1.2428061080906023,1.6523404317433847,-0.7284697295241555,-0.9635065782212824,0.058105423635839204,-0.18823674154144757,-0.8216807382851261,-0.4845015831115092,-0.3554410355663144,-0.3688754728507201,-0.25025239784318276,-0.25025239784318276,-0.3168886398119078,-0.34517957090507656,-0.4014323141823005,-0.35203923635246104,-0.30586777135731963,-0.30956959368344517,-0.23711790231526927,-0.23261172892368465,-0.17133069613002574,2.7109419671410064,-0.37549677868472187,-0.4724995385748947,-0.20892772350933622,-0.6316139407998891,-0.18275344379265376,2.3269366442474237,-0.12427395320024001,-0.5377877706628423,-0.2459346884189824,-0.18823674154144757,-0.3853201470472626,-0.17133069613002574,Absent,0.0
-1.2881243391158042,-1.1053864658519468,-1.1328041302694418,0.4065125761793317,1.2723437994624895,1.1866075004150758,0.5976725559010799,0.7735259584285403,1.7879536180448081,0.009458503179022398,-0.036194759546202826,0.7707767933911245,-0.9190936839027699,1.6523404317433847,-0.905139098985385,-0.6875437280970217,-0.02593706811242326,-0.18823674154144757,1.217017697271366,-0.4845015831115092,-0.3554410355663144,-0.3688754728507201,-0.25025239784318276,-0.25025239784318276,-0.3168886398119078,-0.34517957090507656,2.49107997704907,-0.35203923635246104,-0.30586777135731963,-0.30956959368344517,-0.23711790231526927,-0.23261172892368465,-0.17133069613002574,-0.3688754728507201,-0.37549677868472187,2.116404183200049,-0.20892772350933622,-0.6316139407998891,-0.18275344379265376,-0.42974956042407375,-0.12427395320024001,1.8594695799189802,-0.2459346884189824,-0.18823674154144757,-0.3853201470472626,-0.17133069613002574,Absent,0.0
-0.5813169648620553,-0.7750970212517204,-1.6672631256920007,-1.0956951618207404,-0.15271420024210774,-0.3717150785481457,-0.3513863555071253,-1.1155349357623017,-0.027371494418949812,-0.30429112479538867,1.8676495925840286,-1.3833917705411374,0.16356928641403767,0.9946551747649358,0.7160621737176631,0.8998997145225347,1.7389552586010886,-0.18823674154144757,-0.8216807382851261,2.0639767440550294,-0.3554410355663144,-0.3688754728507201,-0.25025239784318276,-0.25025239784318276,-0.3168886398119078,-0.34517957090507656,-0.4014323141823005,-0.35203923635246104,-0.30586777135731963,-0.30956959368344517,-0.23711790231526927,-0.23261172892368465,-0.17133069613002574,-0.3688754728507201,-0.37549677868472187,2.116404183200049,-0.20892772350933622,-0.6316139407998891,-0.18275344379265376,-0.42974956042407375,-0.12427395320024001,-0.5377877706628423,-0.2459346884189824,-0.18823674154144757,-0.3853201470472626,-0.17133069613002574,Absent,0.0
-0.5027828121671942,-0.6925246601016639,-1.533648376836361,-1.1298362467752876,-0.1299132722468342,-0.38032459555899223,-0.3621711158640367,-1.1397536651750049,-0.04823730030933784,-0.30429112479538867,2.079187853931832,-1.36057621646595,0.21838766465792667,1.4879191174987725,-1.1337700476999175,0.718552698726592,1.7389552586010886,-0.18823674154144757,-0.8216807382851261,2.0639767440550294,-0.3554410355663144,-0.3688754728507201,-0.25025239784318276,-0.25025239784318276,-0.3168886398119078,-0.34517957090507656,-0.4014323141823005,-0.35203923635246104,-0.30586777135731963,-0.30956959368344517,-0.23711790231526927,-0.23261172892368465,-0.17133069613002574,-0.3688754728507201,-0.37549677868472187,2.116404183200049,-0.20892772350933622,-0.6316139407998891,-0.18275344379265376,-0.42974956042407375,-0.12427395320024001,-0.5377877706628423,-0.2459346884189824,-0.18823674154144757,-0.3853201470472626,-0.17133069613002574,Absent,0.0
-0.8169194229466382,-0.8989555629768053,-1.9344926234032802,-1.0274129919116464,-0.18691559223501808,-0.3458865275156061,-0.31903207443639103,-0.9944412886987862,0.11868914681376634,-0.16982699852064106,2.079187853931832,-1.3054386274509142,0.05050638128601663,0.008127289297262145,0.061346275126047504,0.5372056829306493,0.8425020132862888,-0.18823674154144757,-0.8216807382851261,2.0639767440550294,-0.3554410355663144,-0.3688754728507201,-0.25025239784318276,-0.25025239784318276,-0.3168886398119078,-0.34517957090507656,-0.4014323141823005,-0.35203923635246104,-0.30586777135731963,-0.30956959368344517,-0.23711790231526927,-0.23261172892368465,-0.17133069613002574,-0.3688754728507201,-0.37549677868472187,2.116404183200049,-0.20892772350933622,-0.6316139407998891,-0.18275344379265376,2.3269366442474237,-0.12427395320024001,-0.5377877706628423,-0.2459346884189824,-0.18823674154144757,-0.3853201470472626,-0.17133069613002574,Absent,0.0
0.7930307072980121,1.3717843686497506,0.40376548157041514,-0.5152967175934399,-0.004508168272829639,-0.5180768677325367,-0.8259158112112279,-0.049910841603365216,0.4525420410599747,0.5921363837029286,0.5984200244972077,-0.5677357123531935,1.0166802978345602,0.17254860354187443,-0.2400308845431089,-0.703313033818408,0.8425020132862888,-0.18823674154144757,-0.8216807382851261,-0.4845015831115092,2.813406162872353,-0.3688754728507201,-0.25025239784318276,-0.25025239784318276,-0.3168886398119078,-0.34517957090507656,-0.4014323141823005,-0.35203923635246104,-0.30586777135731963,3.230291412348993,-0.23711790231526927,-0.23261172892368465,-0.17133069613002574,2.7109419671410064,-0.37549677868472187,-0.4724995385748947,-0.20892772350933622,-0.6316139407998891,-0.18275344379265376,-0.42974956042407375,-0.12427395320024001,-0.5377877706628423,-0.2459346884189824,-0.18823674154144757,-0.3853201470472626,-0.17133069613002574,Absent,0.0
0.9500990126877341,1.289212007499694,0.470572855998235,-0.6518610574116283,0.05249415171535425,-0.5352959017542297,-0.8690548526388736,-0.26787940631769314,0.2856155939368705,0.4576722574281811,0.38688176314940415,-0.6019590434659744,1.1297432029625811,-0.15629402494735012,0.6537082786136997,0.09303690511160122,1.2627144720276011,-0.18823674154144757,-0.8216807382851261,-0.4845015831115092,2.813406162872353,-0.3688754728507201,-0.25025239784318276,-0.25025239784318276,-0.3168886398119078,-0.34517957090507656,-0.4014323141823005,-0.35203923635246104,-0.30586777135731963,-0.30956959368344517,4.217311262607289,-0.23261172892368465,-0.17133069613002574,2.7109419671410064,-0.37549677868472187,-0.4724995385748947,-0.20892772350933622,-0.6316139407998891,-0.18275344379265376,-0.42974956042407375,-0.12427395320024001,-0.5377877706628423,-0.2459346884189824,-0.18823674154144757,-0.3853201470472626,-0.17133069613002574,Absent,0.0
0.7144965546031511,1.1653534657746092,0.20334335828695557,-0.5835788875025341,0.0068922957248071385,-0.5352959017542297,-0.8474853319250508,-0.14678575925417764,0.38994462338881064,0.5024936328530969,0.5984200244972077,-0.5886499702554485,0.9755665141516434,0.008127289297262145,0.1548771177819926,-0.5613892823259311,0.6744170297897639,-0.18823674154144757,-0.8216807382851261,-0.4845015831115092,2.813406162872353,-0.3688754728507201,-0.25025239784318276,-0.25025239784318276,-0.3168886398119078,-0.34517957090507656,-0.4014323141823005,-0.35203923635246104,-0.30586777135731963,-0.30956959368344517,4.217311262607289,-0.23261172892368465,-0.17133069613002574,-0.3688754728507201,2.6631386919024123,-0.4724995385748947,-0.20892772350933622,-0.6316139407998891,-0.18275344379265376,-0.42974956042407375,-0.12427395320024001,-0.5377877706628423,-0.2459346884189824,-0.18823674154144757,-0.3853201470472626,-0.17133069613002574,Low,0.03
0.7930307072980121,1.3304981880747222,0.3369581071425953,-0.5152967175934399,-0.004508168272829639,-0.5180768677325367,-0.8259158112112279,-0.049910841603365216,0.4316762351695867,0.5921363837029286,0.5984200244972077,-0.6095642281577035,1.006401851913831,-0.6495579676811869,-1.746916682888891,0.5424621181711115,1.486827783356301,-0.18823674154144757,-0.8216807382851261,-0.4845015831115092,2.813406162872353,-0.3688754728507201,-0.25025239784318276,-0.25025239784318276,-0.3168886398119078,-0.34517957090507656,-0.4014323141823005,-0.35203923635246104,-0.30586777135731963,3.230291412348993,-0.23711790231526927,-0.23261172892368465,-0.17133069613002574,2.7109419671410064,-0.37549677868472187,-0.4724995385748947,-0.20892772350933622,-0.6316139407998891,-0.18275344379265376,-0.42974956042407375,-0.12427395320024001,-0.5377877706628423,-0.2459346884189824,-0.18823674154144757,-0.3853201470472626,-0.17133069613002574,Absent,0.0
0.16475748573912416,-0.6099522989516073,0.06972860943131583,1.225898615088462,0.9987326635192068,1.3932359086753925,1.9134133194442735,1.1125881702063838,0.8281265470869591,-0.8421476298943791,-0.8823478049374168,0.27834108460166657,-0.9499290216649575,-0.9784005961704115,-1.9028014206487993,0.27964035614800603,-1.0624611330076603,-0.18823674154144757,1.217017697271366,-0.4845015831115092,-0.3554410355663144,-0.3688754728507201,-0.25025239784318276,-0.25025239784318276,-0.3168886398119078,-0.34517957090507656,-0.4014323141823005,2.840592458843996,-0.30586777135731963,-0.30956959368344517,-0.23711790231526927,-0.23261172892368465,-0.17133069613002574,-0.3688754728507201,-0.37549677868472187,-0.4724995385748947,-0.20892772350933622,1.5832456116050555,-0.18275344379265376,-0.42974956042407375,-0.12427395320024001,1.8594695799189802,-0.2459346884189824,-0.18823674154144757,-0.3853201470472626,-0.17133069613002574,Low,0.03
0.08622333304426316,-0.7338108406766921,-0.0638861394243239,1.225898615088462,0.9645312715262965,1.367407357642853,1.848704757302805,1.0883694407936806,0.9115897706485112,-0.8869690053192949,-0.8823478049374168,0.316367008060312,-0.9567813189454436,2.1456043744772213,1.2772472296533337,0.7553477454098267,-0.530192018601998,-0.18823674154144757,1.217017697271366,-0.4845015831115092,-0.3554410355663144,-0.3688754728507201,-0.25025239784318276,-0.25025239784318276,-0.3168886398119078,-0.34517957090507656,-0.4014323141823005,2.840592458843996,-0.30586777135731963,-0.30956959368344517,-0.23711790231526927,-0.23261172892368465,-0.17133069613002574,-0.3688754728507201,-0.37549677868472187,-0.4724995385748947,-0.20892772350933622,1.5832456116050555,-0.18275344379265376,-0.42974956042407375,-0.12427395320024001,1.8594695799189802,-0.2459346884189824,-0.18823674154144757,-0.3853201470472626,-0.17133069613002574,Low,0.03
0.24329163843398516,-0.6099522989516073,0.06972860943131583,1.4307451248157446,1.0329340555121171,1.5912547999248625,2.1075390058686794,1.1852443584444932,1.0993820236620033,-0.9766117561691267,-1.0938860662852203,0.23461127262422438,-0.9670597648661728,-0.6495579676811869,-0.6453312027188709,0.06675472890929068,-1.0624611330076603,-0.18823674154144757,1.217017697271366,-0.4845015831115092,-0.3554410355663144,-0.3688754728507201,-0.25025239784318276,-0.25025239784318276,-0.3168886398119078,-0.34517957090507656,-0.4014323141823005,2.840592458843996,-0.30586777135731963,-0.30956959368344517,-0.23711790231526927,-0.23261172892368465,-0.17133069613002574,-0.3688754728507201,-0.37549677868472187,-0.4724995385748947,-0.20892772350933622,1.5832456116050555,-0.18275344379265376,-0.42974956042407375,-0.12427395320024001,1.8594695799189802,-0.2459346884189824,-0.18823674154144757,-0.3853201470472626,-0.17133069613002574,Low,0.03
-2.1912670951067055,-1.4769620910272014,-2.0012999978311,-0.24216803795706313,0.0068922957248071385,-0.19952473833121517,-0.4915882401469738,0.43446374665069687,0.7863949353061831,0.5024936328530969,-0.036194759546202826,1.2384956519324628,-0.8163092246954781,0.008127289297262145,-2.0067245791554047,0.40842301953932764,1.6268986029367385,-0.18823674154144757,1.217017697271366,-0.4845015831115092,-0.3554410355663144,-0.3688754728507201,-0.25025239784318276,-0.25025239784318276,-0.3168886398119078,-0.34517957090507656,-0.4014323141823005,-0.35203923635246104,-0.30586777135731963,-0.30956959368344517,-0.23711790231526927,-0.23261172892368465,-0.17133069613002574,-0.3688754728507201,-0.37549677868472187,2.116404183200049,-0.20892772350933622,-0.6316139407998891,-0.18275344379265376,-0.42974956042407375,-0.12427395320024001,1.8594695799189802,-0.2459346884189824,-0.18823674154144757,-0.3853201470472626,-0.17133069613002574,Absent,0.0
-2.152000018759275,-1.435675910452173,-1.9344926234032802,-0.3104502078661573,-0.03870956026573997,-0.294229425450527,-0.5023730005038852,0.45868247606339996,0.8907239647581232,0.5024936328530969,-0.036194759546202826,1.170048989706901,-0.8026046301345059,-0.15629402494735012,-0.14650004188716378,0.045728987947442255,0.618388701957589,-0.18823674154144757,1.217017697271366,-0.4845015831115092,-0.3554410355663144,-0.3688754728507201,-0.25025239784318276,-0.25025239784318276,3.155682704793582,-0.34517957090507656,-0.4014323141823005,-0.35203923635246104,-0.30586777135731963,-0.30956959368344517,-0.23711790231526927,-0.23261172892368465,-0.17133069613002574,-0.3688754728507201,-0.37549677868472187,2.116404183200049,-0.20892772350933622,-0.6316139407998891,-0.18275344379265376,-0.42974956042407375,-0.12427395320024001,1.8594695799189802,-0.2459346884189824,-0.18823674154144757,-0.3853201470472626,-0.17133069613002574,Absent,0.0
0.7144965546031511,1.7020738132499769,0.5373802304260549,-0.9932719069570992,0.8733275595452022,-0.5525149357759228,-0.7827767697835822,-0.5100667004447241,-0.4238218063363222,0.8610646362524239,0.8099582858450112,-0.993626055090022,1.3216075268161926,-0.48513665343657464,-0.5414080442122653,0.11931908131391177,0.9265445050345513,-0.18823674154144757,-0.8216807382851261,2.0639767440550294,-0.3554410355663144,-0.3688754728507201,-0.25025239784318276,-0.25025239784318276,-0.3168886398119078,2.8970428272390354,-0.4014323141823005,-0.35203923635246104,-0.30586777135731963,-0.30956959368344517,-0.23711790231526927,-0.23261172892368465,-0.17133069613002574,2.7109419671410064,-0.37549677868472187,-0.4724995385748947,-0.20892772350933622,-0.6316139407998891,-0.18275344379265376,-0.42974956042407375,-0.12427395320024001,-0.5377877706628423,-0.2459346884189824,-0.18823674154144757,-0.3853201470472626,-0.17133069613002574,Absent,0.0
0.7930307072980121,1.3304981880747222,0.3369581071425953,-0.5152967175934399,-0.004508168272829639,-0.5180768677325367,-0.8259158112112279,-0.049910841603365216,0.4316762351695867,0.5921363837029286,0.5984200244972077,-0.6095642281577035,1.006401851913831,-0.6495579676811869,-1.746916682888891,0.5424621181711115,1.486827783356301,-0.18823674154144757,-0.8216807382851261,-0.4845015831115092,2.813406162872353,-0.3688754728507201,-0.25025239784318276,-0.25025239784318276,-0.3168886398119078,-0.34517957090507656,-0.4014323141823005,-0.35203923635246104,-0.30586777135731963,3.230291412348993,-0.23711790231526927,-0.23261172892368465,-0.17133069613002574,2.7109419671410064,-0.37549677868472187,-0.4724995385748947,-0.20892772350933622,-0.6316139407998891,-0.18275344379265376,-0.42974956042407375,-0.12427395320024001,-0.5377877706628423,-0.2459346884189824,-0.18823674154144757,-0.3853201470472626,-0.17133069613002574,Absent,0.0
0.7930307072980121,1.3717843686497506,0.40376548157041514,-0.5152967175934399,-0.004508168272829639,-0.5180768677325367,-0.8259158112112279,-0.049910841603365216,0.4525420410599747,0.5921363837029286,0.5984200244972077,-0.5677357123531935,1.0166802978345602,0.17254860354187443,-0.2400308845431089,-0.703313033818408,0.8425020132862888,-0.18823674154144757,-0.8216807382851261,-0.4845015831115092,2.813406162872353,-0.3688754728507201,-0.25025239784318276,-0.25025239784318276,-0.3168886398119078,-0.34517957090507656,-0.4014323141823005,-0.35203923635246104,-0.30586777135731963,3.230291412348993,-0.23711790231526927,-0.23261172892368465,-0.17133069613002574,2.7109419671410064,-0.37549677868472187,-0.4724995385748947,-0.20892772350933622,-0.6316139407998891,-0.18275344379265376,-0.42974956042407375,-0.12427395320024001,-0.5377877706628423,-0.2459346884189824,-0.18823674154144757,-0.3853201470472626,-0.17133069613002574,Absent,0.0
0.8322977836454426,0.17448513197393017,0.1365359838591357,-1.2322595016389288,-0.15271420024210774,-0.6472196228952346,-0.6102206040729995,-1.4545971475401451,-0.7368088946921426,-0.6628621281947156,1.2330348085406182,-1.5316928720298544,1.0166802978345602,0.5013912320310989,-1.36240099641445,0.7027833930052056,-1.0344469690915727,-0.18823674154144757,-0.8216807382851261,-0.4845015831115092,-0.3554410355663144,2.7109419671410064,-0.25025239784318276,-0.25025239784318276,-0.3168886398119078,-0.34517957090507656,-0.4014323141823005,-0.35203923635246104,-0.30586777135731963,-0.30956959368344517,-0.23711790231526927,-0.23261172892368465,-0.17133069613002574,-0.3688754728507201,2.6631386919024123,-0.4724995385748947,-0.20892772350933622,-0.6316139407998891,-0.18275344379265376,2.3269366442474237,-0.12427395320024001,-0.5377877706628423,-0.2459346884189824,-0.18823674154144757,-0.3853201470472626,-0.17133069613002574,Absent,0.0
-0.7776523465992077,-0.4860937572265224,-1.2664188791250814,-0.48115563263889277,-0.3807234801948433,-0.4233721806132249,-0.2219692312241882,-0.4858479710320211,0.4316762351695867,0.14392262945377,1.8676495925840286,-0.9498962431125798,-0.24414240177488672,2.967710945700283,-0.16728467358848492,0.05098542318790436,1.4588136194402137,-0.18823674154144757,1.217017697271366,-0.4845015831115092,-0.3554410355663144,-0.3688754728507201,-0.25025239784318276,-0.25025239784318276,3.155682704793582,-0.34517957090507656,-0.4014323141823005,-0.35203923635246104,-0.30586777135731963,-0.30956959368344517,-0.23711790231526927,-0.23261172892368465,-0.17133069613002574,-0.3688754728507201,-0.37549677868472187,2.116404183200049,-0.20892772350933622,-0.6316139407998891,-0.18275344379265376,2.3269366442474237,-0.12427395320024001,-0.5377877706628423,-0.2459346884189824,-0.18823674154144757,-0.3853201470472626,-0.17133069613002574,Absent,0.0
0.16475748573912416,-0.4448075766514941,0.06972860943131583,-0.2763091229116102,-0.004508168272829639,-0.294229425450527,-0.2219692312241882,-0.09834830042877142,0.20215237037531844,-0.30429112479538867,0.17534350180160066,0.2194009032407662,-0.3537791582626647,-0.15629402494735012,0.061346275126047504,0.11931908131391177,-0.3901211990215606,-0.18823674154144757,-0.8216807382851261,-0.4845015831115092,-0.3554410355663144,-0.3688754728507201,-0.25025239784318276,3.995965707495983,-0.3168886398119078,-0.34517957090507656,-0.4014323141823005,-0.35203923635246104,-0.30586777135731963,-0.30956959368344517,-0.23711790231526927,4.299009360478467,-0.17133069613002574,-0.3688754728507201,-0.37549677868472187,-0.4724995385748947,-0.20892772350933622,-0.6316139407998891,5.471853111203575,-0.42974956042407375,-0.12427395320024001,-0.5377877706628423,-0.2459346884189824,-0.18823674154144757,-0.3853201470472626,-0.17133069613002574,Absent,0.0
1.6961734632889134,0.5460607571491848,1.0718392258486138,-1.266400586593476,-0.2781193042161123,-0.8194099631121652,-0.7612072490697593,-1.5756907946036607,-1.258454041951843,-1.0662545070189584,0.5984200244972077,-1.641968050059926,1.725893066364874,-0.15629402494735012,0.061346275126047504,0.11931908131391177,-0.3901211990215606,-0.18823674154144757,-0.8216807382851261,-0.4845015831115092,-0.3554410355663144,-0.3688754728507201,-0.25025239784318276,3.995965707495983,-0.3168886398119078,-0.34517957090507656,-0.4014323141823005,-0.35203923635246104,-0.30586777135731963,-0.30956959368344517,-0.23711790231526927,-0.23261172892368465,-0.17133069613002574,-0.3688754728507201,-0.37549677868472187,-0.4724995385748947,-0.20892772350933622,-0.6316139407998891,5.471853111203575,-0.42974956042407375,-0.12427395320024001,-0.5377877706628423,-0.2459346884189824,-0.18823674154144757,-0.3853201470472626,-0.17133069613002574,Absent,0.0
1.5391051578991914,0.5873469377242131,0.9382244769929741,-1.266400586593476,-0.03870956026573997,-0.7333147930036998,-0.8151310508543165,-1.4545971475401451,-1.0080643712671868,-0.8421476298943791,0.5984200244972077,-1.5963369419095517,1.612830161236853,-0.8139792819257992,-1.5910319451289823,1.057592771736398,-1.0624611330076603,-0.18823674154144757,-0.8216807382851261,2.0639767440550294,-0.3554410355663144,-0.3688754728507201,-0.25025239784318276,-0.25025239784318276,-0.3168886398119078,-0.34517957090507656,-0.4014323141823005,-0.35203923635246104,-0.30586777135731963,-0.30956959368344517,-0.23711790231526927,-0.23261172892368465,-0.17133069613002574,-0.3688754728507201,2.6631386919024123,-0.4724995385748947,-0.20892772350933622,-0.6316139407998891,-0.18275344379265376,2.3269366442474237,-0.12427395320024001,-0.5377877706628423,-0.2459346884189824,-0.18823674154144757,-0.3853201470472626,-0.17133069613002574,Absent,0.0
0.16475748573912416,-0.4448075766514941,0.06972860943131583,-0.2763091229116102,-0.004508168272829639,-0.294229425450527,-0.2219692312241882,-0.09834830042877142,0.20215237037531844,-0.30429112479538867,0.17534350180160066,0.2194009032407662,-0.3537791582626647,-0.15629402494735012,0.061346275126047504,0.11931908131391177,-0.3901211990215606,-0.18823674154144757,-0.8216807382851261,-0.4845015831115092,-0.3554410355663144,-0.3688754728507201,-0.25025239784318276,3.995965707495983,-0.3168886398119078,-0.34517957090507656,-0.4014323141823005,-0.35203923635246104,-0.30586777135731963,-0.30956959368344517,-0.23711790231526927,4.299009360478467,-0.17133069613002574,-0.3688754728507201,-0.37549677868472187,-0.4724995385748947,-0.20892772350933622,-0.6316139407998891,5.471853111203575,-0.42974956042407375,-0.12427395320024001,-0.5377877706628423,-0.2459346884189824,-0.18823674154144757,-0.3853201470472626,-0.17133069613002574,Absent,0.0
0.16475748573912416,-0.4448075766514941,0.06972860943131583,-0.2763091229116102,-0.004508168272829639,-0.294229425450527,-0.2219692312241882,-0.09834830042877142,0.20215237037531844,-0.30429112479538867,0.17534350180160066,0.2194009032407662,-0.3537791582626647,-0.15629402494735012,0.061346275126047504,0.11931908131391177,-0.3901211990215606,-0.18823674154144757,-0.8216807382851261,-0.4845015831115092,-0.3554410355663144,-0.3688754728507201,-0.25025239784318276,3.995965707495983,-0.3168886398119078,-0.34517957090507656,-0.4014323141823005,-0.35203923635246104,-0.30586777135731963,-0.30956959368344517,-0.23711790231526927,4.299009360478467,-0.17133069613002574,-0.3688754728507201,-0.37549677868472187,-0.4724995385748947,-0.20892772350933622,-0.6316139407998891,5.471853111203575,-0.42974956042407375,-0.12427395320024001,-0.5377877706628423,-0.2459346884189824,-0.18823674154144757,-0.3853201470472626,-0.17133069613002574,Absent,0.0
1.578372234246622,0.5460607571491848,0.9382244769929741,-1.3005416715480231,-0.10711234425156063,-0.7591433440362395,-0.7935615301404937,-1.5514720651909577,-1.154125012499903,-0.9317903807442108,0.5984200244972077,-1.6381654577140614,1.6505177962795266,-1.1428219104150237,-1.9028014206487993,0.9498358493069247,-1.0624611330076603,-0.18823674154144757,-0.8216807382851261,-0.4845015831115092,2.813406162872353,-0.3688754728507201,-0.25025239784318276,-0.25025239784318276,-0.3168886398119078,-0.34517957090507656,-0.4014323141823005,-0.35203923635246104,-0.30586777135731963,-0.30956959368344517,-0.23711790231526927,-0.23261172892368465,-0.17133069613002574,-0.3688754728507201,2.6631386919024123,-0.4724995385748947,-0.20892772350933622,-0.6316139407998891,-0.18275344379265376,-0.42974956042407375,-0.12427395320024001,-0.5377877706628423,-0.2459346884189824,-0.18823674154144757,-0.3853201470472626,-0.17133069613002574,Absent,0.0
0.9893660890351645,0.25705749312398674,0.2701507327147754,-1.198118416684382,-0.2325174482255652,-0.7074862419711603,-0.6425748851437337,-1.4545971475401451,-0.7994063123633066,-0.7076835036196315,1.2330348085406182,-1.584929164871958,1.1126124597613658,0.6658125462757112,1.0174393333868195,1.0207977250531632,0.4783178823771515,-0.18823674154144757,-0.8216807382851261,-0.4845015831115092,-0.3554410355663144,-0.3688754728507201,-0.25025239784318276,-0.25025239784318276,-0.3168886398119078,-0.34517957090507656,-0.4014323141823005,-0.35203923635246104,-0.30586777135731963,-0.30956959368344517,-0.23711790231526927,-0.23261172892368465,-0.17133069613002574,2.7109419671410064,-0.37549677868472187,-0.4724995385748947,-0.20892772350933622,-0.6316139407998891,-0.18275344379265376,2.3269366442474237,-0.12427395320024001,-0.5377877706628423,-0.2459346884189824,-0.18823674154144757,-0.3853201470472626,-0.17133069613002574,Absent,0.0
1.3820368525094695,0.3809160348490716,0.6709949792816946,-1.3005416715480231,-0.14131373624447097,-0.7247052759928534,-0.750422488712848,-1.5514720651909577,-1.112393400719127,-0.9317903807442108,0.8099582858450112,-1.5906330533907547,1.451801175145429,0.008127289297262145,-0.9674929940893484,0.6817576520433573,-0.9784186412593978,-0.18823674154144757,-0.8216807382851261,-0.4845015831115092,-0.3554410355663144,2.7109419671410064,-0.25025239784318276,-0.25025239784318276,-0.3168886398119078,-0.34517957090507656,-0.4014323141823005,-0.35203923635246104,-0.30586777135731963,-0.30956959368344517,-0.23711790231526927,-0.23261172892368465,-0.17133069613002574,-0.3688754728507201,2.6631386919024123,-0.4724995385748947,-0.20892772350933622,-0.6316139407998891,-0.18275344379265376,-0.42974956042407375,-0.12427395320024001,-0.5377877706628423,-0.2459346884189824,-0.18823674154144757,-0.3853201470472626,-0.17133069613002574,Absent,0.0
1.4605710052043306,0.5873469377242131,0.8714171025651543,-1.198118416684382,-0.19831605623265486,-0.7591433440362395,-0.7072834472852023,-1.4303784181274422,-0.9037353418152467,-0.7973262544694633,1.0214965471928146,-1.621053792157671,1.4860626615478596,0.33696991778648666,-1.4143625756677527,1.0418234660150116,-0.7262911660146104,-0.18823674154144757,-0.8216807382851261,-0.4845015831115092,-0.3554410355663144,2.7109419671410064,-0.25025239784318276,-0.25025239784318276,-0.3168886398119078,-0.34517957090507656,-0.4014323141823005,-0.35203923635246104,-0.30586777135731963,-0.30956959368344517,-0.23711790231526927,-0.23261172892368465,-0.17133069613002574,-0.3688754728507201,-0.37549677868472187,-0.4724995385748947,-0.20892772350933622,-0.6316139407998891,-0.18275344379265376,2.3269366442474237,-0.12427395320024001,-0.5377877706628423,-0.2459346884189824,-0.18823674154144757,-0.3853201470472626,-0.17133069613002574,Absent,0.0
0.9893660890351645,0.25705749312398674,0.3369581071425953,-1.2322595016389288,-0.16411466423974452,-0.6816576909386207,-0.6533596455006452,-1.4545971475401451,-0.7994063123633066,-0.7076835036196315,1.2330348085406182,-1.5735213878343643,1.1571523920845257,0.5013912320310989,-1.6326012085316246,1.2915041399369618,-1.0064328051754854,-0.18823674154144757,-0.8216807382851261,-0.4845015831115092,-0.3554410355663144,2.7109419671410064,-0.25025239784318276,-0.25025239784318276,-0.3168886398119078,-0.34517957090507656,-0.4014323141823005,-0.35203923635246104,-0.30586777135731963,-0.30956959368344517,-0.23711790231526927,-0.23261172892368465,-0.17133069613002574,-0.3688754728507201,-0.37549677868472187,-0.4724995385748947,-0.20892772350933622,-0.6316139407998891,-0.18275344379265376,2.3269366442474237,-0.12427395320024001,-0.5377877706628423,-0.2459346884189824,-0.18823674154144757,-0.3853201470472626,-0.17133069613002574,Absent,0.0
1.499838081551761,0.5873469377242131,1.0050318514207939,-1.266400586593476,-0.07291095225865031,-0.7419243100145464,-0.7935615301404937,-1.4788158769528483,-1.0080643712671868,-0.8421476298943791,0.5984200244972077,-1.584929164871958,1.619682458517339,-0.3207153391919624,0.4978235408537912,0.7947710097132925,-1.0624611330076603,-0.18823674154144757,-0.8216807382851261,-0.4845015831115092,2.813406162872353,-0.3688754728507201,-0.25025239784318276,-0.25025239784318276,-0.3168886398119078,-0.34517957090507656,-0.4014323141823005,-0.35203923635246104,-0.30586777135731963,-0.30956959368344517,-0.23711790231526927,-0.23261172892368465,-0.17133069613002574,-0.3688754728507201,-0.37549677868472187,-0.4724995385748947,-0.20892772350933622,-0.6316139407998891,-0.18275344379265376,2.3269366442474237,-0.12427395320024001,-0.5377877706628423,-0.2459346884189824,-0.18823674154144757,-0.3853201470472626,-0.17133069613002574,Absent,0.0
1.735440539636344,0.6286331182992413,1.0718392258486138,-1.2322595016389288,-0.31232069620902264,-0.8366289971338582,-0.7396377283559366,-1.5272533357782545,-1.174990818390291,-0.9766117561691267,0.5984200244972077,-1.6305602730223325,1.7121884718039018,-0.15629402494735012,0.061346275126047504,0.11931908131391177,-0.3901211990215606,-0.18823674154144757,-0.8216807382851261,-0.4845015831115092,-0.3554410355663144,-0.3688754728507201,-0.25025239784318276,3.995965707495983,-0.3168886398119078,-0.34517957090507656,-0.4014323141823005,-0.35203923635246104,-0.30586777135731963,-0.30956959368344517,-0.23711790231526927,4.299009360478467,-0.17133069613002574,-0.3688754728507201,-0.37549677868472187,-0.4724995385748947,-0.20892772350933622,-0.6316139407998891,5.471853111203575,-0.42974956042407375,-0.12427395320024001,-0.5377877706628423,-0.2459346884189824,-0.18823674154144757,-0.3853201470472626,-0.17133069613002574,Absent,0.0
-0.7776523465992077,-0.4860937572265224,-1.2664188791250814,-0.48115563263889277,-0.3807234801948433,-0.4233721806132249,-0.2219692312241882,-0.4858479710320211,0.4316762351695867,0.14392262945377,1.8676495925840286,-0.9498962431125798,-0.24414240177488672,2.967710945700283,-0.16728467358848492,0.05098542318790436,1.4588136194402137,-0.18823674154144757,1.217017697271366,-0.4845015831115092,-0.3554410355663144,-0.3688754728507201,-0.25025239784318276,-0.25025239784318276,3.155682704793582,-0.34517957090507656,-0.4014323141823005,-0.35203923635246104,-0.30586777135731963,-0.30956959368344517,-0.23711790231526927,-0.23261172892368465,-0.17133069613002574,-0.3688754728507201,-0.37549677868472187,2.116404183200049,-0.20892772350933622,-0.6316139407998891,-0.18275344379265376,2.3269366442474237,-0.12427395320024001,-0.5377877706628423,-0.2459346884189824,-0.18823674154144757,-0.3853201470472626,-0.17133069613002574,Absent,0.0
-2.54467078223358,-1.6421068133273145,-2.535758993253659,-0.7201432273207224,-0.6201332241452157,-0.6041720378410019,-0.9229786544234307,-0.14678575925417764,-0.5907482534594264,0.5921363837029286,0.5984200244972077,0.717540500549021,-0.29553463137853264,0.9946551747649358,0.21723101288595598,-0.8688907438929644,1.7389552586010886,-0.18823674154144757,1.217017697271366,-0.4845015831115092,-0.3554410355663144,-0.3688754728507201,-0.25025239784318276,-0.25025239784318276,3.155682704793582,-0.34517957090507656,-0.4014323141823005,-0.35203923635246104,-0.30586777135731963,-0.30956959368344517,-0.23711790231526927,-0.23261172892368465,-0.17133069613002574,-0.3688754728507201,-0.37549677868472187,2.116404183200049,-0.20892772350933622,-0.6316139407998891,-0.18275344379265376,-0.42974956042407375,-0.12427395320024001,1.8594695799189802,-0.2459346884189824,-0.18823674154144757,-0.3853201470472626,-0.17133069613002574,Low,0.06
-2.54467078223358,-1.6421068133273145,-2.535758993253659,-0.7201432273207224,-0.6201332241452157,-0.6041720378410019,-0.9229786544234307,-0.14678575925417764,-0.5907482534594264,0.5921363837029286,0.5984200244972077,0.717540500549021,-0.29553463137853264,0.9946551747649358,0.21723101288595598,-0.8688907438929644,1.7389552586010886,-0.18823674154144757,1.217017697271366,-0.4845015831115092,-0.3554410355663144,-0.3688754728507201,-0.25025239784318276,-0.25025239784318276,3.155682704793582,-0.34517957090507656,-0.4014323141823005,-0.35203923635246104,-0.30586777135731963,-0.30956959368344517,-0.23711790231526927,-0.23261172892368465,-0.17133069613002574,-0.3688754728507201,-0.37549677868472187,2.116404183200049,-0.20892772350933622,-0.6316139407998891,-0.18275344379265376,-0.42974956042407375,-0.12427395320024001,1.8594695799189802,-0.2459346884189824,-0.18823674154144757,-0.3853201470472626,-0.17133069613002574,Low,0.06
0.16475748573912416,-0.4448075766514941,0.06972860943131583,-0.2763091229116102,-0.004508168272829639,-0.294229425450527,-0.2219692312241882,-0.09834830042877142,0.20215237037531844,-0.30429112479538867,0.17534350180160066,0.2194009032407662,-0.3537791582626647,-0.15629402494735012,0.061346275126047504,0.11931908131391177,-0.3901211990215606,-0.18823674154144757,-0.8216807382851261,-0.4845015831115092,-0.3554410355663144,-0.3688754728507201,-0.25025239784318276,3.995965707495983,-0.3168886398119078,-0.34517957090507656,-0.4014323141823005,-0.35203923635246104,-0.30586777135731963,-0.30956959368344517,-0.23711790231526927,-0.23261172892368465,-0.17133069613002574,-0.3688754728507201,-0.37549677868472187,-0.4724995385748947,-0.20892772350933622,-0.6316139407998891,5.471853111203575,-0.42974956042407375,-0.12427395320024001,-0.5377877706628423,-0.2459346884189824,-0.18823674154144757,-0.3853201470472626,-0.17133069613002574,Absent,0.0
1.6961734632889134,0.6699192988742696,1.0718392258486138,-1.198118416684382,-0.2325174482255652,-0.8021909290904721,-0.7396377283559366,-1.4788158769528483,-1.0497959830479628,-0.9317903807442108,0.5984200244972077,-1.6039421266012808,1.6745008367612282,-0.9784005961704115,1.048616280938801,0.7579759630300578,-0.9784186412593978,-0.18823674154144757,-0.8216807382851261,-0.4845015831115092,-0.3554410355663144,-0.3688754728507201,3.995965707495983,-0.25025239784318276,-0.3168886398119078,-0.34517957090507656,-0.4014323141823005,-0.35203923635246104,-0.30586777135731963,-0.30956959368344517,4.217311262607289,-0.23261172892368465,-0.17133069613002574,2.7109419671410064,-0.37549677868472187,-0.4724995385748947,-0.20892772350933622,-0.6316139407998891,-0.18275344379265376,2.3269366442474237,-0.12427395320024001,-0.5377877706628423,-0.2459346884189824,-0.18823674154144757,-0.3853201470472626,-0.17133069613002574,Absent,0.0
0.16475748573912416,-0.4448075766514941,0.06972860943131583,-0.2763091229116102,-0.004508168272829639,-0.294229425450527,-0.2219692312241882,-0.09834830042877142,0.20215237037531844,-0.30429112479538867,0.17534350180160066,0.2194009032407662,-0.3537791582626647,-0.15629402494735012,0.061346275126047504,0.11931908131391177,-0.3901211990215606,-0.18823674154144757,-0.8216807382851261,-0.4845015831115092,-0.3554410355663144,-0.3688754728507201,-0.25025239784318276,3.995965707495983,-0.3168886398119078,-0.34517957090507656,-0.4014323141823005,-0.35203923635246104,-0.30586777135731963,-0.30956959368344517,-0.23711790231526927,4.299009360478467,-0.17133069613002574,-0.3688754728507201,-0.37549677868472187,-0.4724995385748947,-0.20892772350933622,-0.6316139407998891,5.471853111203575,-0.42974956042407375,-0.12427395320024001,-0.5377877706628423,-0.2459346884189824,-0.18823674154144757,-0.3853201470472626,-0.17133069613002574,Absent,0.0
0.28255871478141564,-0.4860937572265224,0.20334335828695557,2.0794257389521396,0.34890621565391045,0.47201758851481396,0.7055201594701942,1.0157132525555714,0.8281265470869591,-0.6628621281947156,-1.7285008503286308,0.6452912459775947,-0.9670597648661728,-1.1428219104150237,-0.05296919923121871,-0.5771585880473175,-0.9504044773433103,-0.18823674154144757,-0.8216807382851261,-0.4845015831115092,-0.3554410355663144,-0.3688754728507201,3.995965707495983,-0.25025239784318276,-0.3168886398119078,-0.34517957090507656,-0.4014323141823005,-0.35203923635246104,-0.30586777135731963,-0.30956959368344517,-0.23711790231526927,4.299009360478467,-0.17133069613002574,-0.3688754728507201,2.6631386919024123,-0.4724995385748947,-0.20892772350933622,-0.6316139407998891,-0.18275344379265376,-0.42974956042407375,-0.12427395320024001,-0.5377877706628423,4.066120181860509,-0.18823674154144757,-0.3853201470472626,-0.17133069613002574,Absent,0.0
1.185701470772317,1.3304981880747222,0.6041876048538748,0.030960641679313644,1.5915567913963191,0.17068449313518552,0.004510736270951669,0.9672757937301651,2.0383432887294646,-0.03536287224589347,0.8099582858450112,-1.3871943628870018,0.5815594205236913,-0.8139792819257992,1.6409782844264533,0.9393229788260005,-0.698277002098523,-0.18823674154144757,-0.8216807382851261,-0.4845015831115092,-0.3554410355663144,2.7109419671410064,-0.25025239784318276,-0.25025239784318276,-0.3168886398119078,-0.34517957090507656,-0.4014323141823005,-0.35203923635246104,-0.30586777135731963,-0.30956959368344517,-0.23711790231526927,-0.23261172892368465,-0.17133069613002574,-0.3688754728507201,-0.37549677868472187,-0.4724995385748947,-0.20892772350933622,-0.6316139407998891,-0.18275344379265376,-0.42974956042407375,-0.12427395320024001,-0.5377877706628423,-0.2459346884189824,-0.18823674154144757,-0.3853201470472626,-0.17133069613002574,Absent,0.0
-2.1912670951067055,-1.5182482716022296,-2.06810737225892,-0.2763091229116102,-0.015908632270466416,-0.27701039142883394,-0.4915882401469738,0.43446374665069687,0.8489923529773471,0.4576722574281811,-0.036194759546202826,1.168147693533969,-0.8163092246954781,-0.6495579676811869,0.8615545956269111,0.6055393410566566,0.7864736854541139,-0.18823674154144757,-0.8216807382851261,-0.4845015831115092,-0.3554410355663144,-0.3688754728507201,-0.25025239784318276,-0.25025239784318276,-0.3168886398119078,-0.34517957090507656,-0.4014323141823005,-0.35203923635246104,-0.30586777135731963,-0.30956959368344517,-0.23711790231526927,-0.23261172892368465,-0.17133069613002574,-0.3688754728507201,-0.37549677868472187,2.116404183200049,-0.20892772350933622,-0.6316139407998891,-0.18275344379265376,-0.42974956042407375,-0.12427395320024001,1.8594695799189802,-0.2459346884189824,-0.18823674154144757,-0.3853201470472626,-0.17133069613002574,Absent,0.0
1.185701470772317,1.3304981880747222,0.6041876048538748,0.030960641679313644,1.5915567913963191,0.17068449313518552,0.004510736270951669,0.9672757937301651,2.0383432887294646,-0.03536287224589347,0.8099582858450112,-1.3871943628870018,0.5815594205236913,-0.8139792819257992,1.6409782844264533,0.9393229788260005,-0.698277002098523,-0.18823674154144757,-0.8216807382851261,-0.4845015831115092,-0.3554410355663144,2.7109419671410064,-0.25025239784318276,-0.25025239784318276,-0.3168886398119078,-0.34517957090507656,-0.4014323141823005,-0.35203923635246104,-0.30586777135731963,-0.30956959368344517,-0.23711790231526927,-0.23261172892368465,-0.17133069613002574,-0.3688754728507201,-0.37549677868472187,-0.4724995385748947,-0.20892772350933622,-0.6316139407998891,-0.18275344379265376,-0.42974956042407375,-0.12427395320024001,-0.5377877706628423,-0.2459346884189824,-0.18823674154144757,-0.3853201470472626,-0.17133069613002574,Absent,0.0
-0.9739877283363602,-0.857669382401777,-0.9323820069859822,0.3723714912247846,-1.2471587440152383,-0.6816576909386207,-0.47001871943315093,-0.0014733827779590076,-0.7576747005825306,0.18874400487868587,-0.2477330208940063,0.7479612393159373,-0.8471445624576657,1.816761745987997,0.9239084907308744,-0.6822872928565596,1.710941094685001,-0.18823674154144757,1.217017697271366,-0.4845015831115092,-0.3554410355663144,-0.3688754728507201,-0.25025239784318276,-0.25025239784318276,3.155682704793582,-0.34517957090507656,-0.4014323141823005,-0.35203923635246104,-0.30586777135731963,-0.30956959368344517,-0.23711790231526927,-0.23261172892368465,-0.17133069613002574,-0.3688754728507201,-0.37549677868472187,2.116404183200049,-0.20892772350933622,-0.6316139407998891,-0.18275344379265376,-0.42974956042407375,-0.12427395320024001,-0.5377877706628423,-0.2459346884189824,5.312459150169743,-0.3853201470472626,-0.17133069613002574,Absent,0.0
-0.3064474304300418,0.7524916600243262,1.5394908468433528,-1.266400586593476,-2.3188023597930956,-1.9128186234896742,-1.2788757462015077,-1.7694406299052856,-3.0737791544156012,1.3989211413514142,-0.036194759546202826,1.2841267600828374,1.9897065116635897,-1.307243224659636,0.17566174948331373,-0.5114531475415411,1.7389552586010886,-0.18823674154144757,-0.8216807382851261,-0.4845015831115092,-0.3554410355663144,-0.3688754728507201,3.995965707495983,-0.25025239784318276,-0.3168886398119078,-0.34517957090507656,-0.4014323141823005,-0.35203923635246104,-0.30586777135731963,-0.30956959368344517,-0.23711790231526927,-0.23261172892368465,-0.17133069613002574,-0.3688754728507201,-0.37549677868472187,-0.4724995385748947,-0.20892772350933622,-0.6316139407998891,-0.18275344379265376,-0.42974956042407375,-0.12427395320024001,-0.5377877706628423,-0.2459346884189824,-0.18823674154144757,-0.3853201470472626,-0.17133069613002574,Absent,0.0
1.0679002417300256,1.0827811046245526,0.3369581071425953,-0.924989737048005,0.8505266315499287,-0.1134295682227499,-0.31903207443639103,-0.7280352651590521,0.5568710705119149,-0.16982699852064106,1.4445730698884216,-1.6476719385787229,1.1297432029625811,-0.9784005961704115,0.13409248608067145,0.7816299216121373,-0.698277002098523,-0.18823674154144757,-0.8216807382851261,2.0639767440550294,-0.3554410355663144,-0.3688754728507201,-0.25025239784318276,-0.25025239784318276,-0.3168886398119078,-0.34517957090507656,-0.4014323141823005,-0.35203923635246104,-0.30586777135731963,-0.30956959368344517,-0.23711790231526927,-0.23261172892368465,-0.17133069613002574,-0.3688754728507201,-0.37549677868472187,-0.4724995385748947,-0.20892772350933622,-0.6316139407998891,-0.18275344379265376,-0.42974956042407375,-0.12427395320024001,-0.5377877706628423,-0.2459346884189824,-0.18823674154144757,-0.3853201470472626,-0.17133069613002574,Absent,0.0
1.0679002417300256,1.0827811046245526,0.3369581071425953,-0.924989737048005,0.8505266315499287,-0.1134295682227499,-0.31903207443639103,-0.7280352651590521,0.5568710705119149,-0.16982699852064106,1.4445730698884216,-1.6476719385787229,1.1297432029625811,-0.9784005961704115,0.13409248608067145,0.7816299216121373,-0.698277002098523,-0.18823674154144757,-0.8216807382851261,2.0639767440550294,-0.3554410355663144,-0.3688754728507201,-0.25025239784318276,-0.25025239784318276,-0.3168886398119078,-0.34517957090507656,-0.4014323141823005,-0.35203923635246104,-0.30586777135731963,-0.30956959368344517,-0.23711790231526927,-0.23261172892368465,-0.17133069613002574,-0.3688754728507201,-0.37549677868472187,-0.4724995385748947,-0.20892772350933622,-0.6316139407998891,-0.18275344379265376,-0.42974956042407375,-0.12427395320024001,-0.5377877706628423,-0.2459346884189824,-0.18823674154144757,-0.3853201470472626,-0.17133069613002574,Absent,0.0
1.6961734632889134,0.7112054794492979,1.0718392258486138,-1.2322595016389288,0.029693223720080694,-0.6902672079494673,-0.750422488712848,-1.4303784181274422,-0.9663327594864108,-0.8869690053192949,0.5984200244972077,-1.6704874926539102,1.7190407690843879,0.008127289297262145,-1.7365243670382302,1.1206699946219432,-1.0624611330076603,-0.18823674154144757,-0.8216807382851261,-0.4845015831115092,2.813406162872353,-0.3688754728507201,-0.25025239784318276,-0.25025239784318276,-0.3168886398119078,-0.34517957090507656,-0.4014323141823005,-0.35203923635246104,-0.30586777135731963,-0.30956959368344517,-0.23711790231526927,-0.23261172892368465,-0.17133069613002574,-0.3688754728507201,-0.37549677868472187,-0.4724995385748947,-0.20892772350933622,-0.6316139407998891,-0.18275344379265376,-0.42974956042407375,-0.12427395320024001,-0.5377877706628423,-0.2459346884189824,-0.18823674154144757,-0.3853201470472626,-0.17133069613002574,Absent,0.0
1.0679002417300256,1.0827811046245526,0.3369581071425953,-0.924989737048005,0.8505266315499287,-0.1134295682227499,-0.31903207443639103,-0.7280352651590521,0.5568710705119149,-0.16982699852064106,1.4445730698884216,-1.6476719385787229,1.1297432029625811,-0.9784005961704115,0.13409248608067145,0.7816299216121373,-0.698277002098523,-0.18823674154144757,-0.8216807382851261,2.0639767440550294,-0.3554410355663144,-0.3688754728507201,-0.25025239784318276,-0.25025239784318276,-0.3168886398119078,-0.34517957090507656,-0.4014323141823005,-0.35203923635246104,-0.30586777135731963,-0.30956959368344517,-0.23711790231526927,-0.23261172892368465,-0.17133069613002574,-0.3688754728507201,-0.37549677868472187,-0.4724995385748947,-0.20892772350933622,-0.6316139407998891,-0.18275344379265376,-0.42974956042407375,-0.12427395320024001,-0.5377877706628423,-0.2459346884189824,-0.18823674154144757,-0.3853201470472626,-0.17133069613002574,Absent,0.0
0.16475748573912416,-0.4448075766514941,0.06972860943131583,-0.2763091229116102,-0.004508168272829639,-0.294229425450527,-0.2219692312241882,-0.09834830042877142,0.20215237037531844,-0.30429112479538867,0.17534350180160066,0.2194009032407662,-0.3537791582626647,-0.15629402494735012,0.061346275126047504,0.11931908131391177,-0.3901211990215606,-0.18823674154144757,-0.8216807382851261,-0.4845015831115092,-0.3554410355663144,-0.3688754728507201,-0.25025239784318276,3.995965707495983,-0.3168886398119078,-0.34517957090507656,-0.4014323141823005,-0.35203923635246104,-0.30586777135731963,-0.30956959368344517,-0.23711790231526927,4.299009360478467,-0.17133069613002574,-0.3688754728507201,-0.37549677868472187,-0.4724995385748947,-0.20892772350933622,-0.6316139407998891,5.471853111203575,-0.42974956042407375,-0.12427395320024001,-0.5377877706628423,-0.2459346884189824,-0.18823674154144757,-0.3853201470472626,-0.17133069613002574,Low,0.03
0.12549040939169367,-0.6925246601016639,0.0029212350034959643,1.3283218699521033,0.98733219952157,1.014417160198145,1.568300988023108,0.8946196054920558,1.2245768590043316,-0.7525048790445473,-0.4592712822418098,0.24982164200768253,-0.9636336162259298,-0.8139792819257992,-0.04257688338055814,0.06149829366882858,-1.0344469690915727,-0.18823674154144757,1.217017697271366,-0.4845015831115092,-0.3554410355663144,-0.3688754728507201,-0.25025239784318276,-0.25025239784318276,-0.3168886398119078,-0.34517957090507656,2.49107997704907,-0.35203923635246104,-0.30586777135731963,-0.30956959368344517,-0.23711790231526927,-0.23261172892368465,-0.17133069613002574,-0.3688754728507201,-0.37549677868472187,-0.4724995385748947,-0.20892772350933622,1.5832456116050555,-0.18275344379265376,-0.42974956042407375,-0.12427395320024001,1.8594695799189802,-0.2459346884189824,-0.18823674154144757,-0.3853201470472626,-0.17133069613002574,Low,0.03
0.16475748573912416,-0.4448075766514941,0.06972860943131583,-0.2763091229116102,-0.004508168272829639,-0.294229425450527,-0.2219692312241882,-0.09834830042877142,0.20215237037531844,-0.30429112479538867,0.17534350180160066,0.2194009032407662,-0.3537791582626647,-0.15629402494735012,0.061346275126047504,0.11931908131391177,-0.3901211990215606,-0.18823674154144757,-0.8216807382851261,-0.4845015831115092,-0.3554410355663144,-0.3688754728507201,-0.25025239784318276,3.995965707495983,-0.3168886398119078,-0.34517957090507656,-0.4014323141823005,-0.35203923635246104,-0.30586777135731963,-0.30956959368344517,-0.23711790231526927,4.299009360478467,-0.17133069613002574,-0.3688754728507201,-0.37549677868472187,-0.4724995385748947,-0.20892772350933622,-0.6316139407998891,5.471853111203575,-0.42974956042407375,-0.12427395320024001,-0.5377877706628423,-0.2459346884189824,-0.18823674154144757,-0.3853201470472626,-0.17133069613002574,Low,0.03
0.28255871478141564,-0.6099522989516073,0.06972860943131583,1.3966040398611974,1.0329340555121171,1.2468741194910014,1.8594895176597164,0.9430570643174621,1.2037110531139434,-0.9317903807442108,-0.8823478049374168,0.20609183003024031,-0.9636336162259298,-0.9784005961704115,-1.8508398413954965,0.39791014905840344,-1.0624611330076603,-0.18823674154144757,1.217017697271366,-0.4845015831115092,-0.3554410355663144,-0.3688754728507201,-0.25025239784318276,-0.25025239784318276,-0.3168886398119078,-0.34517957090507656,-0.4014323141823005,2.840592458843996,-0.30586777135731963,-0.30956959368344517,-0.23711790231526927,-0.23261172892368465,-0.17133069613002574,-0.3688754728507201,-0.37549677868472187,-0.4724995385748947,-0.20892772350933622,1.5832456116050555,-0.18275344379265376,-0.42974956042407375,-0.12427395320024001,1.8594695799189802,-0.2459346884189824,-0.18823674154144757,-0.3853201470472626,-0.17133069613002574,Low,0.03
0.08622333304426316,-0.6512384795266356,0.06972860943131583,1.3624629549066505,0.9987326635192068,0.9713695751439125,1.5359467069523738,0.918838334904759,1.2663084707851076,-0.7076835036196315,-0.4592712822418098,0.2003879415114435,-0.9670597648661728,-0.8139792819257992,0.1237001702300109,0.32694827331216497,-1.0344469690915727,-0.18823674154144757,1.217017697271366,-0.4845015831115092,-0.3554410355663144,-0.3688754728507201,-0.25025239784318276,-0.25025239784318276,-0.3168886398119078,-0.34517957090507656,-0.4014323141823005,2.840592458843996,-0.30586777135731963,-0.30956959368344517,-0.23711790231526927,-0.23261172892368465,-0.17133069613002574,-0.3688754728507201,-0.37549677868472187,-0.4724995385748947,-0.20892772350933622,1.5832456116050555,-0.18275344379265376,-0.42974956042407375,-0.12427395320024001,1.8594695799189802,-0.2459346884189824,-0.18823674154144757,-0.3853201470472626,-0.17133069613002574,Low,0.03
1.4213039288569,2.9406592305008257,1.8735277189824522,-0.6177199724570812,0.884728023542839,0.17929401014603205,-0.7719920094266708,0.19227645252366582,1.0159188001004513,1.0851715133770032,1.2330348085406182,-1.5126799103005317,2.1438832004745274,-1.1428219104150237,1.3188164930559758,0.43207697812140716,-1.0624611330076603,-0.18823674154144757,-0.8216807382851261,-0.4845015831115092,-0.3554410355663144,2.7109419671410064,-0.25025239784318276,-0.25025239784318276,-0.3168886398119078,2.8970428272390354,-0.4014323141823005,-0.35203923635246104,-0.30586777135731963,-0.30956959368344517,-0.23711790231526927,-0.23261172892368465,-0.17133069613002574,-0.3688754728507201,2.6631386919024123,-0.4724995385748947,-0.20892772350933622,-0.6316139407998891,-0.18275344379265376,-0.42974956042407375,-0.12427395320024001,-0.5377877706628423,-0.2459346884189824,-0.18823674154144757,-0.3853201470472626,-0.17133069613002574,Absent,0.0
-2.1127329424118444,-1.5182482716022296,-2.0012999978311,-0.24216803795706313,0.1778992556893588,-0.08760101719021031,-0.2651082726518339,0.6282135819523217,1.495832335579376,0.4128508820032652,-0.036194759546202826,1.1377269547670525,-0.8745537515796101,-0.9784005961704115,0.0925232226780292,0.6922705225242815,-1.0624611330076603,-0.18823674154144757,1.217017697271366,-0.4845015831115092,-0.3554410355663144,-0.3688754728507201,-0.25025239784318276,-0.25025239784318276,3.155682704793582,-0.34517957090507656,-0.4014323141823005,-0.35203923635246104,-0.30586777135731963,-0.30956959368344517,-0.23711790231526927,-0.23261172892368465,-0.17133069613002574,-0.3688754728507201,-0.37549677868472187,-0.4724995385748947,-0.20892772350933622,1.5832456116050555,-0.18275344379265376,-0.42974956042407375,-0.12427395320024001,1.8594695799189802,-0.2459346884189824,-0.18823674154144757,-0.3853201470472626,-0.17133069613002574,Absent,0.0
0.32182579112884613,-0.4448075766514941,0.1365359838591357,1.3283218699521033,1.0329340555121171,1.6773499700333279,1.773211434804425,1.1125881702063838,1.1202478295523914,-0.9766117561691267,-1.0938860662852203,0.16616461039866265,-0.9465028730247145,-1.1428219104150237,0.7888083846722871,0.19290917468038127,-1.0624611330076603,-0.18823674154144757,1.217017697271366,-0.4845015831115092,-0.3554410355663144,-0.3688754728507201,-0.25025239784318276,-0.25025239784318276,-0.3168886398119078,-0.34517957090507656,-0.4014323141823005,2.840592458843996,-0.30586777135731963,-0.30956959368344517,-0.23711790231526927,-0.23261172892368465,-0.17133069613002574,-0.3688754728507201,-0.37549677868472187,-0.4724995385748947,-0.20892772350933622,-0.6316139407998891,-0.18275344379265376,-0.42974956042407375,-0.12427395320024001,1.8594695799189802,-0.2459346884189824,-0.18823674154144757,-0.3853201470472626,-0.17133069613002574,Low,0.03
0.16475748573912416,-0.4448075766514941,0.06972860943131583,-0.2763091229116102,-0.004508168272829639,-0.294229425450527,-0.2219692312241882,-0.09834830042877142,0.20215237037531844,-0.30429112479538867,0.17534350180160066,0.2194009032407662,-0.3537791582626647,-0.15629402494735012,0.061346275126047504,0.11931908131391177,-0.3901211990215606,-0.18823674154144757,-0.8216807382851261,-0.4845015831115092,-0.3554410355663144,-0.3688754728507201,-0.25025239784318276,3.995965707495983,-0.3168886398119078,-0.34517957090507656,-0.4014323141823005,-0.35203923635246104,-0.30586777135731963,-0.30956959368344517,-0.23711790231526927,4.299009360478467,-0.17133069613002574,-0.3688754728507201,-0.37549677868472187,-0.4724995385748947,-0.20892772350933622,-0.6316139407998891,5.471853111203575,-0.42974956042407375,-0.12427395320024001,-0.5377877706628423,-0.2459346884189824,-0.18823674154144757,-0.3853201470472626,-0.17133069613002574,Low,0.03
-0.6598511175569163,1.1653534657746092,2.007142467838092,-0.6860021423661754,-2.09079307984036,-1.3962476028388824,-1.0416110183494565,-0.9702225592860831,-2.072220471676976,1.891956271025489,0.38688176314940415,1.5940380362707973,0.6980484742919554,-0.9784005961704115,-0.81160825632944,-0.9004293553357371,1.7389552586010886,-0.18823674154144757,1.217017697271366,-0.4845015831115092,-0.3554410355663144,-0.3688754728507201,-0.25025239784318276,-0.25025239784318276,-0.3168886398119078,-0.34517957090507656,-0.4014323141823005,-0.35203923635246104,-0.30586777135731963,3.230291412348993,-0.23711790231526927,-0.23261172892368465,-0.17133069613002574,-0.3688754728507201,-0.37549677868472187,-0.4724995385748947,-0.20892772350933622,-0.6316139407998891,-0.18275344379265376,-0.42974956042407375,-0.12427395320024001,-0.5377877706628423,-0.2459346884189824,-0.18823674154144757,-0.3853201470472626,-0.17133069613002574,Absent,0.0
-0.07084497234545882,-0.6099522989516073,-0.19750088827996365,1.4648862097702917,-0.551730440159395,0.2739986972653438,0.2525602244799144,0.6039948525396186,0.05609172914260228,-0.3939338756452204,-1.3054243276330237,0.6357847651129334,-0.9636336162259298,-0.15629402494735012,0.061346275126047504,0.11931908131391177,0.2822187349645391,-0.18823674154144757,-0.8216807382851261,-0.4845015831115092,-0.3554410355663144,-0.3688754728507201,-0.25025239784318276,3.995965707495983,-0.3168886398119078,-0.34517957090507656,-0.4014323141823005,-0.35203923635246104,-0.30586777135731963,-0.30956959368344517,-0.23711790231526927,4.299009360478467,-0.17133069613002574,-0.3688754728507201,-0.37549677868472187,-0.4724995385748947,4.786344211304794,-0.6316139407998891,-0.18275344379265376,-0.42974956042407375,-0.12427395320024001,-0.5377877706628423,-0.2459346884189824,5.312459150169743,-0.3853201470472626,-0.17133069613002574,Absent,0.0
1.4213039288569,0.7112054794492979,0.6041876048538748,-1.3005416715480231,-0.22111698422792841,-1.0088193373507888,-1.0739652994201907,-1.2366285828258172,-0.6116140593498144,-0.3939338756452204,-0.6708095435896133,-0.33767887542838887,1.4792103642673735,-1.1428219104150237,0.20683869703529542,0.11406264607344965,-0.698277002098523,-0.18823674154144757,-0.8216807382851261,-0.4845015831115092,-0.3554410355663144,-0.3688754728507201,3.995965707495983,-0.25025239784318276,-0.3168886398119078,-0.34517957090507656,-0.4014323141823005,-0.35203923635246104,-0.30586777135731963,-0.30956959368344517,4.217311262607289,-0.23261172892368465,-0.17133069613002574,2.7109419671410064,-0.37549677868472187,-0.4724995385748947,-0.20892772350933622,-0.6316139407998891,-0.18275344379265376,-0.42974956042407375,-0.12427395320024001,-0.5377877706628423,-0.2459346884189824,-0.18823674154144757,-0.3853201470472626,-0.17133069613002574,Absent,0.0
0.24329163843398516,-0.36223521550143756,0.2701507327147754,1.8745792292248569,0.5541145676113725,0.2051225611785716,0.44668591090432,1.1852443584444932,1.2454426648947194,-0.4835766264950521,-1.5169625889808274,0.6643042077069173,-0.9670597648661728,-1.307243224659636,-0.19846162114046662,-0.5640174999461622,-0.8663619855950478,-0.18823674154144757,-0.8216807382851261,2.0639767440550294,-0.3554410355663144,-0.3688754728507201,-0.25025239784318276,-0.25025239784318276,-0.3168886398119078,-0.34517957090507656,-0.4014323141823005,-0.35203923635246104,-0.30586777135731963,-0.30956959368344517,-0.23711790231526927,-0.23261172892368465,-0.17133069613002574,-0.3688754728507201,-0.37549677868472187,-0.4724995385748947,4.786344211304794,-0.6316139407998891,-0.18275344379265376,-0.42974956042407375,-0.12427395320024001,-0.5377877706628423,4.066120181860509,-0.18823674154144757,-0.3853201470472626,-0.17133069613002574,Absent,0.0
-0.03157789599802832,-0.568666118376579,-0.0638861394243239,0.7137823407702556,1.1583391594861217,2.004511616445496,1.0182782098206256,0.6524323113650248,0.5151394587311388,-0.6628621281947156,-0.6708095435896133,0.3068605271956506,-0.9019629407015547,0.33696991778648666,0.8407699639255899,0.014190376504669613,1.710941094685001,-0.18823674154144757,1.217017697271366,-0.4845015831115092,-0.3554410355663144,-0.3688754728507201,-0.25025239784318276,-0.25025239784318276,-0.3168886398119078,-0.34517957090507656,-0.4014323141823005,2.840592458843996,-0.30586777135731963,-0.30956959368344517,-0.23711790231526927,-0.23261172892368465,-0.17133069613002574,-0.3688754728507201,-0.37549677868472187,2.116404183200049,-0.20892772350933622,-0.6316139407998891,-0.18275344379265376,-0.42974956042407375,-0.12427395320024001,1.8594695799189802,-0.2459346884189824,-0.18823674154144757,-0.3853201470472626,-0.17133069613002574,Low,0.03
-0.6991181939043467,1.4130705492247788,1.6731055956989926,-0.924989737048005,-2.09079307984036,-1.3790285688171895,-1.0739652994201907,-0.3889730533812087,-0.8411379241440827,2.2057058989999,0.17534350180160066,1.7613520994888372,0.5849855691639343,0.8302338605203236,-0.33356172719905397,-2.4747317098541384,-1.0624611330076603,-0.18823674154144757,-0.8216807382851261,2.0639767440550294,-0.3554410355663144,-0.3688754728507201,-0.25025239784318276,-0.25025239784318276,-0.3168886398119078,-0.34517957090507656,-0.4014323141823005,-0.35203923635246104,-0.30586777135731963,-0.30956959368344517,-0.23711790231526927,-0.23261172892368465,-0.17133069613002574,-0.3688754728507201,-0.37549677868472187,-0.4724995385748947,-0.20892772350933622,-0.6316139407998891,-0.18275344379265376,-0.42974956042407375,-0.12427395320024001,-0.5377877706628423,-0.2459346884189824,-0.18823674154144757,-0.3853201470472626,-0.17133069613002574,Absent,0.0
0.20402456208655464,-0.40352139607646587,0.1365359838591357,0.7820645106793498,-0.9393462160790454,-0.4836387996891506,0.26334498483682584,-0.34053559455580246,-0.7785405064729186,-0.5732193773448838,0.17534350180160066,-0.543018862105074,-0.8265876706162073,1.9811830602326093,-0.06336151508187927,-1.9963961029720865,1.0105869967828138,-0.18823674154144757,1.217017697271366,-0.4845015831115092,-0.3554410355663144,-0.3688754728507201,-0.25025239784318276,-0.25025239784318276,-0.3168886398119078,-0.34517957090507656,-0.4014323141823005,-0.35203923635246104,-0.30586777135731963,3.230291412348993,-0.23711790231526927,-0.23261172892368465,-0.17133069613002574,-0.3688754728507201,-0.37549677868472187,2.116404183200049,-0.20892772350933622,-0.6316139407998891,-0.18275344379265376,2.3269366442474237,-0.12427395320024001,-0.5377877706628423,-0.2459346884189824,-0.18823674154144757,-0.3853201470472626,-0.17133069613002574,Low,0.03
-0.5420498885146248,1.6195014520999202,2.073949842265912,-0.924989737048005,-2.0565916878474497,-1.3704190518063428,-1.0739652994201907,-0.5100667004447241,-1.0497959830479628,2.2953486498497315,0.17534350180160066,1.9001467201128928,0.7117530688529277,-0.9784005961704115,0.4354696457498278,-0.703313033818408,1.710941094685001,-0.18823674154144757,-0.8216807382851261,2.0639767440550294,-0.3554410355663144,-0.3688754728507201,-0.25025239784318276,-0.25025239784318276,-0.3168886398119078,-0.34517957090507656,-0.4014323141823005,-0.35203923635246104,-0.30586777135731963,3.230291412348993,-0.23711790231526927,-0.23261172892368465,-0.17133069613002574,-0.3688754728507201,-0.37549677868472187,-0.4724995385748947,-0.20892772350933622,-0.6316139407998891,-0.18275344379265376,-0.42974956042407375,-0.12427395320024001,-0.5377877706628423,-0.2459346884189824,-0.18823674154144757,-0.3853201470472626,-0.17133069613002574,Absent,0.0
0.28255871478141564,-0.6925246601016639,0.06972860943131583,1.3966040398611974,1.0329340555121171,1.2813121875343876,1.8918437987304508,0.9430570643174621,1.1828452472235556,-0.9317903807442108,-0.8823478049374168,0.19278275681971443,-0.9670597648661728,-0.3207153391919624,0.8719469114775715,0.3085507499705476,-1.0624611330076603,-0.18823674154144757,1.217017697271366,-0.4845015831115092,-0.3554410355663144,-0.3688754728507201,-0.25025239784318276,-0.25025239784318276,-0.3168886398119078,-0.34517957090507656,-0.4014323141823005,2.840592458843996,-0.30586777135731963,-0.30956959368344517,-0.23711790231526927,-0.23261172892368465,-0.17133069613002574,-0.3688754728507201,-0.37549677868472187,-0.4724995385748947,-0.20892772350933622,1.5832456116050555,-0.18275344379265376,-0.42974956042407375,-0.12427395320024001,1.8594695799189802,-0.2459346884189824,-0.18823674154144757,-0.3853201470472626,-0.17133069613002574,Low,0.03
0.20402456208655464,-0.4448075766514941,0.20334335828695557,1.942861399133951,0.5199131756184622,0.2309511122111112,0.5221792334027,1.16102562903179,1.1828452472235556,-0.528398001919968,-1.5169625889808274,0.6909223541279691,-0.9670597648661728,-0.8139792819257992,1.3603857564586181,-0.3064521731635189,0.3662612267128016,-0.18823674154144757,-0.8216807382851261,2.0639767440550294,-0.3554410355663144,-0.3688754728507201,-0.25025239784318276,-0.25025239784318276,-0.3168886398119078,-0.34517957090507656,-0.4014323141823005,-0.35203923635246104,3.269386622730461,-0.30956959368344517,-0.23711790231526927,-0.23261172892368465,5.836665714829544,-0.3688754728507201,-0.37549677868472187,-0.4724995385748947,-0.20892772350933622,-0.6316139407998891,-0.18275344379265376,-0.42974956042407375,-0.12427395320024001,-0.5377877706628423,4.066120181860509,-0.18823674154144757,-0.3853201470472626,-0.17133069613002574,Absent,0.0
0.20402456208655464,-0.36223521550143756,0.2701507327147754,1.8404381442703097,0.5655150316090093,0.17929401014603205,0.40354686947667434,1.2094630878571961,1.2871742766754957,-0.43875525107013624,-1.3054243276330237,0.7042314273384951,-0.9670597648661728,-0.9784005961704115,0.8615545956269111,-0.7295952100207186,-1.0624611330076603,-0.18823674154144757,-0.8216807382851261,2.0639767440550294,-0.3554410355663144,-0.3688754728507201,-0.25025239784318276,-0.25025239784318276,-0.3168886398119078,-0.34517957090507656,-0.4014323141823005,-0.35203923635246104,-0.30586777135731963,-0.30956959368344517,-0.23711790231526927,-0.23261172892368465,-0.17133069613002574,-0.3688754728507201,-0.37549677868472187,-0.4724995385748947,-0.20892772350933622,1.5832456116050555,-0.18275344379265376,-0.42974956042407375,-0.12427395320024001,-0.5377877706628423,4.066120181860509,-0.18823674154144757,-0.3853201470472626,-0.17133069613002574,Absent,0.0
1.0679002417300256,0.25705749312398674,0.3369581071425953,-1.2322595016389288,-0.20971652023029164,-0.7074862419711603,-0.674929166214468,-1.4545971475401451,-0.8620037300344707,-0.7525048790445473,1.0214965471928146,-1.613448607465942,1.174283135285741,0.5013912320310989,0.9446931224321955,0.9314383259653073,0.4783178823771515,-0.18823674154144757,-0.8216807382851261,-0.4845015831115092,-0.3554410355663144,2.7109419671410064,-0.25025239784318276,-0.25025239784318276,-0.3168886398119078,-0.34517957090507656,-0.4014323141823005,-0.35203923635246104,-0.30586777135731963,-0.30956959368344517,-0.23711790231526927,-0.23261172892368465,-0.17133069613002574,2.7109419671410064,-0.37549677868472187,-0.4724995385748947,-0.20892772350933622,-0.6316139407998891,-0.18275344379265376,2.3269366442474237,-0.12427395320024001,-0.5377877706628423,-0.2459346884189824,-0.18823674154144757,-0.3853201470472626,-0.17133069613002574,Absent,0.0
1.4213039288569,0.3809160348490716,0.6709949792816946,-1.3005416715480231,-0.19831605623265486,-0.750533827025393,-0.750422488712848,-1.5756907946036607,-1.174990818390291,-0.9766117561691267,0.5984200244972077,-1.6058434227742129,1.455227323785672,0.8302338605203236,0.8199853322242687,0.5004106362474146,-0.586220346434173,-0.18823674154144757,-0.8216807382851261,-0.4845015831115092,-0.3554410355663144,2.7109419671410064,-0.25025239784318276,-0.25025239784318276,-0.3168886398119078,-0.34517957090507656,-0.4014323141823005,-0.35203923635246104,-0.30586777135731963,-0.30956959368344517,-0.23711790231526927,-0.23261172892368465,-0.17133069613002574,2.7109419671410064,-0.37549677868472187,-0.4724995385748947,-0.20892772350933622,-0.6316139407998891,-0.18275344379265376,-0.42974956042407375,-0.12427395320024001,-0.5377877706628423,-0.2459346884189824,-0.18823674154144757,-0.3853201470472626,-0.17133069613002574,Absent,0.0
0.7144965546031511,1.7020738132499769,0.5373802304260549,-0.9932719069570992,0.8733275595452022,-0.5525149357759228,-0.7827767697835822,-0.5100667004447241,-0.4238218063363222,0.8610646362524239,0.8099582858450112,-0.993626055090022,1.3216075268161926,-0.48513665343657464,-0.5414080442122653,0.11931908131391177,0.9265445050345513,-0.18823674154144757,-0.8216807382851261,2.0639767440550294,-0.3554410355663144,-0.3688754728507201,-0.25025239784318276,-0.25025239784318276,-0.3168886398119078,2.8970428272390354,-0.4014323141823005,-0.35203923635246104,-0.30586777135731963,-0.30956959368344517,-0.23711790231526927,-0.23261172892368465,-0.17133069613002574,2.7109419671410064,-0.37549677868472187,-0.4724995385748947,-0.20892772350933622,-0.6316139407998891,-0.18275344379265376,-0.42974956042407375,-0.12427395320024001,-0.5377877706628423,-0.2459346884189824,-0.18823674154144757,-0.3853201470472626,-0.17133069613002574,Absent,0.0
0.9500990126877341,1.9085047161251183,1.0050318514207939,-1.0615540768661935,1.0101331275168435,-0.6127815548518485,-0.8474853319250508,-0.7038165357463491,-0.5907482534594264,0.816243260827508,0.8099582858450112,-0.993626055090022,1.6059778639563669,-0.6495579676811869,-1.4663241549210555,0.621308646778043,0.3102328988806266,-0.18823674154144757,-0.8216807382851261,2.0639767440550294,-0.3554410355663144,-0.3688754728507201,-0.25025239784318276,-0.25025239784318276,-0.3168886398119078,2.8970428272390354,-0.4014323141823005,-0.35203923635246104,-0.30586777135731963,-0.30956959368344517,-0.23711790231526927,-0.23261172892368465,-0.17133069613002574,2.7109419671410064,-0.37549677868472187,-0.4724995385748947,-0.20892772350933622,-0.6316139407998891,-0.18275344379265376,-0.42974956042407375,-0.12427395320024001,-0.5377877706628423,-0.2459346884189824,-0.18823674154144757,-0.3853201470472626,-0.17133069613002574,Absent,0.0
0.9893660890351645,0.21577131254895845,0.2701507327147754,-1.2322595016389288,-0.1755151282373813,-0.6816576909386207,-0.6425748851437337,-1.4545971475401451,-0.7994063123633066,-0.7076835036196315,1.0214965471928146,-1.550705833759177,1.1126124597613658,0.9946551747649358,1.4331319674132421,1.359837798062969,0.2542045710484516,-0.18823674154144757,-0.8216807382851261,-0.4845015831115092,-0.3554410355663144,2.7109419671410064,-0.25025239784318276,-0.25025239784318276,-0.3168886398119078,-0.34517957090507656,-0.4014323141823005,-0.35203923635246104,-0.30586777135731963,-0.30956959368344517,-0.23711790231526927,-0.23261172892368465,-0.17133069613002574,2.7109419671410064,-0.37549677868472187,-0.4724995385748947,-0.20892772350933622,-0.6316139407998891,-0.18275344379265376,2.3269366442474237,-0.12427395320024001,-0.5377877706628423,-0.2459346884189824,-0.18823674154144757,-0.3853201470472626,-0.17133069613002574,Absent,0.0
0.9893660890351645,0.21577131254895845,0.2701507327147754,-1.2322595016389288,-0.1755151282373813,-0.6816576909386207,-0.6425748851437337,-1.4545971475401451,-0.7994063123633066,-0.7076835036196315,1.0214965471928146,-1.550705833759177,1.1126124597613658,0.9946551747649358,1.4331319674132421,1.359837798062969,0.2542045710484516,-0.18823674154144757,-0.8216807382851261,-0.4845015831115092,-0.3554410355663144,2.7109419671410064,-0.25025239784318276,-0.25025239784318276,-0.3168886398119078,-0.34517957090507656,-0.4014323141823005,-0.35203923635246104,-0.30586777135731963,-0.30956959368344517,-0.23711790231526927,-0.23261172892368465,-0.17133069613002574,2.7109419671410064,-0.37549677868472187,-0.4724995385748947,-0.20892772350933622,-0.6316139407998891,-0.18275344379265376,2.3269366442474237,-0.12427395320024001,-0.5377877706628423,-0.2459346884189824,-0.18823674154144757,-0.3853201470472626,-0.17133069613002574,Absent,0.0
0.8322977836454426,0.1331989513989019,0.1365359838591357,-1.2322595016389288,-0.22111698422792841,-0.6730481739277742,-0.599435843716088,-1.4303784181274422,-0.7368088946921426,-0.6628621281947156,1.2330348085406182,-1.5335941682027867,0.9926972573528587,0.5013912320310989,-0.18806930528980606,0.8815021911809173,-0.13799372377677321,-0.18823674154144757,-0.8216807382851261,-0.4845015831115092,-0.3554410355663144,2.7109419671410064,-0.25025239784318276,-0.25025239784318276,-0.3168886398119078,-0.34517957090507656,-0.4014323141823005,-0.35203923635246104,-0.30586777135731963,-0.30956959368344517,-0.23711790231526927,-0.23261172892368465,-0.17133069613002574,-0.3688754728507201,-0.37549677868472187,-0.4724995385748947,-0.20892772350933622,-0.6316139407998891,-0.18275344379265376,2.3269366442474237,-0.12427395320024001,-0.5377877706628423,-0.2459346884189824,-0.18823674154144757,-0.3853201470472626,-0.17133069613002574,Absent,0.0
1.107167318077456,1.2479258269246656,0.470572855998235,-0.8567075671389108,0.9645312715262965,-0.06177246615767073,-0.28667779336565674,-0.6311603475082397,0.702931711744631,-0.08018424767080934,1.2330348085406182,-1.6362641615411293,1.1571523920845257,-0.48513665343657464,0.9758700699841772,0.9051561497629969,0.17016207930018915,-0.18823674154144757,-0.8216807382851261,-0.4845015831115092,2.813406162872353,-0.3688754728507201,-0.25025239784318276,-0.25025239784318276,-0.3168886398119078,-0.34517957090507656,-0.4014323141823005,-0.35203923635246104,-0.30586777135731963,-0.30956959368344517,-0.23711790231526927,-0.23261172892368465,-0.17133069613002574,2.7109419671410064,-0.37549677868472187,-0.4724995385748947,-0.20892772350933622,-0.6316139407998891,-0.18275344379265376,-0.42974956042407375,-0.12427395320024001,-0.5377877706628423,-0.2459346884189824,-0.18823674154144757,-0.3853201470472626,-0.17133069613002574,Absent,0.0
0.7537636309505816,0.29834367369901504,0.06972860943131583,-1.0615540768661935,-0.2325174482255652,-0.6041720378410019,-0.4053101572916824,-1.2366285828258172,-0.2777611651036061,-0.4835766264950521,1.4445730698884216,-1.4917656523982767,0.8076852307797333,-0.8139792819257992,0.7784160688216265,0.960348719787849,-0.47416369076982307,-0.18823674154144757,-0.8216807382851261,-0.4845015831115092,-0.3554410355663144,2.7109419671410064,-0.25025239784318276,-0.25025239784318276,-0.3168886398119078,-0.34517957090507656,-0.4014323141823005,-0.35203923635246104,-0.30586777135731963,-0.30956959368344517,-0.23711790231526927,-0.23261172892368465,-0.17133069613002574,-0.3688754728507201,2.6631386919024123,-0.4724995385748947,-0.20892772350933622,-0.6316139407998891,-0.18275344379265376,2.3269366442474237,-0.12427395320024001,-0.5377877706628423,-0.2459346884189824,-0.18823674154144757,-0.3853201470472626,-0.17133069613002574,Absent,0.0
-2.8195403166655937,-1.3118173687270882,-2.3353368699701993,-0.3787323777752515,-0.25531837622083875,0.024322703950794545,-0.18961495015345395,-0.19522321807958384,0.3690788174984226,1.2644570150766667,1.4445730698884216,0.22890738410542755,-0.6175926035613805,-0.48513665343657464,1.3084241772053153,1.6095184719849192,0.5903745380415015,-0.18823674154144757,1.217017697271366,-0.4845015831115092,-0.3554410355663144,-0.3688754728507201,-0.25025239784318276,-0.25025239784318276,3.155682704793582,-0.34517957090507656,-0.4014323141823005,-0.35203923635246104,-0.30586777135731963,-0.30956959368344517,-0.23711790231526927,-0.23261172892368465,-0.17133069613002574,-0.3688754728507201,2.6631386919024123,-0.4724995385748947,-0.20892772350933622,-0.6316139407998891,-0.18275344379265376,-0.42974956042407375,-0.12427395320024001,-0.5377877706628423,-0.2459346884189824,-0.18823674154144757,-0.3853201470472626,5.836665714829544,Low,0.02
-3.015875698402746,-1.5182482716022296,-2.7361811165371184,-0.3787323777752515,-0.30092023221138586,0.015713186939948016,-0.2111844708672768,-0.19522321807958384,0.3690788174984226,1.2196356396517507,1.4445730698884216,0.1623620180527981,-0.6347233467625958,0.9946551747649358,-0.3231694113483934,-0.2065799035947389,1.7389552586010886,-0.18823674154144757,1.217017697271366,-0.4845015831115092,-0.3554410355663144,-0.3688754728507201,-0.25025239784318276,-0.25025239784318276,3.155682704793582,-0.34517957090507656,-0.4014323141823005,-0.35203923635246104,-0.30586777135731963,-0.30956959368344517,-0.23711790231526927,-0.23261172892368465,-0.17133069613002574,-0.3688754728507201,-0.37549677868472187,2.116404183200049,-0.20892772350933622,-0.6316139407998891,-0.18275344379265376,-0.42974956042407375,-0.12427395320024001,-0.5377877706628423,-0.2459346884189824,-0.18823674154144757,-0.3853201470472626,5.836665714829544,Low,0.02
-2.2698012478015666,-0.8163832018267487,-1.6004557512641808,-0.3445912928207044,-0.1299132722468342,0.0415417379724876,-0.14647590872580826,-0.14678575925417764,0.5151394587311388,1.2196356396517507,1.2330348085406182,0.2194009032407662,-0.5524957793967623,1.159076489009548,1.4435242832639026,1.846058057805714,1.318742799859776,-0.18823674154144757,1.217017697271366,-0.4845015831115092,-0.3554410355663144,-0.3688754728507201,-0.25025239784318276,-0.25025239784318276,3.155682704793582,-0.34517957090507656,-0.4014323141823005,-0.35203923635246104,-0.30586777135731963,-0.30956959368344517,-0.23711790231526927,-0.23261172892368465,-0.17133069613002574,-0.3688754728507201,-0.37549677868472187,2.116404183200049,-0.20892772350933622,-0.6316139407998891,-0.18275344379265376,-0.42974956042407375,-0.12427395320024001,-0.5377877706628423,-0.2459346884189824,-0.18823674154144757,-0.3853201470472626,5.836665714829544,Low,0.02
0.24329163843398516,-0.36223521550143756,0.2701507327147754,1.8745792292248569,0.5541145676113725,0.2051225611785716,0.44668591090432,1.1852443584444932,1.2454426648947194,-0.4835766264950521,-1.5169625889808274,0.6643042077069173,-0.9670597648661728,-1.307243224659636,-0.19846162114046662,-0.5640174999461622,-0.8663619855950478,-0.18823674154144757,-0.8216807382851261,2.0639767440550294,-0.3554410355663144,-0.3688754728507201,-0.25025239784318276,-0.25025239784318276,-0.3168886398119078,-0.34517957090507656,-0.4014323141823005,-0.35203923635246104,-0.30586777135731963,-0.30956959368344517,-0.23711790231526927,-0.23261172892368465,-0.17133069613002574,-0.3688754728507201,-0.37549677868472187,-0.4724995385748947,4.786344211304794,-0.6316139407998891,-0.18275344379265376,-0.42974956042407375,-0.12427395320024001,-0.5377877706628423,4.066120181860509,-0.18823674154144757,-0.3853201470472626,-0.17133069613002574,Absent,0.0
0.32182579112884613,-0.6925246601016639,0.0029212350034959643,1.4307451248157446,1.044334519509754,1.3157502555777736,1.9565523608719193,0.9430570643174621,1.2245768590043316,-0.9766117561691267,-0.8823478049374168,0.16046072187986585,-0.9670597648661728,-0.48513665343657464,-0.47905414910830185,-0.30908039078375,0.5903745380415015,-0.18823674154144757,1.217017697271366,-0.4845015831115092,-0.3554410355663144,-0.3688754728507201,-0.25025239784318276,-0.25025239784318276,-0.3168886398119078,-0.34517957090507656,-0.4014323141823005,-0.35203923635246104,-0.30586777135731963,-0.30956959368344517,-0.23711790231526927,-0.23261172892368465,-0.17133069613002574,-0.3688754728507201,-0.37549677868472187,2.116404183200049,-0.20892772350933622,-0.6316139407998891,-0.18275344379265376,-0.42974956042407375,-0.12427395320024001,1.8594695799189802,-0.2459346884189824,-0.18823674154144757,-0.3853201470472626,-0.17133069613002574,Low,0.03
-0.38498158312490277,0.876350201749411,1.472683472415533,-1.2322595016389288,-2.250399575807275,-1.8697710384354416,-1.2680909858445963,-1.6967844416671762,-2.906852707292497,1.533385267626162,-0.036194759546202826,1.2651137983535146,1.838955971492895,-1.1428219104150237,-0.09453846263386097,-0.5351071061236206,-0.22203621552503566,-0.18823674154144757,-0.8216807382851261,-0.4845015831115092,-0.3554410355663144,-0.3688754728507201,-0.25025239784318276,-0.25025239784318276,-0.3168886398119078,-0.34517957090507656,-0.4014323141823005,-0.35203923635246104,-0.30586777135731963,-0.30956959368344517,-0.23711790231526927,-0.23261172892368465,-0.17133069613002574,-0.3688754728507201,-0.37549677868472187,-0.4724995385748947,-0.20892772350933622,-0.6316139407998891,-0.18275344379265376,-0.42974956042407375,-0.12427395320024001,-0.5377877706628423,-0.2459346884189824,-0.18823674154144757,-0.3853201470472626,-0.17133069613002574,Absent,0.0
0.24329163843398516,-0.4860937572265224,0.20334335828695557,2.0111435690430453,0.4287094636373679,0.37731290139550216,0.6300268369718142,1.0883694407936806,0.9741871883196752,-0.6180407527697998,-1.7285008503286308,0.6509951344963915,-0.9670597648661728,-1.1428219104150237,1.0694009126401223,-0.4956838418201548,0.22619040713236413,-0.18823674154144757,-0.8216807382851261,-0.4845015831115092,-0.3554410355663144,-0.3688754728507201,3.995965707495983,-0.25025239784318276,-0.3168886398119078,-0.34517957090507656,-0.4014323141823005,-0.35203923635246104,-0.30586777135731963,-0.30956959368344517,-0.23711790231526927,4.299009360478467,-0.17133069613002574,-0.3688754728507201,-0.37549677868472187,-0.4724995385748947,-0.20892772350933622,1.5832456116050555,-0.18275344379265376,-0.42974956042407375,-0.12427395320024001,-0.5377877706628423,4.066120181860509,-0.18823674154144757,-0.3853201470472626,-0.17133069613002574,Absent,0.0
1.5391051578991914,0.4222022154240999,0.7378023537095145,-1.3005416715480231,-0.20971652023029164,-0.767752861047086,-0.7612072490697593,-1.5756907946036607,-1.195856624280679,-0.9766117561691267,0.5984200244972077,-1.6324615691952646,1.5511594857124777,-0.6495579676811869,0.4770389091524701,0.6896423049040504,-0.9504044773433103,-0.18823674154144757,-0.8216807382851261,-0.4845015831115092,-0.3554410355663144,2.7109419671410064,-0.25025239784318276,-0.25025239784318276,-0.3168886398119078,-0.34517957090507656,-0.4014323141823005,-0.35203923635246104,-0.30586777135731963,-0.30956959368344517,-0.23711790231526927,-0.23261172892368465,-0.17133069613002574,-0.3688754728507201,2.6631386919024123,-0.4724995385748947,-0.20892772350933622,-0.6316139407998891,-0.18275344379265376,-0.42974956042407375,-0.12427395320024001,-0.5377877706628423,-0.2459346884189824,-0.18823674154144757,-0.3853201470472626,-0.17133069613002574,Absent,0.0
-2.1912670951067055,-1.5182482716022296,-2.06810737225892,-0.2763091229116102,-0.015908632270466416,-0.27701039142883394,-0.4915882401469738,0.43446374665069687,0.8489923529773471,0.4576722574281811,-0.036194759546202826,1.168147693533969,-0.8163092246954781,-0.6495579676811869,0.8615545956269111,0.6055393410566566,0.7864736854541139,-0.18823674154144757,-0.8216807382851261,-0.4845015831115092,-0.3554410355663144,-0.3688754728507201,-0.25025239784318276,-0.25025239784318276,-0.3168886398119078,-0.34517957090507656,-0.4014323141823005,-0.35203923635246104,-0.30586777135731963,-0.30956959368344517,-0.23711790231526927,-0.23261172892368465,-0.17133069613002574,-0.3688754728507201,-0.37549677868472187,2.116404183200049,-0.20892772350933622,-0.6316139407998891,-0.18275344379265376,-0.42974956042407375,-0.12427395320024001,1.8594695799189802,-0.2459346884189824,-0.18823674154144757,-0.3853201470472626,-0.17133069613002574,Absent,0.0
-2.152000018759275,-1.435675910452173,-1.9344926234032802,-0.3104502078661573,-0.03870956026573997,-0.294229425450527,-0.5023730005038852,0.45868247606339996,0.8907239647581232,0.5024936328530969,-0.036194759546202826,1.170048989706901,-0.8026046301345059,-0.15629402494735012,-0.14650004188716378,0.045728987947442255,0.618388701957589,-0.18823674154144757,1.217017697271366,-0.4845015831115092,-0.3554410355663144,-0.3688754728507201,-0.25025239784318276,-0.25025239784318276,3.155682704793582,-0.34517957090507656,-0.4014323141823005,-0.35203923635246104,-0.30586777135731963,-0.30956959368344517,-0.23711790231526927,-0.23261172892368465,-0.17133069613002574,-0.3688754728507201,-0.37549677868472187,2.116404183200049,-0.20892772350933622,-0.6316139407998891,-0.18275344379265376,-0.42974956042407375,-0.12427395320024001,1.8594695799189802,-0.2459346884189824,-0.18823674154144757,-0.3853201470472626,-0.17133069613002574,Absent,0.0
-0.8169194229466382,0.8350640211743828,1.0050318514207939,-0.8225664821843638,-1.9425870478710818,-1.4134666368605755,-1.0523957787063678,-0.43741051220661487,-1.0497959830479628,1.7574921447507412,0.17534350180160066,1.5902354439249329,0.33487671842619077,-1.1428219104150237,1.1837163869973886,-0.38004226652998846,-1.0624611330076603,-0.18823674154144757,1.217017697271366,-0.4845015831115092,-0.3554410355663144,-0.3688754728507201,-0.25025239784318276,-0.25025239784318276,-0.3168886398119078,-0.34517957090507656,-0.4014323141823005,-0.35203923635246104,-0.30586777135731963,3.230291412348993,-0.23711790231526927,-0.23261172892368465,-0.17133069613002574,-0.3688754728507201,-0.37549677868472187,-0.4724995385748947,-0.20892772350933622,-0.6316139407998891,-0.18275344379265376,-0.42974956042407375,-0.12427395320024001,-0.5377877706628423,-0.2459346884189824,-0.18823674154144757,-0.3853201470472626,-0.17133069613002574,Absent,0.0
0.24329163843398516,-0.7750970212517204,-0.2643082627077835,0.850346680588444,0.782123847564108,1.1435599153608431,1.2231886566019425,0.8946196054920558,0.2856155939368705,-0.9317903807442108,-1.5169625889808274,0.39432015115053504,-0.9053890893417977,-1.1428219104150237,0.4978235408537912,-0.14087446308896256,0.9825728328667263,-0.18823674154144757,-0.8216807382851261,-0.4845015831115092,-0.3554410355663144,-0.3688754728507201,-0.25025239784318276,3.995965707495983,-0.3168886398119078,-0.34517957090507656,-0.4014323141823005,-0.35203923635246104,3.269386622730461,-0.30956959368344517,-0.23711790231526927,-0.23261172892368465,-0.17133069613002574,-0.3688754728507201,-0.37549677868472187,-0.4724995385748947,-0.20892772350933622,1.5832456116050555,-0.18275344379265376,-0.42974956042407375,-0.12427395320024001,-0.5377877706628423,-0.2459346884189824,-0.18823674154144757,2.5952445198183276,-0.17133069613002574,Absent,0.0
0.3610928674762766,-0.6925246601016639,-0.3311156371356034,0.6113590859066143,0.884728023542839,1.289921704545234,1.3418210205279681,0.48290120547610305,0.4316762351695867,-0.9766117561691267,-1.3054243276330237,0.23080868027835982,-0.8745537515796101,-1.1428219104150237,-1.9859399474540838,-0.08305367544387937,-1.0344469690915727,-0.18823674154144757,-0.8216807382851261,-0.4845015831115092,-0.3554410355663144,2.7109419671410064,-0.25025239784318276,-0.25025239784318276,-0.3168886398119078,-0.34517957090507656,-0.4014323141823005,-0.35203923635246104,-0.30586777135731963,-0.30956959368344517,-0.23711790231526927,-0.23261172892368465,-0.17133069613002574,-0.3688754728507201,-0.37549677868472187,-0.4724995385748947,-0.20892772350933622,1.5832456116050555,-0.18275344379265376,-0.42974956042407375,-0.12427395320024001,-0.5377877706628423,-0.2459346884189824,-0.18823674154144757,2.5952445198183276,-0.17133069613002574,Absent,0.0
0.24329163843398516,-0.40352139607646587,0.20334335828695557,1.908720314179404,0.5199131756184622,0.2309511122111112,0.5006097126888771,1.16102562903179,1.1828452472235556,-0.528398001919968,-1.5169625889808274,0.6719093923986464,-0.9670597648661728,0.008127289297262145,0.7264544895683237,-0.8899164848548129,-1.0624611330076603,-0.18823674154144757,-0.8216807382851261,2.0639767440550294,-0.3554410355663144,-0.3688754728507201,-0.25025239784318276,-0.25025239784318276,-0.3168886398119078,-0.34517957090507656,-0.4014323141823005,-0.35203923635246104,3.269386622730461,-0.30956959368344517,-0.23711790231526927,-0.23261172892368465,-0.17133069613002574,-0.3688754728507201,-0.37549677868472187,-0.4724995385748947,-0.20892772350933622,1.5832456116050555,-0.18275344379265376,-0.42974956042407375,-0.12427395320024001,-0.5377877706628423,4.066120181860509,-0.18823674154144757,-0.3853201470472626,-0.17133069613002574,Absent,0.0
0.6752294782557205,-0.857669382401777,-0.2643082627077835,1.1234753602248206,1.1697396234837585,1.530988180848937,2.830117949781745,0.3133700995871813,0.682065905854243,-1.4696468858432012,-1.5169625889808274,-0.17416740455621368,-0.9293721298234991,-1.1428219104150237,0.20683869703529542,0.2980378794896234,0.5903745380415015,5.312459150169743,-0.8216807382851261,-0.4845015831115092,-0.3554410355663144,-0.3688754728507201,-0.25025239784318276,-0.25025239784318276,-0.3168886398119078,-0.34517957090507656,-0.4014323141823005,-0.35203923635246104,3.269386622730461,-0.30956959368344517,-0.23711790231526927,-0.23261172892368465,-0.17133069613002574,-0.3688754728507201,-0.37549677868472187,-0.4724995385748947,-0.20892772350933622,1.5832456116050555,-0.18275344379265376,-0.42974956042407375,-0.12427395320024001,1.8594695799189802,-0.2459346884189824,-0.18823674154144757,-0.3853201470472626,-0.17133069613002574,Absent,0.0
-0.3064474304300418,-1.146672646426975,-0.4647303859912431,0.7820645106793498,0.39450807164445756,0.8680553710137542,2.0536152040841222,0.07118280546015031,0.5568710705119149,-0.7973262544694633,-0.6708095435896133,0.0996192443460332,-0.9430767243844714,1.3234978032541602,1.412347335711921,1.351953145202276,1.654912766852826,-0.18823674154144757,1.217017697271366,-0.4845015831115092,-0.3554410355663144,-0.3688754728507201,-0.25025239784318276,-0.25025239784318276,-0.3168886398119078,-0.34517957090507656,2.49107997704907,-0.35203923635246104,-0.30586777135731963,-0.30956959368344517,-0.23711790231526927,-0.23261172892368465,-0.17133069613002574,-0.3688754728507201,-0.37549677868472187,2.116404183200049,-0.20892772350933622,-0.6316139407998891,-0.18275344379265376,-0.42974956042407375,-0.12427395320024001,1.8594695799189802,-0.2459346884189824,-0.18823674154144757,-0.3853201470472626,-0.17133069613002574,Absent,0.0
0.40035994382370715,-0.568666118376579,0.06972860943131583,1.191757530133915,1.0671354475050274,2.0131211334563424,1.5251619465954624,0.8219634172539465,0.7863949353061831,-1.1110758824438742,-1.5169625889808274,0.16046072187986585,-0.9327982784637422,-0.8139792819257992,-0.81160825632944,0.01944681174513172,-0.10997955986068572,-0.18823674154144757,-0.8216807382851261,-0.4845015831115092,-0.3554410355663144,-0.3688754728507201,3.995965707495983,-0.25025239784318276,-0.3168886398119078,-0.34517957090507656,-0.4014323141823005,-0.35203923635246104,-0.30586777135731963,-0.30956959368344517,-0.23711790231526927,4.299009360478467,-0.17133069613002574,-0.3688754728507201,-0.37549677868472187,-0.4724995385748947,-0.20892772350933622,1.5832456116050555,-0.18275344379265376,-0.42974956042407375,-0.12427395320024001,1.8594695799189802,-0.2459346884189824,-0.18823674154144757,-0.3853201470472626,-0.17133069613002574,Absent,0.0
0.3610928674762766,-0.7750970212517204,-0.3311156371356034,0.6455001708611614,0.8961284875404758,1.289921704545234,1.3957448223125253,0.45868247606339996,0.41081042927919864,-1.0214331315940426,-1.5169625889808274,0.2384138649700889,-0.8814060488600962,-0.8139792819257992,1.02783164923748,-0.0015789292167167092,-0.1660078876928607,5.312459150169743,-0.8216807382851261,-0.4845015831115092,-0.3554410355663144,-0.3688754728507201,-0.25025239784318276,-0.25025239784318276,-0.3168886398119078,-0.34517957090507656,-0.4014323141823005,-0.35203923635246104,3.269386622730461,-0.30956959368344517,-0.23711790231526927,-0.23261172892368465,-0.17133069613002574,-0.3688754728507201,-0.37549677868472187,-0.4724995385748947,-0.20892772350933622,1.5832456116050555,-0.18275344379265376,-0.42974956042407375,-0.12427395320024001,-0.5377877706628423,-0.2459346884189824,-0.18823674154144757,2.5952445198183276,-0.17133069613002574,Absent,0.0
0.40035994382370715,-0.568666118376579,0.06972860943131583,1.1576164451793678,1.0671354475050274,2.0303401674780353,1.4820229051678167,0.8219634172539465,0.723797517635019,-1.0662545070189584,-1.3054243276330237,0.15475683336106902,-0.9293721298234991,-1.1428219104150237,0.4250773298991673,0.082524034630677,-0.3901211990215606,-0.18823674154144757,-0.8216807382851261,-0.4845015831115092,-0.3554410355663144,-0.3688754728507201,3.995965707495983,-0.25025239784318276,-0.3168886398119078,-0.34517957090507656,-0.4014323141823005,-0.35203923635246104,3.269386622730461,-0.30956959368344517,-0.23711790231526927,-0.23261172892368465,-0.17133069613002574,-0.3688754728507201,-0.37549677868472187,-0.4724995385748947,4.786344211304794,-0.6316139407998891,-0.18275344379265376,-0.42974956042407375,-0.12427395320024001,1.8594695799189802,-0.2459346884189824,-0.18823674154144757,-0.3853201470472626,-0.17133069613002574,Absent,0.0
-1.9556646370221227,-1.1879588270020034,-1.8008778745476404,-0.6860021423661754,-0.449126264180664,-0.5352959017542297,-0.7935615301404937,-0.12256702984147452,-0.4238218063363222,0.5024936328530969,0.38688176314940415,0.7441586469700727,-0.3058130772992618,-1.307243224659636,1.007047017536159,0.8315660563965273,-0.698277002098523,-0.18823674154144757,1.217017697271366,-0.4845015831115092,-0.3554410355663144,-0.3688754728507201,-0.25025239784318276,-0.25025239784318276,3.155682704793582,-0.34517957090507656,-0.4014323141823005,-0.35203923635246104,-0.30586777135731963,-0.30956959368344517,-0.23711790231526927,-0.23261172892368465,-0.17133069613002574,-0.3688754728507201,-0.37549677868472187,-0.4724995385748947,-0.20892772350933622,1.5832456116050555,-0.18275344379265376,-0.42974956042407375,-0.12427395320024001,1.8594695799189802,-0.2459346884189824,-0.18823674154144757,-0.3853201470472626,-0.17133069613002574,Low,0.02
-2.780273240318163,-1.9311100773525125,-3.0702179886762178,-0.6860021423661754,-0.6429341521404892,-0.5869530038193089,-0.9445481751372535,-0.09834830042877142,-0.5490166416786504,0.5473150082780128,0.5984200244972077,0.7023301311655628,-0.3537791582626647,1.3234978032541602,1.007047017536159,0.9734898078890042,1.710941094685001,-0.18823674154144757,1.217017697271366,-0.4845015831115092,-0.3554410355663144,-0.3688754728507201,-0.25025239784318276,-0.25025239784318276,3.155682704793582,-0.34517957090507656,-0.4014323141823005,-0.35203923635246104,-0.30586777135731963,-0.30956959368344517,-0.23711790231526927,-0.23261172892368465,-0.17133069613002574,-0.3688754728507201,-0.37549677868472187,2.116404183200049,-0.20892772350933622,-0.6316139407998891,-0.18275344379265376,-0.42974956042407375,-0.12427395320024001,1.8594695799189802,-0.2459346884189824,-0.18823674154144757,-0.3853201470472626,-0.17133069613002574,Low,0.02
0.40035994382370715,-0.568666118376579,0.06972860943131583,1.191757530133915,1.0671354475050274,2.0131211334563424,1.5251619465954624,0.8219634172539465,0.7863949353061831,-1.1110758824438742,-1.5169625889808274,0.16046072187986585,-0.9327982784637422,-0.8139792819257992,-0.81160825632944,0.01944681174513172,-0.10997955986068572,-0.18823674154144757,-0.8216807382851261,-0.4845015831115092,-0.3554410355663144,-0.3688754728507201,3.995965707495983,-0.25025239784318276,-0.3168886398119078,-0.34517957090507656,-0.4014323141823005,-0.35203923635246104,-0.30586777135731963,-0.30956959368344517,-0.23711790231526927,4.299009360478467,-0.17133069613002574,-0.3688754728507201,-0.37549677868472187,-0.4724995385748947,-0.20892772350933622,1.5832456116050555,-0.18275344379265376,-0.42974956042407375,-0.12427395320024001,1.8594695799189802,-0.2459346884189824,-0.18823674154144757,-0.3853201470472626,-0.17133069613002574,Low,0.03
0.6752294782557205,-0.857669382401777,-0.2643082627077835,1.1234753602248206,1.1697396234837585,1.530988180848937,2.830117949781745,0.3133700995871813,0.682065905854243,-1.4696468858432012,-1.5169625889808274,-0.17416740455621368,-0.9293721298234991,-1.1428219104150237,0.20683869703529542,0.2980378794896234,0.5903745380415015,5.312459150169743,-0.8216807382851261,-0.4845015831115092,-0.3554410355663144,-0.3688754728507201,-0.25025239784318276,-0.25025239784318276,-0.3168886398119078,-0.34517957090507656,-0.4014323141823005,-0.35203923635246104,3.269386622730461,-0.30956959368344517,-0.23711790231526927,-0.23261172892368465,-0.17133069613002574,-0.3688754728507201,-0.37549677868472187,-0.4724995385748947,-0.20892772350933622,1.5832456116050555,-0.18275344379265376,-0.42974956042407375,-0.12427395320024001,1.8594695799189802,-0.2459346884189824,-0.18823674154144757,-0.3853201470472626,-0.17133069613002574,Absent,0.0
0.28255871478141564,-0.568666118376579,0.06972860943131583,1.4307451248157446,1.1013368394979377,1.0316361942198382,1.7624266744475137,0.8461821466666496,1.3289058884562717,-0.7973262544694633,-0.4592712822418098,0.07680369027084596,-0.9636336162259298,-1.1428219104150237,1.6409782844264533,0.38739727857747924,-0.27806454335721065,-0.18823674154144757,1.217017697271366,-0.4845015831115092,-0.3554410355663144,-0.3688754728507201,-0.25025239784318276,-0.25025239784318276,-0.3168886398119078,-0.34517957090507656,-0.4014323141823005,-0.35203923635246104,3.269386622730461,-0.30956959368344517,-0.23711790231526927,-0.23261172892368465,-0.17133069613002574,-0.3688754728507201,-0.37549677868472187,-0.4724995385748947,-0.20892772350933622,1.5832456116050555,-0.18275344379265376,-0.42974956042407375,-0.12427395320024001,1.8594695799189802,-0.2459346884189824,-0.18823674154144757,-0.3853201470472626,-0.17133069613002574,Absent,0.0
-2.54467078223358,-1.6421068133273145,-2.535758993253659,-0.7201432273207224,-0.6201332241452157,-0.6041720378410019,-0.9229786544234307,-0.14678575925417764,-0.5907482534594264,0.5921363837029286,0.5984200244972077,0.717540500549021,-0.29553463137853264,0.9946551747649358,0.21723101288595598,-0.8688907438929644,1.7389552586010886,-0.18823674154144757,1.217017697271366,-0.4845015831115092,-0.3554410355663144,-0.3688754728507201,-0.25025239784318276,-0.25025239784318276,3.155682704793582,-0.34517957090507656,-0.4014323141823005,-0.35203923635246104,-0.30586777135731963,-0.30956959368344517,-0.23711790231526927,-0.23261172892368465,-0.17133069613002574,-0.3688754728507201,-0.37549677868472187,2.116404183200049,-0.20892772350933622,-0.6316139407998891,-0.18275344379265376,-0.42974956042407375,-0.12427395320024001,1.8594695799189802,-0.2459346884189824,-0.18823674154144757,-0.3853201470472626,-0.17133069613002574,Low,0.06
0.24329163843398516,-0.36223521550143756,0.2701507327147754,1.8745792292248569,0.5541145676113725,0.2051225611785716,0.44668591090432,1.1852443584444932,1.2454426648947194,-0.4835766264950521,-1.5169625889808274,0.6643042077069173,-0.9670597648661728,-1.307243224659636,-0.19846162114046662,-0.5640174999461622,-0.8663619855950478,-0.18823674154144757,-0.8216807382851261,2.0639767440550294,-0.3554410355663144,-0.3688754728507201,-0.25025239784318276,-0.25025239784318276,-0.3168886398119078,-0.34517957090507656,-0.4014323141823005,-0.35203923635246104,-0.30586777135731963,-0.30956959368344517,-0.23711790231526927,-0.23261172892368465,-0.17133069613002574,-0.3688754728507201,-0.37549677868472187,-0.4724995385748947,4.786344211304794,-0.6316139407998891,-0.18275344379265376,-0.42974956042407375,-0.12427395320024001,-0.5377877706628423,4.066120181860509,-0.18823674154144757,-0.3853201470472626,-0.17133069613002574,Absent,0.0
0.24329163843398516,-0.36223521550143756,0.2701507327147754,1.8745792292248569,0.5541145676113725,0.2051225611785716,0.44668591090432,1.1852443584444932,1.2454426648947194,-0.4835766264950521,-1.5169625889808274,0.6643042077069173,-0.9670597648661728,-1.307243224659636,-0.19846162114046662,-0.5640174999461622,-0.8663619855950478,-0.18823674154144757,-0.8216807382851261,2.0639767440550294,-0.3554410355663144,-0.3688754728507201,-0.25025239784318276,-0.25025239784318276,-0.3168886398119078,-0.34517957090507656,-0.4014323141823005,-0.35203923635246104,-0.30586777135731963,-0.30956959368344517,-0.23711790231526927,-0.23261172892368465,-0.17133069613002574,-0.3688754728507201,-0.37549677868472187,-0.4724995385748947,4.786344211304794,-0.6316139407998891,-0.18275344379265376,-0.42974956042407375,-0.12427395320024001,-0.5377877706628423,4.066120181860509,-0.18823674154144757,-0.3853201470472626,-0.17133069613002574,Absent,0.0
-1.7593292552849702,0.46348839599912817,-0.7319598837025225,-0.924989737048005,-1.8057814798994405,-1.4823427729473477,-1.1710281426323934,-0.9702225592860831,-1.133259206609515,2.0264203973002366,0.5984200244972077,0.8810519714211962,0.3657120561883783,-0.6495579676811869,-0.47905414910830185,-0.4142090955929921,0.3662612267128016,-0.18823674154144757,-0.8216807382851261,2.0639767440550294,-0.3554410355663144,-0.3688754728507201,-0.25025239784318276,-0.25025239784318276,-0.3168886398119078,2.8970428272390354,-0.4014323141823005,-0.35203923635246104,-0.30586777135731963,-0.30956959368344517,-0.23711790231526927,-0.23261172892368465,-0.17133069613002574,-0.3688754728507201,-0.37549677868472187,-0.4724995385748947,-0.20892772350933622,-0.6316139407998891,-0.18275344379265376,-0.42974956042407375,-0.12427395320024001,-0.5377877706628423,-0.2459346884189824,-0.18823674154144757,-0.3853201470472626,-0.17133069613002574,Absent,0.0
0.28255871478141564,-0.32094903492640925,0.20334335828695557,0.7820645106793498,-0.8823438960908615,-0.4750292826783041,0.26334498483682584,-0.34053559455580246,-0.7159430888017545,-0.5732193773448838,0.38688176314940415,-0.5715383046990581,-0.7923261842137767,-0.48513665343657464,0.4874312250031307,0.2586146151861576,-0.4461495268537356,-0.18823674154144757,1.217017697271366,-0.4845015831115092,-0.3554410355663144,-0.3688754728507201,-0.25025239784318276,-0.25025239784318276,-0.3168886398119078,-0.34517957090507656,-0.4014323141823005,2.840592458843996,-0.30586777135731963,-0.30956959368344517,-0.23711790231526927,-0.23261172892368465,-0.17133069613002574,-0.3688754728507201,-0.37549677868472187,-0.4724995385748947,-0.20892772350933622,1.5832456116050555,-0.18275344379265376,2.3269366442474237,-0.12427395320024001,-0.5377877706628423,-0.2459346884189824,-0.18823674154144757,-0.3853201470472626,-0.17133069613002574,Low,0.03
0.9500990126877341,0.7524916600243262,0.470572855998235,-0.5835788875025341,-0.20971652023029164,-0.5611244527867694,-0.11412162765507398,-0.8249101828098645,0.1812865644849304,-0.30429112479538867,1.656111331236225,-1.4632462098042927,0.6363777987675803,0.17254860354187443,0.08213090682736864,0.029959682226055936,-0.8943761495111354,-0.18823674154144757,1.217017697271366,-0.4845015831115092,-0.3554410355663144,-0.3688754728507201,-0.25025239784318276,-0.25025239784318276,-0.3168886398119078,-0.34517957090507656,-0.4014323141823005,2.840592458843996,-0.30586777135731963,-0.30956959368344517,-0.23711790231526927,-0.23261172892368465,-0.17133069613002574,-0.3688754728507201,2.6631386919024123,-0.4724995385748947,-0.20892772350933622,-0.6316139407998891,-0.18275344379265376,2.3269366442474237,-0.12427395320024001,-0.5377877706628423,-0.2459346884189824,-0.18823674154144757,-0.3853201470472626,-0.17133069613002574,Absent,0.0
1.107167318077456,0.8350640211743828,0.0029212350034959643,0.20166606645204913,1.1127373034955745,0.08458932302672023,-0.2111844708672768,1.403212923158821,1.9131484533871363,-0.3939338756452204,1.4445730698884216,-1.6704874926539102,0.626099352846851,-0.15629402494735012,-1.4039702598170922,0.9550922845473868,0.9545586689506388,-0.18823674154144757,-0.8216807382851261,-0.4845015831115092,-0.3554410355663144,2.7109419671410064,-0.25025239784318276,-0.25025239784318276,-0.3168886398119078,2.8970428272390354,-0.4014323141823005,-0.35203923635246104,-0.30586777135731963,-0.30956959368344517,-0.23711790231526927,-0.23261172892368465,-0.17133069613002574,-0.3688754728507201,-0.37549677868472187,-0.4724995385748947,-0.20892772350933622,-0.6316139407998891,-0.18275344379265376,-0.42974956042407375,8.04673846971554,-0.5377877706628423,-0.2459346884189824,-0.18823674154144757,-0.3853201470472626,-0.17133069613002574,Low,0.03
-1.209590186420943,-0.8163832018267487,-1.7340705001198207,-0.5835788875025341,-0.3921239441924801,-0.3717150785481457,-0.2543235122949225,-0.4858479710320211,0.4734078469503627,0.23356538030360174,1.8676495925840286,-0.8871534694058149,-0.29553463137853264,1.6523404317433847,1.5162704942185266,0.7422066573086715,1.7389552586010886,-0.18823674154144757,1.217017697271366,-0.4845015831115092,-0.3554410355663144,-0.3688754728507201,-0.25025239784318276,-0.25025239784318276,3.155682704793582,-0.34517957090507656,-0.4014323141823005,-0.35203923635246104,-0.30586777135731963,-0.30956959368344517,-0.23711790231526927,-0.23261172892368465,-0.17133069613002574,-0.3688754728507201,-0.37549677868472187,2.116404183200049,-0.20892772350933622,-0.6316139407998891,-0.18275344379265376,2.3269366442474237,-0.12427395320024001,-0.5377877706628423,-0.2459346884189824,-0.18823674154144757,-0.3853201470472626,-0.17133069613002574,Absent,0.0
0.43962702017113764,-0.1970904932013244,0.40376548157041514,0.7820645106793498,-0.8709434320932248,-0.4664197656674575,0.3388383073352058,-0.3889730533812087,-0.7994063123633066,-0.5732193773448838,0.17534350180160066,-0.6019590434659744,-0.7477862518906169,-0.3207153391919624,-0.16728467358848492,0.035216117466518045,-1.0064328051754854,-0.18823674154144757,1.217017697271366,-0.4845015831115092,-0.3554410355663144,-0.3688754728507201,-0.25025239784318276,-0.25025239784318276,-0.3168886398119078,-0.34517957090507656,-0.4014323141823005,2.840592458843996,-0.30586777135731963,-0.30956959368344517,-0.23711790231526927,-0.23261172892368465,-0.17133069613002574,-0.3688754728507201,-0.37549677868472187,-0.4724995385748947,-0.20892772350933622,1.5832456116050555,-0.18275344379265376,2.3269366442474237,-0.12427395320024001,-0.5377877706628423,-0.2459346884189824,-0.18823674154144757,-0.3853201470472626,-0.17133069613002574,Low,0.03
0.08622333304426316,-0.4448075766514941,0.0029212350034959643,0.7137823407702556,-0.8937443600884983,-0.4750292826783041,0.2094211830522687,-0.2920981357303962,-0.6533456711305905,-0.4835766264950521,0.17534350180160066,-0.5202033080298868,-0.8300138192564503,0.17254860354187443,-0.44787720155632016,0.05624185842836647,-0.586220346434173,-0.18823674154144757,1.217017697271366,-0.4845015831115092,-0.3554410355663144,-0.3688754728507201,-0.25025239784318276,-0.25025239784318276,-0.3168886398119078,-0.34517957090507656,-0.4014323141823005,-0.35203923635246104,-0.30586777135731963,3.230291412348993,-0.23711790231526927,-0.23261172892368465,-0.17133069613002574,-0.3688754728507201,-0.37549677868472187,2.116404183200049,-0.20892772350933622,-0.6316139407998891,-0.18275344379265376,2.3269366442474237,-0.12427395320024001,-0.5377877706628423,-0.2459346884189824,-0.18823674154144757,-0.3853201470472626,-0.17133069613002574,Low,0.03
-0.1101120486928893,-0.6099522989516073,-0.19750088827996365,1.4307451248157446,-0.5631309041570317,0.2653891802544973,0.23099070376609154,0.5797761231269155,0.035225923252214256,-0.3939338756452204,-1.3054243276330237,0.6586003191881206,-0.9602074675856866,-0.8139792819257992,-0.7596466770761371,-1.0186991482461345,-0.8663619855950478,-0.18823674154144757,-0.8216807382851261,-0.4845015831115092,-0.3554410355663144,-0.3688754728507201,3.995965707495983,-0.25025239784318276,-0.3168886398119078,-0.34517957090507656,-0.4014323141823005,-0.35203923635246104,3.269386622730461,-0.30956959368344517,-0.23711790231526927,-0.23261172892368465,-0.17133069613002574,-0.3688754728507201,-0.37549677868472187,-0.4724995385748947,-0.20892772350933622,-0.6316139407998891,-0.18275344379265376,-0.42974956042407375,-0.12427395320024001,-0.5377877706628423,-0.2459346884189824,5.312459150169743,-0.3853201470472626,-0.17133069613002574,Absent,0.0
-0.07084497234545882,-0.6099522989516073,-0.2643082627077835,1.4307451248157446,-0.5745313681546685,0.25677966324365076,0.23099070376609154,0.5555573937142124,0.014360117361826233,-0.3939338756452204,-1.3054243276330237,0.6262782842482719,-0.9602074675856866,-0.8139792819257992,1.2252856504000307,-0.5587610647057001,-0.5582061825180855,-0.18823674154144757,-0.8216807382851261,-0.4845015831115092,-0.3554410355663144,-0.3688754728507201,-0.25025239784318276,3.995965707495983,-0.3168886398119078,-0.34517957090507656,-0.4014323141823005,-0.35203923635246104,3.269386622730461,-0.30956959368344517,-0.23711790231526927,-0.23261172892368465,-0.17133069613002574,-0.3688754728507201,-0.37549677868472187,-0.4724995385748947,-0.20892772350933622,-0.6316139407998891,-0.18275344379265376,-0.42974956042407375,-0.12427395320024001,-0.5377877706628423,-0.2459346884189824,5.312459150169743,-0.3853201470472626,-0.17133069613002574,Absent,0.0
-0.07084497234545882,-0.568666118376579,-0.13069351385214378,1.5331683796793858,-0.4833276561735743,0.34287483335211605,0.31726878662138297,0.700869770190431,0.1812865644849304,-0.34911250022030454,-1.0938860662852203,0.6852184656091723,-0.9670597648661728,-1.307243224659636,0.549785120107094,-0.853121438171578,-0.5582061825180855,-0.18823674154144757,-0.8216807382851261,-0.4845015831115092,-0.3554410355663144,-0.3688754728507201,3.995965707495983,-0.25025239784318276,-0.3168886398119078,-0.34517957090507656,-0.4014323141823005,-0.35203923635246104,3.269386622730461,-0.30956959368344517,-0.23711790231526927,-0.23261172892368465,-0.17133069613002574,-0.3688754728507201,2.6631386919024123,-0.4724995385748947,-0.20892772350933622,-0.6316139407998891,-0.18275344379265376,-0.42974956042407375,-0.12427395320024001,-0.5377877706628423,-0.2459346884189824,5.312459150169743,-0.3853201470472626,-0.17133069613002574,Absent,0.0
-0.9739877283363602,-0.9815279241268619,-1.065996755841622,0.47479474608842587,-1.212957352022328,-0.621391071862695,-0.41609491764859385,0.022745346634744097,-0.7576747005825306,0.054279878603938264,-0.4592712822418098,0.7498625354888695,-0.8882583461405824,2.4744470029664463,-0.3855233064523568,-5.326347827804831,1.4588136194402137,-0.18823674154144757,1.217017697271366,-0.4845015831115092,-0.3554410355663144,-0.3688754728507201,-0.25025239784318276,-0.25025239784318276,3.155682704793582,-0.34517957090507656,-0.4014323141823005,-0.35203923635246104,-0.30586777135731963,-0.30956959368344517,-0.23711790231526927,-0.23261172892368465,-0.17133069613002574,-0.3688754728507201,-0.37549677868472187,2.116404183200049,-0.20892772350933622,-0.6316139407998891,-0.18275344379265376,-0.42974956042407375,-0.12427395320024001,-0.5377877706628423,-0.2459346884189824,5.312459150169743,-0.3853201470472626,-0.17133069613002574,Absent,0.0
0.24329163843398516,-0.568666118376579,0.0029212350034959643,0.7820645106793498,1.2267419434719424,1.9614640313912632,1.2663276980295881,0.6039948525396186,0.41081042927919864,-0.7973262544694633,-0.8823478049374168,0.12433609459415271,-0.8985367920613115,-0.8139792819257992,0.28997722384057995,-0.19343881549358363,-1.0624611330076603,-0.18823674154144757,1.217017697271366,-0.4845015831115092,-0.3554410355663144,-0.3688754728507201,-0.25025239784318276,-0.25025239784318276,-0.3168886398119078,-0.34517957090507656,-0.4014323141823005,2.840592458843996,-0.30586777135731963,-0.30956959368344517,-0.23711790231526927,-0.23261172892368465,-0.17133069613002574,-0.3688754728507201,-0.37549677868472187,-0.4724995385748947,-0.20892772350933622,-0.6316139407998891,-0.18275344379265376,-0.42974956042407375,-0.12427395320024001,1.8594695799189802,-0.2459346884189824,-0.18823674154144757,-0.3853201470472626,-0.17133069613002574,Low,0.03
-0.2671803540826113,-0.568666118376579,-0.3311156371356034,0.508935831042973,1.0215335915144803,1.12634088133915,0.18785166233844586,1.4758691113969302,0.2856155939368705,-0.21464837394555694,-0.8823478049374168,0.7631716086993954,-0.8779799002198532,1.159076489009548,-1.5078934183236978,0.5319492476901871,-1.0624611330076603,-0.18823674154144757,1.217017697271366,-0.4845015831115092,-0.3554410355663144,-0.3688754728507201,-0.25025239784318276,-0.25025239784318276,-0.3168886398119078,-0.34517957090507656,2.49107997704907,-0.35203923635246104,-0.30586777135731963,-0.30956959368344517,-0.23711790231526927,-0.23261172892368465,-0.17133069613002574,-0.3688754728507201,-0.37549677868472187,-0.4724995385748947,-0.20892772350933622,1.5832456116050555,-0.18275344379265376,-0.42974956042407375,-0.12427395320024001,-0.5377877706628423,-0.2459346884189824,-0.18823674154144757,2.5952445198183276,-0.17133069613002574,Absent,0.0
-0.2671803540826113,-0.568666118376579,-0.3311156371356034,0.508935831042973,1.0215335915144803,1.12634088133915,0.18785166233844586,1.4758691113969302,0.2856155939368705,-0.21464837394555694,-0.8823478049374168,0.7631716086993954,-0.8779799002198532,1.159076489009548,-1.5078934183236978,0.5319492476901871,-1.0624611330076603,-0.18823674154144757,1.217017697271366,-0.4845015831115092,-0.3554410355663144,-0.3688754728507201,-0.25025239784318276,-0.25025239784318276,-0.3168886398119078,-0.34517957090507656,2.49107997704907,-0.35203923635246104,-0.30586777135731963,-0.30956959368344517,-0.23711790231526927,-0.23261172892368465,-0.17133069613002574,-0.3688754728507201,-0.37549677868472187,-0.4724995385748947,-0.20892772350933622,1.5832456116050555,-0.18275344379265376,-0.42974956042407375,-0.12427395320024001,-0.5377877706628423,-0.2459346884189824,-0.18823674154144757,2.5952445198183276,-0.17133069613002574,Absent,0.0
-0.2671803540826113,-0.568666118376579,-0.3311156371356034,0.508935831042973,1.0215335915144803,1.12634088133915,0.18785166233844586,1.4758691113969302,0.2856155939368705,-0.21464837394555694,-0.8823478049374168,0.7631716086993954,-0.8779799002198532,1.159076489009548,-1.5078934183236978,0.5319492476901871,-1.0624611330076603,-0.18823674154144757,1.217017697271366,-0.4845015831115092,-0.3554410355663144,-0.3688754728507201,-0.25025239784318276,-0.25025239784318276,-0.3168886398119078,-0.34517957090507656,2.49107997704907,-0.35203923635246104,-0.30586777135731963,-0.30956959368344517,-0.23711790231526927,-0.23261172892368465,-0.17133069613002574,-0.3688754728507201,-0.37549677868472187,-0.4724995385748947,-0.20892772350933622,1.5832456116050555,-0.18275344379265376,-0.42974956042407375,-0.12427395320024001,-0.5377877706628423,-0.2459346884189824,-0.18823674154144757,2.5952445198183276,-0.17133069613002574,Low,0.06
-0.2671803540826113,-0.568666118376579,-0.3311156371356034,0.508935831042973,1.0215335915144803,1.12634088133915,0.18785166233844586,1.4758691113969302,0.2856155939368705,-0.21464837394555694,-0.8823478049374168,0.7631716086993954,-0.8779799002198532,1.159076489009548,-1.5078934183236978,0.5319492476901871,-1.0624611330076603,-0.18823674154144757,1.217017697271366,-0.4845015831115092,-0.3554410355663144,-0.3688754728507201,-0.25025239784318276,-0.25025239784318276,-0.3168886398119078,-0.34517957090507656,2.49107997704907,-0.35203923635246104,-0.30586777135731963,-0.30956959368344517,-0.23711790231526927,-0.23261172892368465,-0.17133069613002574,-0.3688754728507201,-0.37549677868472187,-0.4724995385748947,-0.20892772350933622,1.5832456116050555,-0.18275344379265376,-0.42974956042407375,-0.12427395320024001,-0.5377877706628423,-0.2459346884189824,-0.18823674154144757,2.5952445198183276,-0.17133069613002574,Absent,0.0
-0.2671803540826113,-0.568666118376579,-0.3311156371356034,0.508935831042973,1.0215335915144803,1.12634088133915,0.18785166233844586,1.4758691113969302,0.2856155939368705,-0.21464837394555694,-0.8823478049374168,0.7631716086993954,-0.8779799002198532,1.159076489009548,-1.5078934183236978,0.5319492476901871,-1.0624611330076603,-0.18823674154144757,1.217017697271366,-0.4845015831115092,-0.3554410355663144,-0.3688754728507201,-0.25025239784318276,-0.25025239784318276,-0.3168886398119078,-0.34517957090507656,2.49107997704907,-0.35203923635246104,-0.30586777135731963,-0.30956959368344517,-0.23711790231526927,-0.23261172892368465,-0.17133069613002574,-0.3688754728507201,-0.37549677868472187,-0.4724995385748947,-0.20892772350933622,1.5832456116050555,-0.18275344379265376,-0.42974956042407375,-0.12427395320024001,-0.5377877706628423,-0.2459346884189824,-0.18823674154144757,2.5952445198183276,-0.17133069613002574,Absent,0.0
-0.2671803540826113,-0.568666118376579,-0.3311156371356034,0.508935831042973,1.0215335915144803,1.12634088133915,0.18785166233844586,1.4758691113969302,0.2856155939368705,-0.21464837394555694,-0.8823478049374168,0.7631716086993954,-0.8779799002198532,1.159076489009548,-1.5078934183236978,0.5319492476901871,-1.0624611330076603,-0.18823674154144757,1.217017697271366,-0.4845015831115092,-0.3554410355663144,-0.3688754728507201,-0.25025239784318276,-0.25025239784318276,-0.3168886398119078,-0.34517957090507656,2.49107997704907,-0.35203923635246104,-0.30586777135731963,-0.30956959368344517,-0.23711790231526927,-0.23261172892368465,-0.17133069613002574,-0.3688754728507201,-0.37549677868472187,-0.4724995385748947,-0.20892772350933622,1.5832456116050555,-0.18275344379265376,-0.42974956042407375,-0.12427395320024001,-0.5377877706628423,-0.2459346884189824,-0.18823674154144757,2.5952445198183276,-0.17133069613002574,Absent,0.0
-0.2671803540826113,-0.568666118376579,-0.3311156371356034,0.508935831042973,1.0215335915144803,1.12634088133915,0.18785166233844586,1.4758691113969302,0.2856155939368705,-0.21464837394555694,-0.8823478049374168,0.7631716086993954,-0.8779799002198532,1.159076489009548,-1.5078934183236978,0.5319492476901871,-1.0624611330076603,-0.18823674154144757,1.217017697271366,-0.4845015831115092,-0.3554410355663144,-0.3688754728507201,-0.25025239784318276,-0.25025239784318276,-0.3168886398119078,-0.34517957090507656,2.49107997704907,-0.35203923635246104,-0.30586777135731963,-0.30956959368344517,-0.23711790231526927,-0.23261172892368465,-0.17133069613002574,-0.3688754728507201,-0.37549677868472187,-0.4724995385748947,-0.20892772350933622,1.5832456116050555,-0.18275344379265376,-0.42974956042407375,-0.12427395320024001,-0.5377877706628423,-0.2459346884189824,-0.18823674154144757,2.5952445198183276,-0.17133069613002574,Absent,0.0
-0.1493791250403198,-0.4860937572265224,-0.13069351385214378,0.5430769159975201,0.98733219952157,1.1005123303066104,0.12314310019697733,1.5000878408096334,0.0769575350329903,-0.2594697493704728,-0.8823478049374168,0.7669742010452599,-0.8745537515796101,0.8302338605203236,-0.2088539369911272,-2.25396142975473,-0.6142345103502606,-0.18823674154144757,1.217017697271366,-0.4845015831115092,-0.3554410355663144,-0.3688754728507201,-0.25025239784318276,-0.25025239784318276,-0.3168886398119078,-0.34517957090507656,2.49107997704907,-0.35203923635246104,-0.30586777135731963,-0.30956959368344517,-0.23711790231526927,-0.23261172892368465,-0.17133069613002574,-0.3688754728507201,-0.37549677868472187,-0.4724995385748947,-0.20892772350933622,1.5832456116050555,-0.18275344379265376,-0.42974956042407375,-0.12427395320024001,-0.5377877706628423,-0.2459346884189824,-0.18823674154144757,2.5952445198183276,-0.17133069613002574,Absent,0.0
-0.2671803540826113,-0.568666118376579,-0.3311156371356034,0.508935831042973,1.0215335915144803,1.12634088133915,0.18785166233844586,1.4758691113969302,0.2856155939368705,-0.21464837394555694,-0.8823478049374168,0.7631716086993954,-0.8779799002198532,1.159076489009548,-1.5078934183236978,0.5319492476901871,-1.0624611330076603,-0.18823674154144757,1.217017697271366,-0.4845015831115092,-0.3554410355663144,-0.3688754728507201,-0.25025239784318276,-0.25025239784318276,-0.3168886398119078,-0.34517957090507656,2.49107997704907,-0.35203923635246104,-0.30586777135731963,-0.30956959368344517,-0.23711790231526927,-0.23261172892368465,-0.17133069613002574,-0.3688754728507201,-0.37549677868472187,-0.4724995385748947,-0.20892772350933622,1.5832456116050555,-0.18275344379265376,-0.42974956042407375,-0.12427395320024001,-0.5377877706628423,-0.2459346884189824,-0.18823674154144757,2.5952445198183276,-0.17133069613002574,Absent,0.0
-0.2671803540826113,-0.568666118376579,-0.3311156371356034,0.508935831042973,1.0215335915144803,1.12634088133915,0.18785166233844586,1.4758691113969302,0.2856155939368705,-0.21464837394555694,-0.8823478049374168,0.7631716086993954,-0.8779799002198532,1.159076489009548,-1.5078934183236978,0.5319492476901871,-1.0624611330076603,-0.18823674154144757,1.217017697271366,-0.4845015831115092,-0.3554410355663144,-0.3688754728507201,-0.25025239784318276,-0.25025239784318276,-0.3168886398119078,-0.34517957090507656,2.49107997704907,-0.35203923635246104,-0.30586777135731963,-0.30956959368344517,-0.23711790231526927,-0.23261172892368465,-0.17133069613002574,-0.3688754728507201,-0.37549677868472187,-0.4724995385748947,-0.20892772350933622,1.5832456116050555,-0.18275344379265376,-0.42974956042407375,-0.12427395320024001,-0.5377877706628423,-0.2459346884189824,-0.18823674154144757,2.5952445198183276,-0.17133069613002574,Low,0.03
-0.2671803540826113,-0.568666118376579,-0.3311156371356034,0.508935831042973,1.0215335915144803,1.12634088133915,0.18785166233844586,1.4758691113969302,0.2856155939368705,-0.21464837394555694,-0.8823478049374168,0.7631716086993954,-0.8779799002198532,1.159076489009548,-1.5078934183236978,0.5319492476901871,-1.0624611330076603,-0.18823674154144757,1.217017697271366,-0.4845015831115092,-0.3554410355663144,-0.3688754728507201,-0.25025239784318276,-0.25025239784318276,-0.3168886398119078,-0.34517957090507656,2.49107997704907,-0.35203923635246104,-0.30586777135731963,-0.30956959368344517,-0.23711790231526927,-0.23261172892368465,-0.17133069613002574,-0.3688754728507201,-0.37549677868472187,-0.4724995385748947,-0.20892772350933622,1.5832456116050555,-0.18275344379265376,-0.42974956042407375,-0.12427395320024001,-0.5377877706628423,-0.2459346884189824,-0.18823674154144757,2.5952445198183276,-0.17133069613002574,Low,0.045
-0.2671803540826113,-0.568666118376579,-0.3311156371356034,0.508935831042973,1.0215335915144803,1.12634088133915,0.18785166233844586,1.4758691113969302,0.2856155939368705,-0.21464837394555694,-0.8823478049374168,0.7631716086993954,-0.8779799002198532,1.159076489009548,-1.5078934183236978,0.5319492476901871,-1.0624611330076603,-0.18823674154144757,1.217017697271366,-0.4845015831115092,-0.3554410355663144,-0.3688754728507201,-0.25025239784318276,-0.25025239784318276,-0.3168886398119078,-0.34517957090507656,2.49107997704907,-0.35203923635246104,-0.30586777135731963,-0.30956959368344517,-0.23711790231526927,-0.23261172892368465,-0.17133069613002574,-0.3688754728507201,-0.37549677868472187,-0.4724995385748947,-0.20892772350933622,1.5832456116050555,-0.18275344379265376,-0.42974956042407375,-0.12427395320024001,-0.5377877706628423,-0.2459346884189824,-0.18823674154144757,2.5952445198183276,-0.17133069613002574,Absent,0.0
-0.2671803540826113,-0.568666118376579,-0.3311156371356034,0.508935831042973,1.0215335915144803,1.12634088133915,0.18785166233844586,1.4758691113969302,0.2856155939368705,-0.21464837394555694,-0.8823478049374168,0.7631716086993954,-0.8779799002198532,1.159076489009548,-1.5078934183236978,0.5319492476901871,-1.0624611330076603,-0.18823674154144757,1.217017697271366,-0.4845015831115092,-0.3554410355663144,-0.3688754728507201,-0.25025239784318276,-0.25025239784318276,-0.3168886398119078,-0.34517957090507656,2.49107997704907,-0.35203923635246104,-0.30586777135731963,-0.30956959368344517,-0.23711790231526927,-0.23261172892368465,-0.17133069613002574,-0.3688754728507201,-0.37549677868472187,-0.4724995385748947,-0.20892772350933622,1.5832456116050555,-0.18275344379265376,-0.42974956042407375,-0.12427395320024001,-0.5377877706628423,-0.2459346884189824,-0.18823674154144757,2.5952445198183276,-0.17133069613002574,Absent,0.0
-2.387602476843858,-1.6421068133273145,-2.602566367681479,-0.2763091229116102,-0.19831605623265486,-0.18230570430952212,-0.6317901247868223,0.918838334904759,1.4541007237985997,0.4576722574281811,-0.036194759546202826,1.0616751078497617,-0.6210187522016235,0.008127289297262145,1.505878178367866,0.9314383259653073,-0.13799372377677321,-0.18823674154144757,1.217017697271366,-0.4845015831115092,-0.3554410355663144,-0.3688754728507201,-0.25025239784318276,-0.25025239784318276,3.155682704793582,-0.34517957090507656,-0.4014323141823005,-0.35203923635246104,-0.30586777135731963,-0.30956959368344517,-0.23711790231526927,-0.23261172892368465,-0.17133069613002574,-0.3688754728507201,-0.37549677868472187,2.116404183200049,-0.20892772350933622,-0.6316139407998891,-0.18275344379265376,-0.42974956042407375,-0.12427395320024001,-0.5377877706628423,-0.2459346884189824,-0.18823674154144757,-0.3853201470472626,-0.17133069613002574,Absent,0.0
-0.7383852702517772,-0.857669382401777,-0.4647303859912431,0.4065125761793317,-0.3921239441924801,-0.12203908523359643,0.40354686947667434,-0.26787940631769314,0.014360117361826233,-0.08018424767080934,0.38688176314940415,-0.06959611504493883,-0.9019629407015547,2.6388683172110583,-0.37513099060169625,-2.6823609018523915,1.7389552586010886,-0.18823674154144757,1.217017697271366,-0.4845015831115092,-0.3554410355663144,-0.3688754728507201,-0.25025239784318276,-0.25025239784318276,3.155682704793582,-0.34517957090507656,-0.4014323141823005,-0.35203923635246104,-0.30586777135731963,-0.30956959368344517,-0.23711790231526927,-0.23261172892368465,-0.17133069613002574,-0.3688754728507201,-0.37549677868472187,2.116404183200049,-0.20892772350933622,-0.6316139407998891,-0.18275344379265376,-0.42974956042407375,-0.12427395320024001,-0.5377877706628423,-0.2459346884189824,-0.18823674154144757,-0.3853201470472626,5.836665714829544,Absent,0.0
-0.9739877283363602,1.8672185355500899,1.3390687235598933,-0.9932719069570992,-1.8741842638852613,-1.5253903580015804,-1.2033824237031276,-1.2124098534131142,-1.5923069361980515,2.6987410286739744,0.38688176314940415,1.3963032342858412,0.9276004331882405,0.8302338605203236,1.57862438932249,1.0470799012554737,-0.5582061825180855,-0.18823674154144757,-0.8216807382851261,-0.4845015831115092,2.813406162872353,-0.3688754728507201,-0.25025239784318276,-0.25025239784318276,-0.3168886398119078,2.8970428272390354,-0.4014323141823005,-0.35203923635246104,-0.30586777135731963,-0.30956959368344517,-0.23711790231526927,-0.23261172892368465,-0.17133069613002574,-0.3688754728507201,2.6631386919024123,-0.4724995385748947,-0.20892772350933622,-0.6316139407998891,-0.18275344379265376,-0.42974956042407375,-0.12427395320024001,-0.5377877706628423,-0.2459346884189824,-0.18823674154144757,-0.3853201470472626,-0.17133069613002574,Absent,0.0
0.16475748573912416,-0.4448075766514941,0.06972860943131583,0.7820645106793498,-0.9393462160790454,-0.4922483166999971,0.241775464123003,-0.34053559455580246,-0.7368088946921426,-0.528398001919968,0.38688176314940415,-0.5468214544509385,-0.8300138192564503,0.8302338605203236,-1.933978368200781,1.399261062366435,1.3747711276919512,-0.18823674154144757,1.217017697271366,-0.4845015831115092,-0.3554410355663144,-0.3688754728507201,-0.25025239784318276,-0.25025239784318276,-0.3168886398119078,-0.34517957090507656,-0.4014323141823005,-0.35203923635246104,-0.30586777135731963,3.230291412348993,-0.23711790231526927,-0.23261172892368465,-0.17133069613002574,-0.3688754728507201,-0.37549677868472187,2.116404183200049,-0.20892772350933622,-0.6316139407998891,-0.18275344379265376,2.3269366442474237,-0.12427395320024001,-0.5377877706628423,-0.2459346884189824,-0.18823674154144757,-0.3853201470472626,-0.17133069613002574,Low,0.03
-0.9739877283363602,1.8672185355500899,1.3390687235598933,-0.9932719069570992,-1.8741842638852613,-1.5253903580015804,-1.2033824237031276,-1.2124098534131142,-1.5923069361980515,2.6987410286739744,0.38688176314940415,1.3963032342858412,0.9276004331882405,0.8302338605203236,1.57862438932249,1.0470799012554737,-0.5582061825180855,-0.18823674154144757,-0.8216807382851261,-0.4845015831115092,2.813406162872353,-0.3688754728507201,-0.25025239784318276,-0.25025239784318276,-0.3168886398119078,2.8970428272390354,-0.4014323141823005,-0.35203923635246104,-0.30586777135731963,-0.30956959368344517,-0.23711790231526927,-0.23261172892368465,-0.17133069613002574,-0.3688754728507201,2.6631386919024123,-0.4724995385748947,-0.20892772350933622,-0.6316139407998891,-0.18275344379265376,-0.42974956042407375,-0.12427395320024001,-0.5377877706628423,-0.2459346884189824,-0.18823674154144757,-0.3853201470472626,-0.17133069613002574,Absent,0.0
0.20402456208655464,-0.40352139607646587,0.1365359838591357,0.7820645106793498,-0.9393462160790454,-0.4836387996891506,0.26334498483682584,-0.34053559455580246,-0.7785405064729186,-0.5732193773448838,0.17534350180160066,-0.543018862105074,-0.8265876706162073,1.9811830602326093,-0.06336151508187927,-1.9963961029720865,1.0105869967828138,-0.18823674154144757,1.217017697271366,-0.4845015831115092,-0.3554410355663144,-0.3688754728507201,-0.25025239784318276,-0.25025239784318276,-0.3168886398119078,-0.34517957090507656,-0.4014323141823005,-0.35203923635246104,-0.30586777135731963,3.230291412348993,-0.23711790231526927,-0.23261172892368465,-0.17133069613002574,-0.3688754728507201,-0.37549677868472187,2.116404183200049,-0.20892772350933622,-0.6316139407998891,-0.18275344379265376,2.3269366442474237,-0.12427395320024001,-0.5377877706628423,-0.2459346884189824,-0.18823674154144757,-0.3853201470472626,-0.17133069613002574,Low,0.03
-0.3064474304300418,0.25705749312398674,1.0718392258486138,-0.4470145476843457,-2.1249944718332703,-1.241276296643645,-0.9121938940665193,-0.9944412886987862,-2.3017443364712444,0.6369577591278446,-0.2477330208940063,1.1282204739023913,0.20125692145671137,1.159076489009548,-0.7700389929267977,-2.7796049538009404,1.4027852916080386,-0.18823674154144757,1.217017697271366,-0.4845015831115092,-0.3554410355663144,-0.3688754728507201,-0.25025239784318276,-0.25025239784318276,-0.3168886398119078,-0.34517957090507656,-0.4014323141823005,-0.35203923635246104,-0.30586777135731963,-0.30956959368344517,-0.23711790231526927,-0.23261172892368465,-0.17133069613002574,-0.3688754728507201,-0.37549677868472187,-0.4724995385748947,-0.20892772350933622,-0.6316139407998891,-0.18275344379265376,-0.42974956042407375,-0.12427395320024001,-0.5377877706628423,-0.2459346884189824,5.312459150169743,-0.3853201470472626,-0.17133069613002574,Absent,0.0
-1.2488572627683736,-1.1053864658519468,-1.065996755841622,0.44065366113387877,1.3179456554530367,1.255483636501848,0.6515963576856371,0.7735259584285403,1.7879536180448081,0.009458503179022398,-0.2477330208940063,0.7878884589475149,-0.9225198325430131,-0.3207153391919624,-1.4247548915184134,0.6239368643982741,0.506332046293239,-0.18823674154144757,1.217017697271366,-0.4845015831115092,-0.3554410355663144,-0.3688754728507201,-0.25025239784318276,-0.25025239784318276,-0.3168886398119078,-0.34517957090507656,2.49107997704907,-0.35203923635246104,-0.30586777135731963,-0.30956959368344517,-0.23711790231526927,-0.23261172892368465,-0.17133069613002574,-0.3688754728507201,-0.37549677868472187,2.116404183200049,-0.20892772350933622,-0.6316139407998891,-0.18275344379265376,-0.42974956042407375,-0.12427395320024001,1.8594695799189802,-0.2459346884189824,-0.18823674154144757,-0.3853201470472626,-0.17133069613002574,Low,0.06
-0.6205840412094857,0.46348839599912817,0.9382244769929741,-0.2763091229116102,-1.680376375925436,-0.9743812693074027,-0.8582700922819622,-0.5827228886828335,-1.5297095185268874,1.1748142642268349,-0.036194759546202826,1.2727189830452437,-0.29553463137853264,0.5013912320310989,-0.40630793815367794,-2.225051035932188,1.2347003081115138,-0.18823674154144757,1.217017697271366,-0.4845015831115092,-0.3554410355663144,-0.3688754728507201,-0.25025239784318276,-0.25025239784318276,-0.3168886398119078,-0.34517957090507656,-0.4014323141823005,-0.35203923635246104,-0.30586777135731963,3.230291412348993,-0.23711790231526927,-0.23261172892368465,-0.17133069613002574,-0.3688754728507201,-0.37549677868472187,-0.4724995385748947,-0.20892772350933622,-0.6316139407998891,-0.18275344379265376,-0.42974956042407375,-0.12427395320024001,-0.5377877706628423,-0.2459346884189824,-0.18823674154144757,-0.3853201470472626,-0.17133069613002574,Absent,0.0
-2.309068324148997,-1.3531035493021164,-2.535758993253659,-0.20802695300251603,-0.4377258001830272,-0.5094673507216901,-0.8582700922819622,0.9914945231428682,1.0367846059908394,0.4576722574281811,0.17534350180160066,0.6509951344963915,-0.15848868576881017,-1.1428219104150237,0.9966547016854983,0.8841304088011483,-1.0624611330076603,5.312459150169743,-0.8216807382851261,-0.4845015831115092,-0.3554410355663144,-0.3688754728507201,-0.25025239784318276,-0.25025239784318276,-0.3168886398119078,-0.34517957090507656,-0.4014323141823005,2.840592458843996,-0.30586777135731963,-0.30956959368344517,-0.23711790231526927,-0.23261172892368465,5.836665714829544,-0.3688754728507201,-0.37549677868472187,-0.4724995385748947,-0.20892772350933622,-0.6316139407998891,-0.18275344379265376,-0.42974956042407375,-0.12427395320024001,-0.5377877706628423,-0.2459346884189824,-0.18823674154144757,-0.3853201470472626,-0.17133069613002574,Absent,0.0
0.9108319363403036,1.289212007499694,0.470572855998235,-0.6177199724570812,0.0068922957248071385,-0.5525149357759228,-0.8582700922819622,-0.21944194749228693,0.3064813998272585,0.4576722574281811,0.5984200244972077,-0.6190707090223648,1.0989078652003936,-0.9784005961704115,-1.9028014206487993,0.3506022318942445,-0.9784186412593978,-0.18823674154144757,-0.8216807382851261,-0.4845015831115092,-0.3554410355663144,2.7109419671410064,-0.25025239784318276,-0.25025239784318276,-0.3168886398119078,-0.34517957090507656,-0.4014323141823005,-0.35203923635246104,-0.30586777135731963,-0.30956959368344517,4.217311262607289,-0.23261172892368465,-0.17133069613002574,-0.3688754728507201,2.6631386919024123,-0.4724995385748947,-0.20892772350933622,-0.6316139407998891,-0.18275344379265376,-0.42974956042407375,-0.12427395320024001,-0.5377877706628423,-0.2459346884189824,-0.18823674154144757,-0.3853201470472626,-0.17133069613002574,Low,0.03
-0.3064474304300418,2.858086869350769,3.00925308425539,-1.0956951618207404,-2.147795399828544,-1.5856569770775062,-1.2141671840600392,-1.2608473122385204,-1.6757701597596035,2.878026530373638,0.38688176314940415,2.056053006293339,1.9348881334197006,-1.1428219104150237,1.2356779662506914,-0.4877991889594616,1.4027852916080386,-0.18823674154144757,-0.8216807382851261,-0.4845015831115092,-0.3554410355663144,2.7109419671410064,-0.25025239784318276,-0.25025239784318276,-0.3168886398119078,-0.34517957090507656,-0.4014323141823005,-0.35203923635246104,-0.30586777135731963,-0.30956959368344517,4.217311262607289,-0.23261172892368465,-0.17133069613002574,-0.3688754728507201,-0.37549677868472187,-0.4724995385748947,-0.20892772350933622,-0.6316139407998891,-0.18275344379265376,-0.42974956042407375,-0.12427395320024001,-0.5377877706628423,-0.2459346884189824,-0.18823674154144757,-0.3853201470472626,-0.17133069613002574,Absent,0.0
0.9108319363403036,1.289212007499694,0.470572855998235,-0.6177199724570812,0.0068922957248071385,-0.5525149357759228,-0.8582700922819622,-0.21944194749228693,0.3064813998272585,0.4576722574281811,0.5984200244972077,-0.6190707090223648,1.0989078652003936,-0.9784005961704115,-1.9028014206487993,0.3506022318942445,-0.9784186412593978,-0.18823674154144757,-0.8216807382851261,-0.4845015831115092,-0.3554410355663144,2.7109419671410064,-0.25025239784318276,-0.25025239784318276,-0.3168886398119078,-0.34517957090507656,-0.4014323141823005,-0.35203923635246104,-0.30586777135731963,-0.30956959368344517,4.217311262607289,-0.23261172892368465,-0.17133069613002574,-0.3688754728507201,2.6631386919024123,-0.4724995385748947,-0.20892772350933622,-0.6316139407998891,-0.18275344379265376,-0.42974956042407375,-0.12427395320024001,-0.5377877706628423,-0.2459346884189824,-0.18823674154144757,-0.3853201470472626,-0.17133069613002574,Absent,0.0
0.871564859992873,1.2066396463496374,0.3369581071425953,0.13338389654295493,1.4661516874223146,0.15346545911349246,-0.027843544799782603,1.2094630878571961,2.1009407064006282,0.09910125402885413,1.0214965471928146,-1.3719839935035438,0.43423502899323957,-0.6495579676811869,-0.8531775197320822,0.4057948019190966,-0.2500503794411232,-0.18823674154144757,-0.8216807382851261,-0.4845015831115092,-0.3554410355663144,2.7109419671410064,-0.25025239784318276,-0.25025239784318276,-0.3168886398119078,2.8970428272390354,-0.4014323141823005,-0.35203923635246104,-0.30586777135731963,-0.30956959368344517,-0.23711790231526927,-0.23261172892368465,-0.17133069613002574,2.7109419671410064,-0.37549677868472187,-0.4724995385748947,-0.20892772350933622,-0.6316139407998891,-0.18275344379265376,-0.42974956042407375,-0.12427395320024001,-0.5377877706628423,-0.2459346884189824,-0.18823674154144757,-0.3853201470472626,-0.17133069613002574,Low,0.03
0.9500990126877341,0.7524916600243262,-0.19750088827996365,0.13338389654295493,1.089936375500301,0.09319884003756676,-0.2219692312241882,1.3789941937461179,1.9340142592775242,-0.34911250022030454,1.4445730698884216,-1.6856978620373684,0.5747071232432052,0.8302338605203236,-0.17767698943914548,-0.7453645157421049,1.6268986029367385,-0.18823674154144757,-0.8216807382851261,-0.4845015831115092,-0.3554410355663144,2.7109419671410064,-0.25025239784318276,-0.25025239784318276,-0.3168886398119078,2.8970428272390354,-0.4014323141823005,-0.35203923635246104,-0.30586777135731963,-0.30956959368344517,-0.23711790231526927,-0.23261172892368465,-0.17133069613002574,-0.3688754728507201,-0.37549677868472187,2.116404183200049,-0.20892772350933622,-0.6316139407998891,-0.18275344379265376,-0.42974956042407375,8.04673846971554,-0.5377877706628423,-0.2459346884189824,-0.18823674154144757,-0.3853201470472626,-0.17133069613002574,Low,0.03
0.7930307072980121,1.3304981880747222,0.3369581071425953,-0.5152967175934399,-0.004508168272829639,-0.5180768677325367,-0.8259158112112279,-0.049910841603365216,0.4316762351695867,0.5921363837029286,0.5984200244972077,-0.6095642281577035,1.006401851913831,-0.6495579676811869,-1.746916682888891,0.5424621181711115,1.486827783356301,-0.18823674154144757,-0.8216807382851261,-0.4845015831115092,2.813406162872353,-0.3688754728507201,-0.25025239784318276,-0.25025239784318276,-0.3168886398119078,-0.34517957090507656,-0.4014323141823005,-0.35203923635246104,-0.30586777135731963,3.230291412348993,-0.23711790231526927,-0.23261172892368465,-0.17133069613002574,2.7109419671410064,-0.37549677868472187,-0.4724995385748947,-0.20892772350933622,-0.6316139407998891,-0.18275344379265376,-0.42974956042407375,-0.12427395320024001,-0.5377877706628423,-0.2459346884189824,-0.18823674154144757,-0.3853201470472626,-0.17133069613002574,Absent,0.0
0.7144965546031511,1.1653534657746092,0.20334335828695557,-0.5835788875025341,0.0068922957248071385,-0.5352959017542297,-0.8474853319250508,-0.14678575925417764,0.38994462338881064,0.5024936328530969,0.5984200244972077,-0.5886499702554485,0.9755665141516434,0.008127289297262145,0.1548771177819926,-0.5613892823259311,0.6744170297897639,-0.18823674154144757,-0.8216807382851261,-0.4845015831115092,2.813406162872353,-0.3688754728507201,-0.25025239784318276,-0.25025239784318276,-0.3168886398119078,-0.34517957090507656,-0.4014323141823005,-0.35203923635246104,-0.30586777135731963,-0.30956959368344517,4.217311262607289,-0.23261172892368465,-0.17133069613002574,-0.3688754728507201,2.6631386919024123,-0.4724995385748947,-0.20892772350933622,-0.6316139407998891,-0.18275344379265376,-0.42974956042407375,-0.12427395320024001,-0.5377877706628423,-0.2459346884189824,-0.18823674154144757,-0.3853201470472626,-0.17133069613002574,Low,0.03
1.264235623467178,1.1653534657746092,0.8046097281373343,-0.9591308220025522,-0.11851280824919741,-0.7763623780579325,-0.9661176958510764,-0.7280352651590521,-0.21516374743244202,0.09910125402885413,0.17534350180160066,-0.4365462764208669,1.3867043509808108,-0.8139792819257992,1.6825475478290957,0.5477185534115735,-1.0624611330076603,-0.18823674154144757,-0.8216807382851261,2.0639767440550294,-0.3554410355663144,-0.3688754728507201,-0.25025239784318276,-0.25025239784318276,-0.3168886398119078,2.8970428272390354,-0.4014323141823005,-0.35203923635246104,-0.30586777135731963,-0.30956959368344517,-0.23711790231526927,-0.23261172892368465,-0.17133069613002574,-0.3688754728507201,2.6631386919024123,-0.4724995385748947,-0.20892772350933622,-0.6316139407998891,-0.18275344379265376,-0.42974956042407375,-0.12427395320024001,-0.5377877706628423,-0.2459346884189824,-0.18823674154144757,-0.3853201470472626,-0.17133069613002574,Absent,0.0
0.9500990126877341,1.289212007499694,0.470572855998235,-0.6518610574116283,0.05249415171535425,-0.5352959017542297,-0.8690548526388736,-0.26787940631769314,0.2856155939368705,0.4576722574281811,0.38688176314940415,-0.6019590434659744,1.1297432029625811,-0.15629402494735012,0.6537082786136997,0.09303690511160122,1.2627144720276011,-0.18823674154144757,-0.8216807382851261,-0.4845015831115092,2.813406162872353,-0.3688754728507201,-0.25025239784318276,-0.25025239784318276,-0.3168886398119078,-0.34517957090507656,-0.4014323141823005,-0.35203923635246104,-0.30586777135731963,-0.30956959368344517,4.217311262607289,-0.23261172892368465,-0.17133069613002574,2.7109419671410064,-0.37549677868472187,-0.4724995385748947,-0.20892772350933622,-0.6316139407998891,-0.18275344379265376,-0.42974956042407375,-0.12427395320024001,-0.5377877706628423,-0.2459346884189824,-0.18823674154144757,-0.3853201470472626,-0.17133069613002574,Absent,0.0
0.7930307072980121,1.3717843686497506,0.40376548157041514,-0.5152967175934399,-0.004508168272829639,-0.5180768677325367,-0.8259158112112279,-0.049910841603365216,0.4525420410599747,0.5921363837029286,0.5984200244972077,-0.5677357123531935,1.0166802978345602,0.17254860354187443,-0.2400308845431089,-0.703313033818408,0.8425020132862888,-0.18823674154144757,-0.8216807382851261,-0.4845015831115092,2.813406162872353,-0.3688754728507201,-0.25025239784318276,-0.25025239784318276,-0.3168886398119078,-0.34517957090507656,-0.4014323141823005,-0.35203923635246104,-0.30586777135731963,3.230291412348993,-0.23711790231526927,-0.23261172892368465,-0.17133069613002574,2.7109419671410064,-0.37549677868472187,-0.4724995385748947,-0.20892772350933622,-0.6316139407998891,-0.18275344379265376,-0.42974956042407375,-0.12427395320024001,-0.5377877706628423,-0.2459346884189824,-0.18823674154144757,-0.3853201470472626,-0.17133069613002574,Absent,0.0
-0.5813169648620553,-0.7750970212517204,-1.6672631256920007,-1.0956951618207404,-0.15271420024210774,-0.3717150785481457,-0.3513863555071253,-1.1155349357623017,-0.027371494418949812,-0.30429112479538867,1.8676495925840286,-1.3833917705411374,0.16356928641403767,0.9946551747649358,0.7160621737176631,0.8998997145225347,1.7389552586010886,-0.18823674154144757,-0.8216807382851261,2.0639767440550294,-0.3554410355663144,-0.3688754728507201,-0.25025239784318276,-0.25025239784318276,-0.3168886398119078,-0.34517957090507656,-0.4014323141823005,-0.35203923635246104,-0.30586777135731963,-0.30956959368344517,-0.23711790231526927,-0.23261172892368465,-0.17133069613002574,-0.3688754728507201,-0.37549677868472187,2.116404183200049,-0.20892772350933622,-0.6316139407998891,-0.18275344379265376,-0.42974956042407375,-0.12427395320024001,-0.5377877706628423,-0.2459346884189824,-0.18823674154144757,-0.3853201470472626,-0.17133069613002574,Absent,0.0
0.12549040939169367,-1.0228141047018902,-0.4647303859912431,0.9527699354520852,0.63391781559483,1.014417160198145,1.8271352365889821,0.022745346634744097,0.3273472057176466,-1.1110758824438742,-0.8823478049374168,-0.020162414548699804,-0.9396505757442283,0.8302338605203236,-0.8531775197320822,-0.30908039078375,1.2907286359436887,-0.18823674154144757,1.217017697271366,-0.4845015831115092,-0.3554410355663144,-0.3688754728507201,-0.25025239784318276,-0.25025239784318276,-0.3168886398119078,-0.34517957090507656,2.49107997704907,-0.35203923635246104,-0.30586777135731963,-0.30956959368344517,-0.23711790231526927,-0.23261172892368465,-0.17133069613002574,-0.3688754728507201,-0.37549677868472187,2.116404183200049,-0.20892772350933622,-0.6316139407998891,-0.18275344379265376,-0.42974956042407375,-0.12427395320024001,1.8594695799189802,-0.2459346884189824,-0.18823674154144757,-0.3853201470472626,-0.17133069613002574,Absent,0.0
0.32182579112884613,-0.6099522989516073,0.1365359838591357,1.3966040398611974,1.0329340555121171,1.3501883236211598,1.9565523608719193,1.0157132525555714,1.1202478295523914,-0.9317903807442108,-0.8823478049374168,0.19088146064678216,-0.9602074675856866,-0.48513665343657464,-0.9882776257906696,0.1850245218196881,-1.0624611330076603,-0.18823674154144757,1.217017697271366,-0.4845015831115092,-0.3554410355663144,-0.3688754728507201,-0.25025239784318276,-0.25025239784318276,-0.3168886398119078,-0.34517957090507656,-0.4014323141823005,2.840592458843996,-0.30586777135731963,-0.30956959368344517,-0.23711790231526927,-0.23261172892368465,5.836665714829544,-0.3688754728507201,-0.37549677868472187,-0.4724995385748947,-0.20892772350933622,-0.6316139407998891,-0.18275344379265376,-0.42974956042407375,-0.12427395320024001,1.8594695799189802,-0.2459346884189824,-0.18823674154144757,-0.3853201470472626,-0.17133069613002574,Low,0.03
-1.9556646370221227,-1.8072515356274277,-2.0012999978311,-0.5152967175934399,-0.41492487218775365,-0.35449604452645267,-0.45923395907623954,-0.09834830042877142,-0.13170052387088993,0.14392262945377,-0.036194759546202826,0.7688754972181923,-0.7238032114089155,1.6523404317433847,-0.4686618332576413,-1.3577392212559405,1.318742799859776,-0.18823674154144757,1.217017697271366,-0.4845015831115092,-0.3554410355663144,-0.3688754728507201,-0.25025239784318276,-0.25025239784318276,3.155682704793582,-0.34517957090507656,-0.4014323141823005,-0.35203923635246104,-0.30586777135731963,-0.30956959368344517,-0.23711790231526927,-0.23261172892368465,-0.17133069613002574,-0.3688754728507201,-0.37549677868472187,2.116404183200049,-0.20892772350933622,-0.6316139407998891,-0.18275344379265376,-0.42974956042407375,-0.12427395320024001,1.8594695799189802,-0.2459346884189824,-0.18823674154144757,-0.3853201470472626,-0.17133069613002574,Low,0.03
-1.9556646370221227,-1.8072515356274277,-2.0012999978311,-0.5152967175934399,-0.41492487218775365,-0.35449604452645267,-0.45923395907623954,-0.09834830042877142,-0.13170052387088993,0.14392262945377,-0.036194759546202826,0.7688754972181923,-0.7238032114089155,1.6523404317433847,-0.4686618332576413,-1.3577392212559405,1.318742799859776,-0.18823674154144757,1.217017697271366,-0.4845015831115092,-0.3554410355663144,-0.3688754728507201,-0.25025239784318276,-0.25025239784318276,3.155682704793582,-0.34517957090507656,-0.4014323141823005,-0.35203923635246104,-0.30586777135731963,-0.30956959368344517,-0.23711790231526927,-0.23261172892368465,-0.17133069613002574,-0.3688754728507201,-0.37549677868472187,2.116404183200049,-0.20892772350933622,-0.6316139407998891,-0.18275344379265376,-0.42974956042407375,-0.12427395320024001,1.8594695799189802,-0.2459346884189824,-0.18823674154144757,-0.3853201470472626,-0.17133069613002574,Absent,0.0
-0.9347206519889297,-0.279662854351381,-0.7987672581303424,-0.13974478309342184,-0.22111698422792841,-0.07899150017936378,-0.6210053644299108,0.33758882899988446,0.744663323525407,0.4576722574281811,-0.4592712822418098,1.1396282509399849,-0.5696265225979776,-0.48513665343657464,0.08213090682736864,0.08515225225090806,-1.0624611330076603,-0.18823674154144757,1.217017697271366,-0.4845015831115092,-0.3554410355663144,-0.3688754728507201,-0.25025239784318276,-0.25025239784318276,-0.3168886398119078,-0.34517957090507656,-0.4014323141823005,2.840592458843996,-0.30586777135731963,-0.30956959368344517,-0.23711790231526927,-0.23261172892368465,-0.17133069613002574,-0.3688754728507201,-0.37549677868472187,-0.4724995385748947,-0.20892772350933622,-0.6316139407998891,-0.18275344379265376,-0.42974956042407375,-0.12427395320024001,-0.5377877706628423,-0.2459346884189824,-0.18823674154144757,-0.3853201470472626,-0.17133069613002574,Absent,0.0
-0.9347206519889297,-0.279662854351381,-0.7987672581303424,-0.13974478309342184,-0.22111698422792841,-0.07899150017936378,-0.6210053644299108,0.33758882899988446,0.744663323525407,0.4576722574281811,-0.4592712822418098,1.1396282509399849,-0.5696265225979776,-0.48513665343657464,0.08213090682736864,0.08515225225090806,-1.0624611330076603,-0.18823674154144757,1.217017697271366,-0.4845015831115092,-0.3554410355663144,-0.3688754728507201,-0.25025239784318276,-0.25025239784318276,-0.3168886398119078,-0.34517957090507656,-0.4014323141823005,2.840592458843996,-0.30586777135731963,-0.30956959368344517,-0.23711790231526927,-0.23261172892368465,-0.17133069613002574,-0.3688754728507201,-0.37549677868472187,-0.4724995385748947,-0.20892772350933622,-0.6316139407998891,-0.18275344379265376,-0.42974956042407375,-0.12427395320024001,-0.5377877706628423,-0.2459346884189824,-0.18823674154144757,-0.3853201470472626,-0.17133069613002574,Absent,0.0
0.9500990126877341,1.2479258269246656,0.470572855998235,-0.10560369813887474,1.4889526154175883,0.162074976124339,-0.04941306551360545,0.8946196054920558,2.0174774828390762,0.054279878603938264,1.0214965471928146,-1.3643788088118147,0.5335933395602884,-0.15629402494735012,1.02783164923748,0.7895145744728305,0.03009125971975172,-0.18823674154144757,-0.8216807382851261,-0.4845015831115092,-0.3554410355663144,2.7109419671410064,-0.25025239784318276,-0.25025239784318276,-0.3168886398119078,2.8970428272390354,-0.4014323141823005,-0.35203923635246104,-0.30586777135731963,-0.30956959368344517,-0.23711790231526927,-0.23261172892368465,-0.17133069613002574,2.7109419671410064,-0.37549677868472187,-0.4724995385748947,-0.20892772350933622,-0.6316139407998891,-0.18275344379265376,-0.42974956042407375,-0.12427395320024001,-0.5377877706628423,-0.2459346884189824,-0.18823674154144757,-0.3853201470472626,-0.17133069613002574,Absent,0.0
0.7930307072980121,0.5047745765741565,0.2701507327147754,-0.3104502078661573,-0.31232069620902264,-0.621391071862695,-0.017058784442871178,-0.7280352651590521,0.014360117361826233,-0.34911250022030454,1.4445730698884216,-1.2788204810298625,0.2663537456213295,0.008127289297262145,-1.6326012085316246,0.8236814035358342,-0.3901211990215606,-0.18823674154144757,1.217017697271366,-0.4845015831115092,-0.3554410355663144,-0.3688754728507201,-0.25025239784318276,-0.25025239784318276,3.155682704793582,-0.34517957090507656,-0.4014323141823005,-0.35203923635246104,-0.30586777135731963,-0.30956959368344517,-0.23711790231526927,-0.23261172892368465,-0.17133069613002574,-0.3688754728507201,2.6631386919024123,-0.4724995385748947,-0.20892772350933622,-0.6316139407998891,-0.18275344379265376,2.3269366442474237,-0.12427395320024001,-0.5377877706628423,-0.2459346884189824,-0.18823674154144757,-0.3853201470472626,-0.17133069613002574,Absent,0.0
0.7930307072980121,0.5047745765741565,0.2701507327147754,-0.3104502078661573,-0.31232069620902264,-0.621391071862695,-0.017058784442871178,-0.7280352651590521,0.014360117361826233,-0.34911250022030454,1.4445730698884216,-1.2788204810298625,0.2663537456213295,0.008127289297262145,-1.6326012085316246,0.8236814035358342,-0.3901211990215606,-0.18823674154144757,1.217017697271366,-0.4845015831115092,-0.3554410355663144,-0.3688754728507201,-0.25025239784318276,-0.25025239784318276,3.155682704793582,-0.34517957090507656,-0.4014323141823005,-0.35203923635246104,-0.30586777135731963,-0.30956959368344517,-0.23711790231526927,-0.23261172892368465,-0.17133069613002574,-0.3688754728507201,2.6631386919024123,-0.4724995385748947,-0.20892772350933622,-0.6316139407998891,-0.18275344379265376,2.3269366442474237,-0.12427395320024001,-0.5377877706628423,-0.2459346884189824,-0.18823674154144757,-0.3853201470472626,-0.17133069613002574,Absent,0.0
-1.209590186420943,1.991077077275175,1.3390687235598933,-0.9591308220025522,-1.8741842638852613,-1.387638085828036,-1.1925976633462163,-1.1155349357623017,-1.3210514596230072,2.922847905798554,0.17534350180160066,1.6016432209625264,0.7837021902980319,-0.9784005961704115,1.2772472296533337,0.016818594124900665,-1.0624611330076603,-0.18823674154144757,-0.8216807382851261,-0.4845015831115092,-0.3554410355663144,2.7109419671410064,-0.25025239784318276,-0.25025239784318276,-0.3168886398119078,-0.34517957090507656,-0.4014323141823005,-0.35203923635246104,-0.30586777135731963,-0.30956959368344517,4.217311262607289,-0.23261172892368465,-0.17133069613002574,-0.3688754728507201,2.6631386919024123,-0.4724995385748947,-0.20892772350933622,-0.6316139407998891,-0.18275344379265376,-0.42974956042407375,-0.12427395320024001,-0.5377877706628423,-0.2459346884189824,-0.18823674154144757,-0.3853201470472626,-0.17133069613002574,Absent,0.0
