env_71_alt,clim_21_tmax9_sep,clim_55_prec_coldest_q,clim_49_prec_wettest_m,clim_48_Annual_prec,clim_60_pet5_may,clim_43_tannual_range,clim_34_prec10_oct,clim_35_prec11_nov,clim_39_isotherm,clim_40_temp_season,clim_51_prec_season,clim_69_cwd_annual,clim_70_ndm_per_year,env_72_slo,env_73_asp,env_74_solrad,env_79_forcov,env_75_geo_1_1,env_75_geo_10,env_75_geo_9,env_75_geo_7,env_75_geo_6,env_75_geo_5,env_75_geo_11,env_75_geo_2,env_75_geo_0,env_76_soi_9,env_76_soi_7,env_76_soi_23,env_76_soi_18,env_76_soi_20,env_76_soi_11,env_76_soi_19,env_76_soi_10,env_76_soi_3,env_76_soi_15,env_76_soi_12,env_76_soi_22,env_76_soi_21,env_76_soi_6,env_76_soi_16,env_76_soi_17,env_76_soi_8,env_76_soi_4,env_76_soi_0,env_77_veg_1,env_77_veg_2,env_77_veg_3,env_77_veg_4,env_77_veg_5,env_77_veg_6,env_77_veg_7,env_77_veg_9,env_77_veg_11,env_77_veg_12,env_77_veg_13,env_77_veg_14,env_77_veg_15,env_77_veg_16,env_77_veg_22,env_77_veg_25,env_78_wat_9,env_78_wat_1,env_78_wat_10,env_78_wat_12,env_78_wat_11,env_78_wat_8,env_78_wat_2,env_78_wat_4,env_78_wat_5,env_78_wat_20,env_78_wat_3,env_78_wat_14,env_78_wat_13,env_78_wat_22,env_78_wat_17,env_78_wat_1.1,env_78_wat_18,env_78_wat_15,env_78_wat_0,caffeine_class,caffeine_percent
477.0,290.0,15.0,142.0,572.0,72.0,210.0,53.0,113.0,66.0,2712.0,106.0,559.0,11.0,11.0,346.0,7929.0,68.0,0,0,0,0,0,1,0,0,0,0,0,0,0,0,0,0,0,0,1,0,0,0,0,0,0,0,0,0,0,0,0,0,0,0,0,0,0,1,0,0,0,0,0,0,0,0,0,0,0,0,0,0,0,1,0,0,0,0,0,0,0,0,0,0,0.0
261.0,264.0,299.0,248.0,1669.0,98.0,133.0,97.0,183.0,66.0,1821.0,43.0,40.0,4.0,13.0,7.0,8107.0,87.0,0,1,0,0,0,0,0,0,0,0,0,0,0,0,0,0,0,0,0,0,0,0,1,0,0,0,0,0,0,0,0,0,0,0,0,0,0,0,0,1,0,0,0,0,0,1,0,0,0,0,0,0,0,0,0,0,0,0,0,0,0,0,0,1,0.03
253.0,299.0,61.0,150.0,749.0,68.0,219.0,80.0,143.0,66.0,3007.0,82.0,460.0,11.0,1.0,247.0,7366.0,0.0,0,1,0,0,0,0,0,0,0,0,0,0,1,0,0,0,0,0,0,0,0,0,0,0,0,0,0,0,0,0,0,0,0,0,1,0,0,0,0,0,0,0,0,0,0,0,0,0,0,0,0,0,0,1,0,0,0,0,0,0,0,0,0,0,0.0
253.0,299.0,61.0,150.0,749.0,68.0,219.0,80.0,143.0,66.0,3007.0,82.0,460.0,11.0,1.0,247.0,7366.0,0.0,0,1,0,0,0,0,0,0,0,0,0,0,1,0,0,0,0,0,0,0,0,0,0,0,0,0,0,0,0,0,0,0,0,0,1,0,0,0,0,0,0,0,0,0,0,0,0,0,0,0,0,0,0,1,0,0,0,0,0,0,0,0,0,0,0.0
253.0,299.0,61.0,150.0,749.0,68.0,219.0,80.0,143.0,66.0,3007.0,82.0,460.0,11.0,1.0,247.0,7366.0,0.0,0,1,0,0,0,0,0,0,0,0,0,0,1,0,0,0,0,0,0,0,0,0,0,0,0,0,0,0,0,0,0,0,0,0,1,0,0,0,0,0,0,0,0,0,0,0,0,0,0,0,0,0,0,1,0,0,0,0,0,0,0,0,0,0,0.0
12.0,259.0,421.0,349.0,2373.0,84.0,155.0,160.0,278.0,57.0,2458.0,45.0,0.0,0.0,0.0,174.0,7360.0,7.0,0,0,1,0,0,0,0,0,0,0,0,0,0,0,0,0,0,0,0,1,0,0,0,0,0,0,0,0,0,0,0,0,0,0,0,0,0,0,0,0,1,0,0,0,0,0,0,0,0,0,0,1,0,0,0,0,0,0,0,0,0,0,0,0,0.0
12.0,259.0,421.0,349.0,2373.0,84.0,155.0,160.0,278.0,57.0,2458.0,45.0,0.0,0.0,0.0,174.0,7360.0,7.0,0,0,1,0,0,0,0,0,0,0,0,0,0,0,0,0,0,0,0,1,0,0,0,0,0,0,0,0,0,0,0,0,0,0,0,0,0,0,0,0,1,0,0,0,0,0,0,0,0,0,0,1,0,0,0,0,0,0,0,0,0,0,0,0,0.0
10.0,257.0,428.0,337.0,2402.0,85.0,153.0,155.0,265.0,56.0,2446.0,44.0,0.0,0.0,1.0,231.0,7330.0,42.0,0,0,1,0,0,0,0,0,0,0,0,0,0,0,0,0,0,0,0,0,0,0,0,0,0,0,0,1,0,0,0,0,0,0,0,0,0,0,0,0,1,0,0,0,0,0,0,0,0,0,0,1,0,0,0,0,0,0,0,0,0,0,0,0,0.0
28.0,293.0,16.0,94.0,388.0,81.0,203.0,35.0,64.0,63.0,2778.0,98.0,929.0,12.0,2.0,259.0,7354.0,98.0,0,0,0,0,0,0,0,0,1,0,0,0,0,0,0,0,0,0,1,0,0,0,0,0,0,0,0,0,0,0,0,0,0,0,0,0,1,0,0,0,0,0,0,0,0,0,0,0,0,0,0,0,0,1,0,0,0,0,0,0,0,0,0,0,0.0
69.0,267.0,295.0,253.0,1678.0,100.0,133.0,97.0,184.0,66.0,1808.0,44.0,51.0,4.0,5.0,240.0,7673.0,22.0,0,1,0,0,0,0,0,0,0,0,0,0,0,0,0,0,1,0,0,0,0,0,0,0,0,0,0,0,0,0,0,0,0,0,0,0,0,0,0,0,0,1,0,0,0,1,0,0,0,0,0,0,0,0,0,0,0,0,0,0,0,0,0,1,0.03
144.0,336.0,11.0,469.0,1567.0,123.0,182.0,127.0,253.0,69.0,1513.0,122.0,791.0,8.0,11.0,129.0,7456.0,54.0,0,0,0,1,0,0,0,0,0,0,0,0,0,1,0,0,0,0,0,0,0,0,0,0,0,0,0,0,0,0,0,0,1,0,0,0,0,0,0,0,0,0,0,0,0,0,0,0,0,1,0,0,0,0,0,0,0,0,0,0,0,0,0,0,0.0
250.0,281.0,59.0,319.0,1206.0,119.0,121.0,51.0,180.0,69.0,1293.0,110.0,607.0,8.0,14.0,331.0,8092.0,47.0,0,0,0,0,1,0,0,0,0,0,0,0,0,1,0,0,0,0,0,0,0,0,0,0,0,0,0,0,0,0,0,0,1,0,0,0,0,0,0,0,0,0,0,0,0,1,0,0,0,0,0,0,0,0,0,0,0,0,0,0,0,0,0,0,0.0
417.0,317.0,15.0,175.0,663.0,75.0,242.0,59.0,136.0,66.0,2887.0,109.0,599.0,11.0,2.0,118.0,7415.0,24.0,0,0,0,1,0,0,0,0,0,0,0,0,0,0,0,0,0,0,0,0,0,0,0,1,0,0,0,0,0,0,0,1,0,0,0,0,0,0,0,0,0,0,0,0,0,0,0,0,0,0,0,0,0,1,0,0,0,0,0,0,0,0,0,0,0.0
0.0,260.0,423.0,305.0,2116.0,75.0,157.0,140.0,227.0,59.0,2469.0,40.0,0.0,1.0,0.0,246.0,7250.0,18.0,0,0,0,0,0,0,0,1,0,0,0,0,0,0,0,0,0,0,0,0,0,1,0,0,0,0,0,0,0,0,0,0,0,1,0,0,0,0,0,0,0,0,0,0,0,0,0,0,0,0,0,0,1,0,0,0,0,0,0,0,0,0,0,0,0.0
5.0,259.0,415.0,295.0,2054.0,74.0,156.0,134.0,219.0,58.0,2438.0,40.0,2.0,1.0,3.0,311.0,7362.0,18.0,0,0,0,0,0,0,0,0,1,0,0,0,0,0,0,0,0,0,0,0,0,1,0,0,0,0,0,0,0,0,0,0,0,0,1,0,0,0,0,0,0,0,0,0,0,0,0,0,0,0,0,0,1,0,0,0,0,0,0,0,0,0,0,0,0.0
91.0,309.0,11.0,362.0,1231.0,102.0,158.0,72.0,201.0,67.0,1765.0,126.0,716.0,8.0,2.0,65.0,7729.0,27.0,0,0,1,0,0,0,0,0,0,0,0,0,1,0,0,0,0,0,0,0,0,0,0,0,0,0,0,0,0,0,0,0,0,0,1,0,0,0,0,0,0,0,0,0,0,0,0,0,0,1,0,0,0,0,0,0,0,0,0,0,0,0,0,0,0.0
71.0,305.0,11.0,361.0,1205.0,101.0,156.0,79.0,207.0,65.0,1849.0,124.0,693.0,8.0,5.0,143.0,7600.0,0.0,0,0,1,0,0,0,0,0,0,0,0,0,1,0,0,0,0,0,0,0,0,0,0,0,0,0,0,0,0,0,0,0,0,1,0,0,0,0,0,0,0,0,0,0,0,0,0,0,0,1,0,0,0,0,0,0,0,0,0,0,0,0,0,0,0.0
86.0,305.0,11.0,361.0,1209.0,101.0,158.0,81.0,208.0,65.0,1879.0,124.0,687.0,8.0,3.0,355.0,7783.0,0.0,0,0,1,0,0,0,0,0,0,0,0,0,1,0,0,0,0,0,0,0,0,0,0,0,0,0,0,0,0,0,0,0,0,1,0,0,0,0,0,0,0,0,0,0,0,0,0,0,0,1,0,0,0,0,0,0,0,0,0,0,0,0,0,0,0.0
98.0,305.0,12.0,362.0,1217.0,100.0,158.0,82.0,210.0,65.0,1866.0,123.0,677.0,8.0,2.0,223.0,7656.0,0.0,0,0,1,0,0,0,0,0,0,0,0,0,1,0,0,0,0,0,0,0,0,0,0,0,0,0,0,0,0,0,0,0,0,1,0,0,0,0,0,0,0,0,0,0,0,0,0,0,0,1,0,0,0,0,0,0,0,0,0,0,0,0,0,1,0.03
86.0,305.0,11.0,361.0,1209.0,101.0,158.0,81.0,208.0,65.0,1879.0,124.0,687.0,8.0,3.0,355.0,7783.0,0.0,0,0,1,0,0,0,0,0,0,0,0,0,1,0,0,0,0,0,0,0,0,0,0,0,0,0,0,0,0,0,0,0,0,1,0,0,0,0,0,0,0,0,0,0,0,0,0,0,0,1,0,0,0,0,0,0,0,0,0,0,0,0,0,1,0.03
86.0,305.0,11.0,361.0,1209.0,101.0,158.0,81.0,208.0,65.0,1879.0,124.0,687.0,8.0,3.0,355.0,7783.0,0.0,0,0,1,0,0,0,0,0,0,0,0,0,1,0,0,0,0,0,0,0,0,0,0,0,0,0,0,0,0,0,0,0,0,1,0,0,0,0,0,0,0,0,0,0,0,0,0,0,0,1,0,0,0,0,0,0,0,0,0,0,0,0,0,0,0.0
60.0,255.0,304.0,394.0,2248.0,75.0,157.0,172.0,225.0,60.0,2487.0,68.0,28.0,1.0,8.0,297.0,7501.0,0.0,0,1,0,0,0,0,0,0,0,0,0,0,0,0,1,0,0,0,0,0,0,0,0,0,0,0,0,0,0,0,0,0,0,0,0,0,0,0,0,0,0,1,0,0,0,0,0,0,0,0,0,0,0,0,1,0,0,0,0,0,0,0,0,1,0.7
137.0,338.0,12.0,475.0,1582.0,123.0,184.0,128.0,259.0,69.0,1531.0,121.0,798.0,8.0,2.0,39.0,7796.0,17.0,0,0,0,1,0,0,0,0,0,0,0,0,0,0,0,0,0,0,0,0,0,0,1,0,0,0,0,0,0,0,0,1,0,0,0,0,0,0,0,0,0,0,0,0,0,0,0,0,0,1,0,0,0,0,0,0,0,0,0,0,0,0,0,0,0.0
137.0,338.0,12.0,475.0,1582.0,123.0,184.0,128.0,259.0,69.0,1531.0,121.0,798.0,8.0,2.0,39.0,7796.0,17.0,0,0,0,1,0,0,0,0,0,0,0,0,0,0,0,0,0,0,0,0,0,0,1,0,0,0,0,0,0,0,0,1,0,0,0,0,0,0,0,0,0,0,0,0,0,0,0,0,0,1,0,0,0,0,0,0,0,0,0,0,0,0,0,0,0.0
274.0,330.0,12.0,461.0,1563.0,112.0,185.0,132.0,254.0,69.0,1548.0,119.0,688.0,8.0,3.0,146.0,7699.0,36.0,0,0,0,1,0,0,0,0,0,0,0,0,0,1,0,0,0,0,0,0,0,0,0,0,0,0,0,0,0,0,0,0,1,0,0,0,0,0,0,0,0,0,0,0,0,0,0,0,0,1,0,0,0,0,0,0,0,0,0,0,0,0,0,0,0.0
249.0,331.0,12.0,463.0,1565.0,114.0,185.0,131.0,255.0,69.0,1530.0,120.0,697.0,8.0,3.0,238.0,7755.0,44.0,0,0,0,1,0,0,0,0,0,0,0,0,0,1,0,0,0,0,0,0,0,0,0,0,0,0,0,0,0,0,0,0,0,0,1,0,0,0,0,0,0,0,0,0,0,0,0,0,0,1,0,0,0,0,0,0,0,0,0,0,0,0,0,0,0.0
613.0,310.0,17.0,189.0,730.0,74.0,249.0,66.0,156.0,66.0,2922.0,109.0,501.0,10.0,3.0,303.0,7623.0,0.0,0,0,0,0,1,0,0,0,0,0,0,0,0,0,0,0,0,0,0,0,0,0,0,1,0,0,0,0,0,0,0,0,0,1,0,0,0,0,0,0,0,0,0,0,0,0,0,0,0,0,0,0,0,1,0,0,0,0,0,0,0,0,0,0,0.0
6.0,289.0,18.0,84.0,352.0,81.0,200.0,32.0,55.0,62.0,2788.0,93.0,960.0,12.0,1.0,341.0,7370.0,9.0,0,0,0,0,0,0,0,0,1,0,0,0,0,0,0,0,0,1,0,0,0,0,0,0,0,0,0,0,0,0,0,0,0,1,0,0,0,0,0,0,0,0,0,0,0,0,0,0,0,0,0,0,0,1,0,0,0,0,0,0,0,0,0,0,0.0
6.0,289.0,18.0,84.0,352.0,81.0,200.0,32.0,55.0,62.0,2788.0,93.0,960.0,12.0,1.0,341.0,7370.0,9.0,0,0,0,0,0,0,0,0,1,0,0,0,0,0,0,0,0,1,0,0,0,0,0,0,0,0,0,0,0,0,0,0,0,1,0,0,0,0,0,0,0,0,0,0,0,0,0,0,0,0,0,0,0,1,0,0,0,0,0,0,0,0,0,0,0.0
788.0,300.0,19.0,191.0,746.0,72.0,238.0,72.0,164.0,66.0,2732.0,108.0,453.0,9.0,4.0,123.0,7463.0,100.0,0,0,0,0,1,0,0,0,0,0,0,0,0,0,0,0,0,0,0,0,0,0,0,1,0,0,0,0,0,0,0,0,0,0,0,0,0,0,0,0,0,0,1,0,0,0,0,0,0,0,0,0,0,1,0,0,0,0,0,0,0,0,0,0,0.0
94.0,310.0,19.0,124.0,491.0,85.0,220.0,48.0,104.0,65.0,2970.0,102.0,917.0,12.0,5.0,354.0,7585.0,74.0,1,0,0,0,0,0,0,0,0,0,0,0,0,0,0,0,0,0,1,0,0,0,0,0,0,0,0,0,0,0,0,0,0,0,0,0,0,1,0,0,0,0,0,0,0,0,0,0,0,0,0,0,0,1,0,0,0,0,0,0,0,0,0,0,0.0
94.0,310.0,19.0,124.0,491.0,85.0,220.0,48.0,104.0,65.0,2970.0,102.0,917.0,12.0,5.0,354.0,7585.0,74.0,1,0,0,0,0,0,0,0,0,0,0,0,0,0,0,0,0,0,1,0,0,0,0,0,0,0,0,0,0,0,0,0,0,0,0,0,0,1,0,0,0,0,0,0,0,0,0,0,0,0,0,0,0,1,0,0,0,0,0,0,0,0,0,0,0.0
417.0,317.0,15.0,175.0,663.0,75.0,242.0,59.0,136.0,66.0,2887.0,109.0,599.0,11.0,2.0,118.0,7415.0,24.0,0,0,0,1,0,0,0,0,0,0,0,0,0,0,0,0,0,0,0,0,0,0,0,1,0,0,0,0,0,0,0,1,0,0,0,0,0,0,0,0,0,0,0,0,0,0,0,0,0,0,0,0,0,1,0,0,0,0,0,0,0,0,0,0,0.0
291.0,241.0,428.0,371.0,2564.0,85.0,127.0,111.0,233.0,60.0,2129.0,47.0,7.0,1.0,4.0,62.0,7830.0,96.0,0,1,0,0,0,0,0,0,0,0,0,0,0,0,1,0,0,0,0,0,0,0,0,0,0,0,0,0,0,0,0,0,0,0,0,0,0,0,0,1,0,0,0,0,0,0,0,0,0,0,1,0,0,0,0,0,0,0,0,0,0,0,0,0,0.0
250.0,281.0,59.0,319.0,1206.0,119.0,121.0,51.0,180.0,69.0,1293.0,110.0,607.0,8.0,14.0,331.0,8092.0,47.0,0,0,0,0,1,0,0,0,0,0,0,0,0,1,0,0,0,0,0,0,0,0,0,0,0,0,0,0,0,0,0,0,1,0,0,0,0,0,0,0,0,0,0,0,0,1,0,0,0,0,0,0,0,0,0,0,0,0,0,0,0,0,0,0,0.0
640.0,234.0,358.0,412.0,2524.0,70.0,157.0,143.0,304.0,64.0,2514.0,60.0,14.0,1.0,18.0,106.0,7313.0,37.0,0,1,0,0,0,0,0,0,0,0,0,0,0,0,1,0,0,0,0,0,0,0,0,0,0,0,0,0,0,0,0,0,0,0,0,0,0,0,0,1,0,0,0,0,0,0,0,0,0,0,1,0,0,0,0,0,0,0,0,0,0,0,0,0,0.0
1084.0,243.0,95.0,311.0,1559.0,70.0,180.0,105.0,243.0,70.0,2224.0,87.0,121.0,6.0,15.0,332.0,8277.0,85.0,0,1,0,0,0,0,0,0,0,1,0,0,0,0,0,0,0,0,0,0,0,0,0,0,0,0,0,0,0,0,0,0,0,0,0,0,0,0,0,1,0,0,0,0,0,0,0,0,0,0,0,0,0,0,0,1,0,0,0,0,0,0,0,1,0.02
751.0,256.0,65.0,322.0,1340.0,83.0,127.0,65.0,217.0,73.0,1381.0,103.0,330.0,7.0,14.0,262.0,7917.0,100.0,0,0,1,0,0,0,0,0,0,0,0,0,0,0,0,0,0,0,0,0,0,0,0,0,0,1,0,0,0,0,0,0,0,0,0,0,0,0,0,1,0,0,0,0,0,0,0,1,0,0,0,0,0,0,0,0,0,0,0,0,0,0,0,0,0.0
865.0,253.0,68.0,316.0,1357.0,80.0,130.0,70.0,224.0,74.0,1422.0,101.0,297.0,7.0,8.0,199.0,7779.0,68.0,0,0,1,0,0,0,0,0,0,0,0,0,0,0,0,0,0,0,0,0,0,0,0,0,0,1,0,0,0,0,0,0,0,0,0,0,0,0,0,1,0,0,0,0,0,1,0,0,0,0,0,0,0,0,0,0,0,0,0,0,0,0,0,0,0.0
272.0,309.0,12.0,369.0,1346.0,94.0,170.0,109.0,240.0,67.0,1810.0,116.0,579.0,8.0,9.0,170.0,7307.0,68.0,0,0,0,1,0,0,0,0,0,0,0,0,0,0,0,0,0,0,0,0,0,0,1,0,0,0,0,0,0,0,0,0,1,0,0,0,0,0,0,0,0,0,0,0,0,0,0,0,0,1,0,0,0,0,0,0,0,0,0,0,0,0,0,0,0.0
98.0,256.0,502.0,427.0,2937.0,92.0,135.0,157.0,258.0,60.0,2255.0,44.0,5.0,1.0,2.0,10.0,7681.0,0.0,0,1,0,0,0,0,0,0,0,0,0,0,0,0,0,0,1,0,0,0,0,0,0,0,0,0,0,0,0,0,0,0,0,0,0,0,0,0,0,0,0,1,0,0,0,0,0,0,0,0,1,0,0,0,0,0,0,0,0,0,0,0,0,1,0.03
1009.0,220.0,185.0,312.0,1643.0,63.0,171.0,129.0,259.0,64.0,2723.0,77.0,44.0,3.0,4.0,276.0,7805.0,66.0,0,0,0,0,0,0,1,0,0,0,1,0,0,0,0,0,0,0,0,0,0,0,0,0,0,0,0,0,0,0,0,0,0,0,0,0,0,0,0,1,0,0,0,0,0,0,0,0,0,0,1,0,0,0,0,0,0,0,0,0,0,0,0,0,0.0
1023.0,221.0,177.0,313.0,1630.0,63.0,172.0,130.0,261.0,64.0,2724.0,78.0,48.0,3.0,7.0,179.0,7592.0,60.0,0,1,0,0,0,0,0,0,0,1,0,0,0,0,0,0,0,0,0,0,0,0,0,0,0,0,0,0,0,0,0,0,0,0,0,0,0,0,0,1,0,0,0,0,0,0,0,0,0,0,1,0,0,0,0,0,0,0,0,0,0,0,0,0,0.0
250.0,281.0,59.0,319.0,1206.0,119.0,121.0,51.0,180.0,69.0,1293.0,110.0,607.0,8.0,14.0,331.0,8092.0,47.0,0,0,0,0,1,0,0,0,0,0,0,0,0,1,0,0,0,0,0,0,0,0,0,0,0,0,0,0,0,0,0,0,1,0,0,0,0,0,0,0,0,0,0,0,0,1,0,0,0,0,0,0,0,0,0,0,0,0,0,0,0,0,0,0,0.0
1438.0,232.0,93.0,302.0,1519.0,65.0,179.0,103.0,236.0,71.0,2229.0,86.0,102.0,6.0,5.0,319.0,8187.0,59.0,0,1,0,0,0,0,0,0,0,1,0,0,0,0,0,0,0,0,0,0,0,0,0,0,0,0,0,0,0,0,0,0,0,1,0,0,0,0,0,0,0,0,0,0,0,0,0,0,0,0,0,0,0,0,0,1,0,0,0,0,0,0,0,1,0.02
12.0,259.0,421.0,349.0,2373.0,84.0,155.0,160.0,278.0,57.0,2458.0,45.0,0.0,0.0,0.0,174.0,7360.0,7.0,0,0,1,0,0,0,0,0,0,0,0,0,0,0,0,0,0,0,0,1,0,0,0,0,0,0,0,0,0,0,0,0,0,0,0,0,0,0,0,0,1,0,0,0,0,0,0,0,0,0,0,1,0,0,0,0,0,0,0,0,0,0,0,0,0.0
13.0,250.0,558.0,443.0,3156.0,94.0,117.0,124.0,251.0,57.0,2017.0,45.0,11.0,1.0,1.0,213.0,7688.0,59.0,1,0,0,0,0,0,0,0,0,0,0,0,0,0,0,0,0,0,0,0,0,1,0,0,0,0,0,0,0,0,0,0,0,0,0,0,0,0,0,0,0,1,0,0,0,0,0,0,0,0,1,0,0,0,0,0,0,0,0,0,0,0,0,0,0.0
46.0,258.0,424.0,346.0,2381.0,84.0,153.0,159.0,275.0,57.0,2462.0,45.0,0.0,0.0,8.0,263.0,7236.0,0.0,0,0,1,0,0,0,0,0,0,0,0,0,0,0,0,0,0,0,0,0,0,1,0,0,0,0,0,0,0,0,0,0,0,0,0,0,0,0,0,0,0,1,0,0,0,0,0,0,0,0,0,1,0,0,0,0,0,0,0,0,0,0,0,0,0.0
410.0,250.0,274.0,291.0,1810.0,86.0,148.0,100.0,219.0,66.0,2072.0,55.0,19.0,2.0,24.0,157.0,6554.0,100.0,0,1,0,0,0,0,0,0,0,1,0,0,0,0,0,0,0,0,0,0,0,0,0,0,0,0,0,0,0,0,0,0,0,0,0,0,0,0,0,1,0,0,0,0,0,0,0,0,0,0,0,0,0,0,0,1,0,0,0,0,0,0,0,0,0.0
417.0,317.0,15.0,175.0,663.0,75.0,242.0,59.0,136.0,66.0,2887.0,109.0,599.0,11.0,2.0,118.0,7415.0,24.0,0,0,0,1,0,0,0,0,0,0,0,0,0,0,0,0,0,0,0,0,0,0,0,1,0,0,0,0,0,0,0,1,0,0,0,0,0,0,0,0,0,0,0,0,0,0,0,0,0,0,0,0,0,1,0,0,0,0,0,0,0,0,0,0,0.0
511.0,311.0,16.0,179.0,682.0,73.0,239.0,61.0,142.0,66.0,2848.0,109.0,541.0,10.0,20.0,64.0,7633.0,19.0,0,0,1,0,0,0,0,0,0,0,0,0,1,0,0,0,0,0,0,0,0,0,0,0,0,0,0,0,0,0,0,0,0,0,1,0,0,0,0,0,0,0,0,0,0,0,0,0,0,0,0,0,0,1,0,0,0,0,0,0,0,0,0,0,0.0
165.0,265.0,323.0,254.0,1711.0,99.0,133.0,90.0,171.0,64.0,1825.0,42.0,41.0,4.0,12.0,351.0,8037.0,58.0,0,0,1,0,0,0,0,0,0,1,0,0,0,0,0,0,0,0,0,0,0,0,0,0,0,0,0,0,0,0,0,0,0,0,0,0,0,0,0,0,0,1,0,0,0,0,0,0,0,0,0,0,0,0,0,1,0,0,0,0,0,0,0,1,0.02
900.0,232.0,78.0,261.0,1256.0,67.0,167.0,106.0,198.0,66.0,2500.0,91.0,193.0,7.0,0.0,290.0,7891.0,13.0,0,1,0,0,0,0,0,0,0,1,0,0,0,0,0,0,0,0,0,0,0,0,0,0,0,0,0,0,0,0,0,0,0,0,0,0,0,0,0,0,0,1,0,0,0,0,0,0,0,0,1,0,0,0,0,0,0,0,0,0,0,0,0,1,0.02
8.0,257.0,537.0,499.0,3010.0,94.0,130.0,145.0,256.0,57.0,2193.0,47.0,10.0,1.0,3.0,115.0,7582.0,34.0,0,0,0,0,0,0,0,1,0,0,0,0,0,0,0,0,0,0,0,0,0,0,0,0,0,0,0,1,0,0,0,0,0,0,0,0,0,0,0,0,0,1,0,0,0,0,0,0,0,0,1,0,0,0,0,0,0,0,0,0,0,0,0,0,0.0
14.0,258.0,531.0,501.0,2992.0,94.0,131.0,145.0,253.0,58.0,2190.0,47.0,11.0,1.0,1.0,234.0,7606.0,24.0,0,0,0,0,0,0,0,1,0,0,0,0,0,0,0,0,0,0,0,0,0,1,0,0,0,0,0,0,0,0,0,0,0,0,0,0,0,0,0,0,1,0,0,0,0,0,0,0,0,0,1,0,0,0,0,0,0,0,0,0,0,0,0,0,0.0
250.0,281.0,59.0,319.0,1206.0,119.0,121.0,51.0,180.0,69.0,1293.0,110.0,607.0,8.0,14.0,331.0,8092.0,47.0,0,0,0,0,1,0,0,0,0,0,0,0,0,1,0,0,0,0,0,0,0,0,0,0,0,0,0,0,0,0,0,0,1,0,0,0,0,0,0,0,0,0,0,0,0,1,0,0,0,0,0,0,0,0,0,0,0,0,0,0,0,0,0,0,0.0
60.0,254.0,480.0,407.0,2861.0,92.0,132.0,150.0,273.0,61.0,2220.0,44.0,1.0,1.0,5.0,158.0,7521.0,3.0,0,1,0,0,0,0,0,0,0,0,0,0,0,0,0,0,1,0,0,0,0,0,0,0,0,0,0,0,0,0,0,0,0,0,0,0,0,0,0,0,0,1,0,0,0,0,0,0,0,0,1,0,0,0,0,0,0,0,0,0,0,0,0,0,0.0
50.0,254.0,502.0,418.0,2943.0,93.0,130.0,150.0,277.0,60.0,2193.0,43.0,0.0,1.0,5.0,147.0,7457.0,59.0,0,1,0,0,0,0,0,0,0,0,0,0,0,0,0,1,0,0,0,0,0,0,0,0,0,0,0,0,0,0,0,0,0,0,0,0,0,0,0,1,0,0,0,0,0,0,0,0,0,0,1,0,0,0,0,0,0,0,0,0,0,0,0,1,0.03
6.0,289.0,18.0,84.0,352.0,81.0,200.0,32.0,55.0,62.0,2788.0,93.0,960.0,12.0,1.0,341.0,7370.0,9.0,0,0,0,0,0,0,0,0,1,0,0,0,0,0,0,0,0,1,0,0,0,0,0,0,0,0,0,0,0,0,0,0,0,1,0,0,0,0,0,0,0,0,0,0,0,0,0,0,0,0,0,0,0,1,0,0,0,0,0,0,0,0,0,0,0.0
297.0,264.0,292.0,250.0,1665.0,97.0,135.0,98.0,187.0,65.0,1836.0,44.0,38.0,4.0,9.0,341.0,8098.0,74.0,0,1,0,0,0,0,0,0,0,0,0,0,0,0,0,0,0,0,0,0,0,0,1,0,0,0,0,0,0,0,0,0,0,0,0,0,0,0,0,1,0,0,0,0,0,1,0,0,0,0,0,0,0,0,0,0,0,0,0,0,0,0,0,1,0.03
91.0,286.0,53.0,316.0,1148.0,138.0,116.0,46.0,161.0,67.0,1250.0,114.0,735.0,8.0,4.0,239.0,7837.0,4.0,0,0,0,0,1,0,0,0,0,0,0,1,0,0,0,0,0,0,0,0,0,0,0,0,0,0,0,0,0,0,0,0,0,1,0,0,0,0,0,0,0,0,0,0,0,0,0,1,0,0,0,0,0,0,0,0,0,0,0,0,0,0,0,0,0.0
1128.0,246.0,52.0,319.0,1480.0,68.0,174.0,104.0,264.0,71.0,1854.0,101.0,226.0,6.0,34.0,267.0,7295.0,96.0,0,1,0,0,0,0,0,0,0,1,0,0,0,0,0,0,0,0,0,0,0,0,0,0,0,0,0,0,0,0,0,0,0,0,0,0,0,0,0,1,0,0,0,0,0,0,0,0,0,0,0,0,0,0,0,0,0,1,0,0,0,0,0,1,0.03
91.0,286.0,53.0,316.0,1148.0,138.0,116.0,46.0,161.0,67.0,1250.0,114.0,735.0,8.0,4.0,239.0,7837.0,4.0,0,0,0,0,1,0,0,0,0,0,0,1,0,0,0,0,0,0,0,0,0,0,0,0,0,0,0,0,0,0,0,0,0,1,0,0,0,0,0,0,0,0,0,0,0,0,0,1,0,0,0,0,0,0,0,0,0,0,0,0,0,0,0,0,0.0
183.0,253.0,480.0,415.0,2851.0,90.0,135.0,154.0,260.0,60.0,2278.0,44.0,3.0,1.0,13.0,257.0,7597.0,8.0,0,1,0,0,0,0,0,0,0,0,0,0,0,0,0,0,1,0,0,0,0,0,0,0,0,0,0,0,0,0,0,0,0,0,0,0,0,0,0,0,0,1,0,0,0,0,0,0,0,0,1,0,0,0,0,0,0,0,0,0,0,0,0,1,0.03
270.0,252.0,426.0,402.0,2665.0,90.0,141.0,151.0,254.0,60.0,2362.0,48.0,9.0,1.0,13.0,161.0,7330.0,2.0,0,1,0,0,0,0,0,0,0,0,0,0,0,0,1,0,0,0,0,0,0,0,0,0,0,0,0,0,0,0,0,0,0,0,0,0,0,0,0,0,0,1,0,0,0,0,0,0,0,0,1,0,0,0,0,0,0,0,0,0,0,0,0,1,0.03
31.0,255.0,507.0,420.0,2959.0,94.0,130.0,150.0,278.0,59.0,2197.0,43.0,1.0,1.0,5.0,180.0,7633.0,5.0,0,1,0,0,0,0,0,0,0,0,0,0,0,0,0,1,0,0,0,0,0,0,0,0,0,0,0,0,0,0,0,0,0,0,0,0,0,0,0,0,0,1,0,0,0,0,0,0,0,0,1,0,0,0,0,0,0,0,0,0,0,0,0,1,0.03
735.0,259.0,63.0,324.0,1336.0,85.0,126.0,64.0,216.0,74.0,1393.0,104.0,346.0,8.0,17.0,84.0,7848.0,100.0,0,0,1,0,0,0,0,0,0,0,0,0,0,0,0,0,0,0,0,0,0,0,0,0,0,1,0,0,0,0,0,0,0,0,0,0,0,0,0,1,0,0,0,0,0,0,0,1,0,0,0,0,0,0,0,0,0,0,0,0,0,0,0,0,0.0
408.0,288.0,48.0,179.0,818.0,65.0,214.0,93.0,168.0,65.0,2945.0,91.0,380.0,10.0,1.0,307.0,7430.0,0.0,0,1,0,0,0,0,0,0,0,0,0,0,0,0,0,0,0,0,0,0,0,0,1,0,0,0,0,0,0,0,0,0,0,0,1,0,0,0,0,0,0,0,0,0,0,0,0,0,0,0,0,0,0,1,0,0,0,0,0,0,0,0,0,0,0.0
1090.0,221.0,70.0,246.0,1179.0,64.0,168.0,105.0,190.0,67.0,2486.0,94.0,196.0,7.0,14.0,214.0,7244.0,100.0,0,1,0,0,0,0,0,0,0,1,0,0,0,0,0,0,0,0,0,0,0,0,0,0,0,0,0,0,0,0,0,0,0,0,0,0,0,0,0,1,0,0,0,0,0,0,0,0,0,0,1,0,0,0,0,0,0,0,0,0,0,0,0,1,0.06
50.0,256.0,552.0,450.0,3104.0,92.0,132.0,160.0,271.0,59.0,2232.0,42.0,0.0,1.0,4.0,131.0,7600.0,0.0,0,1,0,0,0,0,0,0,0,0,0,0,0,0,0,0,1,0,0,0,0,0,0,0,0,0,0,0,0,0,0,0,0,0,0,0,0,0,0,0,0,1,0,0,0,0,0,0,0,0,1,0,0,0,0,0,0,0,0,0,0,0,0,1,0.03
5.0,256.0,504.0,415.0,2671.0,87.0,134.0,131.0,239.0,58.0,2230.0,50.0,27.0,1.0,1.0,2.0,7543.0,1.0,0,0,0,0,1,0,0,0,0,0,0,0,0,0,0,1,0,0,0,0,0,0,0,0,0,0,0,0,0,0,0,0,0,0,0,0,0,0,0,0,0,1,0,0,0,0,0,0,0,0,0,0,0,0,1,0,0,0,0,0,0,0,0,0,0.0
184.0,255.0,480.0,426.0,2863.0,91.0,137.0,156.0,257.0,60.0,2276.0,45.0,7.0,1.0,7.0,303.0,7773.0,2.0,0,1,0,0,0,0,0,0,0,0,0,0,0,0,0,0,1,0,0,0,0,0,0,0,0,0,0,0,0,0,0,0,0,0,0,0,0,0,0,0,0,1,0,0,0,0,0,0,0,0,1,0,0,0,0,0,0,0,0,0,0,0,0,1,0.03
906.0,283.0,16.0,189.0,738.0,66.0,219.0,70.0,161.0,67.0,2612.0,109.0,407.0,9.0,10.0,264.0,7553.0,100.0,0,0,1,0,0,0,0,0,0,0,0,0,1,0,0,0,0,0,0,0,0,0,0,0,0,0,0,0,0,0,0,0,0,0,0,0,0,0,0,0,0,0,1,0,0,0,0,0,0,0,0,0,0,1,0,0,0,0,0,0,0,0,0,0,0.0
346.0,309.0,12.0,369.0,1346.0,94.0,169.0,109.0,239.0,67.0,1788.0,116.0,576.0,8.0,4.0,25.0,7781.0,91.0,0,0,0,1,0,0,0,0,0,0,0,0,0,0,0,0,0,0,0,0,0,0,1,0,0,0,0,0,0,0,0,0,1,0,0,0,0,0,0,0,0,0,0,0,0,0,0,0,0,1,0,0,0,0,0,0,0,0,0,0,0,0,0,0,0.0
226.0,308.0,12.0,371.0,1327.0,96.0,165.0,100.0,232.0,66.0,1792.0,118.0,612.0,8.0,7.0,256.0,7610.0,83.0,0,0,0,1,0,0,0,0,0,0,0,0,0,0,0,0,0,0,0,0,0,0,0,1,0,0,0,0,0,0,0,0,1,0,0,0,0,0,0,0,0,0,0,0,0,0,0,0,0,1,0,0,0,0,0,0,0,0,0,0,0,0,0,0,0.0
865.0,253.0,68.0,316.0,1357.0,80.0,130.0,70.0,224.0,74.0,1422.0,101.0,297.0,7.0,8.0,199.0,7779.0,68.0,0,0,1,0,0,0,0,0,0,0,0,0,0,0,0,0,0,0,0,0,0,0,0,0,0,1,0,0,0,0,0,0,0,0,0,0,0,0,0,1,0,0,0,0,0,1,0,0,0,0,0,0,0,0,0,0,0,0,0,0,0,0,0,0,0.0
272.0,309.0,12.0,369.0,1346.0,94.0,170.0,109.0,240.0,67.0,1810.0,116.0,579.0,8.0,9.0,170.0,7307.0,68.0,0,0,0,1,0,0,0,0,0,0,0,0,0,0,0,0,0,0,0,0,0,0,1,0,0,0,0,0,0,0,0,0,1,0,0,0,0,0,0,0,0,0,0,0,0,0,0,0,0,1,0,0,0,0,0,0,0,0,0,0,0,0,0,0,0.0
98.0,256.0,502.0,427.0,2937.0,92.0,135.0,157.0,258.0,60.0,2255.0,44.0,5.0,1.0,2.0,10.0,7681.0,0.0,0,1,0,0,0,0,0,0,0,0,0,0,0,0,0,0,1,0,0,0,0,0,0,0,0,0,0,0,0,0,0,0,0,0,0,0,0,0,0,0,0,1,0,0,0,0,0,0,0,0,1,0,0,0,0,0,0,0,0,0,0,0,0,1,0.03
69.0,267.0,295.0,253.0,1678.0,100.0,133.0,97.0,184.0,66.0,1808.0,44.0,51.0,4.0,5.0,240.0,7673.0,22.0,0,1,0,0,0,0,0,0,0,0,0,0,0,0,0,0,1,0,0,0,0,0,0,0,0,0,0,0,0,0,0,0,0,0,0,0,0,0,0,0,0,1,0,0,0,1,0,0,0,0,0,0,0,0,0,0,0,0,0,0,0,0,0,1,0.03
95.0,293.0,101.0,297.0,1415.0,120.0,129.0,77.0,227.0,72.0,1339.0,87.0,468.0,8.0,9.0,201.0,7586.0,6.0,0,1,0,0,0,0,0,0,0,0,0,0,0,0,0,0,1,0,0,0,0,0,0,0,0,0,0,0,0,0,0,0,0,1,0,0,0,0,0,0,0,0,0,0,0,1,0,0,0,0,0,0,0,0,0,0,0,0,0,0,0,0,0,0,0.0
8.0,257.0,537.0,499.0,3010.0,94.0,130.0,145.0,256.0,57.0,2193.0,47.0,10.0,1.0,3.0,115.0,7582.0,34.0,0,0,0,0,0,0,0,1,0,0,0,0,0,0,0,0,0,0,0,0,0,0,0,0,0,0,0,1,0,0,0,0,0,0,0,0,0,0,0,0,0,1,0,0,0,0,0,0,0,0,1,0,0,0,0,0,0,0,0,0,0,0,0,1,0.03
6.0,289.0,18.0,84.0,352.0,81.0,200.0,32.0,55.0,62.0,2788.0,93.0,960.0,12.0,1.0,341.0,7370.0,9.0,0,0,0,0,0,0,0,0,1,0,0,0,0,0,0,0,0,1,0,0,0,0,0,0,0,0,0,0,0,0,0,0,0,1,0,0,0,0,0,0,0,0,0,0,0,0,0,0,0,0,0,0,0,1,0,0,0,0,0,0,0,0,0,0,0.0
183.0,253.0,480.0,415.0,2851.0,90.0,135.0,154.0,260.0,60.0,2278.0,44.0,3.0,1.0,13.0,257.0,7597.0,8.0,0,1,0,0,0,0,0,0,0,0,0,0,0,0,0,0,1,0,0,0,0,0,0,0,0,0,0,0,0,0,0,0,0,0,0,0,0,0,0,0,0,1,0,0,0,0,0,0,0,0,1,0,0,0,0,0,0,0,0,0,0,0,0,1,0.03
86.0,305.0,11.0,361.0,1209.0,101.0,158.0,81.0,208.0,65.0,1879.0,124.0,687.0,8.0,3.0,355.0,7783.0,0.0,0,0,1,0,0,0,0,0,0,0,0,0,1,0,0,0,0,0,0,0,0,0,0,0,0,0,0,0,0,0,0,0,0,1,0,0,0,0,0,0,0,0,0,0,0,0,0,0,0,1,0,0,0,0,0,0,0,0,0,0,0,0,0,0,0.0
98.0,305.0,12.0,362.0,1217.0,100.0,158.0,82.0,210.0,65.0,1866.0,123.0,677.0,8.0,2.0,223.0,7656.0,0.0,0,0,1,0,0,0,0,0,0,0,0,0,1,0,0,0,0,0,0,0,0,0,0,0,0,0,0,0,0,0,0,0,0,1,0,0,0,0,0,0,0,0,0,0,0,0,0,0,0,1,0,0,0,0,0,0,0,0,0,0,0,0,0,1,0.03
1026.0,279.0,17.0,189.0,743.0,65.0,215.0,71.0,164.0,67.0,2572.0,109.0,389.0,9.0,4.0,147.0,7417.0,51.0,0,0,1,0,0,0,0,0,0,0,0,0,1,0,0,0,0,0,0,0,0,0,0,0,0,0,0,0,0,0,0,0,0,0,0,1,0,0,0,0,0,0,0,0,0,0,0,0,0,0,0,0,0,1,0,0,0,0,0,0,0,0,0,0,0.0
71.0,305.0,11.0,361.0,1205.0,101.0,156.0,79.0,207.0,65.0,1849.0,124.0,693.0,8.0,5.0,143.0,7600.0,0.0,0,0,1,0,0,0,0,0,0,0,0,0,1,0,0,0,0,0,0,0,0,0,0,0,0,0,0,0,0,0,0,0,0,1,0,0,0,0,0,0,0,0,0,0,0,0,0,0,0,1,0,0,0,0,0,0,0,0,0,0,0,0,0,0,0.0
299.0,283.0,57.0,318.0,1183.0,125.0,120.0,50.0,173.0,69.0,1285.0,111.0,645.0,8.0,18.0,123.0,7208.0,40.0,0,0,0,0,0,1,0,0,0,0,0,1,0,0,0,0,0,0,0,0,0,0,0,0,0,0,0,0,0,0,0,0,1,0,0,0,0,0,0,0,0,0,0,0,0,1,0,0,0,0,0,0,0,0,0,0,0,0,0,0,0,0,0,0,0.0
259.0,305.0,12.0,370.0,1336.0,92.0,167.0,105.0,237.0,67.0,1799.0,117.0,567.0,8.0,8.0,208.0,7361.0,62.0,0,0,0,1,0,0,0,0,0,0,0,0,0,0,0,0,0,0,0,0,0,0,0,1,0,0,0,0,0,0,0,0,0,1,0,0,0,0,0,0,0,0,0,0,0,0,0,0,0,1,0,0,0,0,0,0,0,0,0,0,0,0,0,1,0.03
95.0,293.0,101.0,297.0,1415.0,120.0,129.0,77.0,227.0,72.0,1339.0,87.0,468.0,8.0,9.0,201.0,7586.0,6.0,0,1,0,0,0,0,0,0,0,0,0,0,0,0,0,0,1,0,0,0,0,0,0,0,0,0,0,0,0,0,0,0,0,1,0,0,0,0,0,0,0,0,0,0,0,1,0,0,0,0,0,0,0,0,0,0,0,0,0,0,0,0,0,0,0.0
122.0,298.0,52.0,475.0,1910.0,115.0,127.0,169.0,310.0,71.0,1230.0,102.0,465.0,7.0,7.0,58.0,7938.0,72.0,0,0,0,0,1,0,0,0,0,0,0,0,1,0,0,0,0,0,0,0,0,0,0,0,0,0,0,0,0,0,0,0,0,0,1,0,0,0,0,0,0,0,0,0,0,0,1,0,0,0,0,0,0,0,0,0,0,0,0,0,0,0,0,1,0.03
346.0,309.0,12.0,369.0,1346.0,94.0,169.0,109.0,239.0,67.0,1788.0,116.0,576.0,8.0,4.0,25.0,7781.0,91.0,0,0,0,1,0,0,0,0,0,0,0,0,0,0,0,0,0,0,0,0,0,0,1,0,0,0,0,0,0,0,0,0,1,0,0,0,0,0,0,0,0,0,0,0,0,0,0,0,0,1,0,0,0,0,0,0,0,0,0,0,0,0,0,0,0.0
163.0,253.0,500.0,424.0,2918.0,90.0,134.0,156.0,262.0,60.0,2275.0,44.0,3.0,1.0,21.0,316.0,7862.0,19.0,0,1,0,0,0,0,0,0,0,0,0,0,0,0,0,0,1,0,0,0,0,0,0,0,0,0,0,0,0,0,0,0,0,0,0,0,0,0,0,0,0,1,0,0,0,0,0,0,0,0,1,0,0,0,0,0,0,0,0,0,0,0,0,1,0.03
110.0,278.0,189.0,134.0,927.0,84.0,180.0,70.0,108.0,63.0,2702.0,43.0,341.0,10.0,15.0,119.0,6517.0,88.0,0,1,0,0,0,0,0,0,0,0,0,0,0,0,0,0,0,0,1,0,0,0,0,0,0,0,0,0,0,0,0,0,0,0,1,0,0,0,0,0,0,0,0,0,0,0,0,0,0,0,0,0,1,0,0,0,0,0,0,0,0,0,0,0,0.0
13.0,254.0,506.0,404.0,2656.0,85.0,138.0,146.0,233.0,57.0,2295.0,48.0,20.0,1.0,0.0,243.0,7514.0,90.0,0,0,0,0,0,0,0,1,0,0,0,0,0,0,0,0,0,0,0,0,0,1,0,0,0,0,0,0,0,0,0,0,0,0,0,0,0,0,0,0,1,0,0,0,0,0,0,0,0,0,0,0,0,0,1,0,0,0,0,0,0,0,0,0,0.0
55.0,254.0,493.0,414.0,2910.0,92.0,130.0,150.0,275.0,60.0,2210.0,43.0,0.0,1.0,6.0,277.0,7692.0,0.0,0,1,0,0,0,0,0,0,0,0,0,0,0,0,0,0,1,0,0,0,0,0,0,0,0,0,0,0,0,0,0,0,0,0,0,0,0,0,0,0,0,1,0,0,0,0,0,0,0,0,1,0,0,0,0,0,0,0,0,0,0,0,0,1,0.03
163.0,253.0,500.0,424.0,2918.0,90.0,134.0,156.0,262.0,60.0,2275.0,44.0,3.0,1.0,21.0,316.0,7862.0,19.0,0,1,0,0,0,0,0,0,0,0,0,0,0,0,0,0,1,0,0,0,0,0,0,0,0,0,0,0,0,0,0,0,0,0,0,0,0,0,0,0,0,1,0,0,0,0,0,0,0,0,1,0,0,0,0,0,0,0,0,0,0,0,0,1,0.03
177.0,282.0,159.0,172.0,1054.0,73.0,195.0,87.0,145.0,64.0,2778.0,58.0,196.0,7.0,11.0,154.0,6728.0,82.0,0,1,0,0,0,0,0,0,0,0,0,0,0,0,0,0,0,0,0,0,0,0,1,0,0,0,0,0,0,0,0,0,0,0,0,0,0,1,0,0,0,0,0,0,0,0,0,0,0,0,0,0,0,1,0,0,0,0,0,0,0,0,0,0,0.0
13.0,259.0,422.0,348.0,2377.0,85.0,155.0,160.0,277.0,57.0,2465.0,45.0,0.0,0.0,0.0,308.0,7382.0,12.0,0,0,1,0,0,0,0,0,0,0,0,0,0,0,0,0,0,0,0,0,0,1,0,0,0,0,0,0,0,0,0,0,0,0,0,0,0,0,0,0,1,0,0,0,0,0,0,0,0,0,0,1,0,0,0,0,0,0,0,0,0,0,0,0,0.0
13.0,259.0,422.0,348.0,2377.0,85.0,155.0,160.0,277.0,57.0,2465.0,45.0,0.0,0.0,0.0,308.0,7382.0,12.0,0,0,1,0,0,0,0,0,0,0,0,0,0,0,0,0,0,0,0,0,0,1,0,0,0,0,0,0,0,0,0,0,0,0,0,0,0,0,0,0,1,0,0,0,0,0,0,0,0,0,0,1,0,0,0,0,0,0,0,0,0,0,0,0,0.0
308.0,248.0,251.0,215.0,1449.0,66.0,164.0,112.0,182.0,62.0,2503.0,47.0,23.0,2.0,23.0,156.0,5548.0,90.0,0,1,0,0,0,0,0,0,0,1,0,0,0,0,0,0,0,0,0,0,0,0,0,0,0,0,0,0,0,0,0,0,0,0,0,0,0,0,0,1,0,0,0,0,0,0,0,0,0,0,0,0,1,0,0,0,0,0,0,0,0,0,0,0,0.0
122.0,298.0,52.0,475.0,1910.0,115.0,127.0,169.0,310.0,71.0,1230.0,102.0,465.0,7.0,7.0,58.0,7938.0,72.0,0,0,0,0,1,0,0,0,0,0,0,0,1,0,0,0,0,0,0,0,0,0,0,0,0,0,0,0,0,0,0,0,0,0,1,0,0,0,0,0,0,0,0,0,0,0,1,0,0,0,0,0,0,0,0,0,0,0,0,0,0,0,0,1,0.03
37.0,257.0,478.0,493.0,2855.0,90.0,135.0,136.0,238.0,60.0,2174.0,51.0,20.0,1.0,3.0,221.0,7501.0,0.0,0,1,0,0,0,0,0,0,0,0,0,0,0,0,0,0,1,0,0,0,0,0,0,0,0,0,0,0,0,0,0,0,0,0,1,0,0,0,0,0,0,0,0,0,0,0,0,0,0,0,1,0,0,0,0,0,0,0,0,0,0,0,0,1,0.03
244.0,264.0,290.0,251.0,1666.0,97.0,135.0,99.0,187.0,65.0,1835.0,45.0,40.0,4.0,9.0,150.0,7596.0,17.0,0,1,0,0,0,0,0,0,0,0,0,0,0,0,0,0,0,0,0,0,0,0,1,0,0,0,0,0,0,0,0,0,0,0,0,0,0,0,0,1,0,0,0,0,0,1,0,0,0,0,0,0,0,0,0,0,0,0,0,0,0,0,0,1,0.03
82.0,285.0,53.0,318.0,1155.0,132.0,116.0,46.0,162.0,67.0,1264.0,114.0,707.0,8.0,13.0,272.0,7765.0,17.0,0,0,0,0,1,0,0,0,0,0,0,1,0,0,0,0,0,0,0,0,0,0,0,0,0,0,0,0,0,0,0,0,1,0,0,0,0,0,0,0,0,0,0,0,0,0,0,1,0,0,0,0,0,0,0,0,0,0,0,0,0,0,0,0,0.0
529.0,314.0,16.0,181.0,685.0,73.0,241.0,61.0,142.0,66.0,2843.0,110.0,553.0,10.0,13.0,345.0,7973.0,18.0,0,0,0,1,0,0,0,0,0,0,0,0,1,0,0,0,0,0,0,0,0,0,0,0,0,0,0,0,0,0,0,0,0,1,0,0,0,0,0,0,0,0,0,0,0,0,0,0,0,0,0,0,0,1,0,0,0,0,0,0,0,0,0,0,0.0
206.0,264.0,300.0,249.0,1672.0,98.0,134.0,97.0,181.0,65.0,1823.0,43.0,41.0,4.0,20.0,187.0,6815.0,74.0,0,1,0,0,0,0,0,0,0,0,0,0,0,0,0,0,0,0,0,0,0,0,1,0,0,0,0,0,0,0,0,0,0,0,0,0,0,0,0,1,0,0,0,0,0,1,0,0,0,0,0,0,0,0,0,0,0,0,0,0,0,0,0,1,0.03
49.0,254.0,501.0,417.0,2933.0,93.0,130.0,150.0,276.0,60.0,2200.0,43.0,1.0,1.0,7.0,170.0,7377.0,67.0,0,1,0,0,0,0,0,0,0,0,0,0,0,0,0,0,1,0,0,0,0,0,0,0,0,0,0,0,0,0,0,1,0,0,0,0,0,0,0,0,0,0,0,0,0,0,0,0,0,0,1,0,0,0,0,0,0,0,0,0,0,0,0,0,0.0
251.0,283.0,75.0,314.0,1291.0,113.0,125.0,60.0,205.0,71.0,1324.0,101.0,518.0,8.0,3.0,268.0,7940.0,21.0,0,0,0,0,1,0,0,0,0,0,0,0,0,0,0,0,0,0,0,0,0,0,0,0,1,0,0,0,0,0,0,0,0,1,0,0,0,0,0,0,0,0,0,0,0,1,0,0,0,0,0,0,0,0,0,0,0,0,0,0,0,0,0,0,0.0
1466.0,227.0,93.0,300.0,1508.0,63.0,178.0,103.0,236.0,71.0,2194.0,86.0,97.0,6.0,14.0,162.0,7496.0,100.0,0,1,0,0,0,0,0,0,0,1,0,0,0,0,0,0,0,0,0,0,0,0,0,0,0,0,0,0,0,0,0,0,0,0,0,0,0,0,0,1,0,0,0,0,0,0,0,0,0,0,0,0,0,0,0,1,0,0,0,0,0,0,0,1,0.02
13.0,257.0,426.0,346.0,2388.0,85.0,154.0,159.0,275.0,57.0,2472.0,44.0,0.0,0.0,3.0,324.0,7458.0,51.0,0,0,1,0,0,0,0,0,0,0,0,0,0,0,0,0,0,0,0,0,0,1,0,0,0,0,0,0,0,0,0,1,0,0,0,0,0,0,0,0,0,0,0,0,0,0,0,0,0,0,0,1,0,0,0,0,0,0,0,0,0,0,0,0,0.0
160.0,282.0,59.0,317.0,1192.0,121.0,120.0,51.0,177.0,69.0,1260.0,110.0,625.0,8.0,11.0,284.0,7929.0,55.0,0,0,0,0,1,0,0,0,0,0,0,0,0,1,0,0,0,0,0,0,0,0,0,0,0,0,0,0,0,0,0,0,1,0,0,0,0,0,0,0,0,0,0,0,0,1,0,0,0,0,0,0,0,0,0,0,0,0,0,0,0,0,0,0,0.0
529.0,314.0,16.0,181.0,685.0,73.0,241.0,61.0,142.0,66.0,2843.0,110.0,553.0,10.0,13.0,345.0,7973.0,18.0,0,0,0,1,0,0,0,0,0,0,0,0,1,0,0,0,0,0,0,0,0,0,0,0,0,0,0,0,0,0,0,0,0,1,0,0,0,0,0,0,0,0,0,0,0,0,0,0,0,0,0,0,0,1,0,0,0,0,0,0,0,0,0,0,0.0
12.0,259.0,421.0,349.0,2373.0,84.0,155.0,160.0,278.0,57.0,2458.0,45.0,0.0,0.0,0.0,174.0,7360.0,7.0,0,0,1,0,0,0,0,0,0,0,0,0,0,0,0,0,0,0,0,1,0,0,0,0,0,0,0,0,0,0,0,0,0,0,0,0,0,0,0,0,1,0,0,0,0,0,0,0,0,0,0,1,0,0,0,0,0,0,0,0,0,0,0,0,0.0
4.0,258.0,428.0,338.0,2401.0,85.0,153.0,156.0,265.0,56.0,2451.0,44.0,0.0,0.0,1.0,296.0,7386.0,46.0,0,0,0,0,0,0,0,1,0,0,0,0,0,0,0,0,0,0,0,0,0,0,0,0,0,0,0,1,0,0,0,0,0,0,0,0,0,0,0,0,0,1,0,0,0,0,0,0,0,0,0,1,0,0,0,0,0,0,0,0,0,0,0,0,0.0
2.0,254.0,484.0,384.0,2584.0,84.0,140.0,151.0,229.0,57.0,2346.0,47.0,12.0,1.0,0.0,137.0,7490.0,14.0,0,0,0,0,0,0,0,1,0,0,0,0,0,0,0,0,0,0,0,0,0,1,0,0,0,0,0,0,0,0,0,0,0,0,0,0,0,0,0,0,0,1,0,0,0,0,0,0,0,0,0,0,0,0,1,0,0,0,0,0,0,0,0,0,0.0
177.0,282.0,159.0,172.0,1054.0,73.0,195.0,87.0,145.0,64.0,2778.0,58.0,196.0,7.0,11.0,154.0,6728.0,82.0,0,1,0,0,0,0,0,0,0,0,0,0,0,0,0,0,0,0,0,0,0,0,1,0,0,0,0,0,0,0,0,0,0,0,0,0,0,1,0,0,0,0,0,0,0,0,0,0,0,0,0,0,0,1,0,0,0,0,0,0,0,0,0,0,0.0
136.0,304.0,54.0,409.0,1609.0,123.0,139.0,85.0,252.0,70.0,1248.0,111.0,620.0,8.0,5.0,287.0,7919.0,44.0,0,0,0,1,0,0,0,0,0,0,0,0,0,0,0,0,0,0,0,0,1,0,0,0,0,0,0,0,0,0,0,0,1,0,0,0,0,0,0,0,0,0,0,0,0,0,0,0,0,0,0,0,0,0,0,0,1,0,0,0,0,0,0,0,0.0
8.0,255.0,503.0,402.0,2648.0,85.0,137.0,146.0,232.0,57.0,2303.0,48.0,19.0,1.0,1.0,275.0,7513.0,55.0,0,0,0,0,0,0,0,1,0,0,0,0,0,0,0,0,0,0,0,0,0,1,0,0,0,0,0,0,0,0,0,0,0,0,0,0,0,0,0,0,1,0,0,0,0,0,0,0,0,0,0,0,0,0,1,0,0,0,0,0,0,0,0,0,0.0
135.0,294.0,15.0,106.0,444.0,79.0,207.0,41.0,79.0,64.0,2774.0,101.0,819.0,12.0,1.0,184.0,7371.0,30.0,0,0,0,0,0,1,0,0,0,0,0,0,0,0,0,0,0,0,1,0,0,0,0,0,0,0,0,0,0,0,0,0,0,0,1,0,0,0,0,0,0,0,0,0,0,0,0,0,0,0,0,0,0,1,0,0,0,0,0,0,0,0,0,0,0.0
98.0,324.0,9.0,389.0,1319.0,112.0,174.0,82.0,190.0,68.0,1586.0,128.0,751.0,8.0,4.0,52.0,7811.0,49.0,0,0,1,0,0,0,0,0,0,0,0,0,1,0,0,0,0,0,0,0,0,0,0,0,0,0,0,0,0,0,0,0,1,0,0,0,0,0,0,0,0,0,0,0,0,0,0,0,0,1,0,0,0,0,0,0,0,0,0,0,0,0,0,0,0.0
427.0,303.0,37.0,183.0,804.0,66.0,228.0,95.0,178.0,65.0,3035.0,96.0,453.0,10.0,13.0,161.0,6633.0,0.0,0,0,1,0,0,0,0,0,0,0,0,0,0,0,0,0,0,0,0,0,1,0,0,0,0,0,0,0,0,0,0,0,0,0,1,0,0,0,0,0,0,0,0,0,0,0,0,0,0,0,0,0,0,1,0,0,0,0,0,0,0,0,0,0,0.0
233.0,307.0,42.0,177.0,793.0,69.0,232.0,90.0,168.0,65.0,3108.0,93.0,490.0,10.0,2.0,235.0,7307.0,99.0,0,0,1,0,0,0,0,0,0,0,0,0,0,0,0,0,0,0,0,0,0,0,1,0,0,0,0,0,0,0,0,0,0,0,0,0,0,1,0,0,0,0,0,0,0,0,0,0,0,0,0,0,0,1,0,0,0,0,0,0,0,0,0,0,0.0
4.0,254.0,501.0,398.0,2640.0,85.0,139.0,148.0,232.0,57.0,2316.0,48.0,18.0,1.0,1.0,241.0,7521.0,73.0,0,0,0,0,0,0,0,0,1,0,0,0,0,0,0,0,0,0,0,0,0,1,0,0,0,0,0,0,0,0,0,0,0,0,0,0,0,0,0,0,0,1,0,0,0,0,0,0,0,0,0,0,0,0,1,0,0,0,0,0,0,0,0,0,0.0
8.0,256.0,516.0,415.0,2694.0,86.0,133.0,130.0,238.0,57.0,2234.0,49.0,25.0,1.0,3.0,292.0,7574.0,32.0,1,0,0,0,0,0,0,0,0,0,0,0,0,0,0,0,0,0,0,0,0,1,0,0,0,0,0,0,0,0,0,0,0,0,0,0,0,0,0,0,0,1,0,0,0,0,0,0,0,0,0,0,0,0,1,0,0,0,0,0,0,0,0,0,0.0
1332.0,214.0,73.0,245.0,1186.0,61.0,168.0,107.0,192.0,67.0,2478.0,93.0,179.0,7.0,16.0,290.0,7945.0,99.0,0,1,0,0,0,0,0,0,0,1,0,0,0,0,0,0,0,0,0,0,0,0,0,0,0,0,0,0,0,0,0,0,0,0,0,0,0,0,0,1,0,0,0,0,0,0,0,0,0,0,1,0,0,0,0,0,0,0,0,0,0,0,0,1,0.02
417.0,317.0,15.0,175.0,663.0,75.0,242.0,59.0,136.0,66.0,2887.0,109.0,599.0,11.0,2.0,118.0,7415.0,24.0,0,0,0,1,0,0,0,0,0,0,0,0,0,0,0,0,0,0,0,0,0,0,0,1,0,0,0,0,0,0,0,1,0,0,0,0,0,0,0,0,0,0,0,0,0,0,0,0,0,0,0,0,0,1,0,0,0,0,0,0,0,0,0,0,0.0
1332.0,214.0,73.0,245.0,1186.0,61.0,168.0,107.0,192.0,67.0,2478.0,93.0,179.0,7.0,16.0,290.0,7945.0,99.0,0,1,0,0,0,0,0,0,0,1,0,0,0,0,0,0,0,0,0,0,0,0,0,0,0,0,0,0,0,0,0,0,0,0,0,0,0,0,0,1,0,0,0,0,0,0,0,0,0,0,1,0,0,0,0,0,0,0,0,0,0,0,0,1,0.02
511.0,311.0,16.0,179.0,682.0,73.0,239.0,61.0,142.0,66.0,2848.0,109.0,541.0,10.0,20.0,64.0,7633.0,19.0,0,0,1,0,0,0,0,0,0,0,0,0,1,0,0,0,0,0,0,0,0,0,0,0,0,0,0,0,0,0,0,0,0,0,1,0,0,0,0,0,0,0,0,0,0,0,0,0,0,0,0,0,0,1,0,0,0,0,0,0,0,0,0,0,0.0
1090.0,221.0,70.0,246.0,1179.0,64.0,168.0,105.0,190.0,67.0,2486.0,94.0,196.0,7.0,14.0,214.0,7244.0,100.0,0,1,0,0,0,0,0,0,0,1,0,0,0,0,0,0,0,0,0,0,0,0,0,0,0,0,0,0,0,0,0,0,0,0,0,0,0,0,0,1,0,0,0,0,0,0,0,0,0,0,1,0,0,0,0,0,0,0,0,0,0,0,0,1,0.06
900.0,232.0,78.0,261.0,1256.0,67.0,167.0,106.0,198.0,66.0,2500.0,91.0,193.0,7.0,0.0,290.0,7891.0,13.0,0,1,0,0,0,0,0,0,0,1,0,0,0,0,0,0,0,0,0,0,0,0,0,0,0,0,0,0,0,0,0,0,0,0,0,0,0,0,0,0,0,1,0,0,0,0,0,0,0,0,1,0,0,0,0,0,0,0,0,0,0,0,0,1,0.02
372.0,304.0,38.0,183.0,807.0,67.0,230.0,94.0,176.0,65.0,3087.0,96.0,463.0,10.0,12.0,271.0,7183.0,99.0,0,0,1,0,0,0,0,0,0,0,0,0,0,0,0,0,0,0,0,0,1,0,0,0,0,0,0,0,0,0,0,0,0,0,0,0,0,1,0,0,0,0,0,0,0,0,0,0,0,0,0,0,0,1,0,0,0,0,0,0,0,0,0,0,0.0
291.0,241.0,428.0,371.0,2564.0,85.0,127.0,111.0,233.0,60.0,2129.0,47.0,7.0,1.0,4.0,62.0,7830.0,96.0,0,1,0,0,0,0,0,0,0,0,0,0,0,0,1,0,0,0,0,0,0,0,0,0,0,0,0,0,0,0,0,0,0,0,0,0,0,0,0,1,0,0,0,0,0,0,0,0,0,0,1,0,0,0,0,0,0,0,0,0,0,0,0,0,0.0
270.0,252.0,426.0,402.0,2665.0,90.0,141.0,151.0,254.0,60.0,2362.0,48.0,9.0,1.0,13.0,161.0,7330.0,2.0,0,1,0,0,0,0,0,0,0,0,0,0,0,0,1,0,0,0,0,0,0,0,0,0,0,0,0,0,0,0,0,0,0,0,0,0,0,0,0,0,0,1,0,0,0,0,0,0,0,0,1,0,0,0,0,0,0,0,0,0,0,0,0,1,0.03
270.0,252.0,426.0,402.0,2665.0,90.0,141.0,151.0,254.0,60.0,2362.0,48.0,9.0,1.0,13.0,161.0,7330.0,2.0,0,1,0,0,0,0,0,0,0,0,0,0,0,0,1,0,0,0,0,0,0,0,0,0,0,0,0,0,0,0,0,0,0,0,0,0,0,0,0,0,0,1,0,0,0,0,0,0,0,0,1,0,0,0,0,0,0,0,0,0,0,0,0,1,0.03
735.0,259.0,63.0,324.0,1336.0,85.0,126.0,64.0,216.0,74.0,1393.0,104.0,346.0,8.0,17.0,84.0,7848.0,100.0,0,0,1,0,0,0,0,0,0,0,0,0,0,0,0,0,0,0,0,0,0,0,0,0,0,1,0,0,0,0,0,0,0,0,0,0,0,0,0,1,0,0,0,0,0,0,0,1,0,0,0,0,0,0,0,0,0,0,0,0,0,0,0,0,0.0
346.0,309.0,12.0,369.0,1346.0,94.0,169.0,109.0,239.0,67.0,1788.0,116.0,576.0,8.0,4.0,25.0,7781.0,91.0,0,0,0,1,0,0,0,0,0,0,0,0,0,0,0,0,0,0,0,0,0,0,1,0,0,0,0,0,0,0,0,0,1,0,0,0,0,0,0,0,0,0,0,0,0,0,0,0,0,1,0,0,0,0,0,0,0,0,0,0,0,0,0,0,0.0
226.0,308.0,12.0,371.0,1327.0,96.0,165.0,100.0,232.0,66.0,1792.0,118.0,612.0,8.0,7.0,256.0,7610.0,83.0,0,0,0,1,0,0,0,0,0,0,0,0,0,0,0,0,0,0,0,0,0,0,0,1,0,0,0,0,0,0,0,0,1,0,0,0,0,0,0,0,0,0,0,0,0,0,0,0,0,1,0,0,0,0,0,0,0,0,0,0,0,0,0,0,0.0
735.0,259.0,63.0,324.0,1336.0,85.0,126.0,64.0,216.0,74.0,1393.0,104.0,346.0,8.0,17.0,84.0,7848.0,100.0,0,0,1,0,0,0,0,0,0,0,0,0,0,0,0,0,0,0,0,0,0,0,0,0,0,1,0,0,0,0,0,0,0,0,0,0,0,0,0,1,0,0,0,0,0,0,0,1,0,0,0,0,0,0,0,0,0,0,0,0,0,0,0,0,0.0
183.0,253.0,480.0,415.0,2851.0,90.0,135.0,154.0,260.0,60.0,2278.0,44.0,3.0,1.0,13.0,257.0,7597.0,8.0,0,1,0,0,0,0,0,0,0,0,0,0,0,0,0,0,1,0,0,0,0,0,0,0,0,0,0,0,0,0,0,0,0,0,0,0,0,0,0,0,0,1,0,0,0,0,0,0,0,0,1,0,0,0,0,0,0,0,0,0,0,0,0,1,0.03
299.0,283.0,57.0,318.0,1183.0,125.0,120.0,50.0,173.0,69.0,1285.0,111.0,645.0,8.0,18.0,123.0,7208.0,40.0,0,0,0,0,0,1,0,0,0,0,0,1,0,0,0,0,0,0,0,0,0,0,0,0,0,0,0,0,0,0,0,0,1,0,0,0,0,0,0,0,0,0,0,0,0,1,0,0,0,0,0,0,0,0,0,0,0,0,0,0,0,0,0,0,0.0
735.0,259.0,63.0,324.0,1336.0,85.0,126.0,64.0,216.0,74.0,1393.0,104.0,346.0,8.0,17.0,84.0,7848.0,100.0,0,0,1,0,0,0,0,0,0,0,0,0,0,0,0,0,0,0,0,0,0,0,0,0,0,1,0,0,0,0,0,0,0,0,0,0,0,0,0,1,0,0,0,0,0,0,0,1,0,0,0,0,0,0,0,0,0,0,0,0,0,0,0,0,0.0
346.0,309.0,12.0,369.0,1346.0,94.0,169.0,109.0,239.0,67.0,1788.0,116.0,576.0,8.0,4.0,25.0,7781.0,91.0,0,0,0,1,0,0,0,0,0,0,0,0,0,0,0,0,0,0,0,0,0,0,1,0,0,0,0,0,0,0,0,0,1,0,0,0,0,0,0,0,0,0,0,0,0,0,0,0,0,1,0,0,0,0,0,0,0,0,0,0,0,0,0,0,0.0
163.0,253.0,500.0,424.0,2918.0,90.0,134.0,156.0,262.0,60.0,2275.0,44.0,3.0,1.0,21.0,316.0,7862.0,19.0,0,1,0,0,0,0,0,0,0,0,0,0,0,0,0,0,1,0,0,0,0,0,0,0,0,0,0,0,0,0,0,0,0,0,0,0,0,0,0,0,0,1,0,0,0,0,0,0,0,0,1,0,0,0,0,0,0,0,0,0,0,0,0,1,0.03
640.0,234.0,358.0,412.0,2524.0,70.0,157.0,143.0,304.0,64.0,2514.0,60.0,14.0,1.0,18.0,106.0,7313.0,37.0,0,1,0,0,0,0,0,0,0,0,0,0,0,0,1,0,0,0,0,0,0,0,0,0,0,0,0,0,0,0,0,0,0,0,0,0,0,0,0,1,0,0,0,0,0,0,0,0,0,0,1,0,0,0,0,0,0,0,0,0,0,0,0,0,0.0
751.0,256.0,65.0,322.0,1340.0,83.0,127.0,65.0,217.0,73.0,1381.0,103.0,330.0,7.0,14.0,262.0,7917.0,100.0,0,0,1,0,0,0,0,0,0,0,0,0,0,0,0,0,0,0,0,0,0,0,0,0,0,1,0,0,0,0,0,0,0,0,0,0,0,0,0,1,0,0,0,0,0,0,0,1,0,0,0,0,0,0,0,0,0,0,0,0,0,0,0,0,0.0
865.0,253.0,68.0,316.0,1357.0,80.0,130.0,70.0,224.0,74.0,1422.0,101.0,297.0,7.0,8.0,199.0,7779.0,68.0,0,0,1,0,0,0,0,0,0,0,0,0,0,0,0,0,0,0,0,0,0,0,0,0,0,1,0,0,0,0,0,0,0,0,0,0,0,0,0,1,0,0,0,0,0,1,0,0,0,0,0,0,0,0,0,0,0,0,0,0,0,0,0,0,0.0
272.0,309.0,12.0,369.0,1346.0,94.0,170.0,109.0,240.0,67.0,1810.0,116.0,579.0,8.0,9.0,170.0,7307.0,68.0,0,0,0,1,0,0,0,0,0,0,0,0,0,0,0,0,0,0,0,0,0,0,1,0,0,0,0,0,0,0,0,0,1,0,0,0,0,0,0,0,0,0,0,0,0,0,0,0,0,1,0,0,0,0,0,0,0,0,0,0,0,0,0,0,0.0
50.0,256.0,552.0,450.0,3104.0,92.0,132.0,160.0,271.0,59.0,2232.0,42.0,0.0,1.0,4.0,131.0,7600.0,0.0,0,1,0,0,0,0,0,0,0,0,0,0,0,0,0,0,1,0,0,0,0,0,0,0,0,0,0,0,0,0,0,0,0,0,0,0,0,0,0,0,0,1,0,0,0,0,0,0,0,0,1,0,0,0,0,0,0,0,0,0,0,0,0,1,0.03
69.0,267.0,295.0,253.0,1678.0,100.0,133.0,97.0,184.0,66.0,1808.0,44.0,51.0,4.0,5.0,240.0,7673.0,22.0,0,1,0,0,0,0,0,0,0,0,0,0,0,0,0,0,1,0,0,0,0,0,0,0,0,0,0,0,0,0,0,0,0,0,0,0,0,0,0,0,0,1,0,0,0,1,0,0,0,0,0,0,0,0,0,0,0,0,0,0,0,0,0,1,0.03
1026.0,279.0,17.0,189.0,743.0,65.0,215.0,71.0,164.0,67.0,2572.0,109.0,389.0,9.0,4.0,147.0,7417.0,51.0,0,0,1,0,0,0,0,0,0,0,0,0,1,0,0,0,0,0,0,0,0,0,0,0,0,0,0,0,0,0,0,0,0,0,0,1,0,0,0,0,0,0,0,0,0,0,0,0,0,0,0,0,0,1,0,0,0,0,0,0,0,0,0,0,0.0
906.0,283.0,16.0,189.0,738.0,66.0,219.0,70.0,161.0,67.0,2612.0,109.0,407.0,9.0,10.0,264.0,7553.0,100.0,0,0,1,0,0,0,0,0,0,0,0,0,1,0,0,0,0,0,0,0,0,0,0,0,0,0,0,0,0,0,0,0,0,0,0,0,0,0,0,0,0,0,1,0,0,0,0,0,0,0,0,0,0,1,0,0,0,0,0,0,0,0,0,0,0.0
640.0,234.0,358.0,412.0,2524.0,70.0,157.0,143.0,304.0,64.0,2514.0,60.0,14.0,1.0,18.0,106.0,7313.0,37.0,0,1,0,0,0,0,0,0,0,0,0,0,0,0,1,0,0,0,0,0,0,0,0,0,0,0,0,0,0,0,0,0,0,0,0,0,0,0,0,1,0,0,0,0,0,0,0,0,0,0,1,0,0,0,0,0,0,0,0,0,0,0,0,0,0.0
751.0,256.0,65.0,322.0,1340.0,83.0,127.0,65.0,217.0,73.0,1381.0,103.0,330.0,7.0,14.0,262.0,7917.0,100.0,0,0,1,0,0,0,0,0,0,0,0,0,0,0,0,0,0,0,0,0,0,0,0,0,0,1,0,0,0,0,0,0,0,0,0,0,0,0,0,1,0,0,0,0,0,0,0,1,0,0,0,0,0,0,0,0,0,0,0,0,0,0,0,0,0.0
865.0,253.0,68.0,316.0,1357.0,80.0,130.0,70.0,224.0,74.0,1422.0,101.0,297.0,7.0,8.0,199.0,7779.0,68.0,0,0,1,0,0,0,0,0,0,0,0,0,0,0,0,0,0,0,0,0,0,0,0,0,0,1,0,0,0,0,0,0,0,0,0,0,0,0,0,1,0,0,0,0,0,1,0,0,0,0,0,0,0,0,0,0,0,0,0,0,0,0,0,0,0.0
69.0,267.0,295.0,253.0,1678.0,100.0,133.0,97.0,184.0,66.0,1808.0,44.0,51.0,4.0,5.0,240.0,7673.0,22.0,0,1,0,0,0,0,0,0,0,0,0,0,0,0,0,0,1,0,0,0,0,0,0,0,0,0,0,0,0,0,0,0,0,0,0,0,0,0,0,0,0,1,0,0,0,1,0,0,0,0,0,0,0,0,0,0,0,0,0,0,0,0,0,1,0.03
272.0,309.0,12.0,369.0,1346.0,94.0,170.0,109.0,240.0,67.0,1810.0,116.0,579.0,8.0,9.0,170.0,7307.0,68.0,0,0,0,1,0,0,0,0,0,0,0,0,0,0,0,0,0,0,0,0,0,0,1,0,0,0,0,0,0,0,0,0,1,0,0,0,0,0,0,0,0,0,0,0,0,0,0,0,0,1,0,0,0,0,0,0,0,0,0,0,0,0,0,0,0.0
98.0,256.0,502.0,427.0,2937.0,92.0,135.0,157.0,258.0,60.0,2255.0,44.0,5.0,1.0,2.0,10.0,7681.0,0.0,0,1,0,0,0,0,0,0,0,0,0,0,0,0,0,0,1,0,0,0,0,0,0,0,0,0,0,0,0,0,0,0,0,0,0,0,0,0,0,0,0,1,0,0,0,0,0,0,0,0,1,0,0,0,0,0,0,0,0,0,0,0,0,1,0.03
122.0,298.0,52.0,475.0,1910.0,115.0,127.0,169.0,310.0,71.0,1230.0,102.0,465.0,7.0,7.0,58.0,7938.0,72.0,0,0,0,0,1,0,0,0,0,0,0,0,1,0,0,0,0,0,0,0,0,0,0,0,0,0,0,0,0,0,0,0,0,0,1,0,0,0,0,0,0,0,0,0,0,0,1,0,0,0,0,0,0,0,0,0,0,0,0,0,0,0,0,1,0.03
95.0,293.0,101.0,297.0,1415.0,120.0,129.0,77.0,227.0,72.0,1339.0,87.0,468.0,8.0,9.0,201.0,7586.0,6.0,0,1,0,0,0,0,0,0,0,0,0,0,0,0,0,0,1,0,0,0,0,0,0,0,0,0,0,0,0,0,0,0,0,1,0,0,0,0,0,0,0,0,0,0,0,1,0,0,0,0,0,0,0,0,0,0,0,0,0,0,0,0,0,0,0.0
122.0,298.0,52.0,475.0,1910.0,115.0,127.0,169.0,310.0,71.0,1230.0,102.0,465.0,7.0,7.0,58.0,7938.0,72.0,0,0,0,0,1,0,0,0,0,0,0,0,1,0,0,0,0,0,0,0,0,0,0,0,0,0,0,0,0,0,0,0,0,0,1,0,0,0,0,0,0,0,0,0,0,0,1,0,0,0,0,0,0,0,0,0,0,0,0,0,0,0,0,1,0.03
5.0,259.0,415.0,295.0,2054.0,74.0,156.0,134.0,219.0,58.0,2438.0,40.0,2.0,1.0,3.0,311.0,7362.0,18.0,0,0,0,0,0,0,0,0,1,0,0,0,0,0,0,0,0,0,0,0,0,1,0,0,0,0,0,0,0,0,0,0,0,0,1,0,0,0,0,0,0,0,0,0,0,0,0,0,0,0,0,0,1,0,0,0,0,0,0,0,0,0,0,0,0.0
106.0,271.0,301.0,256.0,1693.0,104.0,132.0,95.0,180.0,65.0,1792.0,44.0,64.0,4.0,6.0,177.0,7588.0,2.0,0,1,0,0,0,0,0,0,0,0,0,0,0,0,0,0,1,0,0,0,0,0,0,0,0,0,0,0,0,0,0,0,0,0,0,0,0,0,0,0,0,1,0,0,0,1,0,0,0,0,0,0,0,0,0,0,0,0,0,0,0,0,0,1,0.03
0.0,260.0,423.0,305.0,2116.0,75.0,157.0,140.0,227.0,59.0,2469.0,40.0,0.0,1.0,0.0,246.0,7250.0,18.0,0,0,0,0,0,0,0,1,0,0,0,0,0,0,0,0,0,0,0,0,0,1,0,0,0,0,0,0,0,0,0,0,0,1,0,0,0,0,0,0,0,0,0,0,0,0,0,0,0,0,0,0,1,0,0,0,0,0,0,0,0,0,0,0,0.0
37.0,257.0,478.0,493.0,2855.0,90.0,135.0,136.0,238.0,60.0,2174.0,51.0,20.0,1.0,3.0,221.0,7501.0,0.0,0,1,0,0,0,0,0,0,0,0,0,0,0,0,0,0,1,0,0,0,0,0,0,0,0,0,0,0,0,0,0,0,0,0,1,0,0,0,0,0,0,0,0,0,0,0,0,0,0,0,1,0,0,0,0,0,0,0,0,0,0,0,0,1,0.03
37.0,257.0,478.0,493.0,2855.0,90.0,135.0,136.0,238.0,60.0,2174.0,51.0,20.0,1.0,3.0,221.0,7501.0,0.0,0,1,0,0,0,0,0,0,0,0,0,0,0,0,0,0,1,0,0,0,0,0,0,0,0,0,0,0,0,0,0,0,0,0,1,0,0,0,0,0,0,0,0,0,0,0,0,0,0,0,1,0,0,0,0,0,0,0,0,0,0,0,0,1,0.03
86.0,305.0,11.0,361.0,1209.0,101.0,158.0,81.0,208.0,65.0,1879.0,124.0,687.0,8.0,3.0,355.0,7783.0,0.0,0,0,1,0,0,0,0,0,0,0,0,0,1,0,0,0,0,0,0,0,0,0,0,0,0,0,0,0,0,0,0,0,0,1,0,0,0,0,0,0,0,0,0,0,0,0,0,0,0,1,0,0,0,0,0,0,0,0,0,0,0,0,0,1,0.03
98.0,305.0,12.0,362.0,1217.0,100.0,158.0,82.0,210.0,65.0,1866.0,123.0,677.0,8.0,2.0,223.0,7656.0,0.0,0,0,1,0,0,0,0,0,0,0,0,0,1,0,0,0,0,0,0,0,0,0,0,0,0,0,0,0,0,0,0,0,0,1,0,0,0,0,0,0,0,0,0,0,0,0,0,0,0,1,0,0,0,0,0,0,0,0,0,0,0,0,0,0,0.0
91.0,309.0,11.0,362.0,1231.0,102.0,158.0,72.0,201.0,67.0,1765.0,126.0,716.0,8.0,2.0,65.0,7729.0,27.0,0,0,1,0,0,0,0,0,0,0,0,0,1,0,0,0,0,0,0,0,0,0,0,0,0,0,0,0,0,0,0,0,0,0,1,0,0,0,0,0,0,0,0,0,0,0,0,0,0,1,0,0,0,0,0,0,0,0,0,0,0,0,0,0,0.0
98.0,305.0,12.0,362.0,1217.0,100.0,158.0,82.0,210.0,65.0,1866.0,123.0,677.0,8.0,2.0,223.0,7656.0,0.0,0,0,1,0,0,0,0,0,0,0,0,0,1,0,0,0,0,0,0,0,0,0,0,0,0,0,0,0,0,0,0,0,0,1,0,0,0,0,0,0,0,0,0,0,0,0,0,0,0,1,0,0,0,0,0,0,0,0,0,0,0,0,0,0,0.0
529.0,314.0,16.0,181.0,685.0,73.0,241.0,61.0,142.0,66.0,2843.0,110.0,553.0,10.0,13.0,345.0,7973.0,18.0,0,0,0,1,0,0,0,0,0,0,0,0,1,0,0,0,0,0,0,0,0,0,0,0,0,0,0,0,0,0,0,0,0,1,0,0,0,0,0,0,0,0,0,0,0,0,0,0,0,0,0,0,0,1,0,0,0,0,0,0,0,0,0,0,0.0
261.0,264.0,299.0,248.0,1669.0,98.0,133.0,97.0,183.0,66.0,1821.0,43.0,40.0,4.0,13.0,7.0,8107.0,87.0,0,1,0,0,0,0,0,0,0,0,0,0,0,0,0,0,0,0,0,0,0,0,1,0,0,0,0,0,0,0,0,0,0,0,0,0,0,0,0,1,0,0,0,0,0,1,0,0,0,0,0,0,0,0,0,0,0,0,0,0,0,0,0,1,0.03
23.0,257.0,533.0,498.0,2999.0,95.0,130.0,146.0,256.0,58.0,2202.0,47.0,11.0,1.0,1.0,252.0,7622.0,69.0,0,0,0,0,0,0,0,1,0,0,0,0,0,0,0,0,0,0,0,0,0,1,0,0,0,0,0,0,0,0,0,0,0,0,0,0,0,0,0,0,1,0,0,0,0,0,0,0,0,0,1,0,0,0,0,0,0,0,0,0,0,0,0,1,0.03
8.0,257.0,537.0,499.0,3010.0,94.0,130.0,145.0,256.0,57.0,2193.0,47.0,10.0,1.0,3.0,115.0,7582.0,34.0,0,0,0,0,0,0,0,1,0,0,0,0,0,0,0,0,0,0,0,0,0,0,0,0,0,0,0,1,0,0,0,0,0,0,0,0,0,0,0,0,0,1,0,0,0,0,0,0,0,0,1,0,0,0,0,0,0,0,0,0,0,0,0,1,0.03
55.0,254.0,493.0,414.0,2910.0,92.0,130.0,150.0,275.0,60.0,2210.0,43.0,0.0,1.0,6.0,277.0,7692.0,0.0,0,1,0,0,0,0,0,0,0,0,0,0,0,0,0,0,1,0,0,0,0,0,0,0,0,0,0,0,0,0,0,0,0,0,0,0,0,0,0,0,0,1,0,0,0,0,0,0,0,0,1,0,0,0,0,0,0,0,0,0,0,0,0,1,0.03
12.0,259.0,413.0,350.0,2358.0,84.0,155.0,161.0,280.0,58.0,2479.0,46.0,0.0,0.0,2.0,276.0,7297.0,0.0,0,0,1,0,0,0,0,0,0,0,0,0,0,0,0,1,0,0,0,0,0,0,0,0,0,0,0,0,0,0,0,0,0,0,0,0,0,0,0,0,0,1,0,0,0,0,0,0,0,0,0,1,0,0,0,0,0,0,0,0,0,0,0,0,0.0
82.0,285.0,53.0,318.0,1155.0,132.0,116.0,46.0,162.0,67.0,1264.0,114.0,707.0,8.0,13.0,272.0,7765.0,17.0,0,0,0,0,1,0,0,0,0,0,0,1,0,0,0,0,0,0,0,0,0,0,0,0,0,0,0,0,0,0,0,0,1,0,0,0,0,0,0,0,0,0,0,0,0,0,0,1,0,0,0,0,0,0,0,0,0,0,0,0,0,0,0,0,0.0
160.0,282.0,59.0,317.0,1192.0,121.0,120.0,51.0,177.0,69.0,1260.0,110.0,625.0,8.0,11.0,284.0,7929.0,55.0,0,0,0,0,1,0,0,0,0,0,0,0,0,1,0,0,0,0,0,0,0,0,0,0,0,0,0,0,0,0,0,0,1,0,0,0,0,0,0,0,0,0,0,0,0,1,0,0,0,0,0,0,0,0,0,0,0,0,0,0,0,0,0,0,0.0
199.0,318.0,9.0,377.0,1343.0,105.0,174.0,90.0,198.0,68.0,1586.0,124.0,668.0,8.0,5.0,141.0,7620.0,71.0,0,0,1,0,0,0,0,0,0,0,0,0,1,0,0,0,0,0,0,0,0,0,0,0,0,0,0,0,0,0,0,0,1,0,0,0,0,0,0,0,0,0,0,0,0,0,0,0,0,1,0,0,0,0,0,0,0,0,0,0,0,0,0,0,0.0
277.0,280.0,61.0,316.0,1211.0,114.0,121.0,52.0,183.0,70.0,1302.0,109.0,572.0,8.0,11.0,175.0,7910.0,33.0,0,0,0,0,1,0,0,0,0,0,0,0,0,1,0,0,0,0,0,0,0,0,0,0,0,0,0,0,0,0,0,0,0,0,1,0,0,0,0,0,0,0,0,0,0,1,0,0,0,0,0,0,0,0,0,0,0,0,0,0,0,0,0,0,0.0
250.0,281.0,59.0,319.0,1206.0,119.0,121.0,51.0,180.0,69.0,1293.0,110.0,607.0,8.0,14.0,331.0,8092.0,47.0,0,0,0,0,1,0,0,0,0,0,0,0,0,1,0,0,0,0,0,0,0,0,0,0,0,0,0,0,0,0,0,0,1,0,0,0,0,0,0,0,0,0,0,0,0,1,0,0,0,0,0,0,0,0,0,0,0,0,0,0,0,0,0,0,0.0
277.0,280.0,61.0,316.0,1211.0,114.0,121.0,52.0,183.0,70.0,1302.0,109.0,572.0,8.0,11.0,175.0,7910.0,33.0,0,0,0,0,1,0,0,0,0,0,0,0,0,1,0,0,0,0,0,0,0,0,0,0,0,0,0,0,0,0,0,0,0,0,1,0,0,0,0,0,0,0,0,0,0,1,0,0,0,0,0,0,0,0,0,0,0,0,0,0,0,0,0,0,0.0
251.0,283.0,75.0,314.0,1291.0,113.0,125.0,60.0,205.0,71.0,1324.0,101.0,518.0,8.0,3.0,268.0,7940.0,21.0,0,0,0,0,1,0,0,0,0,0,0,0,0,0,0,0,0,0,0,0,0,0,0,0,1,0,0,0,0,0,0,0,0,1,0,0,0,0,0,0,0,0,0,0,0,1,0,0,0,0,0,0,0,0,0,0,0,0,0,0,0,0,0,0,0.0
1090.0,221.0,70.0,246.0,1179.0,64.0,168.0,105.0,190.0,67.0,2486.0,94.0,196.0,7.0,14.0,214.0,7244.0,100.0,0,1,0,0,0,0,0,0,0,1,0,0,0,0,0,0,0,0,0,0,0,0,0,0,0,0,0,0,0,0,0,0,0,0,0,0,0,0,0,1,0,0,0,0,0,0,0,0,0,0,1,0,0,0,0,0,0,0,0,0,0,0,0,1,0.06
6.0,289.0,18.0,84.0,352.0,81.0,200.0,32.0,55.0,62.0,2788.0,93.0,960.0,12.0,1.0,341.0,7370.0,9.0,0,0,0,0,0,0,0,0,1,0,0,0,0,0,0,0,0,1,0,0,0,0,0,0,0,0,0,0,0,0,0,0,0,1,0,0,0,0,0,0,0,0,0,0,0,0,0,0,0,0,0,0,0,1,0,0,0,0,0,0,0,0,0,0,0.0
177.0,282.0,159.0,172.0,1054.0,73.0,195.0,87.0,145.0,64.0,2778.0,58.0,196.0,7.0,11.0,154.0,6728.0,82.0,0,1,0,0,0,0,0,0,0,0,0,0,0,0,0,0,0,0,0,0,0,0,1,0,0,0,0,0,0,0,0,0,0,0,0,0,0,1,0,0,0,0,0,0,0,0,0,0,0,0,0,0,0,1,0,0,0,0,0,0,0,0,0,0,0.0
0.0,260.0,423.0,305.0,2116.0,75.0,157.0,140.0,227.0,59.0,2469.0,40.0,0.0,1.0,0.0,246.0,7250.0,18.0,0,0,0,0,0,0,0,1,0,0,0,0,0,0,0,0,0,0,0,0,0,1,0,0,0,0,0,0,0,0,0,0,0,1,0,0,0,0,0,0,0,0,0,0,0,0,0,0,0,0,0,0,1,0,0,0,0,0,0,0,0,0,0,0,0.0
12.0,259.0,413.0,350.0,2358.0,84.0,155.0,161.0,280.0,58.0,2479.0,46.0,0.0,0.0,2.0,276.0,7297.0,0.0,0,0,1,0,0,0,0,0,0,0,0,0,0,0,0,1,0,0,0,0,0,0,0,0,0,0,0,0,0,0,0,0,0,0,0,0,0,0,0,0,0,1,0,0,0,0,0,0,0,0,0,1,0,0,0,0,0,0,0,0,0,0,0,0,0.0
82.0,285.0,53.0,318.0,1155.0,132.0,116.0,46.0,162.0,67.0,1264.0,114.0,707.0,8.0,13.0,272.0,7765.0,17.0,0,0,0,0,1,0,0,0,0,0,0,1,0,0,0,0,0,0,0,0,0,0,0,0,0,0,0,0,0,0,0,0,1,0,0,0,0,0,0,0,0,0,0,0,0,0,0,1,0,0,0,0,0,0,0,0,0,0,0,0,0,0,0,0,0.0
308.0,248.0,251.0,215.0,1449.0,66.0,164.0,112.0,182.0,62.0,2503.0,47.0,23.0,2.0,23.0,156.0,5548.0,90.0,0,1,0,0,0,0,0,0,0,1,0,0,0,0,0,0,0,0,0,0,0,0,0,0,0,0,0,0,0,0,0,0,0,0,0,0,0,0,0,1,0,0,0,0,0,0,0,0,0,0,0,0,1,0,0,0,0,0,0,0,0,0,0,0,0.0
251.0,283.0,75.0,314.0,1291.0,113.0,125.0,60.0,205.0,71.0,1324.0,101.0,518.0,8.0,3.0,268.0,7940.0,21.0,0,0,0,0,1,0,0,0,0,0,0,0,0,0,0,0,0,0,0,0,0,0,0,0,1,0,0,0,0,0,0,0,0,1,0,0,0,0,0,0,0,0,0,0,0,1,0,0,0,0,0,0,0,0,0,0,0,0,0,0,0,0,0,0,0.0
277.0,280.0,61.0,316.0,1211.0,114.0,121.0,52.0,183.0,70.0,1302.0,109.0,572.0,8.0,11.0,175.0,7910.0,33.0,0,0,0,0,1,0,0,0,0,0,0,0,0,1,0,0,0,0,0,0,0,0,0,0,0,0,0,0,0,0,0,0,0,0,1,0,0,0,0,0,0,0,0,0,0,1,0,0,0,0,0,0,0,0,0,0,0,0,0,0,0,0,0,0,0.0
4.0,258.0,428.0,338.0,2401.0,85.0,153.0,156.0,265.0,56.0,2451.0,44.0,0.0,0.0,1.0,296.0,7386.0,46.0,0,0,0,0,0,0,0,1,0,0,0,0,0,0,0,0,0,0,0,0,0,0,0,0,0,0,0,1,0,0,0,0,0,0,0,0,0,0,0,0,0,1,0,0,0,0,0,0,0,0,0,1,0,0,0,0,0,0,0,0,0,0,0,0,0.0
5.0,259.0,415.0,295.0,2054.0,74.0,156.0,134.0,219.0,58.0,2438.0,40.0,2.0,1.0,3.0,311.0,7362.0,18.0,0,0,0,0,0,0,0,0,1,0,0,0,0,0,0,0,0,0,0,0,0,1,0,0,0,0,0,0,0,0,0,0,0,0,1,0,0,0,0,0,0,0,0,0,0,0,0,0,0,0,0,0,1,0,0,0,0,0,0,0,0,0,0,0,0.0
13.0,257.0,426.0,346.0,2388.0,85.0,154.0,159.0,275.0,57.0,2472.0,44.0,0.0,0.0,3.0,324.0,7458.0,51.0,0,0,1,0,0,0,0,0,0,0,0,0,0,0,0,0,0,0,0,0,0,1,0,0,0,0,0,0,0,0,0,1,0,0,0,0,0,0,0,0,0,0,0,0,0,0,0,0,0,0,0,1,0,0,0,0,0,0,0,0,0,0,0,0,0.0
306.0,240.0,469.0,366.0,2659.0,86.0,134.0,114.0,245.0,61.0,2161.0,43.0,7.0,1.0,16.0,329.0,8089.0,97.0,0,1,0,0,0,0,0,0,0,0,0,0,0,0,1,0,0,0,0,0,0,0,0,0,0,0,0,0,0,0,0,0,0,0,0,0,0,0,0,1,0,0,0,0,0,0,0,0,0,0,1,0,0,0,0,0,0,0,0,0,0,0,0,0,0.0
110.0,278.0,189.0,134.0,927.0,84.0,180.0,70.0,108.0,63.0,2702.0,43.0,341.0,10.0,15.0,119.0,6517.0,88.0,0,1,0,0,0,0,0,0,0,0,0,0,0,0,0,0,0,0,1,0,0,0,0,0,0,0,0,0,0,0,0,0,0,0,1,0,0,0,0,0,0,0,0,0,0,0,0,0,0,0,0,0,1,0,0,0,0,0,0,0,0,0,0,0,0.0
50.0,254.0,502.0,418.0,2943.0,93.0,130.0,150.0,277.0,60.0,2193.0,43.0,0.0,1.0,5.0,147.0,7457.0,59.0,0,1,0,0,0,0,0,0,0,0,0,0,0,0,0,1,0,0,0,0,0,0,0,0,0,0,0,0,0,0,0,0,0,0,0,0,0,0,0,1,0,0,0,0,0,0,0,0,0,0,1,0,0,0,0,0,0,0,0,0,0,0,0,1,0.03
427.0,303.0,37.0,183.0,804.0,66.0,228.0,95.0,178.0,65.0,3035.0,96.0,453.0,10.0,13.0,161.0,6633.0,0.0,0,0,1,0,0,0,0,0,0,0,0,0,0,0,0,0,0,0,0,0,1,0,0,0,0,0,0,0,0,0,0,0,0,0,1,0,0,0,0,0,0,0,0,0,0,0,0,0,0,0,0,0,0,1,0,0,0,0,0,0,0,0,0,0,0.0
233.0,307.0,42.0,177.0,793.0,69.0,232.0,90.0,168.0,65.0,3108.0,93.0,490.0,10.0,2.0,235.0,7307.0,99.0,0,0,1,0,0,0,0,0,0,0,0,0,0,0,0,0,0,0,0,0,0,0,1,0,0,0,0,0,0,0,0,0,0,0,0,0,0,1,0,0,0,0,0,0,0,0,0,0,0,0,0,0,0,1,0,0,0,0,0,0,0,0,0,0,0.0
686.0,300.0,9.0,282.0,1046.0,70.0,220.0,83.0,244.0,64.0,2617.0,119.0,476.0,8.0,16.0,212.0,6663.0,8.0,0,0,0,0,1,0,0,0,0,0,0,0,0,0,0,0,0,0,0,0,1,0,0,0,0,0,0,0,0,0,0,0,0,0,0,0,0,0,0,0,0,0,1,0,0,0,0,0,0,0,0,0,0,0,0,0,0,0,0,1,0,0,0,0,0.0
1129.0,239.0,70.0,310.0,1367.0,72.0,132.0,74.0,228.0,73.0,1462.0,98.0,234.0,7.0,7.0,267.0,8105.0,100.0,0,0,1,0,0,0,0,0,0,0,0,0,1,0,0,0,0,0,0,0,0,0,0,0,0,0,0,0,0,0,0,0,0,0,0,0,0,0,0,1,0,0,0,0,0,0,0,1,0,0,0,0,0,0,0,0,0,0,0,0,0,0,0,0,0.0
511.0,311.0,16.0,179.0,682.0,73.0,239.0,61.0,142.0,66.0,2848.0,109.0,541.0,10.0,20.0,64.0,7633.0,19.0,0,0,1,0,0,0,0,0,0,0,0,0,1,0,0,0,0,0,0,0,0,0,0,0,0,0,0,0,0,0,0,0,0,0,1,0,0,0,0,0,0,0,0,0,0,0,0,0,0,0,0,0,0,1,0,0,0,0,0,0,0,0,0,0,0.0
408.0,288.0,48.0,179.0,818.0,65.0,214.0,93.0,168.0,65.0,2945.0,91.0,380.0,10.0,1.0,307.0,7430.0,0.0,0,1,0,0,0,0,0,0,0,0,0,0,0,0,0,0,0,0,0,0,0,0,1,0,0,0,0,0,0,0,0,0,0,0,1,0,0,0,0,0,0,0,0,0,0,0,0,0,0,0,0,0,0,1,0,0,0,0,0,0,0,0,0,0,0.0
5.0,256.0,504.0,415.0,2671.0,87.0,134.0,131.0,239.0,58.0,2230.0,50.0,27.0,1.0,1.0,2.0,7543.0,1.0,0,0,0,0,1,0,0,0,0,0,0,0,0,0,0,1,0,0,0,0,0,0,0,0,0,0,0,0,0,0,0,0,0,0,0,0,0,0,0,0,0,1,0,0,0,0,0,0,0,0,0,0,0,0,1,0,0,0,0,0,0,0,0,0,0.0
1026.0,279.0,17.0,189.0,743.0,65.0,215.0,71.0,164.0,67.0,2572.0,109.0,389.0,9.0,4.0,147.0,7417.0,51.0,0,0,1,0,0,0,0,0,0,0,0,0,1,0,0,0,0,0,0,0,0,0,0,0,0,0,0,0,0,0,0,0,0,0,0,1,0,0,0,0,0,0,0,0,0,0,0,0,0,0,0,0,0,1,0,0,0,0,0,0,0,0,0,0,0.0
372.0,304.0,38.0,183.0,807.0,67.0,230.0,94.0,176.0,65.0,3087.0,96.0,463.0,10.0,12.0,271.0,7183.0,99.0,0,0,1,0,0,0,0,0,0,0,0,0,0,0,0,0,0,0,0,0,1,0,0,0,0,0,0,0,0,0,0,0,0,0,0,0,0,1,0,0,0,0,0,0,0,0,0,0,0,0,0,0,0,1,0,0,0,0,0,0,0,0,0,0,0.0
69.0,267.0,295.0,253.0,1678.0,100.0,133.0,97.0,184.0,66.0,1808.0,44.0,51.0,4.0,5.0,240.0,7673.0,22.0,0,1,0,0,0,0,0,0,0,0,0,0,0,0,0,0,1,0,0,0,0,0,0,0,0,0,0,0,0,0,0,0,0,0,0,0,0,0,0,0,0,1,0,0,0,1,0,0,0,0,0,0,0,0,0,0,0,0,0,0,0,0,0,1,0.03
122.0,298.0,52.0,475.0,1910.0,115.0,127.0,169.0,310.0,71.0,1230.0,102.0,465.0,7.0,7.0,58.0,7938.0,72.0,0,0,0,0,1,0,0,0,0,0,0,0,1,0,0,0,0,0,0,0,0,0,0,0,0,0,0,0,0,0,0,0,0,0,1,0,0,0,0,0,0,0,0,0,0,0,1,0,0,0,0,0,0,0,0,0,0,0,0,0,0,0,0,1,0.03
900.0,232.0,78.0,261.0,1256.0,67.0,167.0,106.0,198.0,66.0,2500.0,91.0,193.0,7.0,0.0,290.0,7891.0,13.0,0,1,0,0,0,0,0,0,0,1,0,0,0,0,0,0,0,0,0,0,0,0,0,0,0,0,0,0,0,0,0,0,0,0,0,0,0,0,0,0,0,1,0,0,0,0,0,0,0,0,1,0,0,0,0,0,0,0,0,0,0,0,0,1,0.02
31.0,255.0,507.0,420.0,2959.0,94.0,130.0,150.0,278.0,59.0,2197.0,43.0,1.0,1.0,5.0,180.0,7633.0,5.0,0,1,0,0,0,0,0,0,0,0,0,0,0,0,0,1,0,0,0,0,0,0,0,0,0,0,0,0,0,0,0,0,0,0,0,0,0,0,0,0,0,1,0,0,0,0,0,0,0,0,1,0,0,0,0,0,0,0,0,0,0,0,0,1,0.03
184.0,255.0,480.0,426.0,2863.0,91.0,137.0,156.0,257.0,60.0,2276.0,45.0,7.0,1.0,7.0,303.0,7773.0,2.0,0,1,0,0,0,0,0,0,0,0,0,0,0,0,0,0,1,0,0,0,0,0,0,0,0,0,0,0,0,0,0,0,0,0,0,0,0,0,0,0,0,1,0,0,0,0,0,0,0,0,1,0,0,0,0,0,0,0,0,0,0,0,0,1,0.03
1332.0,214.0,73.0,245.0,1186.0,61.0,168.0,107.0,192.0,67.0,2478.0,93.0,179.0,7.0,16.0,290.0,7945.0,99.0,0,1,0,0,0,0,0,0,0,1,0,0,0,0,0,0,0,0,0,0,0,0,0,0,0,0,0,0,0,0,0,0,0,0,0,0,0,0,0,1,0,0,0,0,0,0,0,0,0,0,1,0,0,0,0,0,0,0,0,0,0,0,0,1,0.02
259.0,305.0,12.0,370.0,1336.0,92.0,167.0,105.0,237.0,67.0,1799.0,117.0,567.0,8.0,8.0,208.0,7361.0,62.0,0,0,0,1,0,0,0,0,0,0,0,0,0,0,0,0,0,0,0,0,0,0,0,1,0,0,0,0,0,0,0,0,0,1,0,0,0,0,0,0,0,0,0,0,0,0,0,0,0,1,0,0,0,0,0,0,0,0,0,0,0,0,0,1,0.03
12.0,259.0,421.0,349.0,2373.0,84.0,155.0,160.0,278.0,57.0,2458.0,45.0,0.0,0.0,0.0,174.0,7360.0,7.0,0,0,1,0,0,0,0,0,0,0,0,0,0,0,0,0,0,0,0,1,0,0,0,0,0,0,0,0,0,0,0,0,0,0,0,0,0,0,0,0,1,0,0,0,0,0,0,0,0,0,0,1,0,0,0,0,0,0,0,0,0,0,0,0,0.0
37.0,257.0,478.0,493.0,2855.0,90.0,135.0,136.0,238.0,60.0,2174.0,51.0,20.0,1.0,3.0,221.0,7501.0,0.0,0,1,0,0,0,0,0,0,0,0,0,0,0,0,0,0,1,0,0,0,0,0,0,0,0,0,0,0,0,0,0,0,0,0,1,0,0,0,0,0,0,0,0,0,0,0,0,0,0,0,1,0,0,0,0,0,0,0,0,0,0,0,0,1,0.03
106.0,271.0,301.0,256.0,1693.0,104.0,132.0,95.0,180.0,65.0,1792.0,44.0,64.0,4.0,6.0,177.0,7588.0,2.0,0,1,0,0,0,0,0,0,0,0,0,0,0,0,0,0,1,0,0,0,0,0,0,0,0,0,0,0,0,0,0,0,0,0,0,0,0,0,0,0,0,1,0,0,0,1,0,0,0,0,0,0,0,0,0,0,0,0,0,0,0,0,0,1,0.03
906.0,283.0,16.0,189.0,738.0,66.0,219.0,70.0,161.0,67.0,2612.0,109.0,407.0,9.0,10.0,264.0,7553.0,100.0,0,0,1,0,0,0,0,0,0,0,0,0,1,0,0,0,0,0,0,0,0,0,0,0,0,0,0,0,0,0,0,0,0,0,0,0,0,0,0,0,0,0,1,0,0,0,0,0,0,0,0,0,0,1,0,0,0,0,0,0,0,0,0,0,0.0
165.0,265.0,323.0,254.0,1711.0,99.0,133.0,90.0,171.0,64.0,1825.0,42.0,41.0,4.0,12.0,351.0,8037.0,58.0,0,0,1,0,0,0,0,0,0,1,0,0,0,0,0,0,0,0,0,0,0,0,0,0,0,0,0,0,0,0,0,0,0,0,0,0,0,0,0,0,0,1,0,0,0,0,0,0,0,0,0,0,0,0,0,1,0,0,0,0,0,0,0,1,0.02
529.0,314.0,16.0,181.0,685.0,73.0,241.0,61.0,142.0,66.0,2843.0,110.0,553.0,10.0,13.0,345.0,7973.0,18.0,0,0,0,1,0,0,0,0,0,0,0,0,1,0,0,0,0,0,0,0,0,0,0,0,0,0,0,0,0,0,0,0,0,1,0,0,0,0,0,0,0,0,0,0,0,0,0,0,0,0,0,0,0,1,0,0,0,0,0,0,0,0,0,0,0.0
199.0,318.0,9.0,377.0,1343.0,105.0,174.0,90.0,198.0,68.0,1586.0,124.0,668.0,8.0,5.0,141.0,7620.0,71.0,0,0,1,0,0,0,0,0,0,0,0,0,1,0,0,0,0,0,0,0,0,0,0,0,0,0,0,0,0,0,0,0,1,0,0,0,0,0,0,0,0,0,0,0,0,0,0,0,0,1,0,0,0,0,0,0,0,0,0,0,0,0,0,0,0.0
270.0,252.0,426.0,402.0,2665.0,90.0,141.0,151.0,254.0,60.0,2362.0,48.0,9.0,1.0,13.0,161.0,7330.0,2.0,0,1,0,0,0,0,0,0,0,0,0,0,0,0,1,0,0,0,0,0,0,0,0,0,0,0,0,0,0,0,0,0,0,0,0,0,0,0,0,0,0,1,0,0,0,0,0,0,0,0,1,0,0,0,0,0,0,0,0,0,0,0,0,1,0.03
183.0,253.0,480.0,415.0,2851.0,90.0,135.0,154.0,260.0,60.0,2278.0,44.0,3.0,1.0,13.0,257.0,7597.0,8.0,0,1,0,0,0,0,0,0,0,0,0,0,0,0,0,0,1,0,0,0,0,0,0,0,0,0,0,0,0,0,0,0,0,0,0,0,0,0,0,0,0,1,0,0,0,0,0,0,0,0,1,0,0,0,0,0,0,0,0,0,0,0,0,1,0.03
735.0,259.0,63.0,324.0,1336.0,85.0,126.0,64.0,216.0,74.0,1393.0,104.0,346.0,8.0,17.0,84.0,7848.0,100.0,0,0,1,0,0,0,0,0,0,0,0,0,0,0,0,0,0,0,0,0,0,0,0,0,0,1,0,0,0,0,0,0,0,0,0,0,0,0,0,1,0,0,0,0,0,0,0,1,0,0,0,0,0,0,0,0,0,0,0,0,0,0,0,0,0.0
529.0,314.0,16.0,181.0,685.0,73.0,241.0,61.0,142.0,66.0,2843.0,110.0,553.0,10.0,13.0,345.0,7973.0,18.0,0,0,0,1,0,0,0,0,0,0,0,0,1,0,0,0,0,0,0,0,0,0,0,0,0,0,0,0,0,0,0,0,0,1,0,0,0,0,0,0,0,0,0,0,0,0,0,0,0,0,0,0,0,1,0,0,0,0,0,0,0,0,0,0,0.0
751.0,256.0,65.0,322.0,1340.0,83.0,127.0,65.0,217.0,73.0,1381.0,103.0,330.0,7.0,14.0,262.0,7917.0,100.0,0,0,1,0,0,0,0,0,0,0,0,0,0,0,0,0,0,0,0,0,0,0,0,0,0,1,0,0,0,0,0,0,0,0,0,0,0,0,0,1,0,0,0,0,0,0,0,1,0,0,0,0,0,0,0,0,0,0,0,0,0,0,0,0,0.0
865.0,253.0,68.0,316.0,1357.0,80.0,130.0,70.0,224.0,74.0,1422.0,101.0,297.0,7.0,8.0,199.0,7779.0,68.0,0,0,1,0,0,0,0,0,0,0,0,0,0,0,0,0,0,0,0,0,0,0,0,0,0,1,0,0,0,0,0,0,0,0,0,0,0,0,0,1,0,0,0,0,0,1,0,0,0,0,0,0,0,0,0,0,0,0,0,0,0,0,0,0,0.0
98.0,256.0,502.0,427.0,2937.0,92.0,135.0,157.0,258.0,60.0,2255.0,44.0,5.0,1.0,2.0,10.0,7681.0,0.0,0,1,0,0,0,0,0,0,0,0,0,0,0,0,0,0,1,0,0,0,0,0,0,0,0,0,0,0,0,0,0,0,0,0,0,0,0,0,0,0,0,1,0,0,0,0,0,0,0,0,1,0,0,0,0,0,0,0,0,0,0,0,0,1,0.03
50.0,256.0,552.0,450.0,3104.0,92.0,132.0,160.0,271.0,59.0,2232.0,42.0,0.0,1.0,4.0,131.0,7600.0,0.0,0,1,0,0,0,0,0,0,0,0,0,0,0,0,0,0,1,0,0,0,0,0,0,0,0,0,0,0,0,0,0,0,0,0,0,0,0,0,0,0,0,1,0,0,0,0,0,0,0,0,1,0,0,0,0,0,0,0,0,0,0,0,0,1,0.03
346.0,309.0,12.0,369.0,1346.0,94.0,169.0,109.0,239.0,67.0,1788.0,116.0,576.0,8.0,4.0,25.0,7781.0,91.0,0,0,0,1,0,0,0,0,0,0,0,0,0,0,0,0,0,0,0,0,0,0,1,0,0,0,0,0,0,0,0,0,1,0,0,0,0,0,0,0,0,0,0,0,0,0,0,0,0,1,0,0,0,0,0,0,0,0,0,0,0,0,0,0,0.0
272.0,309.0,12.0,369.0,1346.0,94.0,170.0,109.0,240.0,67.0,1810.0,116.0,579.0,8.0,9.0,170.0,7307.0,68.0,0,0,0,1,0,0,0,0,0,0,0,0,0,0,0,0,0,0,0,0,0,0,1,0,0,0,0,0,0,0,0,0,1,0,0,0,0,0,0,0,0,0,0,0,0,0,0,0,0,1,0,0,0,0,0,0,0,0,0,0,0,0,0,0,0.0
244.0,264.0,290.0,251.0,1666.0,97.0,135.0,99.0,187.0,65.0,1835.0,45.0,40.0,4.0,9.0,150.0,7596.0,17.0,0,1,0,0,0,0,0,0,0,0,0,0,0,0,0,0,0,0,0,0,0,0,1,0,0,0,0,0,0,0,0,0,0,0,0,0,0,0,0,1,0,0,0,0,0,1,0,0,0,0,0,0,0,0,0,0,0,0,0,0,0,0,0,1,0.03
5.0,259.0,415.0,296.0,2059.0,75.0,156.0,135.0,220.0,58.0,2455.0,40.0,2.0,1.0,3.0,120.0,7187.0,7.0,0,0,0,0,0,0,0,1,0,0,0,0,0,0,0,0,0,0,0,0,0,1,0,0,0,0,0,0,0,0,0,0,0,0,1,0,0,0,0,0,0,0,0,0,0,0,0,0,0,0,0,0,1,0,0,0,0,0,0,0,0,0,0,0,0.0
250.0,281.0,59.0,319.0,1206.0,119.0,121.0,51.0,180.0,69.0,1293.0,110.0,607.0,8.0,14.0,331.0,8092.0,47.0,0,0,0,0,1,0,0,0,0,0,0,0,0,1,0,0,0,0,0,0,0,0,0,0,0,0,0,0,0,0,0,0,1,0,0,0,0,0,0,0,0,0,0,0,0,1,0,0,0,0,0,0,0,0,0,0,0,0,0,0,0,0,0,0,0.0
410.0,250.0,274.0,291.0,1810.0,86.0,148.0,100.0,219.0,66.0,2072.0,55.0,19.0,2.0,24.0,157.0,6554.0,100.0,0,1,0,0,0,0,0,0,0,1,0,0,0,0,0,0,0,0,0,0,0,0,0,0,0,0,0,0,0,0,0,0,0,0,0,0,0,0,0,1,0,0,0,0,0,0,0,0,0,0,0,0,0,0,0,1,0,0,0,0,0,0,0,0,0.0
12.0,259.0,421.0,349.0,2373.0,84.0,155.0,160.0,278.0,57.0,2458.0,45.0,0.0,0.0,0.0,174.0,7360.0,7.0,0,0,1,0,0,0,0,0,0,0,0,0,0,0,0,0,0,0,0,1,0,0,0,0,0,0,0,0,0,0,0,0,0,0,0,0,0,0,0,0,1,0,0,0,0,0,0,0,0,0,0,1,0,0,0,0,0,0,0,0,0,0,0,0,0.0
261.0,264.0,299.0,248.0,1669.0,98.0,133.0,97.0,183.0,66.0,1821.0,43.0,40.0,4.0,13.0,7.0,8107.0,87.0,0,1,0,0,0,0,0,0,0,0,0,0,0,0,0,0,0,0,0,0,0,0,1,0,0,0,0,0,0,0,0,0,0,0,0,0,0,0,0,1,0,0,0,0,0,1,0,0,0,0,0,0,0,0,0,0,0,0,0,0,0,0,0,1,0.03
91.0,286.0,53.0,316.0,1148.0,138.0,116.0,46.0,161.0,67.0,1250.0,114.0,735.0,8.0,4.0,239.0,7837.0,4.0,0,0,0,0,1,0,0,0,0,0,0,1,0,0,0,0,0,0,0,0,0,0,0,0,0,0,0,0,0,0,0,0,0,1,0,0,0,0,0,0,0,0,0,0,0,0,0,1,0,0,0,0,0,0,0,0,0,0,0,0,0,0,0,0,0.0
1023.0,221.0,177.0,313.0,1630.0,63.0,172.0,130.0,261.0,64.0,2724.0,78.0,48.0,3.0,7.0,179.0,7592.0,60.0,0,1,0,0,0,0,0,0,0,1,0,0,0,0,0,0,0,0,0,0,0,0,0,0,0,0,0,0,0,0,0,0,0,0,0,0,0,0,0,1,0,0,0,0,0,0,0,0,0,0,1,0,0,0,0,0,0,0,0,0,0,0,0,0,0.0
143.0,255.0,454.0,498.0,2762.0,87.0,140.0,138.0,243.0,61.0,2270.0,55.0,19.0,1.0,10.0,274.0,7580.0,99.0,0,1,0,0,0,0,0,0,0,0,0,0,0,0,0,0,1,0,0,0,0,0,0,0,0,0,0,0,0,0,0,0,0,0,0,0,0,0,0,1,0,0,0,0,0,0,0,0,0,0,1,0,0,0,0,0,0,0,0,0,0,0,0,1,0.03
206.0,264.0,300.0,249.0,1672.0,98.0,134.0,97.0,181.0,65.0,1823.0,43.0,41.0,4.0,20.0,187.0,6815.0,74.0,0,1,0,0,0,0,0,0,0,0,0,0,0,0,0,0,0,0,0,0,0,0,1,0,0,0,0,0,0,0,0,0,0,0,0,0,0,0,0,1,0,0,0,0,0,1,0,0,0,0,0,0,0,0,0,0,0,0,0,0,0,0,0,1,0.03
55.0,254.0,493.0,414.0,2910.0,92.0,130.0,150.0,275.0,60.0,2210.0,43.0,0.0,1.0,6.0,277.0,7692.0,0.0,0,1,0,0,0,0,0,0,0,0,0,0,0,0,0,0,1,0,0,0,0,0,0,0,0,0,0,0,0,0,0,0,0,0,0,0,0,0,0,0,0,1,0,0,0,0,0,0,0,0,1,0,0,0,0,0,0,0,0,0,0,0,0,1,0.03
160.0,282.0,59.0,317.0,1192.0,121.0,120.0,51.0,177.0,69.0,1260.0,110.0,625.0,8.0,11.0,284.0,7929.0,55.0,0,0,0,0,1,0,0,0,0,0,0,0,0,1,0,0,0,0,0,0,0,0,0,0,0,0,0,0,0,0,0,0,1,0,0,0,0,0,0,0,0,0,0,0,0,1,0,0,0,0,0,0,0,0,0,0,0,0,0,0,0,0,0,0,0.0
98.0,324.0,9.0,389.0,1319.0,112.0,174.0,82.0,190.0,68.0,1586.0,128.0,751.0,8.0,4.0,52.0,7811.0,49.0,0,0,1,0,0,0,0,0,0,0,0,0,1,0,0,0,0,0,0,0,0,0,0,0,0,0,0,0,0,0,0,0,1,0,0,0,0,0,0,0,0,0,0,0,0,0,0,0,0,1,0,0,0,0,0,0,0,0,0,0,0,0,0,0,0.0
1466.0,227.0,93.0,300.0,1508.0,63.0,178.0,103.0,236.0,71.0,2194.0,86.0,97.0,6.0,14.0,162.0,7496.0,100.0,0,1,0,0,0,0,0,0,0,1,0,0,0,0,0,0,0,0,0,0,0,0,0,0,0,0,0,0,0,0,0,0,0,0,0,0,0,0,0,1,0,0,0,0,0,0,0,0,0,0,0,0,0,0,0,1,0,0,0,0,0,0,0,1,0.02
1090.0,221.0,70.0,246.0,1179.0,64.0,168.0,105.0,190.0,67.0,2486.0,94.0,196.0,7.0,14.0,214.0,7244.0,100.0,0,1,0,0,0,0,0,0,0,1,0,0,0,0,0,0,0,0,0,0,0,0,0,0,0,0,0,0,0,0,0,0,0,0,0,0,0,0,0,1,0,0,0,0,0,0,0,0,0,0,1,0,0,0,0,0,0,0,0,0,0,0,0,1,0.06
1084.0,243.0,95.0,311.0,1559.0,70.0,180.0,105.0,243.0,70.0,2224.0,87.0,121.0,6.0,15.0,332.0,8277.0,85.0,0,1,0,0,0,0,0,0,0,1,0,0,0,0,0,0,0,0,0,0,0,0,0,0,0,0,0,0,0,0,0,0,0,0,0,0,0,0,0,1,0,0,0,0,0,0,0,0,0,0,0,0,0,0,0,1,0,0,0,0,0,0,0,1,0.02
250.0,281.0,59.0,319.0,1206.0,119.0,121.0,51.0,180.0,69.0,1293.0,110.0,607.0,8.0,14.0,331.0,8092.0,47.0,0,0,0,0,1,0,0,0,0,0,0,0,0,1,0,0,0,0,0,0,0,0,0,0,0,0,0,0,0,0,0,0,1,0,0,0,0,0,0,0,0,0,0,0,0,1,0,0,0,0,0,0,0,0,0,0,0,0,0,0,0,0,0,0,0.0
1438.0,232.0,93.0,302.0,1519.0,65.0,179.0,103.0,236.0,71.0,2229.0,86.0,102.0,6.0,5.0,319.0,8187.0,59.0,0,1,0,0,0,0,0,0,0,1,0,0,0,0,0,0,0,0,0,0,0,0,0,0,0,0,0,0,0,0,0,0,0,1,0,0,0,0,0,0,0,0,0,0,0,0,0,0,0,0,0,0,0,0,0,1,0,0,0,0,0,0,0,1,0.02
136.0,304.0,54.0,409.0,1609.0,123.0,139.0,85.0,252.0,70.0,1248.0,111.0,620.0,8.0,5.0,287.0,7919.0,44.0,0,0,0,1,0,0,0,0,0,0,0,0,0,0,0,0,0,0,0,0,1,0,0,0,0,0,0,0,0,0,0,0,1,0,0,0,0,0,0,0,0,0,0,0,0,0,0,0,0,0,0,0,0,0,0,0,1,0,0,0,0,0,0,0,0.0
135.0,294.0,15.0,106.0,444.0,79.0,207.0,41.0,79.0,64.0,2774.0,101.0,819.0,12.0,1.0,184.0,7371.0,30.0,0,0,0,0,0,1,0,0,0,0,0,0,0,0,0,0,0,0,1,0,0,0,0,0,0,0,0,0,0,0,0,0,0,0,1,0,0,0,0,0,0,0,0,0,0,0,0,0,0,0,0,0,0,1,0,0,0,0,0,0,0,0,0,0,0.0
1009.0,220.0,185.0,312.0,1643.0,63.0,171.0,129.0,259.0,64.0,2723.0,77.0,44.0,3.0,4.0,276.0,7805.0,66.0,0,0,0,0,0,0,1,0,0,0,1,0,0,0,0,0,0,0,0,0,0,0,0,0,0,0,0,0,0,0,0,0,0,0,0,0,0,0,0,1,0,0,0,0,0,0,0,0,0,0,1,0,0,0,0,0,0,0,0,0,0,0,0,0,0.0
4.0,254.0,501.0,398.0,2640.0,85.0,139.0,148.0,232.0,57.0,2316.0,48.0,18.0,1.0,1.0,241.0,7521.0,73.0,0,0,0,0,0,0,0,0,1,0,0,0,0,0,0,0,0,0,0,0,0,1,0,0,0,0,0,0,0,0,0,0,0,0,0,0,0,0,0,0,0,1,0,0,0,0,0,0,0,0,0,0,0,0,1,0,0,0,0,0,0,0,0,0,0.0
46.0,258.0,424.0,346.0,2381.0,84.0,153.0,159.0,275.0,57.0,2462.0,45.0,0.0,0.0,8.0,263.0,7236.0,0.0,0,0,1,0,0,0,0,0,0,0,0,0,0,0,0,0,0,0,0,0,0,1,0,0,0,0,0,0,0,0,0,0,0,0,0,0,0,0,0,0,0,1,0,0,0,0,0,0,0,0,0,1,0,0,0,0,0,0,0,0,0,0,0,0,0.0
8.0,256.0,516.0,415.0,2694.0,86.0,133.0,130.0,238.0,57.0,2234.0,49.0,25.0,1.0,3.0,292.0,7574.0,32.0,1,0,0,0,0,0,0,0,0,0,0,0,0,0,0,0,0,0,0,0,0,1,0,0,0,0,0,0,0,0,0,0,0,0,0,0,0,0,0,0,0,1,0,0,0,0,0,0,0,0,0,0,0,0,1,0,0,0,0,0,0,0,0,0,0.0
8.0,257.0,537.0,499.0,3010.0,94.0,130.0,145.0,256.0,57.0,2193.0,47.0,10.0,1.0,3.0,115.0,7582.0,34.0,0,0,0,0,0,0,0,1,0,0,0,0,0,0,0,0,0,0,0,0,0,0,0,0,0,0,0,1,0,0,0,0,0,0,0,0,0,0,0,0,0,1,0,0,0,0,0,0,0,0,1,0,0,0,0,0,0,0,0,0,0,0,0,0,0.0
14.0,258.0,531.0,501.0,2992.0,94.0,131.0,145.0,253.0,58.0,2190.0,47.0,11.0,1.0,1.0,234.0,7606.0,24.0,0,0,0,0,0,0,0,1,0,0,0,0,0,0,0,0,0,0,0,0,0,1,0,0,0,0,0,0,0,0,0,0,0,0,0,0,0,0,0,0,1,0,0,0,0,0,0,0,0,0,1,0,0,0,0,0,0,0,0,0,0,0,0,0,0.0
8.0,257.0,537.0,499.0,3010.0,94.0,130.0,145.0,256.0,57.0,2193.0,47.0,10.0,1.0,3.0,115.0,7582.0,34.0,0,0,0,0,0,0,0,1,0,0,0,0,0,0,0,0,0,0,0,0,0,0,0,0,0,0,0,1,0,0,0,0,0,0,0,0,0,0,0,0,0,1,0,0,0,0,0,0,0,0,1,0,0,0,0,0,0,0,0,0,0,0,0,1,0.03
13.0,250.0,558.0,443.0,3156.0,94.0,117.0,124.0,251.0,57.0,2017.0,45.0,11.0,1.0,1.0,213.0,7688.0,59.0,1,0,0,0,0,0,0,0,0,0,0,0,0,0,0,0,0,0,0,0,0,1,0,0,0,0,0,0,0,0,0,0,0,0,0,0,0,0,0,0,0,1,0,0,0,0,0,0,0,0,1,0,0,0,0,0,0,0,0,0,0,0,0,0,0.0
13.0,250.0,558.0,443.0,3156.0,94.0,117.0,124.0,251.0,57.0,2017.0,45.0,11.0,1.0,1.0,213.0,7688.0,59.0,1,0,0,0,0,0,0,0,0,0,0,0,0,0,0,0,0,0,0,0,0,1,0,0,0,0,0,0,0,0,0,0,0,0,0,0,0,0,0,0,0,1,0,0,0,0,0,0,0,0,1,0,0,0,0,0,0,0,0,0,0,0,0,0,0.0
291.0,241.0,428.0,371.0,2564.0,85.0,127.0,111.0,233.0,60.0,2129.0,47.0,7.0,1.0,4.0,62.0,7830.0,96.0,0,1,0,0,0,0,0,0,0,0,0,0,0,0,1,0,0,0,0,0,0,0,0,0,0,0,0,0,0,0,0,0,0,0,0,0,0,0,0,1,0,0,0,0,0,0,0,0,0,0,1,0,0,0,0,0,0,0,0,0,0,0,0,0,0.0
60.0,254.0,480.0,407.0,2861.0,92.0,132.0,150.0,273.0,61.0,2220.0,44.0,1.0,1.0,5.0,158.0,7521.0,3.0,0,1,0,0,0,0,0,0,0,0,0,0,0,0,0,0,1,0,0,0,0,0,0,0,0,0,0,0,0,0,0,0,0,0,0,0,0,0,0,0,0,1,0,0,0,0,0,0,0,0,1,0,0,0,0,0,0,0,0,0,0,0,0,0,0.0
297.0,264.0,292.0,250.0,1665.0,97.0,135.0,98.0,187.0,65.0,1836.0,44.0,38.0,4.0,9.0,341.0,8098.0,74.0,0,1,0,0,0,0,0,0,0,0,0,0,0,0,0,0,0,0,0,0,0,0,1,0,0,0,0,0,0,0,0,0,0,0,0,0,0,0,0,1,0,0,0,0,0,1,0,0,0,0,0,0,0,0,0,0,0,0,0,0,0,0,0,1,0.03
254.0,250.0,406.0,394.0,2576.0,88.0,141.0,148.0,254.0,60.0,2366.0,49.0,10.0,1.0,13.0,125.0,7332.0,0.0,0,1,0,0,0,0,0,0,0,0,0,0,0,0,1,0,0,0,0,0,0,0,0,0,0,0,0,0,0,0,0,1,0,0,0,0,0,0,0,0,0,0,0,0,0,0,0,0,0,0,1,0,0,0,0,0,0,0,0,0,0,0,0,0,0.0
640.0,234.0,358.0,412.0,2524.0,70.0,157.0,143.0,304.0,64.0,2514.0,60.0,14.0,1.0,18.0,106.0,7313.0,37.0,0,1,0,0,0,0,0,0,0,0,0,0,0,0,1,0,0,0,0,0,0,0,0,0,0,0,0,0,0,0,0,0,0,0,0,0,0,0,0,1,0,0,0,0,0,0,0,0,0,0,1,0,0,0,0,0,0,0,0,0,0,0,0,0,0.0
163.0,253.0,500.0,424.0,2918.0,90.0,134.0,156.0,262.0,60.0,2275.0,44.0,3.0,1.0,21.0,316.0,7862.0,19.0,0,1,0,0,0,0,0,0,0,0,0,0,0,0,0,0,1,0,0,0,0,0,0,0,0,0,0,0,0,0,0,0,0,0,0,0,0,0,0,0,0,1,0,0,0,0,0,0,0,0,1,0,0,0,0,0,0,0,0,0,0,0,0,1,0.03
19.0,251.0,556.0,439.0,3153.0,93.0,116.0,126.0,252.0,58.0,2008.0,44.0,10.0,1.0,1.0,111.0,7712.0,99.0,1,0,0,0,0,0,0,0,0,0,0,0,0,0,0,1,0,0,0,0,0,0,0,0,0,0,0,0,0,0,0,0,0,0,0,0,0,0,0,0,0,1,0,0,0,0,0,0,0,0,1,0,0,0,0,0,0,0,0,0,0,0,0,0,0.0
95.0,293.0,101.0,297.0,1415.0,120.0,129.0,77.0,227.0,72.0,1339.0,87.0,468.0,8.0,9.0,201.0,7586.0,6.0,0,1,0,0,0,0,0,0,0,0,0,0,0,0,0,0,1,0,0,0,0,0,0,0,0,0,0,0,0,0,0,0,0,1,0,0,0,0,0,0,0,0,0,0,0,1,0,0,0,0,0,0,0,0,0,0,0,0,0,0,0,0,0,0,0.0
427.0,303.0,37.0,183.0,804.0,66.0,228.0,95.0,178.0,65.0,3035.0,96.0,453.0,10.0,13.0,161.0,6633.0,0.0,0,0,1,0,0,0,0,0,0,0,0,0,0,0,0,0,0,0,0,0,1,0,0,0,0,0,0,0,0,0,0,0,0,0,1,0,0,0,0,0,0,0,0,0,0,0,0,0,0,0,0,0,0,1,0,0,0,0,0,0,0,0,0,0,0.0
372.0,304.0,38.0,183.0,807.0,67.0,230.0,94.0,176.0,65.0,3087.0,96.0,463.0,10.0,12.0,271.0,7183.0,99.0,0,0,1,0,0,0,0,0,0,0,0,0,0,0,0,0,0,0,0,0,1,0,0,0,0,0,0,0,0,0,0,0,0,0,0,0,0,1,0,0,0,0,0,0,0,0,0,0,0,0,0,0,0,1,0,0,0,0,0,0,0,0,0,0,0.0
686.0,300.0,9.0,282.0,1046.0,70.0,220.0,83.0,244.0,64.0,2617.0,119.0,476.0,8.0,16.0,212.0,6663.0,8.0,0,0,0,0,1,0,0,0,0,0,0,0,0,0,0,0,0,0,0,0,1,0,0,0,0,0,0,0,0,0,0,0,0,0,0,0,0,0,0,0,0,0,1,0,0,0,0,0,0,0,0,0,0,0,0,0,0,0,0,1,0,0,0,0,0.0
291.0,241.0,428.0,371.0,2564.0,85.0,127.0,111.0,233.0,60.0,2129.0,47.0,7.0,1.0,4.0,62.0,7830.0,96.0,0,1,0,0,0,0,0,0,0,0,0,0,0,0,1,0,0,0,0,0,0,0,0,0,0,0,0,0,0,0,0,0,0,0,0,0,0,0,0,1,0,0,0,0,0,0,0,0,0,0,1,0,0,0,0,0,0,0,0,0,0,0,0,0,0.0
165.0,265.0,323.0,254.0,1711.0,99.0,133.0,90.0,171.0,64.0,1825.0,42.0,41.0,4.0,12.0,351.0,8037.0,58.0,0,0,1,0,0,0,0,0,0,1,0,0,0,0,0,0,0,0,0,0,0,0,0,0,0,0,0,0,0,0,0,0,0,0,0,0,0,0,0,0,0,1,0,0,0,0,0,0,0,0,0,0,0,0,0,1,0,0,0,0,0,0,0,1,0.02
6.0,289.0,18.0,84.0,352.0,81.0,200.0,32.0,55.0,62.0,2788.0,93.0,960.0,12.0,1.0,341.0,7370.0,9.0,0,0,0,0,0,0,0,0,1,0,0,0,0,0,0,0,0,1,0,0,0,0,0,0,0,0,0,0,0,0,0,0,0,1,0,0,0,0,0,0,0,0,0,0,0,0,0,0,0,0,0,0,0,1,0,0,0,0,0,0,0,0,0,0,0.0
130.0,336.0,12.0,470.0,1571.0,122.0,182.0,128.0,254.0,69.0,1500.0,121.0,785.0,8.0,2.0,42.0,7790.0,15.0,0,0,0,1,0,0,0,0,0,0,0,0,0,1,0,0,0,0,0,0,0,0,0,0,0,0,0,0,1,0,0,0,0,0,0,0,0,0,0,0,0,0,0,0,0,0,0,0,0,1,0,0,0,0,0,0,0,0,0,0,0,0,0,0,0.0
175.0,336.0,12.0,470.0,1573.0,121.0,183.0,128.0,255.0,69.0,1517.0,121.0,775.0,8.0,7.0,31.0,7933.0,52.0,0,0,0,1,0,0,0,0,0,0,0,0,0,1,0,0,0,0,0,0,0,0,0,0,0,0,0,0,0,0,0,0,0,0,1,0,0,0,0,0,0,0,0,0,0,0,0,0,0,1,0,0,0,0,0,0,0,0,0,0,0,0,0,0,0.0
170.0,300.0,55.0,397.0,1594.0,116.0,142.0,86.0,255.0,70.0,1289.0,110.0,561.0,8.0,4.0,340.0,7887.0,2.0,0,0,0,1,0,0,0,0,0,0,0,0,0,0,0,0,0,0,0,0,0,0,1,0,0,0,0,0,0,0,0,0,1,0,0,0,0,0,0,0,0,0,0,0,0,0,0,0,0,0,0,0,0,0,0,0,1,0,0,0,0,0,0,0,0.0
170.0,300.0,55.0,397.0,1594.0,116.0,142.0,86.0,255.0,70.0,1289.0,110.0,561.0,8.0,4.0,340.0,7887.0,2.0,0,0,0,1,0,0,0,0,0,0,0,0,0,0,0,0,0,0,0,0,0,0,1,0,0,0,0,0,0,0,0,0,1,0,0,0,0,0,0,0,0,0,0,0,0,0,0,0,0,0,0,0,0,0,0,0,1,0,0,0,0,0,0,0,0.0
201.0,253.0,309.0,396.0,2276.0,75.0,157.0,172.0,232.0,60.0,2510.0,68.0,26.0,1.0,15.0,48.0,7777.0,0.0,0,1,0,0,0,0,0,0,0,0,0,0,0,0,1,0,0,0,0,0,0,0,0,0,0,0,0,0,0,0,0,0,0,0,0,0,0,0,0,0,0,1,0,0,0,0,0,0,0,0,0,0,0,0,1,0,0,0,0,0,0,0,0,0,0.0
9.0,250.0,585.0,457.0,3283.0,94.0,114.0,127.0,258.0,57.0,2012.0,45.0,9.0,1.0,1.0,121.0,7701.0,0.0,1,0,0,0,0,0,0,0,0,0,0,0,0,0,0,0,0,0,0,0,0,1,0,0,0,0,0,0,0,0,0,0,0,0,0,0,0,0,0,0,0,1,0,0,0,0,0,0,0,0,1,0,0,0,0,0,0,0,0,0,0,0,0,0,0.0
201.0,253.0,309.0,396.0,2276.0,75.0,157.0,172.0,232.0,60.0,2510.0,68.0,26.0,1.0,15.0,48.0,7777.0,0.0,0,1,0,0,0,0,0,0,0,0,0,0,0,0,1,0,0,0,0,0,0,0,0,0,0,0,0,0,0,0,0,0,0,0,0,0,0,0,0,0,0,1,0,0,0,0,0,0,0,0,0,0,0,0,1,0,0,0,0,0,0,0,0,0,0.0
201.0,253.0,309.0,396.0,2276.0,75.0,157.0,172.0,232.0,60.0,2510.0,68.0,26.0,1.0,15.0,48.0,7777.0,0.0,0,1,0,0,0,0,0,0,0,0,0,0,0,0,1,0,0,0,0,0,0,0,0,0,0,0,0,0,0,0,0,0,0,0,0,0,0,0,0,0,0,1,0,0,0,0,0,0,0,0,0,0,0,0,1,0,0,0,0,0,0,0,0,0,0.0
201.0,253.0,309.0,396.0,2276.0,75.0,157.0,172.0,232.0,60.0,2510.0,68.0,26.0,1.0,15.0,48.0,7777.0,0.0,0,1,0,0,0,0,0,0,0,0,0,0,0,0,1,0,0,0,0,0,0,0,0,0,0,0,0,0,0,0,0,0,0,0,0,0,0,0,0,0,0,1,0,0,0,0,0,0,0,0,0,0,0,0,1,0,0,0,0,0,0,0,0,1,0.06
201.0,253.0,309.0,396.0,2276.0,75.0,157.0,172.0,232.0,60.0,2510.0,68.0,26.0,1.0,15.0,48.0,7777.0,0.0,0,1,0,0,0,0,0,0,0,0,0,0,0,0,1,0,0,0,0,0,0,0,0,0,0,0,0,0,0,0,0,0,0,0,0,0,0,0,0,0,0,1,0,0,0,0,0,0,0,0,0,0,0,0,1,0,0,0,0,0,0,0,0,1,0.06
201.0,253.0,309.0,396.0,2276.0,75.0,157.0,172.0,232.0,60.0,2510.0,68.0,26.0,1.0,15.0,48.0,7777.0,0.0,0,1,0,0,0,0,0,0,0,0,0,0,0,0,1,0,0,0,0,0,0,0,0,0,0,0,0,0,0,0,0,0,0,0,0,0,0,0,0,0,0,1,0,0,0,0,0,0,0,0,0,0,0,0,1,0,0,0,0,0,0,0,0,0,0.0
201.0,253.0,309.0,396.0,2276.0,75.0,157.0,172.0,232.0,60.0,2510.0,68.0,26.0,1.0,15.0,48.0,7777.0,0.0,0,1,0,0,0,0,0,0,0,0,0,0,0,0,1,0,0,0,0,0,0,0,0,0,0,0,0,0,0,0,0,0,0,0,0,0,0,0,0,0,0,1,0,0,0,0,0,0,0,0,0,0,0,0,1,0,0,0,0,0,0,0,0,0,0.0
201.0,253.0,309.0,396.0,2276.0,75.0,157.0,172.0,232.0,60.0,2510.0,68.0,26.0,1.0,15.0,48.0,7777.0,0.0,0,1,0,0,0,0,0,0,0,0,0,0,0,0,1,0,0,0,0,0,0,0,0,0,0,0,0,0,0,0,0,0,0,0,0,0,0,0,0,0,0,1,0,0,0,0,0,0,0,0,0,0,0,0,1,0,0,0,0,0,0,0,0,1,0.04
92.0,255.0,305.0,393.0,2241.0,76.0,157.0,173.0,222.0,60.0,2512.0,68.0,27.0,1.0,13.0,173.0,6717.0,16.0,0,1,0,0,0,0,0,0,0,0,0,0,0,0,1,0,0,0,0,0,0,0,0,0,0,0,0,0,0,0,0,0,0,0,0,0,0,0,0,0,0,1,0,0,0,0,0,0,0,0,0,0,0,0,1,0,0,0,0,0,0,0,0,1,0.04
201.0,253.0,309.0,396.0,2276.0,75.0,157.0,172.0,232.0,60.0,2510.0,68.0,26.0,1.0,15.0,48.0,7777.0,0.0,0,1,0,0,0,0,0,0,0,0,0,0,0,0,1,0,0,0,0,0,0,0,0,0,0,0,0,0,0,0,0,0,0,0,0,0,0,0,0,0,0,1,0,0,0,0,0,0,0,0,0,0,0,0,1,0,0,0,0,0,0,0,0,1,0.03
201.0,253.0,309.0,396.0,2276.0,75.0,157.0,172.0,232.0,60.0,2510.0,68.0,26.0,1.0,15.0,48.0,7777.0,0.0,0,1,0,0,0,0,0,0,0,0,0,0,0,0,1,0,0,0,0,0,0,0,0,0,0,0,0,0,0,0,0,0,0,0,0,0,0,0,0,0,0,1,0,0,0,0,0,0,0,0,0,0,0,0,1,0,0,0,0,0,0,0,0,1,0.03
78.0,257.0,302.0,392.0,2224.0,77.0,156.0,172.0,218.0,60.0,2493.0,68.0,27.0,1.0,6.0,11.0,7706.0,0.0,0,1,0,0,0,0,0,0,0,0,0,0,0,0,1,0,0,0,0,0,0,0,0,0,0,0,0,0,0,0,0,0,0,0,0,0,0,0,0,0,0,1,0,0,0,0,0,0,0,0,0,0,0,0,1,0,0,0,0,0,0,0,0,1,0.03
8.0,257.0,537.0,499.0,3010.0,94.0,130.0,145.0,256.0,57.0,2193.0,47.0,10.0,1.0,3.0,115.0,7582.0,34.0,0,0,0,0,0,0,0,1,0,0,0,0,0,0,0,0,0,0,0,0,0,0,0,0,0,0,0,1,0,0,0,0,0,0,0,0,0,0,0,0,0,1,0,0,0,0,0,0,0,0,1,0,0,0,0,0,0,0,0,0,0,0,0,1,0.03
8.0,256.0,516.0,415.0,2694.0,86.0,133.0,130.0,238.0,57.0,2234.0,49.0,25.0,1.0,3.0,292.0,7574.0,32.0,1,0,0,0,0,0,0,0,0,0,0,0,0,0,0,0,0,0,0,0,0,1,0,0,0,0,0,0,0,0,0,0,0,0,0,0,0,0,0,0,0,1,0,0,0,0,0,0,0,0,0,0,0,0,1,0,0,0,0,0,0,0,0,0,0.0
45.0,257.0,411.0,340.0,2378.0,83.0,153.0,153.0,261.0,56.0,2451.0,46.0,0.0,0.0,7.0,123.0,7141.0,90.0,0,1,0,0,0,0,0,0,0,0,1,0,0,0,0,0,0,0,0,0,0,0,0,0,0,0,0,0,0,0,0,0,0,0,0,0,0,0,0,1,0,0,0,0,0,0,0,0,0,0,0,1,0,0,0,0,0,0,0,0,0,0,0,0,0.0
4.0,254.0,501.0,398.0,2640.0,85.0,139.0,148.0,232.0,57.0,2316.0,48.0,18.0,1.0,1.0,241.0,7521.0,73.0,0,0,0,0,0,0,0,0,1,0,0,0,0,0,0,0,0,0,0,0,0,1,0,0,0,0,0,0,0,0,0,0,0,0,0,0,0,0,0,0,0,1,0,0,0,0,0,0,0,0,0,0,0,0,1,0,0,0,0,0,0,0,0,0,0.0
14.0,258.0,531.0,501.0,2992.0,94.0,131.0,145.0,253.0,58.0,2190.0,47.0,11.0,1.0,1.0,234.0,7606.0,24.0,0,0,0,0,0,0,0,1,0,0,0,0,0,0,0,0,0,0,0,0,0,1,0,0,0,0,0,0,0,0,0,0,0,0,0,0,0,0,0,0,1,0,0,0,0,0,0,0,0,0,1,0,0,0,0,0,0,0,0,0,0,0,0,0,0.0
92.0,255.0,305.0,393.0,2241.0,76.0,157.0,173.0,222.0,60.0,2512.0,68.0,27.0,1.0,13.0,173.0,6717.0,16.0,0,1,0,0,0,0,0,0,0,0,0,0,0,0,1,0,0,0,0,0,0,0,0,0,0,0,0,0,0,0,0,0,0,0,0,0,0,0,0,0,0,1,0,0,0,0,0,0,0,0,0,0,0,0,1,0,0,0,0,0,0,0,0,0,0.0
92.0,255.0,305.0,393.0,2241.0,76.0,157.0,173.0,222.0,60.0,2512.0,68.0,27.0,1.0,13.0,173.0,6717.0,16.0,0,1,0,0,0,0,0,0,0,0,0,0,0,0,1,0,0,0,0,0,0,0,0,0,0,0,0,0,0,0,0,0,0,0,0,0,0,0,0,0,0,1,0,0,0,0,0,0,0,0,0,0,0,0,1,0,0,0,0,0,0,0,0,0,0.0
92.0,255.0,305.0,393.0,2241.0,76.0,157.0,173.0,222.0,60.0,2512.0,68.0,27.0,1.0,13.0,173.0,6717.0,16.0,0,1,0,0,0,0,0,0,0,0,0,0,0,0,1,0,0,0,0,0,0,0,0,0,0,0,0,0,0,0,0,0,0,0,0,0,0,0,0,0,0,1,0,0,0,0,0,0,0,0,0,0,0,0,1,0,0,0,0,0,0,0,0,0,0.0
201.0,253.0,309.0,396.0,2276.0,75.0,157.0,172.0,232.0,60.0,2510.0,68.0,26.0,1.0,15.0,48.0,7777.0,0.0,0,1,0,0,0,0,0,0,0,0,0,0,0,0,1,0,0,0,0,0,0,0,0,0,0,0,0,0,0,0,0,0,0,0,0,0,0,0,0,0,0,1,0,0,0,0,0,0,0,0,0,0,0,0,1,0,0,0,0,0,0,0,0,0,0.0
201.0,253.0,309.0,396.0,2276.0,75.0,157.0,172.0,232.0,60.0,2510.0,68.0,26.0,1.0,15.0,48.0,7777.0,0.0,0,1,0,0,0,0,0,0,0,0,0,0,0,0,1,0,0,0,0,0,0,0,0,0,0,0,0,0,0,0,0,0,0,0,0,0,0,0,0,0,0,1,0,0,0,0,0,0,0,0,0,0,0,0,1,0,0,0,0,0,0,0,0,0,0.0
201.0,253.0,309.0,396.0,2276.0,75.0,157.0,172.0,232.0,60.0,2510.0,68.0,26.0,1.0,15.0,48.0,7777.0,0.0,0,1,0,0,0,0,0,0,0,0,0,0,0,0,1,0,0,0,0,0,0,0,0,0,0,0,0,0,0,0,0,0,0,0,0,0,0,0,0,0,0,1,0,0,0,0,0,0,0,0,0,0,0,0,1,0,0,0,0,0,0,0,0,0,0.0
201.0,253.0,309.0,396.0,2276.0,75.0,157.0,172.0,232.0,60.0,2510.0,68.0,26.0,1.0,15.0,48.0,7777.0,0.0,0,1,0,0,0,0,0,0,0,0,0,0,0,0,1,0,0,0,0,0,0,0,0,0,0,0,0,0,0,0,0,0,0,0,0,0,0,0,0,0,0,1,0,0,0,0,0,0,0,0,0,0,0,0,1,0,0,0,0,0,0,0,0,0,0.0
5.0,256.0,504.0,415.0,2671.0,87.0,134.0,131.0,239.0,58.0,2230.0,50.0,27.0,1.0,1.0,2.0,7543.0,1.0,0,0,0,0,1,0,0,0,0,0,0,0,0,0,0,1,0,0,0,0,0,0,0,0,0,0,0,0,0,0,0,0,0,0,0,0,0,0,0,0,0,1,0,0,0,0,0,0,0,0,0,0,0,0,1,0,0,0,0,0,0,0,0,0,0.0
201.0,253.0,309.0,396.0,2276.0,75.0,157.0,172.0,232.0,60.0,2510.0,68.0,26.0,1.0,15.0,48.0,7777.0,0.0,0,1,0,0,0,0,0,0,0,0,0,0,0,0,1,0,0,0,0,0,0,0,0,0,0,0,0,0,0,0,0,0,0,0,0,0,0,0,0,0,0,1,0,0,0,0,0,0,0,0,0,0,0,0,1,0,0,0,0,0,0,0,0,1,0.7
822.0,297.0,19.0,191.0,746.0,71.0,236.0,72.0,166.0,66.0,2701.0,108.0,445.0,9.0,3.0,228.0,7435.0,100.0,0,0,0,0,1,0,0,0,0,0,0,0,0,0,0,0,0,0,0,0,0,0,0,1,0,0,0,0,0,0,0,0,0,0,0,0,0,0,0,0,0,0,1,0,0,0,0,0,0,0,0,0,0,1,0,0,0,0,0,0,0,0,0,0,0.0
201.0,253.0,309.0,396.0,2276.0,75.0,157.0,172.0,232.0,60.0,2510.0,68.0,26.0,1.0,15.0,48.0,7777.0,0.0,0,1,0,0,0,0,0,0,0,0,0,0,0,0,1,0,0,0,0,0,0,0,0,0,0,0,0,0,0,0,0,0,0,0,0,0,0,0,0,0,0,1,0,0,0,0,0,0,0,0,0,0,0,0,1,0,0,0,0,0,0,0,0,0,0.0
13.0,250.0,558.0,443.0,3156.0,94.0,117.0,124.0,251.0,57.0,2017.0,45.0,11.0,1.0,1.0,213.0,7688.0,59.0,1,0,0,0,0,0,0,0,0,0,0,0,0,0,0,0,0,0,0,0,0,1,0,0,0,0,0,0,0,0,0,0,0,0,0,0,0,0,0,0,0,1,0,0,0,0,0,0,0,0,1,0,0,0,0,0,0,0,0,0,0,0,0,0,0.0
822.0,297.0,19.0,191.0,746.0,71.0,236.0,72.0,166.0,66.0,2701.0,108.0,445.0,9.0,3.0,228.0,7435.0,100.0,0,0,0,0,1,0,0,0,0,0,0,0,0,0,0,0,0,0,0,0,0,0,0,1,0,0,0,0,0,0,0,0,0,0,0,0,0,0,0,0,0,0,1,0,0,0,0,0,0,0,0,0,0,1,0,0,0,0,0,0,0,0,0,0,0.0
78.0,257.0,302.0,392.0,2224.0,77.0,156.0,172.0,218.0,60.0,2493.0,68.0,27.0,1.0,6.0,11.0,7706.0,0.0,0,1,0,0,0,0,0,0,0,0,0,0,0,0,1,0,0,0,0,0,0,0,0,0,0,0,0,0,0,0,0,0,0,0,0,0,0,0,0,0,0,1,0,0,0,0,0,0,0,0,0,0,0,0,1,0,0,0,0,0,0,0,0,1,0.045
201.0,253.0,309.0,396.0,2276.0,75.0,157.0,172.0,232.0,60.0,2510.0,68.0,26.0,1.0,15.0,48.0,7777.0,0.0,0,1,0,0,0,0,0,0,0,0,0,0,0,0,1,0,0,0,0,0,0,0,0,0,0,0,0,0,0,0,0,0,0,0,0,0,0,0,0,0,0,1,0,0,0,0,0,0,0,0,0,0,0,0,1,0,0,0,0,0,0,0,0,1,0.045
92.0,255.0,305.0,393.0,2241.0,76.0,157.0,173.0,222.0,60.0,2512.0,68.0,27.0,1.0,13.0,173.0,6717.0,16.0,0,1,0,0,0,0,0,0,0,0,0,0,0,0,1,0,0,0,0,0,0,0,0,0,0,0,0,0,0,0,0,0,0,0,0,0,0,0,0,0,0,1,0,0,0,0,0,0,0,0,0,0,0,0,1,0,0,0,0,0,0,0,0,0,0.0
92.0,255.0,305.0,393.0,2241.0,76.0,157.0,173.0,222.0,60.0,2512.0,68.0,27.0,1.0,13.0,173.0,6717.0,16.0,0,1,0,0,0,0,0,0,0,0,0,0,0,0,1,0,0,0,0,0,0,0,0,0,0,0,0,0,0,0,0,0,0,0,0,0,0,0,0,0,0,1,0,0,0,0,0,0,0,0,0,0,0,0,1,0,0,0,0,0,0,0,0,0,0.0
201.0,253.0,309.0,396.0,2276.0,75.0,157.0,172.0,232.0,60.0,2510.0,68.0,26.0,1.0,15.0,48.0,7777.0,0.0,0,1,0,0,0,0,0,0,0,0,0,0,0,0,1,0,0,0,0,0,0,0,0,0,0,0,0,0,0,0,0,0,0,0,0,0,0,0,0,0,0,1,0,0,0,0,0,0,0,0,0,0,0,0,1,0,0,0,0,0,0,0,0,0,0.0
169.0,336.0,12.0,470.0,1574.0,121.0,183.0,128.0,255.0,69.0,1526.0,121.0,777.0,8.0,5.0,223.0,7472.0,21.0,0,0,0,1,0,0,0,0,0,0,0,0,0,1,0,0,0,0,0,0,0,0,0,0,0,0,0,0,0,0,0,0,1,0,0,0,0,0,0,0,0,0,0,0,0,0,0,0,0,1,0,0,0,0,0,0,0,0,0,0,0,0,0,0,0.0
83.0,288.0,52.0,334.0,1219.0,132.0,122.0,52.0,177.0,68.0,1271.0,115.0,698.0,8.0,4.0,290.0,7884.0,9.0,0,0,1,0,0,0,0,0,0,0,0,0,0,0,0,0,0,0,0,0,0,0,0,0,0,1,0,0,0,0,0,0,0,0,1,0,0,0,0,0,0,0,0,0,0,1,0,0,0,0,0,0,0,0,0,0,0,0,0,0,0,0,0,0,0.0
51.0,291.0,52.0,326.0,1174.0,145.0,118.0,49.0,165.0,67.0,1251.0,115.0,789.0,9.0,1.0,132.0,7898.0,0.0,1,0,0,0,0,0,0,0,0,0,0,0,0,0,0,0,0,0,0,0,0,0,0,0,0,0,1,0,0,0,0,0,0,1,0,0,0,0,0,0,0,0,0,0,0,1,0,0,0,0,0,0,0,0,0,0,0,0,0,0,0,0,0,0,0.0
79.0,287.0,57.0,310.0,1136.0,140.0,116.0,47.0,161.0,68.0,1254.0,112.0,741.0,9.0,2.0,108.0,7900.0,0.0,0,0,0,1,0,0,0,0,0,0,0,0,0,0,0,0,0,0,0,0,0,0,0,1,0,0,0,0,0,0,0,0,0,1,0,0,0,0,0,0,0,0,0,0,0,1,0,0,0,0,0,0,0,0,0,0,0,0,0,0,0,0,0,0,0.0
71.0,292.0,52.0,322.0,1166.0,146.0,118.0,49.0,165.0,67.0,1245.0,115.0,792.0,9.0,6.0,85.0,7863.0,0.0,0,0,0,1,0,0,0,0,0,0,0,0,0,0,0,0,0,0,0,0,0,0,0,0,0,0,1,0,0,0,0,0,0,1,0,0,0,0,0,0,0,0,0,0,0,1,0,0,0,0,0,0,0,0,0,0,0,0,0,0,0,0,0,0,0.0
184.0,285.0,54.0,332.0,1228.0,124.0,121.0,52.0,181.0,70.0,1280.0,113.0,646.0,8.0,3.0,313.0,7969.0,3.0,0,0,1,0,0,0,0,0,0,0,0,0,0,0,0,0,0,0,0,0,0,0,0,0,0,1,0,0,0,0,0,0,0,0,1,0,0,0,0,0,0,0,0,0,0,1,0,0,0,0,0,0,0,0,0,0,0,0,0,0,0,0,0,0,0.0
66.0,290.0,51.0,323.0,1161.0,144.0,119.0,48.0,164.0,67.0,1273.0,116.0,778.0,9.0,1.0,290.0,7918.0,0.0,0,0,1,0,0,0,0,0,0,0,0,0,0,0,0,0,0,0,0,0,0,0,0,0,0,0,1,0,0,0,0,0,0,0,0,0,0,0,1,0,0,0,0,0,0,1,0,0,0,0,0,0,0,0,0,0,0,0,0,0,0,0,0,0,0.0
731.0,258.0,65.0,321.0,1338.0,84.0,127.0,65.0,217.0,73.0,1376.0,103.0,338.0,7.0,6.0,189.0,8019.0,47.0,0,0,1,0,0,0,0,0,0,0,0,0,0,0,0,0,0,0,0,0,0,0,0,0,0,1,0,0,0,0,0,0,0,0,1,0,0,0,0,0,0,0,0,0,0,1,0,0,0,0,0,0,0,0,0,0,0,0,0,0,0,0,0,0,0.0
60.0,254.0,480.0,407.0,2861.0,92.0,132.0,150.0,273.0,61.0,2220.0,44.0,1.0,1.0,5.0,158.0,7521.0,3.0,0,1,0,0,0,0,0,0,0,0,0,0,0,0,0,0,1,0,0,0,0,0,0,0,0,0,0,0,0,0,0,0,0,0,0,0,0,0,0,0,0,1,0,0,0,0,0,0,0,0,1,0,0,0,0,0,0,0,0,0,0,0,0,0,0.0
185.0,321.0,7.0,433.0,1586.0,121.0,159.0,150.0,278.0,71.0,1177.0,118.0,675.0,7.0,4.0,54.0,7925.0,43.0,0,0,0,0,1,0,0,0,0,0,0,0,0,0,0,0,0,0,0,0,0,0,0,1,0,0,0,0,0,1,0,0,0,0,0,0,0,0,0,0,0,0,0,0,1,0,0,0,0,0,0,0,0,0,0,0,0,0,0,0,0,0,0,0,0.0
297.0,264.0,292.0,250.0,1665.0,97.0,135.0,98.0,187.0,65.0,1836.0,44.0,38.0,4.0,9.0,341.0,8098.0,74.0,0,1,0,0,0,0,0,0,0,0,0,0,0,0,0,0,0,0,0,0,0,0,1,0,0,0,0,0,0,0,0,0,0,0,0,0,0,0,0,1,0,0,0,0,0,1,0,0,0,0,0,0,0,0,0,0,0,0,0,0,0,0,0,1,0.03
1034.0,246.0,74.0,316.0,1369.0,75.0,131.0,73.0,227.0,74.0,1431.0,100.0,263.0,7.0,10.0,280.0,8078.0,100.0,0,0,1,0,0,0,0,0,0,0,0,0,1,0,0,0,0,0,0,0,0,0,0,0,0,0,0,0,0,0,0,0,0,0,0,0,0,0,0,1,0,0,0,0,0,0,0,1,0,0,0,0,0,0,0,0,0,0,0,0,0,0,0,0,0.0
680.0,309.0,17.0,192.0,739.0,74.0,244.0,69.0,161.0,66.0,2748.0,109.0,495.0,9.0,2.0,288.0,7571.0,100.0,0,0,0,0,1,0,0,0,0,0,0,0,0,0,0,0,0,0,0,0,0,0,0,1,0,0,0,0,0,0,0,0,0,0,0,0,0,0,0,0,0,0,1,0,0,0,0,0,0,0,0,0,0,1,0,0,0,0,0,0,0,0,0,0,0.0
822.0,297.0,19.0,191.0,746.0,71.0,236.0,72.0,166.0,66.0,2701.0,108.0,445.0,9.0,3.0,228.0,7435.0,100.0,0,0,0,0,1,0,0,0,0,0,0,0,0,0,0,0,0,0,0,0,0,0,0,1,0,0,0,0,0,0,0,0,0,0,0,0,0,0,0,0,0,0,1,0,0,0,0,0,0,0,0,0,0,1,0,0,0,0,0,0,0,0,0,0,0.0
2.0,257.0,426.0,336.0,2400.0,86.0,152.0,153.0,259.0,56.0,2456.0,44.0,0.0,0.0,1.0,213.0,7336.0,1.0,0,0,1,0,0,0,0,0,0,0,0,0,0,0,0,0,0,0,0,0,0,1,0,0,0,0,0,0,0,0,0,0,0,0,1,0,0,0,0,0,0,0,0,0,0,0,0,0,0,0,0,1,0,0,0,0,0,0,0,0,0,0,0,0,0.0
243.0,307.0,12.0,369.0,1333.0,94.0,167.0,105.0,236.0,67.0,1814.0,117.0,580.0,8.0,4.0,231.0,7572.0,42.0,0,0,0,1,0,0,0,0,0,0,0,0,0,0,0,0,0,0,0,0,0,0,0,1,0,0,0,0,0,0,0,0,1,0,0,0,0,0,0,0,0,0,0,0,0,0,0,0,0,1,0,0,0,0,0,0,0,0,0,0,0,0,0,0,0.0
243.0,307.0,12.0,369.0,1333.0,94.0,167.0,105.0,236.0,67.0,1814.0,117.0,580.0,8.0,4.0,231.0,7572.0,42.0,0,0,0,1,0,0,0,0,0,0,0,0,0,0,0,0,0,0,0,0,0,0,0,1,0,0,0,0,0,0,0,0,1,0,0,0,0,0,0,0,0,0,0,0,0,0,0,0,0,1,0,0,0,0,0,0,0,0,0,0,0,0,0,1,0.03
340.0,303.0,12.0,370.0,1349.0,90.0,167.0,107.0,240.0,67.0,1783.0,116.0,536.0,8.0,15.0,56.0,7835.0,100.0,0,0,0,1,0,0,0,0,0,0,0,0,0,0,0,0,0,0,0,0,0,0,1,0,0,0,0,0,0,0,0,0,1,0,0,0,0,0,0,0,0,0,0,0,0,0,0,0,0,1,0,0,0,0,0,0,0,0,0,0,0,0,0,0,0.0
40.0,291.0,55.0,322.0,1174.0,145.0,118.0,50.0,167.0,68.0,1249.0,114.0,771.0,9.0,5.0,295.0,7956.0,0.0,0,0,0,1,0,0,0,0,0,0,0,1,0,0,0,0,0,0,0,0,0,0,0,0,0,0,0,0,0,0,0,0,0,1,0,0,0,0,0,0,0,0,0,0,0,1,0,0,0,0,0,0,0,0,0,0,0,0,0,0,0,0,0,0,0.0
141.0,285.0,57.0,324.0,1211.0,127.0,122.0,52.0,180.0,68.0,1301.0,111.0,654.0,8.0,7.0,246.0,7788.0,4.0,0,0,0,1,0,0,0,0,0,0,0,0,0,1,0,0,0,0,0,0,0,0,0,0,0,0,0,0,0,0,0,0,0,0,1,0,0,0,0,0,0,0,0,0,0,1,0,0,0,0,0,0,0,0,0,0,0,0,0,0,0,0,0,0,0.0
184.0,285.0,54.0,332.0,1228.0,124.0,121.0,52.0,181.0,70.0,1280.0,113.0,646.0,8.0,3.0,313.0,7969.0,3.0,0,0,1,0,0,0,0,0,0,0,0,0,0,0,0,0,0,0,0,0,0,0,0,0,0,1,0,0,0,0,0,0,0,0,1,0,0,0,0,0,0,0,0,0,0,1,0,0,0,0,0,0,0,0,0,0,0,0,0,0,0,0,0,0,0.0
465.0,244.0,344.0,396.0,2355.0,71.0,153.0,170.0,246.0,60.0,2491.0,63.0,20.0,1.0,28.0,157.0,6070.0,47.0,0,1,0,0,0,0,0,0,0,0,0,0,0,0,1,0,0,0,0,0,0,0,0,0,0,0,0,0,0,0,0,1,0,0,0,0,0,0,0,0,0,0,0,0,0,0,0,0,0,0,0,0,0,0,1,0,0,0,0,0,0,0,0,0,0.0
211.0,247.0,336.0,397.0,2329.0,73.0,156.0,171.0,238.0,59.0,2525.0,64.0,23.0,1.0,18.0,347.0,8061.0,18.0,0,1,0,0,0,0,0,0,0,0,0,0,0,0,1,0,0,0,0,0,0,0,0,0,0,0,0,0,0,0,0,0,0,0,0,0,0,0,0,0,0,1,0,0,0,0,0,0,0,0,0,0,0,0,1,0,0,0,0,0,0,0,0,0,0.0
12.0,259.0,421.0,349.0,2373.0,84.0,155.0,160.0,278.0,57.0,2458.0,45.0,0.0,0.0,0.0,174.0,7360.0,7.0,0,0,1,0,0,0,0,0,0,0,0,0,0,0,0,0,0,0,0,1,0,0,0,0,0,0,0,0,0,0,0,0,0,0,0,0,0,0,0,0,1,0,0,0,0,0,0,0,0,0,0,1,0,0,0,0,0,0,0,0,0,0,0,0,0.0
92.0,255.0,305.0,393.0,2241.0,76.0,157.0,173.0,222.0,60.0,2512.0,68.0,27.0,1.0,13.0,173.0,6717.0,16.0,0,1,0,0,0,0,0,0,0,0,0,0,0,0,1,0,0,0,0,0,0,0,0,0,0,0,0,0,0,0,0,0,0,0,0,0,0,0,0,0,0,1,0,0,0,0,0,0,0,0,0,0,0,0,1,0,0,0,0,0,0,0,0,1,0.03
267.0,296.0,51.0,471.0,1899.0,112.0,128.0,168.0,311.0,71.0,1222.0,103.0,450.0,7.0,13.0,176.0,7291.0,96.0,0,0,0,0,1,0,0,0,0,0,0,0,1,0,0,0,0,0,0,0,0,0,0,0,0,0,0,0,0,0,0,0,0,0,0,0,0,0,0,1,0,0,0,0,0,0,1,0,0,0,0,0,0,0,0,0,0,0,0,0,0,0,0,1,0.03
8.0,256.0,516.0,415.0,2694.0,86.0,133.0,130.0,238.0,57.0,2234.0,49.0,25.0,1.0,3.0,292.0,7574.0,32.0,1,0,0,0,0,0,0,0,0,0,0,0,0,0,0,0,0,0,0,0,0,1,0,0,0,0,0,0,0,0,0,0,0,0,0,0,0,0,0,0,0,1,0,0,0,0,0,0,0,0,0,0,0,0,1,0,0,0,0,0,0,0,0,0,0.0
92.0,255.0,305.0,393.0,2241.0,76.0,157.0,173.0,222.0,60.0,2512.0,68.0,27.0,1.0,13.0,173.0,6717.0,16.0,0,1,0,0,0,0,0,0,0,0,0,0,0,0,1,0,0,0,0,0,0,0,0,0,0,0,0,0,0,0,0,0,0,0,0,0,0,0,0,0,0,1,0,0,0,0,0,0,0,0,0,0,0,0,1,0,0,0,0,0,0,0,0,0,0.0
92.0,255.0,305.0,393.0,2241.0,76.0,157.0,173.0,222.0,60.0,2512.0,68.0,27.0,1.0,13.0,173.0,6717.0,16.0,0,1,0,0,0,0,0,0,0,0,0,0,0,0,1,0,0,0,0,0,0,0,0,0,0,0,0,0,0,0,0,0,0,0,0,0,0,0,0,0,0,1,0,0,0,0,0,0,0,0,0,0,0,0,1,0,0,0,0,0,0,0,0,1,0.02
92.0,255.0,305.0,393.0,2241.0,76.0,157.0,173.0,222.0,60.0,2512.0,68.0,27.0,1.0,13.0,173.0,6717.0,16.0,0,1,0,0,0,0,0,0,0,0,0,0,0,0,1,0,0,0,0,0,0,0,0,0,0,0,0,0,0,0,0,0,0,0,0,0,0,0,0,0,0,1,0,0,0,0,0,0,0,0,0,0,0,0,1,0,0,0,0,0,0,0,0,0,0.0
92.0,255.0,305.0,393.0,2241.0,76.0,157.0,173.0,222.0,60.0,2512.0,68.0,27.0,1.0,13.0,173.0,6717.0,16.0,0,1,0,0,0,0,0,0,0,0,0,0,0,0,1,0,0,0,0,0,0,0,0,0,0,0,0,0,0,0,0,0,0,0,0,0,0,0,0,0,0,1,0,0,0,0,0,0,0,0,0,0,0,0,1,0,0,0,0,0,0,0,0,1,0.03
92.0,255.0,305.0,393.0,2241.0,76.0,157.0,173.0,222.0,60.0,2512.0,68.0,27.0,1.0,13.0,173.0,6717.0,16.0,0,1,0,0,0,0,0,0,0,0,0,0,0,0,1,0,0,0,0,0,0,0,0,0,0,0,0,0,0,0,0,0,0,0,0,0,0,0,0,0,0,1,0,0,0,0,0,0,0,0,0,0,0,0,1,0,0,0,0,0,0,0,0,0,0.0
92.0,255.0,305.0,393.0,2241.0,76.0,157.0,173.0,222.0,60.0,2512.0,68.0,27.0,1.0,13.0,173.0,6717.0,16.0,0,1,0,0,0,0,0,0,0,0,0,0,0,0,1,0,0,0,0,0,0,0,0,0,0,0,0,0,0,0,0,0,0,0,0,0,0,0,0,0,0,1,0,0,0,0,0,0,0,0,0,0,0,0,1,0,0,0,0,0,0,0,0,0,0.0
92.0,255.0,305.0,393.0,2241.0,76.0,157.0,173.0,222.0,60.0,2512.0,68.0,27.0,1.0,13.0,173.0,6717.0,16.0,0,1,0,0,0,0,0,0,0,0,0,0,0,0,1,0,0,0,0,0,0,0,0,0,0,0,0,0,0,0,0,0,0,0,0,0,0,0,0,0,0,1,0,0,0,0,0,0,0,0,0,0,0,0,1,0,0,0,0,0,0,0,0,0,0.0
92.0,255.0,305.0,393.0,2241.0,76.0,157.0,173.0,222.0,60.0,2512.0,68.0,27.0,1.0,13.0,173.0,6717.0,16.0,0,1,0,0,0,0,0,0,0,0,0,0,0,0,1,0,0,0,0,0,0,0,0,0,0,0,0,0,0,0,0,0,0,0,0,0,0,0,0,0,0,1,0,0,0,0,0,0,0,0,0,0,0,0,1,0,0,0,0,0,0,0,0,0,0.0
4.0,257.0,427.0,336.0,2401.0,86.0,152.0,153.0,260.0,56.0,2456.0,44.0,0.0,0.0,2.0,275.0,7405.0,40.0,0,0,1,0,0,0,0,0,0,0,0,0,0,0,0,0,0,0,0,0,0,1,0,0,0,0,0,0,0,0,0,0,0,0,0,0,0,0,0,0,0,1,0,0,0,0,0,0,0,0,0,1,0,0,0,0,0,0,0,0,0,0,0,0,0.0
92.0,255.0,305.0,393.0,2241.0,76.0,157.0,173.0,222.0,60.0,2512.0,68.0,27.0,1.0,13.0,173.0,6717.0,16.0,0,1,0,0,0,0,0,0,0,0,0,0,0,0,1,0,0,0,0,0,0,0,0,0,0,0,0,0,0,0,0,0,0,0,0,0,0,0,0,0,0,1,0,0,0,0,0,0,0,0,0,0,0,0,1,0,0,0,0,0,0,0,0,0,0.0
4.0,295.0,88.0,299.0,1266.0,138.0,121.0,61.0,197.0,69.0,1289.0,95.0,647.0,8.0,1.0,250.0,7880.0,64.0,0,0,0,0,0,0,0,1,0,0,0,0,0,0,0,0,0,0,0,0,0,0,0,0,0,0,1,0,0,0,1,0,0,0,0,0,0,0,0,0,0,0,0,0,0,1,0,0,0,0,0,0,0,0,0,0,0,0,0,0,0,0,0,0,0.0
31.0,255.0,507.0,420.0,2959.0,94.0,130.0,150.0,278.0,59.0,2197.0,43.0,1.0,1.0,5.0,180.0,7633.0,5.0,0,1,0,0,0,0,0,0,0,0,0,0,0,0,0,1,0,0,0,0,0,0,0,0,0,0,0,0,0,0,0,0,0,0,0,0,0,0,0,0,0,1,0,0,0,0,0,0,0,0,1,0,0,0,0,0,0,0,0,0,0,0,0,1,0.03
1129.0,239.0,70.0,310.0,1367.0,72.0,132.0,74.0,228.0,73.0,1462.0,98.0,234.0,7.0,7.0,267.0,8105.0,100.0,0,0,1,0,0,0,0,0,0,0,0,0,1,0,0,0,0,0,0,0,0,0,0,0,0,0,0,0,0,0,0,0,0,0,0,0,0,0,0,1,0,0,0,0,0,0,0,1,0,0,0,0,0,0,0,0,0,0,0,0,0,0,0,0,0.0
183.0,253.0,480.0,415.0,2851.0,90.0,135.0,154.0,260.0,60.0,2278.0,44.0,3.0,1.0,13.0,257.0,7597.0,8.0,0,1,0,0,0,0,0,0,0,0,0,0,0,0,0,0,1,0,0,0,0,0,0,0,0,0,0,0,0,0,0,0,0,0,0,0,0,0,0,0,0,1,0,0,0,0,0,0,0,0,1,0,0,0,0,0,0,0,0,0,0,0,0,1,0.03
184.0,255.0,480.0,426.0,2863.0,91.0,137.0,156.0,257.0,60.0,2276.0,45.0,7.0,1.0,7.0,303.0,7773.0,2.0,0,1,0,0,0,0,0,0,0,0,0,0,0,0,0,0,1,0,0,0,0,0,0,0,0,0,0,0,0,0,0,0,0,0,0,0,0,0,0,0,0,1,0,0,0,0,0,0,0,0,1,0,0,0,0,0,0,0,0,0,0,0,0,1,0.03
270.0,252.0,426.0,402.0,2665.0,90.0,141.0,151.0,254.0,60.0,2362.0,48.0,9.0,1.0,13.0,161.0,7330.0,2.0,0,1,0,0,0,0,0,0,0,0,0,0,0,0,1,0,0,0,0,0,0,0,0,0,0,0,0,0,0,0,0,0,0,0,0,0,0,0,0,0,0,1,0,0,0,0,0,0,0,0,1,0,0,0,0,0,0,0,0,0,0,0,0,1,0.03
254.0,250.0,406.0,394.0,2576.0,88.0,141.0,148.0,254.0,60.0,2366.0,49.0,10.0,1.0,13.0,125.0,7332.0,0.0,0,1,0,0,0,0,0,0,0,0,0,0,0,0,1,0,0,0,0,0,0,0,0,0,0,0,0,0,0,0,0,1,0,0,0,0,0,0,0,0,0,0,0,0,0,0,0,0,0,0,1,0,0,0,0,0,0,0,0,0,0,0,0,0,0.0
906.0,283.0,16.0,189.0,738.0,66.0,219.0,70.0,161.0,67.0,2612.0,109.0,407.0,9.0,10.0,264.0,7553.0,100.0,0,0,1,0,0,0,0,0,0,0,0,0,1,0,0,0,0,0,0,0,0,0,0,0,0,0,0,0,0,0,0,0,0,0,0,0,0,0,0,0,0,0,1,0,0,0,0,0,0,0,0,0,0,1,0,0,0,0,0,0,0,0,0,0,0.0
19.0,251.0,556.0,439.0,3153.0,93.0,116.0,126.0,252.0,58.0,2008.0,44.0,10.0,1.0,1.0,111.0,7712.0,99.0,1,0,0,0,0,0,0,0,0,0,0,0,0,0,0,1,0,0,0,0,0,0,0,0,0,0,0,0,0,0,0,0,0,0,0,0,0,0,0,0,0,1,0,0,0,0,0,0,0,0,1,0,0,0,0,0,0,0,0,0,0,0,0,0,0.0
299.0,283.0,57.0,318.0,1183.0,125.0,120.0,50.0,173.0,69.0,1285.0,111.0,645.0,8.0,18.0,123.0,7208.0,40.0,0,0,0,0,0,1,0,0,0,0,0,1,0,0,0,0,0,0,0,0,0,0,0,0,0,0,0,0,0,0,0,0,1,0,0,0,0,0,0,0,0,0,0,0,0,1,0,0,0,0,0,0,0,0,0,0,0,0,0,0,0,0,0,0,0.0
640.0,234.0,358.0,412.0,2524.0,70.0,157.0,143.0,304.0,64.0,2514.0,60.0,14.0,1.0,18.0,106.0,7313.0,37.0,0,1,0,0,0,0,0,0,0,0,0,0,0,0,1,0,0,0,0,0,0,0,0,0,0,0,0,0,0,0,0,0,0,0,0,0,0,0,0,1,0,0,0,0,0,0,0,0,0,0,1,0,0,0,0,0,0,0,0,0,0,0,0,0,0.0
751.0,256.0,65.0,322.0,1340.0,83.0,127.0,65.0,217.0,73.0,1381.0,103.0,330.0,7.0,14.0,262.0,7917.0,100.0,0,0,1,0,0,0,0,0,0,0,0,0,0,0,0,0,0,0,0,0,0,0,0,0,0,1,0,0,0,0,0,0,0,0,0,0,0,0,0,1,0,0,0,0,0,0,0,1,0,0,0,0,0,0,0,0,0,0,0,0,0,0,0,0,0.0
735.0,259.0,63.0,324.0,1336.0,85.0,126.0,64.0,216.0,74.0,1393.0,104.0,346.0,8.0,17.0,84.0,7848.0,100.0,0,0,1,0,0,0,0,0,0,0,0,0,0,0,0,0,0,0,0,0,0,0,0,0,0,1,0,0,0,0,0,0,0,0,0,0,0,0,0,1,0,0,0,0,0,0,0,1,0,0,0,0,0,0,0,0,0,0,0,0,0,0,0,0,0.0
865.0,253.0,68.0,316.0,1357.0,80.0,130.0,70.0,224.0,74.0,1422.0,101.0,297.0,7.0,8.0,199.0,7779.0,68.0,0,0,1,0,0,0,0,0,0,0,0,0,0,0,0,0,0,0,0,0,0,0,0,0,0,1,0,0,0,0,0,0,0,0,0,0,0,0,0,1,0,0,0,0,0,1,0,0,0,0,0,0,0,0,0,0,0,0,0,0,0,0,0,0,0.0
272.0,309.0,12.0,369.0,1346.0,94.0,170.0,109.0,240.0,67.0,1810.0,116.0,579.0,8.0,9.0,170.0,7307.0,68.0,0,0,0,1,0,0,0,0,0,0,0,0,0,0,0,0,0,0,0,0,0,0,1,0,0,0,0,0,0,0,0,0,1,0,0,0,0,0,0,0,0,0,0,0,0,0,0,0,0,1,0,0,0,0,0,0,0,0,0,0,0,0,0,0,0.0
226.0,308.0,12.0,371.0,1327.0,96.0,165.0,100.0,232.0,66.0,1792.0,118.0,612.0,8.0,7.0,256.0,7610.0,83.0,0,0,0,1,0,0,0,0,0,0,0,0,0,0,0,0,0,0,0,0,0,0,0,1,0,0,0,0,0,0,0,0,1,0,0,0,0,0,0,0,0,0,0,0,0,0,0,0,0,1,0,0,0,0,0,0,0,0,0,0,0,0,0,0,0.0
259.0,305.0,12.0,370.0,1336.0,92.0,167.0,105.0,237.0,67.0,1799.0,117.0,567.0,8.0,8.0,208.0,7361.0,62.0,0,0,0,1,0,0,0,0,0,0,0,0,0,0,0,0,0,0,0,0,0,0,0,1,0,0,0,0,0,0,0,0,0,1,0,0,0,0,0,0,0,0,0,0,0,0,0,0,0,1,0,0,0,0,0,0,0,0,0,0,0,0,0,1,0.03
346.0,309.0,12.0,369.0,1346.0,94.0,169.0,109.0,239.0,67.0,1788.0,116.0,576.0,8.0,4.0,25.0,7781.0,91.0,0,0,0,1,0,0,0,0,0,0,0,0,0,0,0,0,0,0,0,0,0,0,1,0,0,0,0,0,0,0,0,0,1,0,0,0,0,0,0,0,0,0,0,0,0,0,0,0,0,1,0,0,0,0,0,0,0,0,0,0,0,0,0,0,0.0
98.0,256.0,502.0,427.0,2937.0,92.0,135.0,157.0,258.0,60.0,2255.0,44.0,5.0,1.0,2.0,10.0,7681.0,0.0,0,1,0,0,0,0,0,0,0,0,0,0,0,0,0,0,1,0,0,0,0,0,0,0,0,0,0,0,0,0,0,0,0,0,0,0,0,0,0,0,0,1,0,0,0,0,0,0,0,0,1,0,0,0,0,0,0,0,0,0,0,0,0,1,0.03
163.0,253.0,500.0,424.0,2918.0,90.0,134.0,156.0,262.0,60.0,2275.0,44.0,3.0,1.0,21.0,316.0,7862.0,19.0,0,1,0,0,0,0,0,0,0,0,0,0,0,0,0,0,1,0,0,0,0,0,0,0,0,0,0,0,0,0,0,0,0,0,0,0,0,0,0,0,0,1,0,0,0,0,0,0,0,0,1,0,0,0,0,0,0,0,0,0,0,0,0,1,0.03
50.0,256.0,552.0,450.0,3104.0,92.0,132.0,160.0,271.0,59.0,2232.0,42.0,0.0,1.0,4.0,131.0,7600.0,0.0,0,1,0,0,0,0,0,0,0,0,0,0,0,0,0,0,1,0,0,0,0,0,0,0,0,0,0,0,0,0,0,0,0,0,0,0,0,0,0,0,0,1,0,0,0,0,0,0,0,0,1,0,0,0,0,0,0,0,0,0,0,0,0,1,0.03
1016.0,220.0,162.0,314.0,1652.0,64.0,173.0,129.0,256.0,64.0,2760.0,77.0,44.0,3.0,8.0,0.0,7730.0,96.0,0,1,0,0,0,0,0,0,0,0,1,0,0,0,0,0,0,0,0,0,0,0,0,0,0,0,0,0,0,0,0,0,0,0,0,0,0,0,0,1,0,0,0,0,0,0,0,0,0,0,1,0,0,0,0,0,0,0,0,0,0,0,0,0,0.0
1023.0,221.0,177.0,313.0,1630.0,63.0,172.0,130.0,261.0,64.0,2724.0,78.0,48.0,3.0,7.0,179.0,7592.0,60.0,0,1,0,0,0,0,0,0,0,1,0,0,0,0,0,0,0,0,0,0,0,0,0,0,0,0,0,0,0,0,0,0,0,0,0,0,0,0,0,1,0,0,0,0,0,0,0,0,0,0,1,0,0,0,0,0,0,0,0,0,0,0,0,0,0.0
199.0,318.0,9.0,377.0,1343.0,105.0,174.0,90.0,198.0,68.0,1586.0,124.0,668.0,8.0,5.0,141.0,7620.0,71.0,0,0,1,0,0,0,0,0,0,0,0,0,1,0,0,0,0,0,0,0,0,0,0,0,0,0,0,0,0,0,0,0,1,0,0,0,0,0,0,0,0,0,0,0,0,0,0,0,0,1,0,0,0,0,0,0,0,0,0,0,0,0,0,0,0.0
346.0,309.0,12.0,369.0,1346.0,94.0,169.0,109.0,239.0,67.0,1788.0,116.0,576.0,8.0,4.0,25.0,7781.0,91.0,0,0,0,1,0,0,0,0,0,0,0,0,0,0,0,0,0,0,0,0,0,0,1,0,0,0,0,0,0,0,0,0,1,0,0,0,0,0,0,0,0,0,0,0,0,0,0,0,0,1,0,0,0,0,0,0,0,0,0,0,0,0,0,0,0.0
272.0,309.0,12.0,369.0,1346.0,94.0,170.0,109.0,240.0,67.0,1810.0,116.0,579.0,8.0,9.0,170.0,7307.0,68.0,0,0,0,1,0,0,0,0,0,0,0,0,0,0,0,0,0,0,0,0,0,0,1,0,0,0,0,0,0,0,0,0,1,0,0,0,0,0,0,0,0,0,0,0,0,0,0,0,0,1,0,0,0,0,0,0,0,0,0,0,0,0,0,0,0.0
281.0,279.0,58.0,321.0,1218.0,115.0,121.0,51.0,183.0,70.0,1303.0,110.0,579.0,8.0,11.0,62.0,7842.0,1.0,0,0,0,0,1,0,0,0,0,0,0,0,0,1,0,0,0,0,0,0,0,0,0,0,0,0,0,0,0,0,0,0,0,1,0,0,0,0,0,0,0,0,0,0,0,1,0,0,0,0,0,0,0,0,0,0,0,0,0,0,0,0,0,0,0.0
648.0,260.0,100.0,272.0,1412.0,83.0,141.0,91.0,239.0,73.0,1609.0,84.0,211.0,7.0,26.0,177.0,7594.0,90.0,0,1,0,0,0,0,0,0,0,1,0,0,0,0,0,0,0,0,0,0,0,0,0,0,0,0,0,0,0,0,0,0,0,0,0,0,0,0,0,1,0,0,0,0,0,1,0,0,0,0,0,0,0,0,0,0,0,0,0,0,0,0,0,0,0.0
113.0,290.0,51.0,329.0,1186.0,140.0,120.0,51.0,170.0,67.0,1269.0,116.0,753.0,8.0,3.0,40.0,7977.0,0.0,0,0,1,0,0,0,0,0,0,0,0,1,0,0,0,0,0,0,0,0,0,0,0,0,0,0,0,0,0,0,0,0,0,1,0,0,0,0,0,0,0,0,0,0,0,1,0,0,0,0,0,0,0,0,0,0,0,0,0,0,0,0,0,0,0.0
67.0,289.0,52.0,323.0,1163.0,141.0,117.0,47.0,163.0,67.0,1247.0,115.0,764.0,9.0,1.0,10.0,7936.0,0.0,0,0,0,1,0,0,0,0,0,0,0,0,0,0,0,0,0,0,0,0,0,0,0,0,1,0,0,0,0,0,0,0,0,1,0,0,0,0,0,0,0,0,0,0,0,0,0,1,0,0,0,0,0,0,0,0,0,0,0,0,0,0,0,0,0.0
263.0,282.0,62.0,314.0,1199.0,120.0,120.0,51.0,180.0,70.0,1275.0,109.0,607.0,8.0,12.0,291.0,7963.0,55.0,0,0,0,0,0,1,0,0,0,0,0,1,0,0,0,0,0,0,0,0,0,0,0,0,0,0,0,0,0,0,0,0,1,0,0,0,0,0,0,0,0,0,0,0,0,1,0,0,0,0,0,0,0,0,0,0,0,0,0,0,0,0,0,0,0.0
82.0,285.0,52.0,323.0,1170.0,132.0,117.0,47.0,165.0,68.0,1272.0,114.0,706.0,8.0,8.0,100.0,7834.0,3.0,0,0,0,0,1,0,0,0,0,0,0,1,0,0,0,0,0,0,0,0,0,0,0,0,0,0,0,0,0,0,0,0,0,1,0,0,0,0,0,0,0,0,0,0,0,0,0,1,0,0,0,0,0,0,0,0,0,0,0,0,0,0,0,0,0.0
82.0,290.0,60.0,316.0,1188.0,137.0,119.0,52.0,175.0,69.0,1256.0,110.0,716.0,8.0,10.0,57.0,7971.0,12.0,0,0,0,0,1,0,0,0,0,0,0,1,0,0,0,0,0,0,0,0,0,0,0,0,0,0,0,0,0,0,0,0,0,0,1,0,0,0,0,0,0,0,0,0,0,1,0,0,0,0,0,0,0,0,0,0,0,0,0,0,0,0,0,0,0.0
255.0,283.0,58.0,320.0,1207.0,121.0,120.0,51.0,180.0,70.0,1281.0,110.0,620.0,8.0,11.0,36.0,8066.0,2.0,0,0,0,0,1,0,0,0,0,0,0,0,0,1,0,0,0,0,0,0,0,0,0,0,0,0,0,0,0,0,0,0,0,0,1,0,0,0,0,0,0,0,0,0,0,1,0,0,0,0,0,0,0,0,0,0,0,0,0,0,0,0,0,0,0.0
44.0,290.0,52.0,327.0,1182.0,141.0,120.0,50.0,170.0,67.0,1275.0,115.0,755.0,8.0,6.0,241.0,7877.0,0.0,0,0,0,1,0,0,0,0,0,0,0,1,0,0,0,0,0,0,0,0,0,0,0,0,0,0,0,0,0,0,0,0,0,0,1,0,0,0,0,0,0,0,0,0,0,1,0,0,0,0,0,0,0,0,0,0,0,0,0,0,0,0,0,0,0.0
648.0,260.0,100.0,272.0,1412.0,83.0,141.0,91.0,239.0,73.0,1609.0,84.0,211.0,7.0,26.0,177.0,7594.0,90.0,0,1,0,0,0,0,0,0,0,1,0,0,0,0,0,0,0,0,0,0,0,0,0,0,0,0,0,0,0,0,0,0,0,0,0,0,0,0,0,1,0,0,0,0,0,1,0,0,0,0,0,0,0,0,0,0,0,0,0,0,0,0,0,0,0.0
1090.0,221.0,70.0,246.0,1179.0,64.0,168.0,105.0,190.0,67.0,2486.0,94.0,196.0,7.0,14.0,214.0,7244.0,100.0,0,1,0,0,0,0,0,0,0,1,0,0,0,0,0,0,0,0,0,0,0,0,0,0,0,0,0,0,0,0,0,0,0,0,0,0,0,0,0,1,0,0,0,0,0,0,0,0,0,0,1,0,0,0,0,0,0,0,0,0,0,0,0,1,0.06
1090.0,221.0,70.0,246.0,1179.0,64.0,168.0,105.0,190.0,67.0,2486.0,94.0,196.0,7.0,14.0,214.0,7244.0,100.0,0,1,0,0,0,0,0,0,0,1,0,0,0,0,0,0,0,0,0,0,0,0,0,0,0,0,0,0,0,0,0,0,0,0,0,0,0,0,0,1,0,0,0,0,0,0,0,0,0,0,1,0,0,0,0,0,0,0,0,0,0,0,0,1,0.06
14.0,292.0,60.0,313.0,1167.0,146.0,118.0,50.0,168.0,67.0,1265.0,110.0,771.0,9.0,2.0,294.0,7863.0,3.0,0,0,0,0,0,0,0,1,0,0,0,0,0,0,0,0,0,0,0,0,0,0,0,1,0,0,0,0,0,0,0,0,1,0,0,0,0,0,0,0,0,0,0,0,0,1,0,0,0,0,0,0,0,0,0,0,0,0,0,0,0,0,0,0,0.0
7.0,257.0,430.0,335.0,2408.0,86.0,152.0,153.0,258.0,56.0,2448.0,43.0,0.0,0.0,1.0,188.0,7355.0,4.0,0,0,0,0,0,0,0,1,0,0,0,0,0,0,0,0,0,0,0,0,0,0,0,0,0,0,0,1,0,0,0,0,0,1,0,0,0,0,0,0,0,0,0,0,0,0,0,0,0,0,0,1,0,0,0,0,0,0,0,0,0,0,0,0,0.0
19.0,307.0,79.0,474.0,2003.0,122.0,145.0,151.0,316.0,68.0,1379.0,100.0,452.0,7.0,3.0,351.0,7932.0,13.0,0,0,0,0,1,0,0,0,0,0,0,0,0,0,0,1,0,0,0,0,0,0,0,0,0,0,0,0,0,0,0,0,0,0,1,0,0,0,0,0,0,0,0,0,0,0,0,0,1,0,0,0,0,0,0,0,0,0,0,0,0,0,0,0,0.0
1009.0,220.0,185.0,312.0,1643.0,63.0,171.0,129.0,259.0,64.0,2723.0,77.0,44.0,3.0,4.0,276.0,7805.0,66.0,0,0,0,0,0,0,1,0,0,0,1,0,0,0,0,0,0,0,0,0,0,0,0,0,0,0,0,0,0,0,0,0,0,0,0,0,0,0,0,1,0,0,0,0,0,0,0,0,0,0,1,0,0,0,0,0,0,0,0,0,0,0,0,0,0.0
19.0,307.0,79.0,474.0,2003.0,122.0,145.0,151.0,316.0,68.0,1379.0,100.0,452.0,7.0,3.0,351.0,7932.0,13.0,0,0,0,0,1,0,0,0,0,0,0,0,0,0,0,1,0,0,0,0,0,0,0,0,0,0,0,0,0,0,0,0,0,0,1,0,0,0,0,0,0,0,0,0,0,0,0,0,1,0,0,0,0,0,0,0,0,0,0,0,0,0,0,0,0.0
338.0,251.0,231.0,214.0,1398.0,67.0,166.0,111.0,182.0,63.0,2502.0,50.0,35.0,3.0,19.0,282.0,7315.0,99.0,0,1,0,0,0,0,0,0,0,1,0,0,0,0,0,0,0,0,0,0,0,0,0,0,0,0,0,0,0,0,0,0,0,0,0,0,0,0,0,1,0,0,0,0,0,0,0,0,0,0,0,0,1,0,0,0,0,0,0,0,0,0,0,0,0.0
113.0,292.0,17.0,97.0,413.0,79.0,204.0,38.0,71.0,64.0,2784.0,99.0,863.0,12.0,0.0,210.0,7380.0,100.0,0,0,0,0,0,0,0,1,0,0,0,0,0,0,0,0,0,0,1,0,0,0,0,0,0,0,0,0,0,0,0,0,0,0,0,0,1,0,0,0,0,0,0,0,0,0,0,0,0,0,0,0,0,1,0,0,0,0,0,0,0,0,0,0,0.0
142.0,301.0,55.0,401.0,1570.0,122.0,135.0,81.0,245.0,71.0,1242.0,111.0,612.0,8.0,2.0,206.0,7872.0,13.0,0,0,1,0,0,0,0,0,0,0,0,0,0,0,0,0,0,0,0,0,0,0,0,0,0,1,0,0,0,0,0,0,0,0,1,0,0,0,0,0,0,0,0,0,0,0,0,1,0,0,0,0,0,0,0,0,0,0,0,0,0,0,0,0,0.0
142.0,301.0,55.0,401.0,1570.0,122.0,135.0,81.0,245.0,71.0,1242.0,111.0,612.0,8.0,2.0,206.0,7872.0,13.0,0,0,1,0,0,0,0,0,0,0,0,0,0,0,0,0,0,0,0,0,0,0,0,0,0,1,0,0,0,0,0,0,0,0,1,0,0,0,0,0,0,0,0,0,0,0,0,1,0,0,0,0,0,0,0,0,0,0,0,0,0,0,0,0,0.0
51.0,294.0,52.0,335.0,1216.0,145.0,118.0,52.0,172.0,67.0,1230.0,115.0,784.0,8.0,8.0,26.0,8001.0,0.0,0,0,0,1,0,0,0,0,0,0,0,1,0,0,0,0,0,0,0,0,0,0,0,0,0,0,0,0,0,0,0,0,0,0,1,0,0,0,0,0,0,0,0,0,0,0,0,1,0,0,0,0,0,0,0,0,0,0,0,0,0,0,0,0,0.0
142.0,301.0,55.0,401.0,1570.0,122.0,135.0,81.0,245.0,71.0,1242.0,111.0,612.0,8.0,2.0,206.0,7872.0,13.0,0,0,1,0,0,0,0,0,0,0,0,0,0,0,0,0,0,0,0,0,0,0,0,0,0,1,0,0,0,0,0,0,0,0,1,0,0,0,0,0,0,0,0,0,0,0,0,1,0,0,0,0,0,0,0,0,0,0,0,0,0,0,0,0,0.0
85.0,253.0,436.0,387.0,2722.0,90.0,134.0,148.0,277.0,62.0,2240.0,45.0,1.0,1.0,3.0,189.0,7598.0,1.0,0,1,0,0,0,0,0,0,0,0,0,0,0,0,1,0,0,0,0,0,0,0,0,0,0,0,0,0,0,0,0,0,0,0,0,0,0,0,0,0,0,1,0,0,0,0,0,0,0,0,1,0,0,0,0,0,0,0,0,0,0,0,0,1,0.03
32.0,255.0,485.0,410.0,2888.0,93.0,132.0,150.0,276.0,60.0,2217.0,43.0,1.0,1.0,2.0,15.0,7726.0,0.0,0,1,0,0,0,0,0,0,0,0,0,0,0,0,0,0,1,0,0,0,0,0,0,0,0,0,0,0,0,0,0,0,0,0,0,0,0,0,0,0,0,1,0,0,0,0,0,0,0,0,1,0,0,0,0,0,0,0,0,0,0,0,0,1,0.03
46.0,254.0,426.0,388.0,2699.0,90.0,135.0,149.0,279.0,62.0,2214.0,45.0,0.0,1.0,3.0,205.0,7699.0,1.0,0,1,0,0,0,0,0,0,0,0,0,0,0,0,0,0,1,0,0,0,0,0,0,0,0,0,0,0,0,0,0,0,0,0,0,0,0,0,0,0,0,1,0,0,0,0,0,0,0,0,1,0,0,0,0,0,0,0,0,0,0,0,0,1,0.03
42.0,341.0,7.0,445.0,1604.0,140.0,177.0,119.0,267.0,70.0,1313.0,122.0,908.0,8.0,1.0,320.0,7739.0,0.0,0,0,0,0,1,0,0,0,0,0,0,0,1,0,0,0,0,0,0,0,0,0,0,0,0,0,0,0,0,0,0,0,0,1,0,0,0,0,0,0,0,0,0,0,0,0,0,0,0,0,0,0,0,0,0,0,0,0,0,0,1,0,0,0,0.0
971.0,219.0,211.0,329.0,1803.0,61.0,169.0,137.0,290.0,64.0,2707.0,74.0,27.0,1.0,2.0,202.0,7838.0,0.0,0,1,0,0,0,0,0,0,0,1,0,0,0,0,0,0,0,0,0,0,0,0,0,0,0,0,0,0,0,0,0,0,0,0,0,0,0,0,0,0,0,1,0,0,0,0,0,0,0,0,1,0,0,0,0,0,0,0,0,0,0,0,0,0,0.0
15.0,260.0,525.0,460.0,3019.0,94.0,132.0,157.0,272.0,59.0,2196.0,45.0,6.0,1.0,1.0,269.0,7648.0,0.0,0,1,0,0,0,0,0,0,0,0,0,0,0,0,0,0,1,0,0,0,0,0,0,0,0,0,0,0,1,0,0,0,0,0,0,0,0,0,0,0,0,0,0,0,0,0,0,0,0,0,1,0,0,0,0,0,0,0,0,0,0,0,0,1,0.03
91.0,298.0,109.0,130.0,777.0,76.0,214.0,71.0,119.0,66.0,2947.0,62.0,486.0,12.0,2.0,115.0,7232.0,100.0,0,1,0,0,0,0,0,0,0,0,0,0,0,0,0,0,0,0,0,0,0,0,1,0,0,0,0,0,0,0,0,0,0,0,0,0,0,1,0,0,0,0,0,0,0,0,0,0,0,0,0,0,0,1,0,0,0,0,0,0,0,0,0,0,0.0
43.0,293.0,12.0,343.0,1093.0,100.0,148.0,60.0,189.0,61.0,1931.0,130.0,714.0,9.0,1.0,213.0,7618.0,13.0,0,0,0,0,0,0,0,1,0,0,0,0,0,0,0,0,0,0,0,0,0,0,0,1,0,0,0,0,0,0,0,0,1,0,0,0,0,0,0,0,0,0,0,0,0,0,0,0,0,1,0,0,0,0,0,0,0,0,0,0,0,0,0,0,0.0
12.0,259.0,421.0,349.0,2373.0,84.0,155.0,160.0,278.0,57.0,2458.0,45.0,0.0,0.0,0.0,174.0,7360.0,7.0,0,0,1,0,0,0,0,0,0,0,0,0,0,0,0,0,0,0,0,1,0,0,0,0,0,0,0,0,0,0,0,0,0,0,0,0,0,0,0,0,1,0,0,0,0,0,0,0,0,0,0,1,0,0,0,0,0,0,0,0,0,0,0,0,0.0
143.0,255.0,454.0,498.0,2762.0,87.0,140.0,138.0,243.0,61.0,2270.0,55.0,19.0,1.0,10.0,274.0,7580.0,99.0,0,1,0,0,0,0,0,0,0,0,0,0,0,0,0,0,1,0,0,0,0,0,0,0,0,0,0,0,0,0,0,0,0,0,0,0,0,0,0,1,0,0,0,0,0,0,0,0,0,0,1,0,0,0,0,0,0,0,0,0,0,0,0,1,0.03
427.0,303.0,37.0,183.0,804.0,66.0,228.0,95.0,178.0,65.0,3035.0,96.0,453.0,10.0,13.0,161.0,6633.0,0.0,0,0,1,0,0,0,0,0,0,0,0,0,0,0,0,0,0,0,0,0,1,0,0,0,0,0,0,0,0,0,0,0,0,0,1,0,0,0,0,0,0,0,0,0,0,0,0,0,0,0,0,0,0,1,0,0,0,0,0,0,0,0,0,0,0.0
206.0,264.0,300.0,249.0,1672.0,98.0,134.0,97.0,181.0,65.0,1823.0,43.0,41.0,4.0,20.0,187.0,6815.0,74.0,0,1,0,0,0,0,0,0,0,0,0,0,0,0,0,0,0,0,0,0,0,0,1,0,0,0,0,0,0,0,0,0,0,0,0,0,0,0,0,1,0,0,0,0,0,1,0,0,0,0,0,0,0,0,0,0,0,0,0,0,0,0,0,1,0.03
233.0,307.0,42.0,177.0,793.0,69.0,232.0,90.0,168.0,65.0,3108.0,93.0,490.0,10.0,2.0,235.0,7307.0,99.0,0,0,1,0,0,0,0,0,0,0,0,0,0,0,0,0,0,0,0,0,0,0,1,0,0,0,0,0,0,0,0,0,0,0,0,0,0,1,0,0,0,0,0,0,0,0,0,0,0,0,0,0,0,1,0,0,0,0,0,0,0,0,0,0,0.0
55.0,254.0,493.0,414.0,2910.0,92.0,130.0,150.0,275.0,60.0,2210.0,43.0,0.0,1.0,6.0,277.0,7692.0,0.0,0,1,0,0,0,0,0,0,0,0,0,0,0,0,0,0,1,0,0,0,0,0,0,0,0,0,0,0,0,0,0,0,0,0,0,0,0,0,0,0,0,1,0,0,0,0,0,0,0,0,1,0,0,0,0,0,0,0,0,0,0,0,0,1,0.03
13.0,257.0,426.0,346.0,2388.0,85.0,154.0,159.0,275.0,57.0,2472.0,44.0,0.0,0.0,3.0,324.0,7458.0,51.0,0,0,1,0,0,0,0,0,0,0,0,0,0,0,0,0,0,0,0,0,0,1,0,0,0,0,0,0,0,0,0,1,0,0,0,0,0,0,0,0,0,0,0,0,0,0,0,0,0,0,0,1,0,0,0,0,0,0,0,0,0,0,0,0,0.0
12.0,259.0,413.0,350.0,2358.0,84.0,155.0,161.0,280.0,58.0,2479.0,46.0,0.0,0.0,2.0,276.0,7297.0,0.0,0,0,1,0,0,0,0,0,0,0,0,0,0,0,0,1,0,0,0,0,0,0,0,0,0,0,0,0,0,0,0,0,0,0,0,0,0,0,0,0,0,1,0,0,0,0,0,0,0,0,0,1,0,0,0,0,0,0,0,0,0,0,0,0,0.0
160.0,282.0,59.0,317.0,1192.0,121.0,120.0,51.0,177.0,69.0,1260.0,110.0,625.0,8.0,11.0,284.0,7929.0,55.0,0,0,0,0,1,0,0,0,0,0,0,0,0,1,0,0,0,0,0,0,0,0,0,0,0,0,0,0,0,0,0,0,1,0,0,0,0,0,0,0,0,0,0,0,0,1,0,0,0,0,0,0,0,0,0,0,0,0,0,0,0,0,0,0,0.0
82.0,285.0,53.0,318.0,1155.0,132.0,116.0,46.0,162.0,67.0,1264.0,114.0,707.0,8.0,13.0,272.0,7765.0,17.0,0,0,0,0,1,0,0,0,0,0,0,1,0,0,0,0,0,0,0,0,0,0,0,0,0,0,0,0,0,0,0,0,1,0,0,0,0,0,0,0,0,0,0,0,0,0,0,1,0,0,0,0,0,0,0,0,0,0,0,0,0,0,0,0,0.0
199.0,318.0,9.0,377.0,1343.0,105.0,174.0,90.0,198.0,68.0,1586.0,124.0,668.0,8.0,5.0,141.0,7620.0,71.0,0,0,1,0,0,0,0,0,0,0,0,0,1,0,0,0,0,0,0,0,0,0,0,0,0,0,0,0,0,0,0,0,1,0,0,0,0,0,0,0,0,0,0,0,0,0,0,0,0,1,0,0,0,0,0,0,0,0,0,0,0,0,0,0,0.0
98.0,324.0,9.0,389.0,1319.0,112.0,174.0,82.0,190.0,68.0,1586.0,128.0,751.0,8.0,4.0,52.0,7811.0,49.0,0,0,1,0,0,0,0,0,0,0,0,0,1,0,0,0,0,0,0,0,0,0,0,0,0,0,0,0,0,0,0,0,1,0,0,0,0,0,0,0,0,0,0,0,0,0,0,0,0,1,0,0,0,0,0,0,0,0,0,0,0,0,0,0,0.0
250.0,281.0,59.0,319.0,1206.0,119.0,121.0,51.0,180.0,69.0,1293.0,110.0,607.0,8.0,14.0,331.0,8092.0,47.0,0,0,0,0,1,0,0,0,0,0,0,0,0,1,0,0,0,0,0,0,0,0,0,0,0,0,0,0,0,0,0,0,1,0,0,0,0,0,0,0,0,0,0,0,0,1,0,0,0,0,0,0,0,0,0,0,0,0,0,0,0,0,0,0,0.0
250.0,281.0,59.0,319.0,1206.0,119.0,121.0,51.0,180.0,69.0,1293.0,110.0,607.0,8.0,14.0,331.0,8092.0,47.0,0,0,0,0,1,0,0,0,0,0,0,0,0,1,0,0,0,0,0,0,0,0,0,0,0,0,0,0,0,0,0,0,1,0,0,0,0,0,0,0,0,0,0,0,0,1,0,0,0,0,0,0,0,0,0,0,0,0,0,0,0,0,0,0,0.0
277.0,280.0,61.0,316.0,1211.0,114.0,121.0,52.0,183.0,70.0,1302.0,109.0,572.0,8.0,11.0,175.0,7910.0,33.0,0,0,0,0,1,0,0,0,0,0,0,0,0,1,0,0,0,0,0,0,0,0,0,0,0,0,0,0,0,0,0,0,0,0,1,0,0,0,0,0,0,0,0,0,0,1,0,0,0,0,0,0,0,0,0,0,0,0,0,0,0,0,0,0,0.0
136.0,304.0,54.0,409.0,1609.0,123.0,139.0,85.0,252.0,70.0,1248.0,111.0,620.0,8.0,5.0,287.0,7919.0,44.0,0,0,0,1,0,0,0,0,0,0,0,0,0,0,0,0,0,0,0,0,1,0,0,0,0,0,0,0,0,0,0,0,1,0,0,0,0,0,0,0,0,0,0,0,0,0,0,0,0,0,0,0,0,0,0,0,1,0,0,0,0,0,0,0,0.0
251.0,283.0,75.0,314.0,1291.0,113.0,125.0,60.0,205.0,71.0,1324.0,101.0,518.0,8.0,3.0,268.0,7940.0,21.0,0,0,0,0,1,0,0,0,0,0,0,0,0,0,0,0,0,0,0,0,0,0,0,0,1,0,0,0,0,0,0,0,0,1,0,0,0,0,0,0,0,0,0,0,0,1,0,0,0,0,0,0,0,0,0,0,0,0,0,0,0,0,0,0,0.0
1438.0,232.0,93.0,302.0,1519.0,65.0,179.0,103.0,236.0,71.0,2229.0,86.0,102.0,6.0,5.0,319.0,8187.0,59.0,0,1,0,0,0,0,0,0,0,1,0,0,0,0,0,0,0,0,0,0,0,0,0,0,0,0,0,0,0,0,0,0,0,1,0,0,0,0,0,0,0,0,0,0,0,0,0,0,0,0,0,0,0,0,0,1,0,0,0,0,0,0,0,1,0.02
1466.0,227.0,93.0,300.0,1508.0,63.0,178.0,103.0,236.0,71.0,2194.0,86.0,97.0,6.0,14.0,162.0,7496.0,100.0,0,1,0,0,0,0,0,0,0,1,0,0,0,0,0,0,0,0,0,0,0,0,0,0,0,0,0,0,0,0,0,0,0,0,0,0,0,0,0,1,0,0,0,0,0,0,0,0,0,0,0,0,0,0,0,1,0,0,0,0,0,0,0,1,0.02
1084.0,243.0,95.0,311.0,1559.0,70.0,180.0,105.0,243.0,70.0,2224.0,87.0,121.0,6.0,15.0,332.0,8277.0,85.0,0,1,0,0,0,0,0,0,0,1,0,0,0,0,0,0,0,0,0,0,0,0,0,0,0,0,0,0,0,0,0,0,0,0,0,0,0,0,0,1,0,0,0,0,0,0,0,0,0,0,0,0,0,0,0,1,0,0,0,0,0,0,0,1,0.02
12.0,259.0,421.0,349.0,2373.0,84.0,155.0,160.0,278.0,57.0,2458.0,45.0,0.0,0.0,0.0,174.0,7360.0,7.0,0,0,1,0,0,0,0,0,0,0,0,0,0,0,0,0,0,0,0,1,0,0,0,0,0,0,0,0,0,0,0,0,0,0,0,0,0,0,0,0,1,0,0,0,0,0,0,0,0,0,0,1,0,0,0,0,0,0,0,0,0,0,0,0,0.0
50.0,254.0,502.0,418.0,2943.0,93.0,130.0,150.0,277.0,60.0,2193.0,43.0,0.0,1.0,5.0,147.0,7457.0,59.0,0,1,0,0,0,0,0,0,0,0,0,0,0,0,0,1,0,0,0,0,0,0,0,0,0,0,0,0,0,0,0,0,0,0,0,0,0,0,0,1,0,0,0,0,0,0,0,0,0,0,1,0,0,0,0,0,0,0,0,0,0,0,0,1,0.03
135.0,294.0,15.0,106.0,444.0,79.0,207.0,41.0,79.0,64.0,2774.0,101.0,819.0,12.0,1.0,184.0,7371.0,30.0,0,0,0,0,0,1,0,0,0,0,0,0,0,0,0,0,0,0,1,0,0,0,0,0,0,0,0,0,0,0,0,0,0,0,1,0,0,0,0,0,0,0,0,0,0,0,0,0,0,0,0,0,0,1,0,0,0,0,0,0,0,0,0,0,0.0
4.0,258.0,428.0,338.0,2401.0,85.0,153.0,156.0,265.0,56.0,2451.0,44.0,0.0,0.0,1.0,296.0,7386.0,46.0,0,0,0,0,0,0,0,1,0,0,0,0,0,0,0,0,0,0,0,0,0,0,0,0,0,0,0,1,0,0,0,0,0,0,0,0,0,0,0,0,0,1,0,0,0,0,0,0,0,0,0,1,0,0,0,0,0,0,0,0,0,0,0,0,0.0
91.0,286.0,53.0,316.0,1148.0,138.0,116.0,46.0,161.0,67.0,1250.0,114.0,735.0,8.0,4.0,239.0,7837.0,4.0,0,0,0,0,1,0,0,0,0,0,0,1,0,0,0,0,0,0,0,0,0,0,0,0,0,0,0,0,0,0,0,0,0,1,0,0,0,0,0,0,0,0,0,0,0,0,0,1,0,0,0,0,0,0,0,0,0,0,0,0,0,0,0,0,0.0
1009.0,220.0,185.0,312.0,1643.0,63.0,171.0,129.0,259.0,64.0,2723.0,77.0,44.0,3.0,4.0,276.0,7805.0,66.0,0,0,0,0,0,0,1,0,0,0,1,0,0,0,0,0,0,0,0,0,0,0,0,0,0,0,0,0,0,0,0,0,0,0,0,0,0,0,0,1,0,0,0,0,0,0,0,0,0,0,1,0,0,0,0,0,0,0,0,0,0,0,0,0,0.0
1023.0,221.0,177.0,313.0,1630.0,63.0,172.0,130.0,261.0,64.0,2724.0,78.0,48.0,3.0,7.0,179.0,7592.0,60.0,0,1,0,0,0,0,0,0,0,1,0,0,0,0,0,0,0,0,0,0,0,0,0,0,0,0,0,0,0,0,0,0,0,0,0,0,0,0,0,1,0,0,0,0,0,0,0,0,0,0,1,0,0,0,0,0,0,0,0,0,0,0,0,0,0.0
408.0,288.0,48.0,179.0,818.0,65.0,214.0,93.0,168.0,65.0,2945.0,91.0,380.0,10.0,1.0,307.0,7430.0,0.0,0,1,0,0,0,0,0,0,0,0,0,0,0,0,0,0,0,0,0,0,0,0,1,0,0,0,0,0,0,0,0,0,0,0,1,0,0,0,0,0,0,0,0,0,0,0,0,0,0,0,0,0,0,1,0,0,0,0,0,0,0,0,0,0,0.0
4.0,254.0,501.0,398.0,2640.0,85.0,139.0,148.0,232.0,57.0,2316.0,48.0,18.0,1.0,1.0,241.0,7521.0,73.0,0,0,0,0,0,0,0,0,1,0,0,0,0,0,0,0,0,0,0,0,0,1,0,0,0,0,0,0,0,0,0,0,0,0,0,0,0,0,0,0,0,1,0,0,0,0,0,0,0,0,0,0,0,0,1,0,0,0,0,0,0,0,0,0,0.0
5.0,256.0,504.0,415.0,2671.0,87.0,134.0,131.0,239.0,58.0,2230.0,50.0,27.0,1.0,1.0,2.0,7543.0,1.0,0,0,0,0,1,0,0,0,0,0,0,0,0,0,0,1,0,0,0,0,0,0,0,0,0,0,0,0,0,0,0,0,0,0,0,0,0,0,0,0,0,1,0,0,0,0,0,0,0,0,0,0,0,0,1,0,0,0,0,0,0,0,0,0,0.0
46.0,258.0,424.0,346.0,2381.0,84.0,153.0,159.0,275.0,57.0,2462.0,45.0,0.0,0.0,8.0,263.0,7236.0,0.0,0,0,1,0,0,0,0,0,0,0,0,0,0,0,0,0,0,0,0,0,0,1,0,0,0,0,0,0,0,0,0,0,0,0,0,0,0,0,0,0,0,1,0,0,0,0,0,0,0,0,0,1,0,0,0,0,0,0,0,0,0,0,0,0,0.0
13.0,250.0,558.0,443.0,3156.0,94.0,117.0,124.0,251.0,57.0,2017.0,45.0,11.0,1.0,1.0,213.0,7688.0,59.0,1,0,0,0,0,0,0,0,0,0,0,0,0,0,0,0,0,0,0,0,0,1,0,0,0,0,0,0,0,0,0,0,0,0,0,0,0,0,0,0,0,1,0,0,0,0,0,0,0,0,1,0,0,0,0,0,0,0,0,0,0,0,0,0,0.0
306.0,240.0,469.0,366.0,2659.0,86.0,134.0,114.0,245.0,61.0,2161.0,43.0,7.0,1.0,16.0,329.0,8089.0,97.0,0,1,0,0,0,0,0,0,0,0,0,0,0,0,1,0,0,0,0,0,0,0,0,0,0,0,0,0,0,0,0,0,0,0,0,0,0,0,0,1,0,0,0,0,0,0,0,0,0,0,1,0,0,0,0,0,0,0,0,0,0,0,0,0,0.0
8.0,257.0,537.0,499.0,3010.0,94.0,130.0,145.0,256.0,57.0,2193.0,47.0,10.0,1.0,3.0,115.0,7582.0,34.0,0,0,0,0,0,0,0,1,0,0,0,0,0,0,0,0,0,0,0,0,0,0,0,0,0,0,0,1,0,0,0,0,0,0,0,0,0,0,0,0,0,1,0,0,0,0,0,0,0,0,1,0,0,0,0,0,0,0,0,0,0,0,0,0,0.0
8.0,256.0,516.0,415.0,2694.0,86.0,133.0,130.0,238.0,57.0,2234.0,49.0,25.0,1.0,3.0,292.0,7574.0,32.0,1,0,0,0,0,0,0,0,0,0,0,0,0,0,0,0,0,0,0,0,0,1,0,0,0,0,0,0,0,0,0,0,0,0,0,0,0,0,0,0,0,1,0,0,0,0,0,0,0,0,0,0,0,0,1,0,0,0,0,0,0,0,0,0,0.0
14.0,258.0,531.0,501.0,2992.0,94.0,131.0,145.0,253.0,58.0,2190.0,47.0,11.0,1.0,1.0,234.0,7606.0,24.0,0,0,0,0,0,0,0,1,0,0,0,0,0,0,0,0,0,0,0,0,0,1,0,0,0,0,0,0,0,0,0,0,0,0,0,0,0,0,0,0,1,0,0,0,0,0,0,0,0,0,1,0,0,0,0,0,0,0,0,0,0,0,0,0,0.0
900.0,232.0,78.0,261.0,1256.0,67.0,167.0,106.0,198.0,66.0,2500.0,91.0,193.0,7.0,0.0,290.0,7891.0,13.0,0,1,0,0,0,0,0,0,0,1,0,0,0,0,0,0,0,0,0,0,0,0,0,0,0,0,0,0,0,0,0,0,0,0,0,0,0,0,0,0,0,1,0,0,0,0,0,0,0,0,1,0,0,0,0,0,0,0,0,0,0,0,0,1,0.02
1332.0,214.0,73.0,245.0,1186.0,61.0,168.0,107.0,192.0,67.0,2478.0,93.0,179.0,7.0,16.0,290.0,7945.0,99.0,0,1,0,0,0,0,0,0,0,1,0,0,0,0,0,0,0,0,0,0,0,0,0,0,0,0,0,0,0,0,0,0,0,0,0,0,0,0,0,1,0,0,0,0,0,0,0,0,0,0,1,0,0,0,0,0,0,0,0,0,0,0,0,1,0.02
8.0,257.0,537.0,499.0,3010.0,94.0,130.0,145.0,256.0,57.0,2193.0,47.0,10.0,1.0,3.0,115.0,7582.0,34.0,0,0,0,0,0,0,0,1,0,0,0,0,0,0,0,0,0,0,0,0,0,0,0,0,0,0,0,1,0,0,0,0,0,0,0,0,0,0,0,0,0,1,0,0,0,0,0,0,0,0,1,0,0,0,0,0,0,0,0,0,0,0,0,1,0.03
13.0,250.0,558.0,443.0,3156.0,94.0,117.0,124.0,251.0,57.0,2017.0,45.0,11.0,1.0,1.0,213.0,7688.0,59.0,1,0,0,0,0,0,0,0,0,0,0,0,0,0,0,0,0,0,0,0,0,1,0,0,0,0,0,0,0,0,0,0,0,0,0,0,0,0,0,0,0,1,0,0,0,0,0,0,0,0,1,0,0,0,0,0,0,0,0,0,0,0,0,0,0.0
14.0,255.0,448.0,397.0,2792.0,91.0,131.0,146.0,282.0,62.0,2149.0,45.0,1.0,1.0,1.0,351.0,7722.0,28.0,0,1,0,0,0,0,0,0,0,0,0,0,0,0,0,0,0,0,0,0,0,1,0,0,0,0,0,0,0,0,0,0,0,0,0,0,0,0,0,0,0,1,0,0,0,0,0,0,0,0,1,0,0,0,0,0,0,0,0,0,0,0,0,0,0.0
1090.0,221.0,70.0,246.0,1179.0,64.0,168.0,105.0,190.0,67.0,2486.0,94.0,196.0,7.0,14.0,214.0,7244.0,100.0,0,1,0,0,0,0,0,0,0,1,0,0,0,0,0,0,0,0,0,0,0,0,0,0,0,0,0,0,0,0,0,0,0,0,0,0,0,0,0,1,0,0,0,0,0,0,0,0,0,0,1,0,0,0,0,0,0,0,0,0,0,0,0,1,0.06
12.0,259.0,421.0,349.0,2373.0,84.0,155.0,160.0,278.0,57.0,2458.0,45.0,0.0,0.0,0.0,174.0,7360.0,7.0,0,0,1,0,0,0,0,0,0,0,0,0,0,0,0,0,0,0,0,1,0,0,0,0,0,0,0,0,0,0,0,0,0,0,0,0,0,0,0,0,1,0,0,0,0,0,0,0,0,0,0,1,0,0,0,0,0,0,0,0,0,0,0,0,0.0
12.0,259.0,421.0,349.0,2373.0,84.0,155.0,160.0,278.0,57.0,2458.0,45.0,0.0,0.0,0.0,174.0,7360.0,7.0,0,0,1,0,0,0,0,0,0,0,0,0,0,0,0,0,0,0,0,1,0,0,0,0,0,0,0,0,0,0,0,0,0,0,0,0,0,0,0,0,1,0,0,0,0,0,0,0,0,0,0,1,0,0,0,0,0,0,0,0,0,0,0,0,0.0
1026.0,279.0,17.0,189.0,743.0,65.0,215.0,71.0,164.0,67.0,2572.0,109.0,389.0,9.0,4.0,147.0,7417.0,51.0,0,0,1,0,0,0,0,0,0,0,0,0,1,0,0,0,0,0,0,0,0,0,0,0,0,0,0,0,0,0,0,0,0,0,0,1,0,0,0,0,0,0,0,0,0,0,0,0,0,0,0,0,0,1,0,0,0,0,0,0,0,0,0,0,0.0
69.0,267.0,295.0,253.0,1678.0,100.0,133.0,97.0,184.0,66.0,1808.0,44.0,51.0,4.0,5.0,240.0,7673.0,22.0,0,1,0,0,0,0,0,0,0,0,0,0,0,0,0,0,1,0,0,0,0,0,0,0,0,0,0,0,0,0,0,0,0,0,0,0,0,0,0,0,0,1,0,0,0,1,0,0,0,0,0,0,0,0,0,0,0,0,0,0,0,0,0,1,0.03
95.0,293.0,101.0,297.0,1415.0,120.0,129.0,77.0,227.0,72.0,1339.0,87.0,468.0,8.0,9.0,201.0,7586.0,6.0,0,1,0,0,0,0,0,0,0,0,0,0,0,0,0,0,1,0,0,0,0,0,0,0,0,0,0,0,0,0,0,0,0,1,0,0,0,0,0,0,0,0,0,0,0,1,0,0,0,0,0,0,0,0,0,0,0,0,0,0,0,0,0,0,0.0
122.0,298.0,52.0,475.0,1910.0,115.0,127.0,169.0,310.0,71.0,1230.0,102.0,465.0,7.0,7.0,58.0,7938.0,72.0,0,0,0,0,1,0,0,0,0,0,0,0,1,0,0,0,0,0,0,0,0,0,0,0,0,0,0,0,0,0,0,0,0,0,1,0,0,0,0,0,0,0,0,0,0,0,1,0,0,0,0,0,0,0,0,0,0,0,0,0,0,0,0,1,0.03
839.0,252.0,92.0,277.0,1405.0,77.0,144.0,91.0,241.0,73.0,1642.0,87.0,196.0,6.0,18.0,339.0,7857.0,100.0,0,1,0,0,0,0,0,0,0,1,0,0,0,0,0,0,0,0,0,0,0,0,0,0,0,0,0,0,0,0,0,0,0,0,0,0,0,0,0,1,0,0,0,0,0,1,0,0,0,0,0,0,0,0,0,0,0,0,0,0,0,0,0,0,0.0
106.0,271.0,301.0,256.0,1693.0,104.0,132.0,95.0,180.0,65.0,1792.0,44.0,64.0,4.0,6.0,177.0,7588.0,2.0,0,1,0,0,0,0,0,0,0,0,0,0,0,0,0,0,1,0,0,0,0,0,0,0,0,0,0,0,0,0,0,0,0,0,0,0,0,0,0,0,0,1,0,0,0,1,0,0,0,0,0,0,0,0,0,0,0,0,0,0,0,0,0,1,0.03
244.0,264.0,290.0,251.0,1666.0,97.0,135.0,99.0,187.0,65.0,1835.0,45.0,40.0,4.0,9.0,150.0,7596.0,17.0,0,1,0,0,0,0,0,0,0,0,0,0,0,0,0,0,0,0,0,0,0,0,1,0,0,0,0,0,0,0,0,0,0,0,0,0,0,0,0,1,0,0,0,0,0,1,0,0,0,0,0,0,0,0,0,0,0,0,0,0,0,0,0,1,0.03
5.0,259.0,415.0,296.0,2059.0,75.0,156.0,135.0,220.0,58.0,2455.0,40.0,2.0,1.0,3.0,120.0,7187.0,7.0,0,0,0,0,0,0,0,1,0,0,0,0,0,0,0,0,0,0,0,0,0,1,0,0,0,0,0,0,0,0,0,0,0,0,1,0,0,0,0,0,0,0,0,0,0,0,0,0,0,0,0,0,1,0,0,0,0,0,0,0,0,0,0,0,0.0
5.0,259.0,415.0,295.0,2054.0,74.0,156.0,134.0,219.0,58.0,2438.0,40.0,2.0,1.0,3.0,311.0,7362.0,18.0,0,0,0,0,0,0,0,0,1,0,0,0,0,0,0,0,0,0,0,0,0,1,0,0,0,0,0,0,0,0,0,0,0,0,1,0,0,0,0,0,0,0,0,0,0,0,0,0,0,0,0,0,1,0,0,0,0,0,0,0,0,0,0,0,0.0
0.0,260.0,423.0,305.0,2116.0,75.0,157.0,140.0,227.0,59.0,2469.0,40.0,0.0,1.0,0.0,246.0,7250.0,18.0,0,0,0,0,0,0,0,1,0,0,0,0,0,0,0,0,0,0,0,0,0,1,0,0,0,0,0,0,0,0,0,0,0,1,0,0,0,0,0,0,0,0,0,0,0,0,0,0,0,0,0,0,1,0,0,0,0,0,0,0,0,0,0,0,0.0
308.0,248.0,251.0,215.0,1449.0,66.0,164.0,112.0,182.0,62.0,2503.0,47.0,23.0,2.0,23.0,156.0,5548.0,90.0,0,1,0,0,0,0,0,0,0,1,0,0,0,0,0,0,0,0,0,0,0,0,0,0,0,0,0,0,0,0,0,0,0,0,0,0,0,0,0,1,0,0,0,0,0,0,0,0,0,0,0,0,1,0,0,0,0,0,0,0,0,0,0,0,0.0
37.0,257.0,478.0,493.0,2855.0,90.0,135.0,136.0,238.0,60.0,2174.0,51.0,20.0,1.0,3.0,221.0,7501.0,0.0,0,1,0,0,0,0,0,0,0,0,0,0,0,0,0,0,1,0,0,0,0,0,0,0,0,0,0,0,0,0,0,0,0,0,1,0,0,0,0,0,0,0,0,0,0,0,0,0,0,0,1,0,0,0,0,0,0,0,0,0,0,0,0,1,0.03
201.0,253.0,309.0,396.0,2276.0,75.0,157.0,172.0,232.0,60.0,2510.0,68.0,26.0,1.0,15.0,48.0,7777.0,0.0,0,1,0,0,0,0,0,0,0,0,0,0,0,0,1,0,0,0,0,0,0,0,0,0,0,0,0,0,0,0,0,0,0,0,0,0,0,0,0,0,0,1,0,0,0,0,0,0,0,0,0,0,0,0,1,0,0,0,0,0,0,0,0,0,0.0
201.0,253.0,309.0,396.0,2276.0,75.0,157.0,172.0,232.0,60.0,2510.0,68.0,26.0,1.0,15.0,48.0,7777.0,0.0,0,1,0,0,0,0,0,0,0,0,0,0,0,0,1,0,0,0,0,0,0,0,0,0,0,0,0,0,0,0,0,0,0,0,0,0,0,0,0,0,0,1,0,0,0,0,0,0,0,0,0,0,0,0,1,0,0,0,0,0,0,0,0,0,0.0
201.0,253.0,309.0,396.0,2276.0,75.0,157.0,172.0,232.0,60.0,2510.0,68.0,26.0,1.0,15.0,48.0,7777.0,0.0,0,1,0,0,0,0,0,0,0,0,0,0,0,0,1,0,0,0,0,0,0,0,0,0,0,0,0,0,0,0,0,0,0,0,0,0,0,0,0,0,0,1,0,0,0,0,0,0,0,0,0,0,0,0,1,0,0,0,0,0,0,0,0,1,0.06
201.0,253.0,309.0,396.0,2276.0,75.0,157.0,172.0,232.0,60.0,2510.0,68.0,26.0,1.0,15.0,48.0,7777.0,0.0,0,1,0,0,0,0,0,0,0,0,0,0,0,0,1,0,0,0,0,0,0,0,0,0,0,0,0,0,0,0,0,0,0,0,0,0,0,0,0,0,0,1,0,0,0,0,0,0,0,0,0,0,0,0,1,0,0,0,0,0,0,0,0,0,0.0
201.0,253.0,309.0,396.0,2276.0,75.0,157.0,172.0,232.0,60.0,2510.0,68.0,26.0,1.0,15.0,48.0,7777.0,0.0,0,1,0,0,0,0,0,0,0,0,0,0,0,0,1,0,0,0,0,0,0,0,0,0,0,0,0,0,0,0,0,0,0,0,0,0,0,0,0,0,0,1,0,0,0,0,0,0,0,0,0,0,0,0,1,0,0,0,0,0,0,0,0,0,0.0
201.0,253.0,309.0,396.0,2276.0,75.0,157.0,172.0,232.0,60.0,2510.0,68.0,26.0,1.0,15.0,48.0,7777.0,0.0,0,1,0,0,0,0,0,0,0,0,0,0,0,0,1,0,0,0,0,0,0,0,0,0,0,0,0,0,0,0,0,0,0,0,0,0,0,0,0,0,0,1,0,0,0,0,0,0,0,0,0,0,0,0,1,0,0,0,0,0,0,0,0,0,0.0
201.0,253.0,309.0,396.0,2276.0,75.0,157.0,172.0,232.0,60.0,2510.0,68.0,26.0,1.0,15.0,48.0,7777.0,0.0,0,1,0,0,0,0,0,0,0,0,0,0,0,0,1,0,0,0,0,0,0,0,0,0,0,0,0,0,0,0,0,0,0,0,0,0,0,0,0,0,0,1,0,0,0,0,0,0,0,0,0,0,0,0,1,0,0,0,0,0,0,0,0,0,0.0
92.0,255.0,305.0,393.0,2241.0,76.0,157.0,173.0,222.0,60.0,2512.0,68.0,27.0,1.0,13.0,173.0,6717.0,16.0,0,1,0,0,0,0,0,0,0,0,0,0,0,0,1,0,0,0,0,0,0,0,0,0,0,0,0,0,0,0,0,0,0,0,0,0,0,0,0,0,0,1,0,0,0,0,0,0,0,0,0,0,0,0,1,0,0,0,0,0,0,0,0,0,0.0
201.0,253.0,309.0,396.0,2276.0,75.0,157.0,172.0,232.0,60.0,2510.0,68.0,26.0,1.0,15.0,48.0,7777.0,0.0,0,1,0,0,0,0,0,0,0,0,0,0,0,0,1,0,0,0,0,0,0,0,0,0,0,0,0,0,0,0,0,0,0,0,0,0,0,0,0,0,0,1,0,0,0,0,0,0,0,0,0,0,0,0,1,0,0,0,0,0,0,0,0,0,0.0
201.0,253.0,309.0,396.0,2276.0,75.0,157.0,172.0,232.0,60.0,2510.0,68.0,26.0,1.0,15.0,48.0,7777.0,0.0,0,1,0,0,0,0,0,0,0,0,0,0,0,0,1,0,0,0,0,0,0,0,0,0,0,0,0,0,0,0,0,0,0,0,0,0,0,0,0,0,0,1,0,0,0,0,0,0,0,0,0,0,0,0,1,0,0,0,0,0,0,0,0,1,0.03
201.0,253.0,309.0,396.0,2276.0,75.0,157.0,172.0,232.0,60.0,2510.0,68.0,26.0,1.0,15.0,48.0,7777.0,0.0,0,1,0,0,0,0,0,0,0,0,0,0,0,0,1,0,0,0,0,0,0,0,0,0,0,0,0,0,0,0,0,0,0,0,0,0,0,0,0,0,0,1,0,0,0,0,0,0,0,0,0,0,0,0,1,0,0,0,0,0,0,0,0,1,0.045
201.0,253.0,309.0,396.0,2276.0,75.0,157.0,172.0,232.0,60.0,2510.0,68.0,26.0,1.0,15.0,48.0,7777.0,0.0,0,1,0,0,0,0,0,0,0,0,0,0,0,0,1,0,0,0,0,0,0,0,0,0,0,0,0,0,0,0,0,0,0,0,0,0,0,0,0,0,0,1,0,0,0,0,0,0,0,0,0,0,0,0,1,0,0,0,0,0,0,0,0,0,0.0
201.0,253.0,309.0,396.0,2276.0,75.0,157.0,172.0,232.0,60.0,2510.0,68.0,26.0,1.0,15.0,48.0,7777.0,0.0,0,1,0,0,0,0,0,0,0,0,0,0,0,0,1,0,0,0,0,0,0,0,0,0,0,0,0,0,0,0,0,0,0,0,0,0,0,0,0,0,0,1,0,0,0,0,0,0,0,0,0,0,0,0,1,0,0,0,0,0,0,0,0,0,0.0
1174.0,215.0,102.0,327.0,1570.0,60.0,171.0,149.0,288.0,64.0,2667.0,91.0,101.0,7.0,8.0,338.0,7929.0,33.0,0,1,0,0,0,0,0,0,0,1,0,0,0,0,0,0,0,0,0,0,0,0,0,0,0,0,0,0,0,0,0,0,0,0,0,0,0,0,0,1,0,0,0,0,0,0,0,0,0,0,0,0,0,0,0,0,0,0,0,0,0,1,0,0,0.0
410.0,250.0,274.0,291.0,1810.0,86.0,148.0,100.0,219.0,66.0,2072.0,55.0,19.0,2.0,24.0,157.0,6554.0,100.0,0,1,0,0,0,0,0,0,0,1,0,0,0,0,0,0,0,0,0,0,0,0,0,0,0,0,0,0,0,0,0,0,0,0,0,0,0,0,0,1,0,0,0,0,0,0,0,0,0,0,0,0,0,0,0,1,0,0,0,0,0,0,0,0,0.0
529.0,314.0,16.0,181.0,685.0,73.0,241.0,61.0,142.0,66.0,2843.0,110.0,553.0,10.0,13.0,345.0,7973.0,18.0,0,0,0,1,0,0,0,0,0,0,0,0,1,0,0,0,0,0,0,0,0,0,0,0,0,0,0,0,0,0,0,0,0,1,0,0,0,0,0,0,0,0,0,0,0,0,0,0,0,0,0,0,0,1,0,0,0,0,0,0,0,0,0,0,0.0
261.0,264.0,299.0,248.0,1669.0,98.0,133.0,97.0,183.0,66.0,1821.0,43.0,40.0,4.0,13.0,7.0,8107.0,87.0,0,1,0,0,0,0,0,0,0,0,0,0,0,0,0,0,0,0,0,0,0,0,1,0,0,0,0,0,0,0,0,0,0,0,0,0,0,0,0,1,0,0,0,0,0,1,0,0,0,0,0,0,0,0,0,0,0,0,0,0,0,0,0,1,0.03
529.0,314.0,16.0,181.0,685.0,73.0,241.0,61.0,142.0,66.0,2843.0,110.0,553.0,10.0,13.0,345.0,7973.0,18.0,0,0,0,1,0,0,0,0,0,0,0,0,1,0,0,0,0,0,0,0,0,0,0,0,0,0,0,0,0,0,0,0,0,1,0,0,0,0,0,0,0,0,0,0,0,0,0,0,0,0,0,0,0,1,0,0,0,0,0,0,0,0,0,0,0.0
206.0,264.0,300.0,249.0,1672.0,98.0,134.0,97.0,181.0,65.0,1823.0,43.0,41.0,4.0,20.0,187.0,6815.0,74.0,0,1,0,0,0,0,0,0,0,0,0,0,0,0,0,0,0,0,0,0,0,0,1,0,0,0,0,0,0,0,0,0,0,0,0,0,0,0,0,1,0,0,0,0,0,1,0,0,0,0,0,0,0,0,0,0,0,0,0,0,0,0,0,1,0.03
110.0,278.0,189.0,134.0,927.0,84.0,180.0,70.0,108.0,63.0,2702.0,43.0,341.0,10.0,15.0,119.0,6517.0,88.0,0,1,0,0,0,0,0,0,0,0,0,0,0,0,0,0,0,0,1,0,0,0,0,0,0,0,0,0,0,0,0,0,0,0,1,0,0,0,0,0,0,0,0,0,0,0,0,0,0,0,0,0,1,0,0,0,0,0,0,0,0,0,0,0,0.0
635.0,235.0,367.0,416.0,2562.0,70.0,157.0,143.0,304.0,63.0,2523.0,59.0,13.0,1.0,6.0,56.0,7812.0,56.0,0,1,0,0,0,0,0,0,0,0,0,0,0,0,1,0,0,0,0,0,0,0,0,0,0,0,0,0,0,0,0,0,0,0,0,0,0,0,0,1,0,0,0,0,0,0,0,0,0,0,1,0,0,0,0,0,0,0,0,0,0,0,0,1,0.06
177.0,282.0,159.0,172.0,1054.0,73.0,195.0,87.0,145.0,64.0,2778.0,58.0,196.0,7.0,11.0,154.0,6728.0,82.0,0,1,0,0,0,0,0,0,0,0,0,0,0,0,0,0,0,0,0,0,0,0,1,0,0,0,0,0,0,0,0,0,0,0,0,0,0,1,0,0,0,0,0,0,0,0,0,0,0,0,0,0,0,1,0,0,0,0,0,0,0,0,0,0,0.0
1252.0,228.0,29.0,300.0,1342.0,57.0,170.0,152.0,268.0,65.0,2451.0,103.0,236.0,7.0,1.0,289.0,7911.0,0.0,1,0,0,0,0,0,0,0,0,0,0,0,0,0,0,0,1,0,0,0,0,0,0,0,0,0,0,0,0,0,0,1,0,0,0,0,0,0,0,0,0,0,0,0,0,0,0,0,0,0,0,0,0,0,0,0,0,0,0,0,1,0,0,0,0.0
229.0,308.0,12.0,370.0,1325.0,96.0,165.0,102.0,233.0,67.0,1783.0,118.0,603.0,8.0,2.0,10.0,7708.0,3.0,0,0,0,0,1,0,0,0,0,0,0,0,0,0,0,0,0,0,0,0,0,0,0,1,0,0,0,0,0,0,0,0,0,1,0,0,0,0,0,0,0,0,0,0,0,0,0,0,0,1,0,0,0,0,0,0,0,0,0,0,0,0,0,1,0.03
143.0,328.0,23.0,156.0,631.0,88.0,248.0,59.0,138.0,66.0,3190.0,103.0,847.0,12.0,1.0,312.0,7389.0,88.0,0,0,0,0,1,0,0,0,0,0,0,0,0,0,0,0,0,0,0,0,0,0,0,1,0,0,0,0,0,0,0,0,0,0,0,0,0,1,0,0,0,0,0,0,0,0,0,0,0,0,0,0,0,1,0,0,0,0,0,0,0,0,0,0,0.0
229.0,308.0,12.0,370.0,1325.0,96.0,165.0,102.0,233.0,67.0,1783.0,118.0,603.0,8.0,2.0,10.0,7708.0,3.0,0,0,0,0,1,0,0,0,0,0,0,0,0,0,0,0,0,0,0,0,0,0,0,1,0,0,0,0,0,0,0,0,0,1,0,0,0,0,0,0,0,0,0,0,0,0,0,0,0,1,0,0,0,0,0,0,0,0,0,0,0,0,0,0,0.0
55.0,301.0,73.0,483.0,2006.0,114.0,148.0,161.0,319.0,69.0,1387.0,100.0,409.0,7.0,4.0,111.0,7729.0,29.0,0,0,0,0,1,0,0,0,0,0,0,0,1,0,0,0,0,0,0,0,0,0,0,0,0,0,0,0,0,0,0,0,1,0,0,0,0,0,0,0,0,0,0,0,0,0,0,0,0,0,0,0,0,0,0,0,0,1,0,0,0,0,0,1,0.03
267.0,296.0,51.0,471.0,1899.0,112.0,128.0,168.0,311.0,71.0,1222.0,103.0,450.0,7.0,13.0,176.0,7291.0,96.0,0,0,0,0,1,0,0,0,0,0,0,0,1,0,0,0,0,0,0,0,0,0,0,0,0,0,0,0,0,0,0,0,0,0,0,0,0,0,0,1,0,0,0,0,0,0,1,0,0,0,0,0,0,0,0,0,0,0,0,0,0,0,0,1,0.03
346.0,309.0,12.0,369.0,1346.0,94.0,169.0,109.0,239.0,67.0,1788.0,116.0,576.0,8.0,4.0,25.0,7781.0,91.0,0,0,0,1,0,0,0,0,0,0,0,0,0,0,0,0,0,0,0,0,0,0,1,0,0,0,0,0,0,0,0,0,1,0,0,0,0,0,0,0,0,0,0,0,0,0,0,0,0,1,0,0,0,0,0,0,0,0,0,0,0,0,0,0,0.0
259.0,305.0,12.0,370.0,1336.0,92.0,167.0,105.0,237.0,67.0,1799.0,117.0,567.0,8.0,8.0,208.0,7361.0,62.0,0,0,0,1,0,0,0,0,0,0,0,0,0,0,0,0,0,0,0,0,0,0,0,1,0,0,0,0,0,0,0,0,0,1,0,0,0,0,0,0,0,0,0,0,0,0,0,0,0,1,0,0,0,0,0,0,0,0,0,0,0,0,0,1,0.03
86.0,305.0,11.0,361.0,1209.0,101.0,158.0,81.0,208.0,65.0,1879.0,124.0,687.0,8.0,3.0,355.0,7783.0,0.0,0,0,1,0,0,0,0,0,0,0,0,0,1,0,0,0,0,0,0,0,0,0,0,0,0,0,0,0,0,0,0,0,0,1,0,0,0,0,0,0,0,0,0,0,0,0,0,0,0,1,0,0,0,0,0,0,0,0,0,0,0,0,0,0,0.0
226.0,308.0,12.0,371.0,1327.0,96.0,165.0,100.0,232.0,66.0,1792.0,118.0,612.0,8.0,7.0,256.0,7610.0,83.0,0,0,0,1,0,0,0,0,0,0,0,0,0,0,0,0,0,0,0,0,0,0,0,1,0,0,0,0,0,0,0,0,1,0,0,0,0,0,0,0,0,0,0,0,0,0,0,0,0,1,0,0,0,0,0,0,0,0,0,0,0,0,0,0,0.0
272.0,309.0,12.0,369.0,1346.0,94.0,170.0,109.0,240.0,67.0,1810.0,116.0,579.0,8.0,9.0,170.0,7307.0,68.0,0,0,0,1,0,0,0,0,0,0,0,0,0,0,0,0,0,0,0,0,0,0,1,0,0,0,0,0,0,0,0,0,1,0,0,0,0,0,0,0,0,0,0,0,0,0,0,0,0,1,0,0,0,0,0,0,0,0,0,0,0,0,0,0,0.0
751.0,256.0,65.0,322.0,1340.0,83.0,127.0,65.0,217.0,73.0,1381.0,103.0,330.0,7.0,14.0,262.0,7917.0,100.0,0,0,1,0,0,0,0,0,0,0,0,0,0,0,0,0,0,0,0,0,0,0,0,0,0,1,0,0,0,0,0,0,0,0,0,0,0,0,0,1,0,0,0,0,0,0,0,1,0,0,0,0,0,0,0,0,0,0,0,0,0,0,0,0,0.0
198.0,245.0,448.0,383.0,2651.0,88.0,125.0,112.0,234.0,60.0,2098.0,46.0,8.0,1.0,13.0,111.0,7457.0,84.0,0,1,0,0,0,0,0,0,0,0,0,0,0,0,1,0,0,0,0,0,0,0,0,0,0,0,0,0,0,0,0,0,0,0,0,0,0,0,0,1,0,0,0,0,0,0,0,0,0,0,1,0,0,0,0,0,0,0,0,0,0,0,0,0,0.0
32.0,256.0,506.0,422.0,2954.0,93.0,131.0,153.0,272.0,60.0,2209.0,43.0,2.0,1.0,5.0,98.0,7645.0,0.0,0,1,0,0,0,0,0,0,0,0,0,0,0,0,0,0,1,0,0,0,0,0,0,0,0,0,0,0,0,0,0,1,0,0,0,0,0,0,0,0,0,0,0,0,0,0,0,0,0,0,1,0,0,0,0,0,0,0,0,0,0,0,0,1,0.03
908.0,222.0,140.0,277.0,1455.0,66.0,160.0,107.0,212.0,64.0,2513.0,77.0,71.0,3.0,18.0,148.0,7058.0,85.0,0,1,0,0,0,0,0,0,0,1,0,0,0,0,0,0,0,0,0,0,0,0,0,0,0,0,0,0,0,0,0,0,0,0,0,0,0,0,0,1,0,0,0,0,0,0,0,0,0,0,1,0,0,0,0,0,0,0,0,0,0,0,0,1,0.03
908.0,222.0,140.0,277.0,1455.0,66.0,160.0,107.0,212.0,64.0,2513.0,77.0,71.0,3.0,18.0,148.0,7058.0,85.0,0,1,0,0,0,0,0,0,0,1,0,0,0,0,0,0,0,0,0,0,0,0,0,0,0,0,0,0,0,0,0,0,0,0,0,0,0,0,0,1,0,0,0,0,0,0,0,0,0,0,1,0,0,0,0,0,0,0,0,0,0,0,0,0,0.0
544.0,253.0,137.0,306.0,1557.0,65.0,176.0,125.0,254.0,62.0,2708.0,84.0,116.0,6.0,5.0,201.0,7607.0,0.0,0,1,0,0,0,0,0,0,0,0,0,0,0,0,0,0,1,0,0,0,0,0,0,0,0,0,0,0,0,0,0,0,0,0,1,0,0,0,0,0,0,0,0,0,0,0,0,0,0,0,0,0,0,0,0,0,0,0,1,0,0,0,0,0,0.0
544.0,253.0,137.0,306.0,1557.0,65.0,176.0,125.0,254.0,62.0,2708.0,84.0,116.0,6.0,5.0,201.0,7607.0,0.0,0,1,0,0,0,0,0,0,0,0,0,0,0,0,0,0,1,0,0,0,0,0,0,0,0,0,0,0,0,0,0,0,0,0,1,0,0,0,0,0,0,0,0,0,0,0,0,0,0,0,0,0,0,0,0,0,0,0,1,0,0,0,0,0,0.0
40.0,303.0,72.0,460.0,1954.0,118.0,147.0,148.0,315.0,69.0,1391.0,101.0,438.0,7.0,7.0,292.0,7875.0,39.0,0,0,0,0,1,0,0,0,0,0,0,0,1,0,0,0,0,0,0,0,0,0,0,0,0,0,0,0,0,0,0,0,1,0,0,0,0,0,0,0,0,0,0,0,0,0,0,0,1,0,0,0,0,0,0,0,0,0,0,0,0,0,0,0,0.0
171.0,287.0,123.0,273.0,1420.0,114.0,129.0,81.0,219.0,71.0,1436.0,78.0,360.0,8.0,8.0,36.0,7888.0,24.0,0,1,0,0,0,0,0,0,0,1,0,0,0,0,0,0,0,0,0,0,0,0,0,0,0,0,0,0,0,0,0,0,0,1,0,0,0,0,0,0,0,0,0,0,0,1,0,0,0,0,0,0,0,0,0,0,0,0,0,0,0,0,0,0,0.0
171.0,287.0,123.0,273.0,1420.0,114.0,129.0,81.0,219.0,71.0,1436.0,78.0,360.0,8.0,8.0,36.0,7888.0,24.0,0,1,0,0,0,0,0,0,0,1,0,0,0,0,0,0,0,0,0,0,0,0,0,0,0,0,0,0,0,0,0,0,0,1,0,0,0,0,0,0,0,0,0,0,0,1,0,0,0,0,0,0,0,0,0,0,0,0,0,0,0,0,0,0,0.0
578.0,312.0,17.0,189.0,730.0,74.0,251.0,65.0,155.0,65.0,2951.0,109.0,511.0,10.0,2.0,316.0,7581.0,0.0,0,0,0,0,1,0,0,0,0,0,0,0,0,0,0,0,0,0,0,0,0,0,0,1,0,0,0,0,0,0,0,0,0,1,0,0,0,0,0,0,0,0,0,0,0,0,0,0,0,0,0,0,0,1,0,0,0,0,0,0,0,0,0,0,0.0
