clim_1_tmin1_jan,clim_2_tmin2_feb,clim_3_tmin3_mar,clim_4_tmin4_apr,clim_5_tmin5_may,clim_6_tmin6_jun,clim_7_tmin7_jul,clim_8_tmin8_aug,clim_9_tmin9_sep,clim_10_tmin10_oct,clim_11_tmin11_nov,clim_12_tmin12_dec,clim_13_tmax1_jan,clim_14_tmax2_feb,clim_15_tmax3_mar,clim_16_tmax4_apr,clim_17_tmax5_may,clim_18_tmax6_jun,clim_19_tmax7_jul,clim_20_tmax8_aug,clim_21_tmax9_sep,clim_22_tmax10_oct,clim_23_tmax11_nov,clim_24_tmax12_dec,clim_25_prec1_jan,clim_26_prec2_feb,clim_27_prec3_mar,clim_28_prec4_apr,clim_29_prec5_may,clim_30_prec6_jun,clim_31_prec7_jul,clim_32_prec8_aug,clim_33_prec9_sep,clim_34_prec10_oct,clim_35_prec11_nov,clim_36_prec12_dec,clim_37_ann_mean_temp,clim_38_mean_diurn_range,clim_39_isotherm,clim_40_temp_season,clim_41_tmax_warmest_m,clim_42_tmin_coldest_m,clim_43_tannual_range,clim_44_tmean_wettest_q,clim_45_tmean_driest_q,clim_46_tmean_warmest_q,clim_47_tmean_coldest_q,clim_48_Annual_prec,clim_49_prec_wettest_m,clim_50_prec_driest_m,clim_51_prec_season,clim_52_prec_wettest_q,clim_53_prec_driest_q,clim_54_prec_warmest_q,clim_55_prec_coldest_q,clim_56_pet1_jan,clim_57_pet2_feb,clim_58_pet3_mar,clim_59_pet4_apr,clim_60_pet5_may,clim_61_pet6_jun,clim_62_pet7_jul,clim_63_pet8_aug,clim_64_pet9_sep,clim_65_pet10_oct,clim_66_pet11_nov,clim_67_pet12_dec,clim_68_pet_annual,clim_69_cwd_annual,clim_70_ndm_per_year,env_71_alt,env_72_slo,env_73_asp,env_74_solrad,env_79_forcov,env_75_geo_1_1,env_75_geo_10,env_75_geo_9,env_75_geo_7,env_75_geo_6,env_75_geo_5,env_75_geo_11,env_75_geo_2,env_75_geo_0,env_76_soi_5,env_76_soi_9,env_76_soi_7,env_76_soi_23,env_76_soi_18,env_76_soi_20,env_76_soi_11,env_76_soi_19,env_76_soi_10,env_76_soi_3,env_76_soi_15,env_76_soi_12,env_76_soi_22,env_76_soi_21,env_76_soi_6,env_76_soi_16,env_76_soi_17,env_76_soi_8,env_76_soi_4,env_76_soi_13,env_76_soi_0,env_77_veg_1,env_77_veg_2,env_77_veg_3,env_77_veg_4,env_77_veg_5,env_77_veg_6,env_77_veg_7,env_77_veg_9,env_77_veg_11,env_77_veg_12,env_77_veg_13,env_77_veg_14,env_77_veg_15,env_77_veg_16,env_77_veg_22,env_77_veg_23,env_77_veg_25,env_77_veg_0,env_78_wat_9,env_78_wat_1,env_78_wat_10,env_78_wat_12,env_78_wat_11,env_78_wat_8,env_78_wat_2,env_78_wat_4,env_78_wat_5,env_78_wat_20,env_78_wat_3,env_78_wat_14,env_78_wat_13,env_78_wat_22,env_78_wat_17,env_78_wat_1.1,env_78_wat_18,env_78_wat_15,env_78_wat_19,env_78_wat_24,env_78_wat_0,caffeine_percent,caffeine_class
195.5,195.0,186.0,169.0,124.0,108.0,108.0,119.0,133.0,173.0,190.0,196.0,318.5,317.0,311.0,301.0,283.0,256.0,256.0,264.0,288.0,313.0,322.0,320.0,154.5,130.0,101.0,33.0,17.0,22.0,14.0,12.0,19.0,93.0,168.0,179.0,224.0,139.0,65.0,2945.0,322.0,108.0,214.0,252.0,194.0,252.0,185.0,818.0,179.0,12.0,91.0,440.0,45.0,440.0,48.0,109.0,138.0,124.0,101.0,65.0,46.0,44.0,50.0,67.0,104.0,127.0,137.0,1116.0,380.0,10.0,408.0,1.0,307.0,7430.0,0.0,0,1,0,0,0,0,0,0,0,0,0,0,0,0,0,0,0,0,0,0,0,0,0,1,0,0,0,0,0,0,0,0,0,0,0,0,1,0,0,0,0,0,0,0,0,0,0,0,0,0,0,0,0,0,0,0,0,1,0,0,0,0,0,0,0,0,0,0,0,0.0,0
177.5,177.0,170.0,153.0,121.0,108.0,107.0,111.0,122.0,157.0,171.0,178.0,278.5,278.0,271.0,263.0,251.0,227.0,215.0,223.0,243.0,270.0,276.0,279.0,180.5,168.0,138.0,64.0,50.0,54.0,47.0,44.0,38.0,105.0,175.0,193.0,198.0,111.0,65.0,2511.0,279.0,107.0,172.0,221.0,170.0,221.0,165.0,1128.0,193.0,38.0,61.0,473.0,129.0,473.0,145.0,83.0,109.0,98.0,82.0,61.0,46.0,40.0,43.0,55.0,82.0,96.0,107.0,907.0,78.0,4.0,820.0,20.0,56.0,7630.0,100.0,0,1,0,0,0,0,0,0,0,0,1,0,0,0,0,0,0,0,0,0,0,0,0,0,0,0,0,0,0,0,0,0,0,0,0,0,0,0,0,0,0,1,0,0,0,0,0,0,0,0,0,0,0,0,0,0,1,0,0,0,0,0,0,0,0,0,0,0,0,0.0,0
177.5,177.0,170.0,153.0,121.0,108.0,107.0,111.0,122.0,157.0,171.0,178.0,278.5,278.0,271.0,263.0,251.0,227.0,215.0,223.0,243.0,270.0,276.0,279.0,180.5,168.0,138.0,64.0,50.0,54.0,47.0,44.0,38.0,105.0,175.0,193.0,198.0,111.0,65.0,2511.0,279.0,107.0,172.0,221.0,170.0,221.0,165.0,1128.0,193.0,38.0,61.0,473.0,129.0,473.0,145.0,83.0,109.0,98.0,82.0,61.0,46.0,40.0,43.0,55.0,82.0,96.0,107.0,907.0,78.0,4.0,820.0,20.0,56.0,7630.0,100.0,0,1,0,0,0,0,0,0,0,0,1,0,0,0,0,0,0,0,0,0,0,0,0,0,0,0,0,0,0,0,0,0,0,0,0,0,0,0,0,0,0,1,0,0,0,0,0,0,0,0,0,0,0,0,0,0,1,0,0,0,0,0,0,0,0,0,0,0,0,0.0,0
208.5,208.0,200.0,182.0,146.0,132.0,128.0,133.0,149.0,185.0,201.0,209.0,311.5,310.0,304.0,295.0,279.0,258.0,252.0,256.0,275.0,302.0,309.0,313.0,212.0,201.0,208.0,80.0,70.0,85.0,62.0,64.0,47.0,109.0,184.0,223.0,228.0,117.0,63.0,2672.0,313.0,128.0,185.0,253.0,198.0,253.0,193.0,1394.0,223.0,47.0,57.0,516.0,173.0,516.0,211.0,104.0,143.0,128.0,104.0,72.0,53.0,48.0,51.0,67.0,104.0,125.0,141.0,1145.0,90.0,4.0,123.0,14.0,48.0,7595.0,0.0,0,1,0,0,0,0,0,0,0,0,0,0,0,0,0,0,0,1,0,0,0,0,0,0,0,0,0,0,0,0,0,0,0,0,0,0,1,0,0,0,0,0,0,0,0,0,0,0,0,0,0,0,0,0,0,0,1,0,0,0,0,0,0,0,0,0,0,0,0,0.0,0
177.5,177.0,170.0,153.0,121.0,108.0,107.0,111.0,122.0,157.0,171.0,178.0,278.5,278.0,271.0,263.0,251.0,227.0,215.0,223.0,243.0,270.0,276.0,279.0,180.5,168.0,138.0,64.0,50.0,54.0,47.0,44.0,38.0,105.0,175.0,193.0,198.0,111.0,65.0,2511.0,279.0,107.0,172.0,221.0,170.0,221.0,165.0,1128.0,193.0,38.0,61.0,473.0,129.0,473.0,145.0,83.0,109.0,98.0,82.0,61.0,46.0,40.0,43.0,55.0,82.0,96.0,107.0,907.0,78.0,4.0,820.0,20.0,56.0,7630.0,100.0,0,1,0,0,0,0,0,0,0,0,1,0,0,0,0,0,0,0,0,0,0,0,0,0,0,0,0,0,0,0,0,0,0,0,0,0,0,0,0,0,0,1,0,0,0,0,0,0,0,0,0,0,0,0,0,0,1,0,0,0,0,0,0,0,0,0,0,0,0,0.0,0
214.0,214.0,207.0,188.0,153.0,140.0,135.0,140.0,156.0,191.0,206.0,214.0,310.5,310.0,303.0,296.0,279.0,260.0,252.0,256.0,274.0,300.0,307.0,311.0,219.0,211.0,242.0,86.0,93.0,109.0,80.0,82.0,55.0,106.0,177.0,227.0,231.0,109.0,62.0,2602.0,311.0,135.0,176.0,253.0,202.0,254.0,197.0,1535.0,242.0,55.0,51.0,539.0,217.0,510.0,271.0,103.0,147.0,132.0,108.0,74.0,56.0,49.0,52.0,69.0,106.0,127.0,144.0,1172.0,72.0,4.0,49.0,1.0,240.0,7212.0,0.0,0,1,0,0,0,0,0,0,0,0,0,0,0,0,0,0,0,1,0,0,0,0,0,0,0,0,0,0,0,0,0,0,0,0,0,0,1,0,0,0,0,0,0,0,0,0,0,0,0,0,0,0,0,0,0,0,1,0,0,0,0,0,0,0,0,0,0,0,0,0.0,0
195.5,195.0,188.0,171.0,136.0,122.0,120.0,124.0,138.0,173.0,188.0,196.0,296.0,295.0,288.0,281.0,266.0,243.0,235.0,240.0,259.0,286.0,293.0,297.0,192.5,181.0,169.0,73.0,64.0,73.0,58.0,57.0,44.0,105.0,175.0,204.0,215.0,112.0,63.0,2597.0,297.0,120.0,177.0,238.0,186.0,238.0,180.0,1260.0,204.0,44.0,56.0,484.0,159.0,484.0,188.0,92.0,125.0,113.0,94.0,67.0,50.0,44.0,47.0,60.0,92.0,110.0,123.0,1022.0,77.0,4.0,350.0,14.0,167.0,6475.0,100.0,0,1,0,0,0,0,0,0,0,0,1,0,0,0,0,0,0,0,0,0,0,0,0,0,0,0,0,0,0,0,0,0,0,0,0,0,0,0,0,0,0,1,0,0,0,0,0,0,0,0,0,0,0,0,0,0,1,0,0,0,0,0,0,0,0,0,0,0,0,0.0,0
194.5,194.0,187.0,170.0,139.0,125.0,123.0,126.0,138.0,173.0,188.0,195.0,288.5,288.0,281.0,274.0,260.0,238.0,228.0,233.0,251.0,278.0,285.0,289.0,202.5,191.0,186.0,87.0,79.0,86.0,73.0,72.0,52.0,111.0,182.0,214.0,211.0,104.0,63.0,2502.0,289.0,123.0,166.0,234.0,183.0,234.0,178.0,1398.0,214.0,52.0,50.0,507.0,197.0,507.0,231.0,88.0,121.0,109.0,91.0,67.0,50.0,44.0,46.0,59.0,89.0,106.0,118.0,994.0,35.0,3.0,338.0,19.0,282.0,7315.0,99.0,0,1,0,0,0,0,0,0,0,0,1,0,0,0,0,0,0,0,0,0,0,0,0,0,0,0,0,0,0,0,0,0,0,0,0,0,0,0,0,0,0,1,0,0,0,0,0,0,0,0,0,0,0,0,0,0,1,0,0,0,0,0,0,0,0,0,0,0,0,0.0,0
216.5,215.0,210.0,194.0,162.0,150.0,144.0,148.0,164.0,195.0,208.0,218.0,299.0,298.0,290.0,283.0,268.0,252.0,241.0,243.0,259.0,287.0,293.0,300.0,259.5,250.0,295.0,152.0,143.0,148.0,131.0,136.0,81.0,134.0,219.0,269.0,228.0,91.0,58.0,2438.0,300.0,144.0,156.0,248.0,199.0,250.0,196.0,2054.0,295.0,81.0,40.0,697.0,348.0,622.0,415.0,98.0,139.0,125.0,105.0,74.0,58.0,50.0,52.0,67.0,101.0,120.0,139.0,1133.0,2.0,1.0,5.0,3.0,311.0,7362.0,18.0,0,0,0,0,0,0,0,0,1,0,0,0,0,0,0,0,0,0,0,0,0,0,1,0,0,0,0,0,0,0,0,0,0,0,0,0,1,0,0,0,0,0,0,0,0,0,0,0,0,0,0,0,0,0,0,0,1,0,0,0,0,0,0,0,0,0,0,0,0,0.0,0
217.0,216.0,211.0,194.0,163.0,150.0,144.0,148.0,164.0,195.0,208.0,218.0,299.5,299.0,291.0,284.0,269.0,252.0,241.0,243.0,259.0,287.0,293.0,300.0,260.5,251.0,296.0,152.0,143.0,148.0,131.0,136.0,81.0,135.0,220.0,270.0,228.0,91.0,58.0,2455.0,300.0,144.0,156.0,249.0,199.0,250.0,196.0,2059.0,296.0,81.0,40.0,699.0,348.0,625.0,415.0,98.0,141.0,127.0,105.0,75.0,58.0,50.0,51.0,67.0,101.0,120.0,138.0,1136.0,2.0,1.0,5.0,3.0,120.0,7187.0,7.0,0,0,0,0,0,0,0,1,0,0,0,0,0,0,0,0,0,0,0,0,0,0,1,0,0,0,0,0,0,0,0,0,0,0,0,0,1,0,0,0,0,0,0,0,0,0,0,0,0,0,0,0,0,0,0,0,1,0,0,0,0,0,0,0,0,0,0,0,0,0.0,0
217.0,216.0,210.0,194.0,163.0,150.0,144.0,148.0,164.0,195.0,208.0,218.0,299.5,299.0,290.0,284.0,269.0,252.0,241.0,243.0,259.0,286.0,293.0,300.0,261.5,252.0,297.0,154.0,144.0,149.0,132.0,138.0,82.0,136.0,221.0,271.0,228.0,91.0,58.0,2443.0,300.0,144.0,156.0,248.0,199.0,250.0,196.0,2073.0,297.0,82.0,40.0,703.0,352.0,628.0,419.0,98.0,141.0,125.0,105.0,75.0,58.0,50.0,52.0,67.0,100.0,120.0,138.0,1134.0,1.0,1.0,14.0,5.0,201.0,7635.0,48.0,0,0,0,0,0,0,0,0,1,0,0,0,0,0,0,0,0,0,0,0,0,0,0,0,0,0,0,0,0,1,0,0,0,0,0,0,0,0,0,0,0,0,1,0,0,0,0,0,0,0,0,0,0,0,0,0,1,0,0,0,0,0,0,0,0,0,0,0,0,0.0,0
216.5,216.0,210.0,194.0,162.0,149.0,144.0,147.0,164.0,194.0,209.0,217.0,300.5,300.0,291.0,284.0,269.0,252.0,241.0,244.0,260.0,287.0,295.0,301.0,268.0,258.0,305.0,160.0,144.0,150.0,133.0,140.0,82.0,140.0,227.0,278.0,228.0,92.0,59.0,2469.0,301.0,144.0,157.0,249.0,200.0,250.0,196.0,2116.0,305.0,82.0,40.0,723.0,355.0,645.0,423.0,99.0,141.0,126.0,105.0,75.0,58.0,50.0,51.0,67.0,100.0,122.0,138.0,1137.0,0.0,1.0,0.0,0.0,246.0,7250.0,18.0,0,0,0,0,0,0,0,1,0,0,0,0,0,0,0,0,0,0,0,0,0,0,1,0,0,0,0,0,0,0,0,0,0,0,0,1,0,0,0,0,0,0,0,0,0,0,0,0,0,0,0,0,0,0,0,0,1,0,0,0,0,0,0,0,0,0,0,0,0,0.0,0
211.0,210.0,206.0,192.0,161.0,144.0,140.0,144.0,154.0,193.0,203.0,212.0,297.0,297.0,291.0,283.0,267.0,251.0,237.0,242.0,253.0,288.0,296.0,297.0,391.0,390.0,396.0,148.0,90.0,101.0,103.0,105.0,78.0,172.0,232.0,392.0,225.0,95.0,60.0,2510.0,297.0,140.0,157.0,246.0,195.0,248.0,193.0,2276.0,396.0,69.0,68.0,934.0,286.0,796.0,309.0,95.0,133.0,122.0,104.0,75.0,57.0,49.0,52.0,62.0,102.0,118.0,131.0,1104.0,26.0,1.0,201.0,15.0,48.0,7777.0,0.0,0,1,0,0,0,0,0,0,0,0,0,0,0,0,0,1,0,0,0,0,0,0,0,0,0,0,0,0,0,0,0,0,0,0,0,0,0,0,0,0,0,0,0,1,0,0,0,0,0,0,0,0,0,0,0,0,0,0,1,0,0,0,0,0,0,0,0,0,0,0.0,0
216.0,215.0,210.0,197.0,166.0,148.0,145.0,149.0,159.0,197.0,208.0,217.0,300.5,300.0,294.0,286.0,270.0,255.0,241.0,246.0,257.0,290.0,300.0,301.0,384.0,386.0,392.0,140.0,84.0,95.0,101.0,106.0,77.0,172.0,218.0,382.0,229.0,93.0,60.0,2493.0,301.0,145.0,156.0,250.0,204.0,252.0,197.0,2224.0,392.0,71.0,68.0,918.0,280.0,772.0,302.0,98.0,138.0,126.0,107.0,77.0,59.0,51.0,54.0,64.0,104.0,124.0,137.0,1145.0,27.0,1.0,78.0,6.0,11.0,7706.0,0.0,0,1,0,0,0,0,0,0,0,0,0,0,0,0,0,1,0,0,0,0,0,0,0,0,0,0,0,0,0,0,0,0,0,0,0,0,0,0,0,0,0,0,0,1,0,0,0,0,0,0,0,0,0,0,0,0,0,0,1,0,0,0,0,0,0,0,0,0,0,0.0,0
214.0,213.0,209.0,196.0,164.0,147.0,143.0,147.0,157.0,196.0,206.0,215.0,300.0,300.0,293.0,285.0,269.0,254.0,240.0,244.0,255.0,289.0,299.0,300.0,386.5,387.0,393.0,142.0,85.0,97.0,102.0,106.0,78.0,173.0,222.0,386.0,228.0,94.0,60.0,2512.0,300.0,143.0,157.0,249.0,202.0,250.0,195.0,2241.0,393.0,70.0,68.0,922.0,284.0,781.0,305.0,97.0,137.0,125.0,107.0,76.0,59.0,50.0,53.0,63.0,103.0,122.0,135.0,1131.0,27.0,1.0,92.0,13.0,173.0,6717.0,16.0,0,1,0,0,0,0,0,0,0,0,0,0,0,0,0,1,0,0,0,0,0,0,0,0,0,0,0,0,0,0,0,0,0,0,0,0,0,0,0,0,0,0,0,1,0,0,0,0,0,0,0,0,0,0,0,0,0,0,1,0,0,0,0,0,0,0,0,0,0,0.0,0
200.5,200.0,195.0,181.0,150.0,132.0,129.0,133.0,143.0,184.0,194.0,201.0,289.5,289.0,283.0,275.0,258.0,241.0,227.0,232.0,244.0,282.0,290.0,290.0,402.0,397.0,392.0,160.0,98.0,110.0,100.0,95.0,75.0,162.0,264.0,407.0,215.0,97.0,60.0,2595.0,290.0,129.0,161.0,237.0,184.0,240.0,182.0,2322.0,407.0,62.0,69.0,949.0,270.0,833.0,305.0,89.0,123.0,112.0,96.0,69.0,53.0,45.0,48.0,57.0,96.0,111.0,120.0,1024.0,27.0,1.0,391.0,10.0,191.0,7580.0,0.0,0,1,0,0,0,0,0,0,0,0,0,0,0,0,0,1,0,0,0,0,0,0,0,0,0,0,0,0,0,0,0,0,0,0,0,0,0,0,0,0,0,0,0,1,0,0,0,0,0,0,0,0,0,0,0,0,0,0,1,0,0,0,0,0,0,0,0,0,0,0.0,0
206.5,205.0,200.0,187.0,155.0,137.0,134.0,138.0,149.0,189.0,199.0,208.0,293.5,293.0,287.0,278.0,263.0,246.0,232.0,237.0,249.0,284.0,293.0,294.0,398.0,395.0,395.0,157.0,96.0,108.0,101.0,97.0,76.0,162.0,253.0,401.0,220.0,96.0,60.0,2568.0,294.0,134.0,160.0,241.0,189.0,244.0,187.0,2305.0,401.0,64.0,69.0,947.0,274.0,816.0,306.0,92.0,128.0,117.0,99.0,72.0,55.0,47.0,50.0,60.0,98.0,115.0,127.0,1063.0,28.0,1.0,296.0,7.0,267.0,7456.0,0.0,0,1,0,0,0,0,0,0,0,0,0,0,0,0,0,1,0,0,0,0,0,0,0,0,0,0,0,0,0,0,0,0,0,0,0,0,0,0,0,0,0,0,0,1,0,0,0,0,0,0,0,0,0,0,0,0,0,0,1,0,0,0,0,0,0,0,0,0,0,0.0,0
216.0,215.0,210.0,197.0,166.0,148.0,145.0,149.0,159.0,197.0,208.0,217.0,300.5,300.0,294.0,286.0,270.0,255.0,241.0,246.0,257.0,290.0,300.0,301.0,384.0,386.0,392.0,140.0,84.0,95.0,101.0,106.0,77.0,172.0,218.0,382.0,229.0,93.0,60.0,2493.0,301.0,145.0,156.0,250.0,204.0,252.0,197.0,2224.0,392.0,71.0,68.0,918.0,280.0,772.0,302.0,98.0,138.0,126.0,107.0,77.0,59.0,51.0,54.0,64.0,104.0,124.0,137.0,1145.0,27.0,1.0,78.0,6.0,11.0,7706.0,0.0,0,1,0,0,0,0,0,0,0,0,0,0,0,0,0,1,0,0,0,0,0,0,0,0,0,0,0,0,0,0,0,0,0,0,0,0,0,0,0,0,0,0,0,1,0,0,0,0,0,0,0,0,0,0,0,0,0,0,1,0,0,0,0,0,0,0,0,0,0,0.0,0
161.5,162.0,158.0,146.0,116.0,97.0,96.0,97.0,106.0,146.0,157.0,161.0,261.0,264.0,257.0,250.0,231.0,216.0,204.0,207.0,228.0,266.0,259.0,258.0,281.0,262.0,206.0,51.0,14.0,9.0,9.0,11.0,12.0,152.0,268.0,300.0,185.0,110.0,65.0,2451.0,266.0,96.0,170.0,207.0,152.0,207.0,152.0,1342.0,300.0,9.0,103.0,720.0,29.0,720.0,29.0,75.0,96.0,89.0,78.0,57.0,45.0,40.0,41.0,51.0,80.0,86.0,91.0,834.0,236.0,7.0,1252.0,1.0,289.0,7911.0,0.0,1,0,0,0,0,0,0,0,0,0,0,0,0,0,0,0,0,1,0,0,0,0,0,0,0,0,0,0,0,0,0,0,0,1,0,0,0,0,0,0,0,0,0,0,0,0,0,0,0,0,0,0,0,0,0,0,0,0,0,0,0,0,0,0,1,0,0,0,0,0.0,0
161.0,161.0,155.0,141.0,117.0,97.0,92.0,93.0,102.0,138.0,151.0,161.0,261.5,263.0,260.0,249.0,236.0,217.0,189.0,195.0,215.0,262.0,262.0,260.0,305.0,283.0,244.0,72.0,35.0,32.0,36.0,34.0,24.0,149.0,288.0,327.0,182.0,110.0,64.0,2667.0,263.0,92.0,171.0,205.0,147.0,205.0,147.0,1570.0,327.0,24.0,91.0,764.0,94.0,764.0,102.0,73.0,96.0,90.0,76.0,60.0,46.0,36.0,38.0,47.0,77.0,85.0,92.0,822.0,101.0,7.0,1174.0,8.0,338.0,7929.0,33.0,0,1,0,0,0,0,0,0,0,0,1,0,0,0,0,0,0,0,0,0,0,0,0,0,0,0,0,0,0,0,0,0,0,0,0,0,0,0,0,0,0,1,0,0,0,0,0,0,0,0,0,0,0,0,0,0,0,0,0,0,0,0,0,0,0,1,0,0,0,0.0,0
177.0,177.0,171.0,157.0,135.0,112.0,109.0,108.0,116.0,156.0,167.0,177.0,282.5,283.0,278.0,267.0,259.0,238.0,210.0,216.0,237.0,284.0,284.0,282.0,331.5,303.0,292.0,94.0,45.0,43.0,44.0,42.0,31.0,151.0,312.0,360.0,201.0,115.0,65.0,2666.0,284.0,108.0,176.0,225.0,166.0,225.0,165.0,1763.0,360.0,31.0,88.0,823.0,117.0,823.0,129.0,80.0,108.0,99.0,84.0,69.0,51.0,40.0,41.0,52.0,87.0,97.0,105.0,919.0,88.0,4.0,875.0,1.0,148.0,7785.0,0.0,1,0,0,0,0,0,0,0,0,0,0,0,0,0,0,0,0,0,0,0,1,0,0,0,0,0,0,0,0,0,0,0,0,0,0,1,0,0,0,0,0,0,0,0,0,0,0,0,0,0,0,0,0,0,0,0,0,0,0,0,0,0,0,0,0,1,0,0,0,0.0,0
170.0,171.0,161.0,147.0,118.0,101.0,103.0,102.0,108.0,144.0,158.0,169.0,267.0,269.0,266.0,255.0,237.0,219.0,197.0,200.0,216.0,266.0,270.0,265.0,318.0,310.0,254.0,104.0,60.0,70.0,71.0,59.0,47.0,139.0,293.0,326.0,187.0,108.0,64.0,2704.0,270.0,101.0,169.0,212.0,154.0,212.0,153.0,1780.0,326.0,47.0,75.0,758.0,177.0,758.0,200.0,72.0,102.0,93.0,79.0,59.0,46.0,39.0,40.0,47.0,79.0,90.0,96.0,848.0,26.0,2.0,1025.0,3.0,189.0,7711.0,62.0,0,1,0,0,0,0,0,0,0,0,1,0,0,0,0,0,0,0,0,0,0,0,0,0,0,0,0,0,0,0,0,0,0,0,0,0,0,0,0,0,0,1,0,0,0,0,0,0,0,0,0,0,0,0,1,0,0,0,0,0,0,0,0,0,0,0,0,0,0,0.0,0
170.5,172.0,162.0,148.0,119.0,102.0,104.0,103.0,109.0,145.0,159.0,169.0,267.5,269.0,267.0,256.0,239.0,220.0,198.0,201.0,217.0,267.0,271.0,266.0,321.0,314.0,256.0,107.0,61.0,72.0,73.0,61.0,48.0,140.0,294.0,328.0,188.0,108.0,64.0,2692.0,271.0,102.0,169.0,212.0,155.0,212.0,154.0,1801.0,328.0,47.0,75.0,762.0,182.0,762.0,206.0,72.0,102.0,94.0,80.0,60.0,46.0,40.0,40.0,47.0,79.0,91.0,97.0,853.0,25.0,1.0,1011.0,4.0,139.0,7753.0,27.0,0,1,0,0,0,0,0,0,0,0,1,0,0,0,0,0,0,0,0,0,0,0,0,0,0,0,0,0,0,0,0,0,0,0,0,0,0,0,0,0,0,1,0,0,0,0,0,0,0,0,0,0,0,0,1,0,0,0,0,0,0,0,0,0,0,0,0,0,0,0.0,0
172.5,174.0,164.0,151.0,121.0,104.0,105.0,104.0,110.0,146.0,160.0,171.0,270.0,272.0,268.0,259.0,241.0,222.0,200.0,203.0,219.0,269.0,273.0,268.0,322.5,316.0,255.0,106.0,63.0,74.0,74.0,63.0,49.0,137.0,290.0,329.0,190.0,109.0,64.0,2707.0,273.0,104.0,169.0,214.0,156.0,214.0,156.0,1803.0,329.0,47.0,74.0,756.0,186.0,677.0,211.0,74.0,104.0,94.0,82.0,61.0,47.0,40.0,40.0,48.0,80.0,91.0,98.0,863.0,27.0,1.0,971.0,2.0,202.0,7838.0,0.0,0,1,0,0,0,0,0,0,0,0,1,0,0,0,0,0,0,0,0,0,0,0,0,0,0,0,0,0,0,0,0,0,0,0,0,0,0,0,0,0,0,0,0,1,0,0,0,0,0,0,0,0,0,0,1,0,0,0,0,0,0,0,0,0,0,0,0,0,0,0.0,0
170.0,171.0,162.0,148.0,121.0,103.0,103.0,102.0,108.0,145.0,159.0,169.0,270.5,272.0,268.0,257.0,242.0,222.0,197.0,203.0,220.0,269.0,273.0,269.0,306.0,298.0,230.0,86.0,53.0,63.0,64.0,55.0,42.0,131.0,268.0,314.0,189.0,110.0,64.0,2713.0,273.0,102.0,171.0,214.0,155.0,214.0,155.0,1649.0,314.0,42.0,77.0,713.0,161.0,713.0,182.0,73.0,102.0,94.0,80.0,61.0,47.0,39.0,40.0,48.0,80.0,91.0,98.0,858.0,43.0,3.0,955.0,6.0,240.0,7515.0,5.0,0,1,0,0,0,0,0,0,0,0,1,0,0,0,0,0,0,0,0,0,0,0,0,0,0,0,0,0,0,0,0,0,0,0,0,0,0,0,0,0,0,0,0,1,0,0,0,0,0,0,0,0,0,0,1,0,0,0,0,0,0,0,0,0,0,0,0,0,0,0.0,0
210.5,211.0,202.0,179.0,139.0,124.0,120.0,126.0,140.0,185.0,203.0,210.0,333.0,332.0,328.0,319.0,301.0,275.0,271.0,278.0,298.0,325.0,332.0,334.0,123.5,117.0,103.0,34.0,37.0,53.0,31.0,25.0,23.0,71.0,119.0,130.0,237.0,142.0,66.0,2947.0,334.0,120.0,214.0,264.0,205.0,264.0,199.0,777.0,130.0,23.0,62.0,320.0,79.0,320.0,109.0,113.0,163.0,147.0,116.0,76.0,53.0,48.0,53.0,70.0,117.0,143.0,159.0,1263.0,486.0,12.0,91.0,2.0,115.0,7232.0,100.0,0,1,0,0,0,0,0,0,0,0,0,0,0,0,0,0,0,0,0,0,0,0,0,1,0,0,0,0,0,0,0,0,0,0,0,0,0,0,0,1,0,0,0,0,0,0,0,0,0,0,0,0,0,0,0,0,0,1,0,0,0,0,0,0,0,0,0,0,0,0.0,0
214.0,214.0,206.0,185.0,152.0,135.0,129.0,132.0,146.0,188.0,205.0,214.0,321.5,321.0,317.0,311.0,295.0,269.0,260.0,265.0,284.0,309.0,318.0,322.0,126.5,118.0,118.0,42.0,57.0,71.0,50.0,43.0,33.0,71.0,113.0,135.0,235.0,124.0,64.0,2779.0,322.0,129.0,193.0,259.0,202.0,259.0,198.0,890.0,135.0,33.0,48.0,319.0,126.0,319.0,164.0,106.0,156.0,141.0,115.0,80.0,56.0,48.0,51.0,67.0,109.0,134.0,152.0,1222.0,348.0,10.0,114.0,4.0,353.0,7301.0,84.0,0,1,0,0,0,0,0,0,0,0,0,0,0,0,0,0,0,0,0,0,0,0,0,1,0,0,0,0,0,0,0,0,0,0,0,0,1,0,0,0,0,0,0,0,0,0,0,0,0,0,0,0,0,0,0,0,1,0,0,0,0,0,0,0,0,0,0,0,0,0.0,0
213.0,213.0,206.0,184.0,151.0,134.0,128.0,132.0,145.0,188.0,205.0,213.0,318.5,318.0,315.0,308.0,292.0,267.0,257.0,263.0,281.0,307.0,316.0,319.0,127.5,119.0,118.0,42.0,57.0,71.0,50.0,43.0,34.0,72.0,114.0,136.0,233.0,122.0,64.0,2784.0,319.0,128.0,191.0,258.0,201.0,258.0,196.0,896.0,136.0,34.0,48.0,322.0,127.0,322.0,164.0,104.0,153.0,140.0,113.0,79.0,56.0,47.0,51.0,66.0,108.0,133.0,149.0,1203.0,324.0,10.0,126.0,3.0,316.0,7346.0,79.0,0,1,0,0,0,0,0,0,0,0,0,0,0,0,0,0,0,0,0,0,0,0,0,1,0,0,0,0,0,0,0,0,0,0,0,0,1,0,0,0,0,0,0,0,0,0,0,0,0,0,0,0,0,0,0,0,1,0,0,0,0,0,0,0,0,0,0,0,0,0.0,0
214.0,214.0,208.0,187.0,154.0,137.0,132.0,134.0,148.0,190.0,206.0,214.0,317.0,317.0,314.0,307.0,292.0,266.0,257.0,261.0,279.0,306.0,314.0,317.0,134.0,125.0,129.0,46.0,63.0,77.0,56.0,49.0,37.0,75.0,117.0,143.0,234.0,119.0,64.0,2738.0,317.0,132.0,185.0,257.0,201.0,257.0,197.0,959.0,143.0,37.0,47.0,335.0,142.0,300.0,182.0,105.0,153.0,141.0,114.0,80.0,56.0,49.0,51.0,66.0,108.0,132.0,148.0,1208.0,276.0,10.0,72.0,9.0,189.0,6765.0,20.0,0,1,0,0,0,0,0,0,0,0,1,0,0,0,0,0,0,0,0,0,0,0,0,0,0,0,0,0,0,0,0,0,0,0,0,0,1,0,0,0,0,0,0,0,0,0,0,0,0,0,0,0,0,0,0,0,1,0,0,0,0,0,0,0,0,0,0,0,0,0.0,0
219.0,219.0,213.0,191.0,161.0,144.0,138.0,140.0,152.0,194.0,211.0,219.0,318.0,318.0,315.0,308.0,294.0,269.0,258.0,262.0,278.0,304.0,315.0,318.0,124.0,114.0,121.0,46.0,66.0,79.0,59.0,51.0,38.0,70.0,108.0,134.0,236.0,114.0,63.0,2702.0,318.0,138.0,180.0,260.0,204.0,260.0,201.0,927.0,134.0,38.0,43.0,312.0,148.0,281.0,189.0,105.0,158.0,145.0,117.0,84.0,59.0,50.0,52.0,66.0,109.0,136.0,153.0,1241.0,341.0,10.0,110.0,15.0,119.0,6517.0,88.0,0,1,0,0,0,0,0,0,0,0,0,0,0,0,0,0,0,0,0,1,0,0,0,0,0,0,0,0,0,0,0,0,0,0,0,0,1,0,0,0,0,0,0,0,0,0,0,0,0,0,0,0,0,0,0,0,1,0,0,0,0,0,0,0,0,0,0,0,0,0.0,0
219.0,219.0,212.0,191.0,160.0,144.0,138.0,140.0,153.0,194.0,210.0,219.0,319.0,319.0,315.0,309.0,294.0,269.0,259.0,263.0,279.0,306.0,315.0,319.0,133.5,124.0,134.0,49.0,67.0,81.0,60.0,53.0,39.0,73.0,115.0,143.0,237.0,115.0,63.0,2690.0,319.0,138.0,181.0,260.0,205.0,260.0,202.0,981.0,143.0,39.0,45.0,331.0,152.0,307.0,194.0,106.0,159.0,144.0,117.0,83.0,59.0,50.0,53.0,67.0,110.0,136.0,154.0,1245.0,295.0,10.0,51.0,7.0,9.0,7562.0,29.0,0,1,0,0,0,0,0,0,0,0,0,0,0,0,0,0,0,1,0,0,0,0,0,0,0,0,0,0,0,0,0,0,0,0,0,0,1,0,0,0,0,0,0,0,0,0,0,0,0,0,0,0,0,0,0,0,1,0,0,0,0,0,0,0,0,0,0,0,0,0.0,0
219.0,219.0,212.0,191.0,160.0,144.0,138.0,140.0,153.0,194.0,210.0,219.0,319.0,319.0,315.0,309.0,294.0,269.0,259.0,263.0,279.0,306.0,315.0,319.0,133.5,124.0,134.0,49.0,67.0,81.0,60.0,53.0,39.0,73.0,115.0,143.0,237.0,115.0,63.0,2690.0,319.0,138.0,181.0,260.0,205.0,260.0,202.0,981.0,143.0,39.0,45.0,331.0,152.0,307.0,194.0,106.0,159.0,144.0,117.0,83.0,59.0,50.0,53.0,67.0,110.0,136.0,154.0,1245.0,295.0,10.0,51.0,7.0,9.0,7562.0,29.0,0,1,0,0,0,0,0,0,0,0,0,0,0,0,0,0,0,1,0,0,0,0,0,0,0,0,0,0,0,0,0,0,0,0,0,0,1,0,0,0,0,0,0,0,0,0,0,0,0,0,0,0,0,0,0,0,1,0,0,0,0,0,0,0,0,0,0,0,0,0.0,0
219.5,219.0,213.0,193.0,165.0,149.0,143.0,144.0,156.0,194.0,211.0,220.0,310.0,310.0,305.0,299.0,285.0,263.0,251.0,254.0,268.0,294.0,305.0,310.0,142.0,130.0,144.0,61.0,80.0,90.0,74.0,66.0,46.0,79.0,121.0,154.0,233.0,103.0,62.0,2576.0,310.0,143.0,167.0,255.0,202.0,256.0,200.0,1093.0,154.0,46.0,40.0,354.0,186.0,335.0,230.0,101.0,152.0,138.0,113.0,82.0,60.0,51.0,52.0,65.0,103.0,129.0,148.0,1199.0,183.0,7.0,32.0,5.0,284.0,7298.0,3.0,1,0,0,0,0,0,0,0,0,0,0,0,0,0,0,0,0,0,0,0,0,0,1,0,0,0,0,0,0,0,0,0,0,1,0,0,0,0,0,0,0,0,0,0,0,0,0,0,0,0,0,0,0,0,0,0,1,0,0,0,0,0,0,0,0,0,0,0,0,0.0,0
216.0,215.0,210.0,197.0,166.0,148.0,145.0,149.0,159.0,197.0,208.0,217.0,300.5,300.0,294.0,286.0,270.0,255.0,241.0,246.0,257.0,290.0,300.0,301.0,384.0,386.0,392.0,140.0,84.0,95.0,101.0,106.0,77.0,172.0,218.0,382.0,229.0,93.0,60.0,2493.0,301.0,145.0,156.0,250.0,204.0,252.0,197.0,2224.0,392.0,71.0,68.0,918.0,280.0,772.0,302.0,98.0,138.0,126.0,107.0,77.0,59.0,51.0,54.0,64.0,104.0,124.0,137.0,1145.0,27.0,1.0,78.0,6.0,11.0,7706.0,0.0,0,1,0,0,0,0,0,0,0,0,0,0,0,0,0,1,0,0,0,0,0,0,0,0,0,0,0,0,0,0,0,0,0,0,0,0,0,0,0,0,0,0,0,1,0,0,0,0,0,0,0,0,0,0,0,0,0,0,1,0,0,0,0,0,0,0,0,0,0,0.0,0
228.0,229.0,225.0,219.0,187.0,165.0,161.0,172.0,185.0,220.0,226.0,227.0,315.0,317.0,317.0,327.0,321.0,310.0,307.0,313.0,324.0,335.0,328.0,313.0,377.0,389.0,194.0,52.0,7.0,2.0,2.0,5.0,8.0,82.0,190.0,365.0,261.0,118.0,68.0,1586.0,335.0,161.0,174.0,270.0,238.0,274.0,238.0,1319.0,389.0,2.0,128.0,777.0,9.0,637.0,9.0,152.0,161.0,153.0,151.0,112.0,85.0,78.0,89.0,108.0,154.0,160.0,151.0,1559.0,751.0,8.0,98.0,4.0,52.0,7811.0,49.0,0,0,1,0,0,0,0,0,0,0,0,0,0,1,0,0,0,0,0,0,0,0,0,0,0,0,0,0,0,0,0,0,0,0,1,0,0,0,0,0,0,0,0,0,0,0,0,0,0,0,0,0,0,1,0,0,0,0,0,0,0,0,0,0,0,0,0,0,0,0.0,0
221.5,222.0,219.0,212.0,180.0,157.0,155.0,165.0,179.0,212.0,219.0,221.0,308.5,310.0,312.0,321.0,316.0,304.0,301.0,307.0,318.0,329.0,322.0,307.0,372.5,377.0,201.0,58.0,8.0,2.0,2.0,5.0,9.0,90.0,198.0,368.0,254.0,119.0,68.0,1586.0,329.0,155.0,174.0,264.0,231.0,268.0,231.0,1343.0,377.0,2.0,124.0,770.0,9.0,656.0,9.0,142.0,147.0,143.0,139.0,105.0,79.0,74.0,83.0,101.0,141.0,147.0,140.0,1446.0,668.0,8.0,199.0,5.0,141.0,7620.0,71.0,0,0,1,0,0,0,0,0,0,0,0,0,0,1,0,0,0,0,0,0,0,0,0,0,0,0,0,0,0,0,0,0,0,0,1,0,0,0,0,0,0,0,0,0,0,0,0,0,0,0,0,0,0,1,0,0,0,0,0,0,0,0,0,0,0,0,0,0,0,0.0,0
221.5,222.0,219.0,212.0,180.0,157.0,155.0,165.0,179.0,212.0,219.0,221.0,308.5,310.0,312.0,321.0,316.0,304.0,301.0,307.0,318.0,329.0,322.0,307.0,372.5,377.0,201.0,58.0,8.0,2.0,2.0,5.0,9.0,90.0,198.0,368.0,254.0,119.0,68.0,1586.0,329.0,155.0,174.0,264.0,231.0,268.0,231.0,1343.0,377.0,2.0,124.0,770.0,9.0,656.0,9.0,142.0,147.0,143.0,139.0,105.0,79.0,74.0,83.0,101.0,141.0,147.0,140.0,1446.0,668.0,8.0,199.0,5.0,141.0,7620.0,71.0,0,0,1,0,0,0,0,0,0,0,0,0,0,1,0,0,0,0,0,0,0,0,0,0,0,0,0,0,0,0,0,0,0,0,1,0,0,0,0,0,0,0,0,0,0,0,0,0,0,0,0,0,0,1,0,0,0,0,0,0,0,0,0,0,0,0,0,0,0,0.0,0
231.0,230.0,234.0,225.0,206.0,186.0,171.0,176.0,191.0,227.0,231.0,232.0,315.5,316.0,323.0,331.0,326.0,318.0,309.0,315.0,328.0,338.0,327.0,315.0,423.0,360.0,263.0,51.0,5.0,1.0,2.0,3.0,4.0,120.0,225.0,486.0,266.0,114.0,67.0,1424.0,339.0,171.0,168.0,273.0,245.0,278.0,245.0,1542.0,486.0,1.0,128.0,868.0,6.0,831.0,6.0,161.0,159.0,168.0,161.0,132.0,104.0,84.0,91.0,116.0,165.0,164.0,157.0,1666.0,809.0,8.0,49.0,5.0,227.0,7632.0,62.0,0,0,0,0,0,1,0,0,0,0,0,0,0,0,1,0,0,0,0,0,0,0,0,0,0,0,0,0,0,0,0,0,0,0,1,0,0,0,0,0,0,0,0,0,0,0,0,0,1,0,0,0,0,0,0,0,0,0,0,0,0,0,0,0,0,0,0,0,0,0.0,0
233.0,232.0,237.0,227.0,208.0,189.0,175.0,180.0,194.0,229.0,233.0,234.0,317.0,317.0,325.0,333.0,327.0,319.0,311.0,318.0,330.0,339.0,328.0,317.0,422.0,359.0,264.0,52.0,5.0,1.0,2.0,3.0,4.0,122.0,226.0,485.0,268.0,112.0,68.0,1378.0,340.0,175.0,165.0,275.0,248.0,280.0,248.0,1546.0,485.0,1.0,128.0,867.0,6.0,833.0,6.0,165.0,162.0,173.0,166.0,134.0,106.0,87.0,96.0,119.0,169.0,167.0,161.0,1711.0,834.0,8.0,7.0,2.0,135.0,7768.0,72.0,0,0,0,0,0,1,0,0,0,0,0,0,0,0,1,0,0,0,0,0,0,0,0,0,0,0,0,0,0,0,0,0,1,0,0,0,0,0,0,0,0,0,0,0,0,0,0,0,1,0,0,0,0,0,0,0,0,0,0,0,0,0,0,0,0,0,0,0,0,0.0,0
211.0,210.0,206.0,192.0,161.0,144.0,140.0,144.0,154.0,193.0,203.0,212.0,297.0,297.0,291.0,283.0,267.0,251.0,237.0,242.0,253.0,288.0,296.0,297.0,391.0,390.0,396.0,148.0,90.0,101.0,103.0,105.0,78.0,172.0,232.0,392.0,225.0,95.0,60.0,2510.0,297.0,140.0,157.0,246.0,195.0,248.0,193.0,2276.0,396.0,69.0,68.0,934.0,286.0,796.0,309.0,95.0,133.0,122.0,104.0,75.0,57.0,49.0,52.0,62.0,102.0,118.0,131.0,1104.0,26.0,1.0,201.0,15.0,48.0,7777.0,0.0,0,1,0,0,0,0,0,0,0,0,0,0,0,0,0,1,0,0,0,0,0,0,0,0,0,0,0,0,0,0,0,0,0,0,0,0,0,0,0,0,0,0,0,1,0,0,0,0,0,0,0,0,0,0,0,0,0,0,1,0,0,0,0,0,0,0,0,0,0,0.0,0
211.0,210.0,206.0,192.0,161.0,144.0,140.0,144.0,154.0,193.0,203.0,212.0,297.0,297.0,291.0,283.0,267.0,251.0,237.0,242.0,253.0,288.0,296.0,297.0,391.0,390.0,396.0,148.0,90.0,101.0,103.0,105.0,78.0,172.0,232.0,392.0,225.0,95.0,60.0,2510.0,297.0,140.0,157.0,246.0,195.0,248.0,193.0,2276.0,396.0,69.0,68.0,934.0,286.0,796.0,309.0,95.0,133.0,122.0,104.0,75.0,57.0,49.0,52.0,62.0,102.0,118.0,131.0,1104.0,26.0,1.0,201.0,15.0,48.0,7777.0,0.0,0,1,0,0,0,0,0,0,0,0,0,0,0,0,0,1,0,0,0,0,0,0,0,0,0,0,0,0,0,0,0,0,0,0,0,0,0,0,0,0,0,0,0,1,0,0,0,0,0,0,0,0,0,0,0,0,0,0,1,0,0,0,0,0,0,0,0,0,0,0.0,0
214.0,213.0,209.0,196.0,164.0,147.0,143.0,147.0,157.0,196.0,206.0,215.0,300.0,300.0,293.0,285.0,269.0,254.0,240.0,244.0,255.0,289.0,299.0,300.0,386.5,387.0,393.0,142.0,85.0,97.0,102.0,106.0,78.0,173.0,222.0,386.0,228.0,94.0,60.0,2512.0,300.0,143.0,157.0,249.0,202.0,250.0,195.0,2241.0,393.0,70.0,68.0,922.0,284.0,781.0,305.0,97.0,137.0,125.0,107.0,76.0,59.0,50.0,53.0,63.0,103.0,122.0,135.0,1131.0,27.0,1.0,92.0,13.0,173.0,6717.0,16.0,0,1,0,0,0,0,0,0,0,0,0,0,0,0,0,1,0,0,0,0,0,0,0,0,0,0,0,0,0,0,0,0,0,0,0,0,0,0,0,0,0,0,0,1,0,0,0,0,0,0,0,0,0,0,0,0,0,0,1,0,0,0,0,0,0,0,0,0,0,0.0,0
232.5,233.0,235.0,230.0,217.0,198.0,189.0,193.0,201.0,228.0,230.0,232.0,311.5,312.0,316.0,318.0,315.0,308.0,298.0,300.0,310.0,327.0,323.0,311.0,414.0,402.0,264.0,104.0,19.0,20.0,17.0,17.0,14.0,89.0,255.0,426.0,265.0,96.0,69.0,1217.0,327.0,189.0,138.0,270.0,248.0,275.0,247.0,1657.0,426.0,14.0,112.0,858.0,48.0,770.0,54.0,148.0,156.0,160.0,152.0,132.0,107.0,91.0,95.0,110.0,155.0,158.0,152.0,1622.0,684.0,8.0,50.0,1.0,204.0,7830.0,17.0,0,0,0,1,0,0,0,0,0,0,0,0,0,0,0,0,0,0,0,0,0,1,0,0,0,0,0,0,0,0,0,0,0,0,0,0,1,0,0,0,0,0,0,0,0,0,0,0,0,0,0,0,0,0,0,0,0,0,0,0,1,0,0,0,0,0,0,0,0,0.0,0
230.0,230.0,232.0,227.0,214.0,195.0,187.0,190.0,198.0,225.0,227.0,230.0,309.0,310.0,312.0,314.0,312.0,303.0,293.0,295.0,304.0,323.0,320.0,308.0,398.0,385.0,255.0,101.0,19.0,20.0,18.0,17.0,14.0,83.0,246.0,411.0,261.0,95.0,70.0,1249.0,323.0,187.0,136.0,267.0,244.0,272.0,243.0,1597.0,411.0,14.0,112.0,824.0,49.0,740.0,55.0,140.0,151.0,153.0,146.0,128.0,102.0,87.0,91.0,105.0,148.0,152.0,147.0,1554.0,649.0,8.0,78.0,6.0,193.0,7763.0,17.0,0,0,1,0,0,0,0,0,0,0,0,0,0,0,0,0,0,0,0,0,0,0,0,0,0,0,1,0,0,0,0,0,0,0,0,0,1,0,0,0,0,0,0,0,0,0,0,0,0,0,0,1,0,0,0,0,0,0,0,0,0,0,0,0,0,0,0,0,0,0.0,0
226.5,227.0,229.0,224.0,210.0,190.0,183.0,186.0,194.0,221.0,223.0,226.0,307.5,308.0,311.0,313.0,310.0,303.0,292.0,295.0,305.0,322.0,318.0,307.0,406.0,394.0,265.0,104.0,19.0,19.0,17.0,16.0,14.0,89.0,257.0,418.0,259.0,98.0,70.0,1240.0,322.0,183.0,139.0,265.0,242.0,269.0,241.0,1641.0,418.0,14.0,112.0,841.0,47.0,764.0,52.0,138.0,147.0,149.0,142.0,123.0,99.0,85.0,89.0,103.0,143.0,146.0,142.0,1511.0,618.0,8.0,127.0,7.0,161.0,7603.0,10.0,0,0,0,1,0,0,0,0,0,0,0,0,0,0,0,0,0,0,0,0,0,1,0,0,0,0,0,0,0,0,0,1,0,0,0,0,0,0,0,0,0,0,0,0,0,0,0,0,0,0,0,0,0,0,0,0,0,0,0,0,1,0,0,0,0,0,0,0,0,0.0,0
211.5,212.0,213.0,209.0,197.0,179.0,173.0,174.0,180.0,203.0,209.0,211.0,293.5,295.0,294.0,293.0,288.0,279.0,267.0,268.0,277.0,296.0,299.0,292.0,334.5,317.0,222.0,93.0,16.0,18.0,25.0,19.0,12.0,61.0,210.0,352.0,241.0,90.0,71.0,1318.0,299.0,173.0,126.0,248.0,223.0,252.0,223.0,1364.0,352.0,12.0,110.0,688.0,56.0,632.0,56.0,105.0,125.0,123.0,116.0,102.0,83.0,72.0,73.0,83.0,111.0,121.0,120.0,1241.0,487.0,8.0,378.0,4.0,352.0,8040.0,0.0,0,0,1,0,0,0,0,0,0,0,0,0,0,1,0,0,0,0,0,0,0,0,0,0,0,0,0,0,0,0,0,0,0,0,0,0,1,0,0,0,0,0,0,0,0,0,0,0,0,0,0,1,0,0,0,0,0,0,0,0,0,0,0,0,0,0,0,0,0,0.0,0
226.5,227.0,229.0,225.0,211.0,191.0,184.0,187.0,195.0,222.0,224.0,226.0,308.0,309.0,311.0,313.0,310.0,302.0,292.0,294.0,304.0,322.0,318.0,307.0,399.5,387.0,259.0,103.0,19.0,19.0,18.0,17.0,14.0,85.0,252.0,412.0,259.0,97.0,70.0,1246.0,322.0,184.0,138.0,265.0,242.0,269.0,241.0,1614.0,412.0,14.0,111.0,828.0,49.0,749.0,54.0,137.0,148.0,149.0,143.0,124.0,99.0,86.0,89.0,103.0,144.0,147.0,142.0,1515.0,623.0,8.0,165.0,28.0,358.0,7892.0,12.0,0,0,0,1,0,0,0,0,0,0,0,0,0,0,0,0,0,0,0,0,0,1,0,0,0,0,0,0,0,0,0,0,0,0,1,0,0,0,0,0,0,0,0,0,0,0,0,0,0,0,0,0,0,0,0,0,0,0,0,0,1,0,0,0,0,0,0,0,0,0.0,0
225.5,226.0,228.0,222.0,209.0,190.0,182.0,186.0,193.0,221.0,223.0,225.0,307.0,308.0,310.0,312.0,309.0,302.0,291.0,293.0,303.0,321.0,317.0,306.0,396.0,384.0,258.0,103.0,19.0,19.0,18.0,17.0,14.0,85.0,251.0,408.0,258.0,97.0,70.0,1246.0,321.0,182.0,139.0,264.0,241.0,268.0,240.0,1604.0,408.0,14.0,111.0,820.0,49.0,744.0,54.0,135.0,146.0,147.0,139.0,122.0,99.0,84.0,88.0,101.0,142.0,145.0,141.0,1494.0,611.0,8.0,142.0,4.0,142.0,7785.0,8.0,0,0,0,1,0,0,0,0,0,0,0,0,0,0,0,0,0,0,0,0,0,1,0,0,0,0,0,0,0,0,0,1,0,0,0,0,0,0,0,0,0,0,0,0,0,0,0,0,0,0,0,0,0,0,0,0,0,0,0,0,1,0,0,0,0,0,0,0,0,0.0,0
225.5,226.0,228.0,223.0,210.0,191.0,184.0,186.0,194.0,221.0,223.0,225.0,306.5,307.0,310.0,311.0,308.0,300.0,290.0,291.0,301.0,319.0,316.0,306.0,388.0,375.0,252.0,101.0,19.0,19.0,19.0,17.0,14.0,81.0,245.0,401.0,257.0,96.0,71.0,1242.0,319.0,184.0,135.0,264.0,241.0,268.0,240.0,1570.0,401.0,14.0,111.0,803.0,50.0,727.0,55.0,133.0,145.0,147.0,139.0,122.0,98.0,85.0,87.0,101.0,141.0,144.0,141.0,1488.0,612.0,8.0,142.0,2.0,206.0,7872.0,13.0,0,0,1,0,0,0,0,0,0,0,0,0,0,0,0,0,0,0,0,0,0,0,0,0,0,0,1,0,0,0,0,0,0,0,0,0,1,0,0,0,0,0,0,0,0,0,0,0,0,0,0,1,0,0,0,0,0,0,0,0,0,0,0,0,0,0,0,0,0,0.0,0
225.5,226.0,228.0,223.0,210.0,191.0,184.0,186.0,194.0,221.0,223.0,225.0,306.5,307.0,310.0,311.0,308.0,300.0,290.0,291.0,301.0,319.0,316.0,306.0,388.0,375.0,252.0,101.0,19.0,19.0,19.0,17.0,14.0,81.0,245.0,401.0,257.0,96.0,71.0,1242.0,319.0,184.0,135.0,264.0,241.0,268.0,240.0,1570.0,401.0,14.0,111.0,803.0,50.0,727.0,55.0,133.0,145.0,147.0,139.0,122.0,98.0,85.0,87.0,101.0,141.0,144.0,141.0,1488.0,612.0,8.0,142.0,2.0,206.0,7872.0,13.0,0,0,1,0,0,0,0,0,0,0,0,0,0,0,0,0,0,0,0,0,0,0,0,0,0,0,1,0,0,0,0,0,0,0,0,0,1,0,0,0,0,0,0,0,0,0,0,0,0,0,0,1,0,0,0,0,0,0,0,0,0,0,0,0,0,0,0,0,0,0.0,0
225.5,226.0,228.0,223.0,210.0,191.0,184.0,186.0,194.0,221.0,223.0,225.0,306.5,307.0,310.0,311.0,308.0,300.0,290.0,291.0,301.0,319.0,316.0,306.0,388.0,375.0,252.0,101.0,19.0,19.0,19.0,17.0,14.0,81.0,245.0,401.0,257.0,96.0,71.0,1242.0,319.0,184.0,135.0,264.0,241.0,268.0,240.0,1570.0,401.0,14.0,111.0,803.0,50.0,727.0,55.0,133.0,145.0,147.0,139.0,122.0,98.0,85.0,87.0,101.0,141.0,144.0,141.0,1488.0,612.0,8.0,142.0,2.0,206.0,7872.0,13.0,0,0,1,0,0,0,0,0,0,0,0,0,0,0,0,0,0,0,0,0,0,0,0,0,0,0,1,0,0,0,0,0,0,0,0,0,1,0,0,0,0,0,0,0,0,0,0,0,0,0,0,1,0,0,0,0,0,0,0,0,0,0,0,0,0,0,0,0,0,0.0,0
227.5,228.0,230.0,224.0,211.0,192.0,183.0,188.0,195.0,223.0,225.0,227.0,308.0,309.0,312.0,313.0,311.0,304.0,292.0,296.0,305.0,323.0,319.0,307.0,401.0,389.0,260.0,104.0,19.0,19.0,18.0,17.0,14.0,86.0,253.0,413.0,260.0,97.0,69.0,1247.0,323.0,183.0,140.0,266.0,243.0,270.0,242.0,1621.0,413.0,14.0,111.0,831.0,49.0,752.0,54.0,138.0,149.0,151.0,142.0,125.0,101.0,85.0,90.0,103.0,146.0,149.0,143.0,1527.0,628.0,8.0,117.0,2.0,297.0,7900.0,56.0,0,0,0,1,0,0,0,0,0,0,0,0,0,0,0,0,0,0,0,0,0,1,0,0,0,0,0,0,0,0,0,0,0,0,1,0,0,0,0,0,0,0,0,0,0,0,0,0,0,0,0,0,0,0,0,0,0,0,0,0,1,0,0,0,0,0,0,0,0,0.0,0
227.5,228.0,230.0,224.0,211.0,192.0,183.0,188.0,195.0,223.0,225.0,227.0,308.0,309.0,312.0,313.0,311.0,304.0,292.0,296.0,305.0,323.0,319.0,307.0,401.0,389.0,260.0,104.0,19.0,19.0,18.0,17.0,14.0,86.0,253.0,413.0,260.0,97.0,69.0,1247.0,323.0,183.0,140.0,266.0,243.0,270.0,242.0,1621.0,413.0,14.0,111.0,831.0,49.0,752.0,54.0,138.0,149.0,151.0,142.0,125.0,101.0,85.0,90.0,103.0,146.0,149.0,143.0,1527.0,628.0,8.0,117.0,2.0,297.0,7900.0,56.0,0,0,0,1,0,0,0,0,0,0,0,0,0,0,0,0,0,0,0,0,0,1,0,0,0,0,0,0,0,0,0,0,0,0,1,0,0,0,0,0,0,0,0,0,0,0,0,0,0,0,0,0,0,0,0,0,0,0,0,0,1,0,0,0,0,0,0,0,0,0.0,0
227.5,228.0,230.0,224.0,211.0,192.0,183.0,188.0,195.0,223.0,225.0,227.0,308.0,309.0,312.0,313.0,311.0,304.0,292.0,296.0,305.0,323.0,319.0,307.0,401.0,389.0,260.0,104.0,19.0,19.0,18.0,17.0,14.0,86.0,253.0,413.0,260.0,97.0,69.0,1247.0,323.0,183.0,140.0,266.0,243.0,270.0,242.0,1621.0,413.0,14.0,111.0,831.0,49.0,752.0,54.0,138.0,149.0,151.0,142.0,125.0,101.0,85.0,90.0,103.0,146.0,149.0,143.0,1527.0,628.0,8.0,117.0,2.0,297.0,7900.0,56.0,0,0,0,1,0,0,0,0,0,0,0,0,0,0,0,0,0,0,0,0,0,1,0,0,0,0,0,0,0,0,0,0,0,0,1,0,0,0,0,0,0,0,0,0,0,0,0,0,0,0,0,0,0,0,0,0,0,0,0,0,1,0,0,0,0,0,0,0,0,0.0,0
227.5,228.0,230.0,224.0,211.0,192.0,183.0,188.0,195.0,223.0,225.0,227.0,308.0,309.0,311.0,313.0,311.0,304.0,292.0,295.0,305.0,323.0,319.0,307.0,399.0,387.0,259.0,103.0,19.0,19.0,18.0,17.0,14.0,85.0,252.0,411.0,260.0,97.0,69.0,1250.0,323.0,183.0,140.0,266.0,243.0,270.0,242.0,1613.0,411.0,14.0,111.0,827.0,49.0,748.0,54.0,138.0,149.0,150.0,142.0,125.0,101.0,85.0,90.0,104.0,146.0,149.0,143.0,1526.0,629.0,8.0,140.0,8.0,353.0,7927.0,21.0,0,0,0,1,0,0,0,0,0,0,0,0,0,0,0,0,0,0,0,0,0,1,0,0,0,0,0,0,0,0,0,0,0,0,1,0,0,0,0,0,0,0,0,0,0,0,0,0,0,0,0,0,0,0,0,0,0,0,0,0,1,0,0,0,0,0,0,0,0,0.0,0
226.5,227.0,229.0,224.0,210.0,190.0,183.0,187.0,194.0,221.0,224.0,226.0,308.0,309.0,311.0,313.0,310.0,303.0,292.0,295.0,304.0,322.0,319.0,307.0,397.0,385.0,258.0,104.0,19.0,19.0,18.0,17.0,14.0,85.0,252.0,409.0,259.0,98.0,70.0,1248.0,322.0,183.0,139.0,265.0,242.0,269.0,241.0,1609.0,409.0,14.0,111.0,823.0,49.0,746.0,54.0,138.0,148.0,149.0,142.0,123.0,99.0,85.0,89.0,102.0,143.0,148.0,142.0,1514.0,620.0,8.0,136.0,5.0,287.0,7919.0,44.0,0,0,0,1,0,0,0,0,0,0,0,0,0,0,0,0,0,0,0,0,0,1,0,0,0,0,0,0,0,0,0,0,0,0,1,0,0,0,0,0,0,0,0,0,0,0,0,0,0,0,0,0,0,0,0,0,0,0,0,0,1,0,0,0,0,0,0,0,0,0.0,0
226.5,227.0,229.0,224.0,210.0,190.0,183.0,187.0,194.0,221.0,224.0,226.0,308.0,309.0,311.0,313.0,310.0,303.0,292.0,295.0,304.0,322.0,319.0,307.0,397.0,385.0,258.0,104.0,19.0,19.0,18.0,17.0,14.0,85.0,252.0,409.0,259.0,98.0,70.0,1248.0,322.0,183.0,139.0,265.0,242.0,269.0,241.0,1609.0,409.0,14.0,111.0,823.0,49.0,746.0,54.0,138.0,148.0,149.0,142.0,123.0,99.0,85.0,89.0,102.0,143.0,148.0,142.0,1514.0,620.0,8.0,136.0,5.0,287.0,7919.0,44.0,0,0,0,1,0,0,0,0,0,0,0,0,0,0,0,0,0,0,0,0,0,1,0,0,0,0,0,0,0,0,0,0,0,0,1,0,0,0,0,0,0,0,0,0,0,0,0,0,0,0,0,0,0,0,0,0,0,0,0,0,1,0,0,0,0,0,0,0,0,0.0,0
227.5,228.0,230.0,225.0,211.0,191.0,183.0,187.0,195.0,223.0,225.0,227.0,308.5,309.0,312.0,315.0,312.0,305.0,294.0,296.0,306.0,324.0,320.0,308.0,403.5,392.0,262.0,105.0,19.0,19.0,17.0,17.0,14.0,87.0,255.0,415.0,260.0,98.0,70.0,1258.0,324.0,183.0,141.0,266.0,243.0,271.0,242.0,1632.0,415.0,14.0,111.0,837.0,48.0,757.0,53.0,140.0,149.0,151.0,145.0,125.0,101.0,86.0,89.0,104.0,147.0,150.0,144.0,1536.0,633.0,8.0,123.0,8.0,11.0,8046.0,38.0,0,0,0,1,0,0,0,0,0,0,0,0,0,0,0,0,0,0,0,0,0,1,0,0,0,0,0,0,0,0,0,0,0,0,1,0,0,0,0,0,0,0,0,0,0,0,0,0,0,0,0,0,0,0,0,0,0,0,0,0,1,0,0,0,0,0,0,0,0,0.0,0
227.5,228.0,230.0,225.0,211.0,191.0,183.0,187.0,195.0,223.0,225.0,227.0,308.5,309.0,312.0,315.0,312.0,305.0,294.0,296.0,306.0,324.0,320.0,308.0,403.5,392.0,262.0,105.0,19.0,19.0,17.0,17.0,14.0,87.0,255.0,415.0,260.0,98.0,70.0,1258.0,324.0,183.0,141.0,266.0,243.0,271.0,242.0,1632.0,415.0,14.0,111.0,837.0,48.0,757.0,53.0,140.0,149.0,151.0,145.0,125.0,101.0,86.0,89.0,104.0,147.0,150.0,144.0,1536.0,633.0,8.0,123.0,8.0,11.0,8046.0,38.0,0,0,0,1,0,0,0,0,0,0,0,0,0,0,0,0,0,0,0,0,0,1,0,0,0,0,0,0,0,0,0,0,0,0,1,0,0,0,0,0,0,0,0,0,0,0,0,0,0,0,0,0,0,0,0,0,0,0,0,0,1,0,0,0,0,0,0,0,0,0.0,0
175.5,175.0,176.0,172.0,158.0,140.0,136.0,137.0,140.0,163.0,171.0,176.0,265.0,266.0,265.0,262.0,255.0,246.0,232.0,233.0,246.0,267.0,267.0,264.0,299.0,282.0,231.0,100.0,26.0,22.0,29.0,23.0,15.0,73.0,227.0,316.0,206.0,97.0,74.0,1431.0,267.0,136.0,131.0,214.0,187.0,219.0,187.0,1369.0,316.0,15.0,100.0,623.0,67.0,613.0,74.0,79.0,94.0,92.0,87.0,75.0,63.0,55.0,56.0,63.0,82.0,89.0,92.0,933.0,263.0,7.0,1034.0,10.0,280.0,8078.0,100.0,0,0,1,0,0,0,0,0,0,0,0,0,0,1,0,0,0,0,0,0,0,0,0,0,0,0,0,0,0,0,0,0,0,0,0,0,0,0,0,0,0,1,0,0,0,0,0,0,0,0,0,1,0,0,0,0,0,0,0,0,0,0,0,0,0,0,0,0,0,0.0,0
169.0,169.0,169.0,165.0,151.0,134.0,129.0,130.0,133.0,156.0,164.0,169.0,259.0,260.0,259.0,257.0,249.0,239.0,224.0,226.0,239.0,261.0,260.0,258.0,293.0,276.0,231.0,100.0,28.0,24.0,30.0,24.0,16.0,74.0,228.0,310.0,199.0,97.0,73.0,1462.0,261.0,129.0,132.0,211.0,180.0,213.0,180.0,1367.0,310.0,16.0,98.0,612.0,70.0,607.0,70.0,75.0,90.0,88.0,83.0,72.0,60.0,53.0,54.0,60.0,79.0,84.0,88.0,893.0,234.0,7.0,1129.0,7.0,267.0,8105.0,100.0,0,0,1,0,0,0,0,0,0,0,0,0,0,1,0,0,0,0,0,0,0,0,0,0,0,0,0,0,0,0,0,0,0,0,0,0,0,0,0,0,0,1,0,0,0,0,0,0,0,0,0,1,0,0,0,0,0,0,0,0,0,0,0,0,0,0,0,0,0,0.0,0
201.5,202.0,202.0,198.0,182.0,163.0,159.0,162.0,166.0,192.0,197.0,201.0,287.5,288.0,289.0,288.0,281.0,274.0,261.0,262.0,273.0,294.0,291.0,287.0,338.0,324.0,240.0,105.0,20.0,18.0,25.0,19.0,13.0,74.0,238.0,352.0,232.0,97.0,72.0,1382.0,294.0,159.0,135.0,240.0,213.0,244.0,213.0,1452.0,352.0,13.0,106.0,700.0,57.0,669.0,62.0,99.0,115.0,114.0,108.0,91.0,75.0,66.0,68.0,76.0,104.0,109.0,112.0,1143.0,393.0,8.0,526.0,3.0,163.0,7934.0,75.0,0,0,1,0,0,0,0,0,0,0,0,0,0,1,0,0,0,0,0,0,0,0,0,0,0,0,0,0,0,0,0,0,0,0,0,0,1,0,0,0,0,0,0,0,0,0,0,0,0,0,0,1,0,0,0,0,0,0,0,0,0,0,0,0,0,0,0,0,0,0.0,0
221.5,222.0,223.0,218.0,204.0,184.0,176.0,180.0,187.0,215.0,219.0,221.0,304.5,305.0,307.0,309.0,306.0,300.0,287.0,290.0,300.0,318.0,315.0,304.0,385.5,374.0,258.0,106.0,20.0,19.0,19.0,17.0,14.0,86.0,255.0,397.0,254.0,100.0,70.0,1289.0,318.0,176.0,142.0,261.0,236.0,265.0,236.0,1594.0,397.0,14.0,110.0,800.0,50.0,738.0,55.0,129.0,140.0,140.0,134.0,116.0,94.0,80.0,84.0,96.0,135.0,140.0,136.0,1428.0,561.0,8.0,170.0,4.0,340.0,7887.0,2.0,0,0,0,1,0,0,0,0,0,0,0,0,0,0,0,0,0,0,0,0,0,0,0,1,0,0,0,0,0,0,0,0,0,0,1,0,0,0,0,0,0,0,0,0,0,0,0,0,0,0,0,0,0,0,0,0,0,0,0,0,1,0,0,0,0,0,0,0,0,0.0,0
189.5,190.0,191.0,186.0,173.0,156.0,151.0,152.0,156.0,178.0,186.0,189.0,275.5,277.0,277.0,274.0,267.0,259.0,245.0,246.0,256.0,277.0,278.0,274.0,304.5,287.0,222.0,98.0,22.0,20.0,29.0,22.0,14.0,65.0,217.0,322.0,219.0,93.0,73.0,1381.0,278.0,151.0,127.0,227.0,201.0,232.0,201.0,1340.0,322.0,14.0,103.0,631.0,65.0,607.0,65.0,86.0,104.0,103.0,96.0,83.0,70.0,61.0,62.0,68.0,90.0,98.0,100.0,1027.0,330.0,7.0,751.0,14.0,262.0,7917.0,100.0,0,0,1,0,0,0,0,0,0,0,0,0,0,0,0,0,0,0,0,0,0,0,0,0,0,0,1,0,0,0,0,0,0,0,0,0,0,0,0,0,0,1,0,0,0,0,0,0,0,0,0,1,0,0,0,0,0,0,0,0,0,0,0,0,0,0,0,0,0,0.0,0
189.5,190.0,191.0,186.0,173.0,156.0,151.0,152.0,156.0,178.0,186.0,189.0,275.5,277.0,277.0,274.0,267.0,259.0,245.0,246.0,256.0,277.0,278.0,274.0,304.5,287.0,222.0,98.0,22.0,20.0,29.0,22.0,14.0,65.0,217.0,322.0,219.0,93.0,73.0,1381.0,278.0,151.0,127.0,227.0,201.0,232.0,201.0,1340.0,322.0,14.0,103.0,631.0,65.0,607.0,65.0,86.0,104.0,103.0,96.0,83.0,70.0,61.0,62.0,68.0,90.0,98.0,100.0,1027.0,330.0,7.0,751.0,14.0,262.0,7917.0,100.0,0,0,1,0,0,0,0,0,0,0,0,0,0,0,0,0,0,0,0,0,0,0,0,0,0,0,1,0,0,0,0,0,0,0,0,0,0,0,0,0,0,1,0,0,0,0,0,0,0,0,0,1,0,0,0,0,0,0,0,0,0,0,0,0,0,0,0,0,0,0.0,0
192.5,193.0,193.0,189.0,176.0,158.0,154.0,154.0,159.0,182.0,189.0,192.0,278.0,279.0,279.0,276.0,269.0,261.0,247.0,248.0,259.0,280.0,280.0,277.0,306.5,289.0,221.0,97.0,21.0,20.0,28.0,21.0,14.0,64.0,216.0,324.0,222.0,93.0,74.0,1393.0,280.0,154.0,126.0,229.0,203.0,234.0,203.0,1336.0,324.0,14.0,104.0,634.0,63.0,607.0,63.0,87.0,106.0,104.0,98.0,85.0,71.0,62.0,62.0,70.0,93.0,100.0,103.0,1048.0,346.0,8.0,735.0,17.0,84.0,7848.0,100.0,0,0,1,0,0,0,0,0,0,0,0,0,0,0,0,0,0,0,0,0,0,0,0,0,0,0,1,0,0,0,0,0,0,0,0,0,0,0,0,0,0,1,0,0,0,0,0,0,0,0,0,1,0,0,0,0,0,0,0,0,0,0,0,0,0,0,0,0,0,0.0,0
199.0,199.0,200.0,196.0,183.0,166.0,161.0,162.0,167.0,189.0,195.0,199.0,284.0,285.0,284.0,282.0,276.0,268.0,254.0,255.0,265.0,285.0,287.0,283.0,309.5,292.0,218.0,97.0,19.0,19.0,29.0,21.0,13.0,60.0,211.0,327.0,228.0,92.0,73.0,1347.0,287.0,161.0,126.0,236.0,210.0,241.0,210.0,1326.0,327.0,13.0,105.0,639.0,63.0,607.0,63.0,93.0,112.0,110.0,104.0,90.0,75.0,65.0,66.0,74.0,98.0,106.0,109.0,1108.0,391.0,8.0,582.0,6.0,12.0,8169.0,34.0,0,0,1,0,0,0,0,0,0,0,0,0,0,0,0,0,0,0,0,0,0,0,0,0,0,0,1,0,0,0,0,0,0,0,0,0,1,0,0,0,0,0,0,0,0,0,0,0,0,1,0,0,0,0,0,0,0,0,0,0,0,0,0,0,0,0,0,0,0,0.0,0
184.0,184.0,185.0,180.0,166.0,149.0,144.0,145.0,149.0,172.0,180.0,184.0,272.0,273.0,273.0,270.0,263.0,255.0,240.0,241.0,253.0,274.0,274.0,271.0,300.0,284.0,225.0,101.0,24.0,21.0,30.0,23.0,15.0,70.0,224.0,316.0,214.0,96.0,74.0,1422.0,274.0,144.0,130.0,222.0,195.0,227.0,195.0,1357.0,316.0,15.0,101.0,624.0,68.0,610.0,68.0,84.0,100.0,99.0,92.0,80.0,67.0,58.0,59.0,66.0,87.0,94.0,97.0,988.0,297.0,7.0,865.0,8.0,199.0,7779.0,68.0,0,0,1,0,0,0,0,0,0,0,0,0,0,0,0,0,0,0,0,0,0,0,0,0,0,0,1,0,0,0,0,0,0,0,0,0,0,0,0,0,0,1,0,0,0,0,0,0,0,1,0,0,0,0,0,0,0,0,0,0,0,0,0,0,0,0,0,0,0,0.0,0
211.5,212.0,213.0,208.0,193.0,174.0,169.0,171.0,178.0,204.0,208.0,211.0,296.5,297.0,298.0,299.0,294.0,289.0,275.0,276.0,287.0,306.0,304.0,296.0,351.0,339.0,241.0,106.0,20.0,19.0,23.0,19.0,14.0,79.0,245.0,363.0,243.0,99.0,72.0,1307.0,306.0,169.0,137.0,251.0,226.0,254.0,225.0,1495.0,363.0,14.0,106.0,729.0,56.0,687.0,61.0,113.0,127.0,126.0,120.0,102.0,85.0,73.0,75.0,86.0,118.0,123.0,123.0,1276.0,468.0,8.0,365.0,11.0,214.0,7635.0,46.0,0,0,0,1,0,0,0,0,0,0,0,0,0,0,0,0,0,0,0,0,0,0,0,1,0,0,0,0,0,0,0,0,0,0,1,0,0,0,0,0,0,0,0,0,0,0,0,0,0,0,0,0,0,0,0,0,0,0,0,0,1,0,0,0,0,0,0,0,0,0.0,0
212.5,212.0,213.0,209.0,197.0,180.0,174.0,176.0,181.0,203.0,209.0,213.0,294.5,296.0,295.0,292.0,288.0,279.0,267.0,268.0,275.0,295.0,298.0,293.0,315.0,297.0,210.0,91.0,16.0,18.0,27.0,20.0,12.0,55.0,201.0,333.0,241.0,89.0,72.0,1309.0,298.0,174.0,124.0,248.0,223.0,252.0,223.0,1298.0,333.0,12.0,109.0,648.0,59.0,598.0,59.0,104.0,126.0,124.0,116.0,102.0,84.0,73.0,74.0,82.0,110.0,120.0,123.0,1242.0,491.0,8.0,431.0,6.0,303.0,8063.0,1.0,0,0,1,0,0,0,0,0,0,0,0,0,0,0,0,0,0,0,0,0,0,0,0,0,0,0,1,0,0,0,0,0,0,0,0,0,1,0,0,0,0,0,0,0,0,0,0,0,0,1,0,0,0,0,0,0,0,0,0,0,0,0,0,0,0,0,0,0,0,0.0,0
213.0,213.0,214.0,210.0,195.0,176.0,171.0,173.0,179.0,205.0,210.0,213.0,297.5,298.0,299.0,300.0,295.0,289.0,275.0,276.0,287.0,306.0,304.0,297.0,344.5,331.0,236.0,106.0,20.0,19.0,25.0,20.0,14.0,75.0,239.0,358.0,244.0,97.0,72.0,1314.0,306.0,171.0,135.0,251.0,226.0,255.0,226.0,1469.0,358.0,14.0,106.0,715.0,59.0,672.0,64.0,113.0,128.0,127.0,122.0,104.0,86.0,74.0,75.0,86.0,119.0,125.0,125.0,1289.0,477.0,8.0,320.0,1.0,301.0,7969.0,54.0,0,0,1,0,0,0,0,0,0,0,0,0,0,0,0,0,0,0,0,0,0,0,0,0,0,0,1,0,0,0,0,0,0,0,1,0,0,0,0,0,0,0,0,0,0,0,0,0,0,1,0,0,0,0,0,0,0,0,0,0,0,0,0,0,0,0,0,0,0,0.0,0
219.5,220.0,220.0,217.0,207.0,190.0,183.0,183.0,189.0,211.0,217.0,219.0,299.5,302.0,299.0,298.0,295.0,283.0,272.0,273.0,278.0,298.0,304.0,297.0,302.5,285.0,192.0,77.0,16.0,20.0,26.0,22.0,12.0,52.0,186.0,320.0,247.0,86.0,71.0,1307.0,304.0,183.0,121.0,254.0,229.0,259.0,229.0,1226.0,320.0,12.0,109.0,623.0,60.0,554.0,60.0,109.0,136.0,131.0,125.0,112.0,90.0,78.0,78.0,86.0,117.0,130.0,129.0,1327.0,555.0,8.0,330.0,30.0,244.0,6991.0,33.0,0,0,0,0,1,0,0,0,0,0,0,0,0,0,1,0,0,0,0,0,0,0,0,0,0,0,0,0,0,0,0,0,0,0,0,0,1,0,0,0,0,0,0,0,0,0,0,0,0,1,0,0,0,0,0,0,0,0,0,0,0,0,0,0,0,0,0,0,0,0.0,0
225.0,225.0,222.0,219.0,204.0,185.0,181.0,183.0,188.0,215.0,222.0,225.0,305.5,306.0,304.0,307.0,302.0,293.0,276.0,279.0,287.0,309.0,310.0,305.0,268.0,273.0,193.0,129.0,51.0,43.0,48.0,45.0,30.0,81.0,219.0,263.0,251.0,92.0,71.0,1436.0,310.0,181.0,129.0,263.0,232.0,264.0,232.0,1420.0,273.0,30.0,78.0,595.0,123.0,563.0,123.0,117.0,144.0,137.0,133.0,114.0,91.0,77.0,80.0,89.0,127.0,138.0,141.0,1394.0,360.0,8.0,171.0,8.0,36.0,7888.0,24.0,0,1,0,0,0,0,0,0,0,0,1,0,0,0,0,0,0,0,0,0,0,0,0,0,0,0,0,0,0,0,0,0,0,0,0,1,0,0,0,0,0,0,0,0,0,0,0,0,0,1,0,0,0,0,0,0,0,0,0,0,0,0,0,0,0,0,0,0,0,0.0,0
231.5,232.0,227.0,224.0,211.0,191.0,188.0,189.0,194.0,220.0,227.0,231.0,309.0,310.0,306.0,310.0,305.0,295.0,277.0,280.0,288.0,309.0,312.0,308.0,254.5,264.0,182.0,137.0,58.0,49.0,55.0,51.0,34.0,76.0,205.0,245.0,255.0,88.0,71.0,1450.0,312.0,188.0,124.0,268.0,236.0,268.0,236.0,1405.0,264.0,34.0,72.0,583.0,140.0,583.0,140.0,122.0,154.0,143.0,140.0,120.0,95.0,80.0,82.0,92.0,131.0,144.0,149.0,1458.0,357.0,8.0,69.0,3.0,22.0,7901.0,0.0,0,1,0,0,0,0,0,0,0,0,0,1,0,0,0,0,0,0,0,0,0,0,0,0,0,0,0,0,0,0,0,0,0,0,0,0,1,0,0,0,0,0,0,0,0,0,0,0,0,1,0,0,0,0,0,0,0,0,0,0,0,0,0,0,0,0,0,0,0,0.0,0
222.0,222.0,218.0,214.0,199.0,180.0,178.0,177.0,181.0,207.0,217.0,222.0,302.5,303.0,300.0,300.0,291.0,280.0,262.0,263.0,271.0,295.0,301.0,302.0,218.5,224.0,175.0,112.0,81.0,77.0,82.0,88.0,49.0,103.0,204.0,213.0,244.0,87.0,69.0,1666.0,303.0,177.0,126.0,257.0,222.0,259.0,222.0,1478.0,224.0,49.0,50.0,520.0,219.0,511.0,219.0,102.0,140.0,131.0,125.0,104.0,83.0,71.0,71.0,78.0,112.0,128.0,137.0,1288.0,115.0,6.0,187.0,11.0,275.0,7838.0,79.0,0,0,1,0,0,0,0,0,0,0,0,0,0,0,0,0,0,0,0,0,0,0,0,1,0,0,0,0,0,0,0,0,0,0,1,0,0,0,0,0,0,0,0,0,0,0,0,0,0,1,0,0,0,0,0,0,0,0,0,0,0,0,0,0,0,0,0,0,0,0.0,0
222.5,223.0,216.0,199.0,175.0,154.0,151.0,151.0,166.0,200.0,216.0,222.0,304.5,306.0,299.0,286.0,277.0,255.0,245.0,251.0,260.0,289.0,298.0,303.0,347.0,352.0,297.0,163.0,161.0,140.0,135.0,121.0,80.0,159.0,280.0,342.0,233.0,90.0,58.0,2480.0,306.0,151.0,155.0,254.0,204.0,254.0,201.0,2334.0,352.0,80.0,49.0,812.0,336.0,812.0,396.0,105.0,150.0,134.0,108.0,84.0,60.0,52.0,54.0,66.0,104.0,127.0,143.0,1193.0,1.0,1.0,9.0,2.0,228.0,7359.0,0.0,0,0,1,0,0,0,0,0,0,0,0,0,0,0,0,0,1,0,0,0,0,0,0,0,0,0,0,0,0,0,0,0,0,0,0,0,1,0,0,0,0,0,0,0,0,0,0,0,0,0,0,0,0,0,0,1,0,0,0,0,0,0,0,0,0,0,0,0,0,0.045,1
223.5,225.0,217.0,199.0,178.0,156.0,152.0,152.0,166.0,201.0,216.0,222.0,303.0,305.0,299.0,284.0,276.0,253.0,243.0,250.0,257.0,285.0,294.0,301.0,339.5,337.0,333.0,182.0,167.0,144.0,139.0,120.0,80.0,153.0,263.0,342.0,233.0,87.0,57.0,2471.0,305.0,152.0,153.0,254.0,203.0,254.0,201.0,2368.0,342.0,80.0,48.0,852.0,339.0,852.0,403.0,102.0,151.0,135.0,107.0,85.0,60.0,52.0,55.0,65.0,103.0,125.0,141.0,1185.0,0.0,0.0,26.0,1.0,27.0,7450.0,28.0,0,1,0,0,0,0,0,0,0,0,0,1,0,0,0,0,0,0,0,0,0,0,0,0,0,0,0,0,0,0,0,0,0,0,0,0,0,0,0,0,0,1,0,0,0,0,0,0,0,0,0,0,0,0,0,1,0,0,0,0,0,0,0,0,0,0,0,0,0,0.045,1
211.0,210.0,206.0,192.0,161.0,144.0,140.0,144.0,154.0,193.0,203.0,212.0,297.0,297.0,291.0,283.0,267.0,251.0,237.0,242.0,253.0,288.0,296.0,297.0,391.0,390.0,396.0,148.0,90.0,101.0,103.0,105.0,78.0,172.0,232.0,392.0,225.0,95.0,60.0,2510.0,297.0,140.0,157.0,246.0,195.0,248.0,193.0,2276.0,396.0,69.0,68.0,934.0,286.0,796.0,309.0,95.0,133.0,122.0,104.0,75.0,57.0,49.0,52.0,62.0,102.0,118.0,131.0,1104.0,26.0,1.0,201.0,15.0,48.0,7777.0,0.0,0,1,0,0,0,0,0,0,0,0,0,0,0,0,0,1,0,0,0,0,0,0,0,0,0,0,0,0,0,0,0,0,0,0,0,0,0,0,0,0,0,0,0,1,0,0,0,0,0,0,0,0,0,0,0,0,0,0,1,0,0,0,0,0,0,0,0,0,0,0.045,1
211.0,210.0,206.0,192.0,161.0,144.0,140.0,144.0,154.0,193.0,203.0,212.0,297.0,297.0,291.0,283.0,267.0,251.0,237.0,242.0,253.0,288.0,296.0,297.0,391.0,390.0,396.0,148.0,90.0,101.0,103.0,105.0,78.0,172.0,232.0,392.0,225.0,95.0,60.0,2510.0,297.0,140.0,157.0,246.0,195.0,248.0,193.0,2276.0,396.0,69.0,68.0,934.0,286.0,796.0,309.0,95.0,133.0,122.0,104.0,75.0,57.0,49.0,52.0,62.0,102.0,118.0,131.0,1104.0,26.0,1.0,201.0,15.0,48.0,7777.0,0.0,0,1,0,0,0,0,0,0,0,0,0,0,0,0,0,1,0,0,0,0,0,0,0,0,0,0,0,0,0,0,0,0,0,0,0,0,0,0,0,0,0,0,0,1,0,0,0,0,0,0,0,0,0,0,0,0,0,0,1,0,0,0,0,0,0,0,0,0,0,0.045,1
216.0,215.0,210.0,197.0,166.0,148.0,145.0,149.0,159.0,197.0,208.0,217.0,300.5,300.0,294.0,286.0,270.0,255.0,241.0,246.0,257.0,290.0,300.0,301.0,384.0,386.0,392.0,140.0,84.0,95.0,101.0,106.0,77.0,172.0,218.0,382.0,229.0,93.0,60.0,2493.0,301.0,145.0,156.0,250.0,204.0,252.0,197.0,2224.0,392.0,71.0,68.0,918.0,280.0,772.0,302.0,98.0,138.0,126.0,107.0,77.0,59.0,51.0,54.0,64.0,104.0,124.0,137.0,1145.0,27.0,1.0,78.0,6.0,11.0,7706.0,0.0,0,1,0,0,0,0,0,0,0,0,0,0,0,0,0,1,0,0,0,0,0,0,0,0,0,0,0,0,0,0,0,0,0,0,0,0,0,0,0,0,0,0,0,1,0,0,0,0,0,0,0,0,0,0,0,0,0,0,1,0,0,0,0,0,0,0,0,0,0,0.045,1
156.5,155.0,153.0,135.0,104.0,85.0,82.0,94.0,100.0,138.0,154.0,158.0,265.0,265.0,264.0,263.0,252.0,237.0,227.0,246.0,264.0,275.0,272.0,265.0,320.5,296.0,305.0,84.0,21.0,8.0,8.0,8.0,18.0,156.0,293.0,345.0,191.0,136.0,69.0,2099.0,279.0,82.0,197.0,210.0,161.0,210.0,161.0,1611.0,345.0,8.0,101.0,794.0,24.0,794.0,24.0,82.0,92.0,88.0,77.0,59.0,46.0,41.0,49.0,58.0,79.0,88.0,91.0,856.0,205.0,6.0,1285.0,2.0,46.0,7917.0,0.0,0,1,0,0,0,0,0,0,0,0,0,0,0,0,0,0,0,0,0,0,1,0,0,0,0,0,0,0,0,0,0,0,0,0,0,1,0,0,0,0,0,0,0,0,0,0,0,0,0,0,0,0,0,0,0,0,0,0,0,0,0,0,0,0,0,0,1,0,0,0.0,0
211.0,210.0,206.0,192.0,161.0,144.0,140.0,144.0,154.0,193.0,203.0,212.0,297.0,297.0,291.0,283.0,267.0,251.0,237.0,242.0,253.0,288.0,296.0,297.0,391.0,390.0,396.0,148.0,90.0,101.0,103.0,105.0,78.0,172.0,232.0,392.0,225.0,95.0,60.0,2510.0,297.0,140.0,157.0,246.0,195.0,248.0,193.0,2276.0,396.0,69.0,68.0,934.0,286.0,796.0,309.0,95.0,133.0,122.0,104.0,75.0,57.0,49.0,52.0,62.0,102.0,118.0,131.0,1104.0,26.0,1.0,201.0,15.0,48.0,7777.0,0.0,0,1,0,0,0,0,0,0,0,0,0,0,0,0,0,1,0,0,0,0,0,0,0,0,0,0,0,0,0,0,0,0,0,0,0,0,0,0,0,0,0,0,0,1,0,0,0,0,0,0,0,0,0,0,0,0,0,0,1,0,0,0,0,0,0,0,0,0,0,0.0,0
216.0,215.0,210.0,197.0,166.0,148.0,145.0,149.0,159.0,197.0,208.0,217.0,300.5,300.0,294.0,286.0,270.0,255.0,241.0,246.0,257.0,290.0,300.0,301.0,384.0,386.0,392.0,140.0,84.0,95.0,101.0,106.0,77.0,172.0,218.0,382.0,229.0,93.0,60.0,2493.0,301.0,145.0,156.0,250.0,204.0,252.0,197.0,2224.0,392.0,71.0,68.0,918.0,280.0,772.0,302.0,98.0,138.0,126.0,107.0,77.0,59.0,51.0,54.0,64.0,104.0,124.0,137.0,1145.0,27.0,1.0,78.0,6.0,11.0,7706.0,0.0,0,1,0,0,0,0,0,0,0,0,0,0,0,0,0,1,0,0,0,0,0,0,0,0,0,0,0,0,0,0,0,0,0,0,0,0,0,0,0,0,0,0,0,1,0,0,0,0,0,0,0,0,0,0,0,0,0,0,1,0,0,0,0,0,0,0,0,0,0,0.0,0
233.5,234.0,234.0,233.0,224.0,210.0,200.0,199.0,204.0,226.0,233.0,233.0,309.0,312.0,307.0,307.0,306.0,291.0,284.0,283.0,285.0,307.0,316.0,306.0,305.5,288.0,181.0,61.0,15.0,22.0,21.0,20.0,11.0,47.0,165.0,323.0,260.0,79.0,68.0,1272.0,316.0,199.0,117.0,266.0,242.0,271.0,242.0,1170.0,323.0,11.0,114.0,627.0,52.0,530.0,52.0,124.0,157.0,149.0,145.0,132.0,105.0,91.0,89.0,96.0,134.0,154.0,148.0,1529.0,706.0,8.0,82.0,8.0,100.0,7834.0,3.0,0,0,0,0,1,0,0,0,0,0,0,0,1,0,0,0,0,0,0,0,0,0,0,0,0,0,0,0,0,0,0,0,0,0,0,1,0,0,0,0,0,0,0,0,0,0,0,0,0,0,0,1,0,0,0,0,0,0,0,0,0,0,0,0,0,0,0,0,0,0.0,0
238.0,238.0,239.0,236.0,230.0,215.0,205.0,204.0,210.0,231.0,238.0,238.0,313.0,316.0,311.0,311.0,312.0,295.0,289.0,289.0,290.0,310.0,322.0,310.0,308.0,292.0,177.0,57.0,15.0,22.0,20.0,20.0,11.0,48.0,163.0,324.0,264.0,79.0,67.0,1244.0,322.0,204.0,118.0,270.0,247.0,275.0,247.0,1165.0,324.0,11.0,116.0,632.0,51.0,526.0,51.0,131.0,166.0,158.0,151.0,142.0,110.0,96.0,95.0,102.0,141.0,165.0,157.0,1620.0,766.0,9.0,142.0,5.0,201.0,7635.0,18.0,0,0,0,0,0,0,0,0,1,0,0,0,0,0,0,0,0,0,0,0,0,0,0,0,0,0,0,0,0,1,0,0,0,0,0,0,0,0,0,0,0,0,0,0,0,0,1,0,0,0,0,0,0,0,0,0,0,0,0,0,0,0,0,0,0,0,0,0,1,0.0,0
228.0,228.0,228.0,225.0,216.0,200.0,192.0,192.0,197.0,220.0,226.0,228.0,306.0,308.0,305.0,305.0,304.0,290.0,281.0,281.0,285.0,306.0,313.0,304.0,314.5,297.0,191.0,68.0,14.0,21.0,23.0,20.0,11.0,52.0,181.0,332.0,255.0,84.0,70.0,1280.0,313.0,192.0,121.0,262.0,238.0,266.0,238.0,1228.0,332.0,11.0,113.0,647.0,54.0,556.0,54.0,120.0,148.0,142.0,136.0,124.0,98.0,85.0,85.0,93.0,129.0,144.0,142.0,1451.0,646.0,8.0,184.0,3.0,313.0,7969.0,3.0,0,0,1,0,0,0,0,0,0,0,0,0,0,0,0,0,0,0,0,0,0,0,0,0,0,0,1,0,0,0,0,0,0,0,0,0,1,0,0,0,0,0,0,0,0,0,0,0,0,1,0,0,0,0,0,0,0,0,0,0,0,0,0,0,0,0,0,0,0,0.0,0
240.0,240.0,240.0,238.0,232.0,216.0,206.0,206.0,212.0,234.0,240.0,240.0,314.5,317.0,312.0,313.0,314.0,297.0,291.0,291.0,292.0,313.0,324.0,312.0,306.0,290.0,176.0,57.0,15.0,23.0,21.0,20.0,11.0,49.0,165.0,322.0,266.0,79.0,67.0,1245.0,324.0,206.0,118.0,272.0,249.0,277.0,249.0,1166.0,322.0,11.0,115.0,629.0,52.0,536.0,52.0,136.0,169.0,160.0,155.0,146.0,112.0,97.0,97.0,104.0,147.0,170.0,161.0,1661.0,792.0,9.0,71.0,6.0,85.0,7863.0,0.0,0,0,0,1,0,0,0,0,0,0,0,0,0,0,0,0,0,0,0,0,0,0,0,0,0,0,0,1,0,0,0,0,0,0,0,1,0,0,0,0,0,0,0,0,0,0,0,0,0,1,0,0,0,0,0,0,0,0,0,0,0,0,0,0,0,0,0,0,0,0.0,0
237.0,237.0,236.0,236.0,229.0,213.0,202.0,202.0,207.0,230.0,237.0,237.0,314.0,317.0,311.0,312.0,312.0,297.0,289.0,290.0,290.0,311.0,322.0,311.0,310.5,294.0,179.0,57.0,14.0,22.0,21.0,20.0,11.0,50.0,170.0,327.0,264.0,81.0,67.0,1275.0,322.0,202.0,120.0,270.0,246.0,274.0,246.0,1182.0,327.0,11.0,115.0,638.0,52.0,530.0,52.0,130.0,166.0,155.0,152.0,141.0,110.0,94.0,95.0,100.0,141.0,164.0,157.0,1611.0,755.0,8.0,44.0,6.0,241.0,7877.0,0.0,0,0,0,1,0,0,0,0,0,0,0,0,1,0,0,0,0,0,0,0,0,0,0,0,0,0,0,0,0,0,0,0,0,0,0,0,1,0,0,0,0,0,0,0,0,0,0,0,0,1,0,0,0,0,0,0,0,0,0,0,0,0,0,0,0,0,0,0,0,0.0,0
229.0,229.0,229.0,227.0,219.0,202.0,194.0,193.0,199.0,222.0,229.0,229.0,307.5,310.0,306.0,307.0,305.0,291.0,282.0,282.0,285.0,306.0,315.0,305.0,307.0,290.0,185.0,67.0,16.0,22.0,24.0,21.0,12.0,52.0,180.0,324.0,257.0,84.0,68.0,1301.0,315.0,193.0,122.0,263.0,239.0,268.0,239.0,1211.0,324.0,12.0,111.0,632.0,57.0,542.0,57.0,120.0,150.0,144.0,139.0,127.0,100.0,87.0,86.0,93.0,130.0,149.0,143.0,1475.0,654.0,8.0,141.0,7.0,246.0,7788.0,4.0,0,0,0,1,0,0,0,0,0,0,0,0,0,0,1,0,0,0,0,0,0,0,0,0,0,0,0,0,0,0,0,0,0,0,0,0,1,0,0,0,0,0,0,0,0,0,0,0,0,1,0,0,0,0,0,0,0,0,0,0,0,0,0,0,0,0,0,0,0,0.0,0
225.0,225.0,225.0,223.0,213.0,197.0,190.0,189.0,194.0,217.0,224.0,225.0,304.0,306.0,302.0,302.0,300.0,287.0,278.0,278.0,281.0,302.0,310.0,302.0,302.0,285.0,186.0,71.0,16.0,21.0,25.0,22.0,12.0,51.0,180.0,319.0,252.0,84.0,69.0,1293.0,310.0,189.0,121.0,259.0,235.0,263.0,235.0,1206.0,319.0,12.0,110.0,622.0,59.0,542.0,59.0,115.0,143.0,137.0,132.0,119.0,95.0,83.0,83.0,89.0,123.0,140.0,138.0,1404.0,607.0,8.0,250.0,14.0,331.0,8092.0,47.0,0,0,0,0,1,0,0,0,0,0,0,0,0,0,1,0,0,0,0,0,0,0,0,0,0,0,0,0,0,0,0,0,0,0,1,0,0,0,0,0,0,0,0,0,0,0,0,0,0,1,0,0,0,0,0,0,0,0,0,0,0,0,0,0,0,0,0,0,0,0.0,0
240.5,241.0,240.0,239.0,232.0,216.0,206.0,206.0,212.0,234.0,240.0,240.0,315.5,318.0,313.0,314.0,314.0,298.0,291.0,291.0,292.0,314.0,324.0,313.0,296.5,280.0,172.0,62.0,18.0,25.0,24.0,23.0,13.0,50.0,168.0,313.0,267.0,79.0,67.0,1265.0,324.0,206.0,118.0,273.0,249.0,277.0,249.0,1167.0,313.0,13.0,110.0,612.0,60.0,514.0,60.0,136.0,171.0,162.0,158.0,146.0,113.0,97.0,97.0,104.0,148.0,170.0,162.0,1669.0,771.0,9.0,14.0,2.0,294.0,7863.0,3.0,0,0,0,0,0,0,0,1,0,0,0,0,0,0,0,0,0,0,0,0,0,0,0,0,1,0,0,0,0,0,0,0,0,0,1,0,0,0,0,0,0,0,0,0,0,0,0,0,0,1,0,0,0,0,0,0,0,0,0,0,0,0,0,0,0,0,0,0,0,0.0,0
235.5,236.0,235.0,234.0,225.0,210.0,201.0,201.0,206.0,229.0,235.0,235.0,312.5,315.0,310.0,311.0,311.0,296.0,288.0,288.0,290.0,311.0,320.0,310.0,299.5,283.0,177.0,65.0,17.0,24.0,24.0,23.0,13.0,52.0,175.0,316.0,263.0,82.0,69.0,1256.0,320.0,201.0,119.0,269.0,245.0,273.0,245.0,1188.0,316.0,13.0,110.0,618.0,60.0,525.0,60.0,130.0,162.0,153.0,149.0,137.0,108.0,93.0,93.0,100.0,140.0,160.0,154.0,1584.0,716.0,8.0,82.0,10.0,57.0,7971.0,12.0,0,0,0,0,1,0,0,0,0,0,0,0,1,0,0,0,0,0,0,0,0,0,0,0,0,0,0,0,0,0,0,0,0,0,0,0,1,0,0,0,0,0,0,0,0,0,0,0,0,1,0,0,0,0,0,0,0,0,0,0,0,0,0,0,0,0,0,0,0,0.0,0
228.0,228.0,228.0,225.0,215.0,197.0,190.0,191.0,196.0,220.0,226.0,228.0,307.5,309.0,306.0,307.0,305.0,294.0,282.0,283.0,288.0,308.0,314.0,306.0,301.5,285.0,191.0,87.0,22.0,24.0,29.0,26.0,16.0,60.0,200.0,318.0,256.0,87.0,70.0,1296.0,314.0,190.0,124.0,262.0,238.0,267.0,238.0,1281.0,318.0,16.0,103.0,626.0,71.0,563.0,71.0,121.0,149.0,143.0,138.0,124.0,99.0,84.0,86.0,94.0,130.0,145.0,144.0,1461.0,592.0,8.0,150.0,8.0,253.0,7786.0,56.0,0,0,0,0,1,0,0,0,0,0,0,0,0,0,0,0,0,0,0,0,0,0,0,0,0,1,0,0,0,0,0,0,0,0,1,0,0,0,0,0,0,0,0,0,0,0,0,0,0,1,0,0,0,0,0,0,0,0,0,0,0,0,0,0,0,0,0,0,0,0.0,0
228.0,228.0,228.0,225.0,215.0,197.0,190.0,191.0,196.0,220.0,226.0,228.0,307.5,309.0,306.0,307.0,305.0,294.0,282.0,283.0,288.0,308.0,314.0,306.0,301.5,285.0,191.0,87.0,22.0,24.0,29.0,26.0,16.0,60.0,200.0,318.0,256.0,87.0,70.0,1296.0,314.0,190.0,124.0,262.0,238.0,267.0,238.0,1281.0,318.0,16.0,103.0,626.0,71.0,563.0,71.0,121.0,149.0,143.0,138.0,124.0,99.0,84.0,86.0,94.0,130.0,145.0,144.0,1461.0,592.0,8.0,150.0,8.0,253.0,7786.0,56.0,0,0,0,0,1,0,0,0,0,0,0,0,0,0,0,0,0,0,0,0,0,0,0,0,0,1,0,0,0,0,0,0,0,0,1,0,0,0,0,0,0,0,0,0,0,0,0,0,0,1,0,0,0,0,0,0,0,0,0,0,0,0,0,0,0,0,0,0,0,0.0,0
223.5,224.0,223.0,220.0,209.0,191.0,185.0,186.0,192.0,216.0,222.0,223.0,304.0,306.0,303.0,303.0,300.0,290.0,279.0,279.0,286.0,306.0,310.0,302.0,301.5,285.0,196.0,92.0,22.0,24.0,30.0,26.0,16.0,61.0,205.0,318.0,252.0,89.0,71.0,1302.0,310.0,185.0,125.0,258.0,234.0,263.0,234.0,1299.0,318.0,16.0,102.0,627.0,72.0,573.0,72.0,116.0,143.0,137.0,130.0,116.0,93.0,81.0,82.0,91.0,126.0,138.0,136.0,1394.0,544.0,8.0,208.0,2.0,339.0,7990.0,62.0,0,0,0,0,1,0,0,0,0,0,0,0,0,0,0,0,0,0,0,0,0,0,0,0,0,1,0,0,0,0,0,0,0,0,1,0,0,0,0,0,0,0,0,0,0,0,0,0,0,1,0,0,0,0,0,0,0,0,0,0,0,0,0,0,0,0,0,0,0,0.0,0
221.0,221.0,221.0,218.0,206.0,189.0,182.0,183.0,188.0,212.0,219.0,221.0,302.0,303.0,301.0,301.0,298.0,289.0,275.0,276.0,283.0,303.0,307.0,301.0,297.0,280.0,195.0,93.0,22.0,24.0,31.0,27.0,17.0,60.0,205.0,314.0,249.0,89.0,71.0,1324.0,307.0,182.0,125.0,256.0,231.0,260.0,231.0,1291.0,314.0,17.0,101.0,617.0,75.0,568.0,75.0,113.0,138.0,134.0,128.0,113.0,92.0,78.0,79.0,88.0,121.0,133.0,134.0,1356.0,518.0,8.0,251.0,3.0,268.0,7940.0,21.0,0,0,0,0,1,0,0,0,0,0,0,0,0,0,0,0,0,0,0,0,0,0,0,0,0,1,0,0,0,0,0,0,0,0,0,1,0,0,0,0,0,0,0,0,0,0,0,0,0,1,0,0,0,0,0,0,0,0,0,0,0,0,0,0,0,0,0,0,0,0.0,0
237.5,238.0,237.0,235.0,225.0,207.0,200.0,201.0,207.0,231.0,237.0,237.0,314.0,316.0,313.0,315.0,313.0,300.0,289.0,291.0,295.0,315.0,321.0,312.0,282.0,265.0,177.0,92.0,29.0,31.0,34.0,33.0,21.0,61.0,197.0,299.0,264.0,84.0,69.0,1289.0,321.0,200.0,121.0,271.0,247.0,275.0,247.0,1266.0,299.0,21.0,95.0,591.0,88.0,534.0,88.0,135.0,166.0,159.0,154.0,138.0,108.0,92.0,94.0,103.0,146.0,163.0,158.0,1622.0,647.0,8.0,4.0,1.0,250.0,7880.0,64.0,0,0,0,0,0,0,0,1,0,0,0,0,0,0,0,0,0,0,0,0,0,0,0,0,0,0,0,1,0,0,0,0,1,0,0,0,0,0,0,0,0,0,0,0,0,0,0,0,0,1,0,0,0,0,0,0,0,0,0,0,0,0,0,0,0,0,0,0,0,0.0,0
239.0,239.0,237.0,236.0,227.0,211.0,204.0,204.0,209.0,232.0,238.0,239.0,314.5,317.0,312.0,313.0,312.0,299.0,290.0,290.0,293.0,314.0,321.0,312.0,274.5,257.0,169.0,82.0,27.0,31.0,33.0,32.0,20.0,56.0,184.0,292.0,265.0,81.0,69.0,1247.0,321.0,204.0,117.0,271.0,248.0,276.0,248.0,1208.0,292.0,20.0,96.0,574.0,85.0,532.0,85.0,133.0,168.0,157.0,153.0,139.0,110.0,96.0,95.0,103.0,146.0,164.0,160.0,1631.0,673.0,8.0,142.0,5.0,201.0,7635.0,18.0,0,0,0,0,0,0,0,0,1,0,0,0,0,0,0,0,0,0,0,0,0,0,0,0,0,0,0,1,0,0,0,0,0,0,0,0,0,0,0,0,0,0,0,0,0,0,1,0,0,0,0,0,0,0,0,0,0,0,0,0,0,0,0,0,0,0,0,0,1,0.0,0
227.5,228.0,226.0,222.0,209.0,190.0,185.0,187.0,192.0,219.0,224.0,227.0,308.0,309.0,307.0,310.0,307.0,298.0,283.0,285.0,293.0,313.0,314.0,307.0,289.5,282.0,200.0,120.0,39.0,35.0,38.0,37.0,26.0,77.0,227.0,297.0,256.0,93.0,72.0,1339.0,314.0,185.0,129.0,263.0,237.0,267.0,237.0,1415.0,297.0,26.0,87.0,616.0,101.0,601.0,101.0,124.0,149.0,143.0,138.0,120.0,97.0,82.0,84.0,94.0,134.0,143.0,144.0,1458.0,468.0,8.0,95.0,9.0,201.0,7586.0,6.0,0,1,0,0,0,0,0,0,0,0,0,0,0,0,0,0,0,1,0,0,0,0,0,0,0,0,0,0,0,0,0,0,0,0,0,1,0,0,0,0,0,0,0,0,0,0,0,0,0,1,0,0,0,0,0,0,0,0,0,0,0,0,0,0,0,0,0,0,0,0.0,0
211.0,210.0,206.0,192.0,161.0,144.0,140.0,144.0,154.0,193.0,203.0,212.0,297.0,297.0,291.0,283.0,267.0,251.0,237.0,242.0,253.0,288.0,296.0,297.0,391.0,390.0,396.0,148.0,90.0,101.0,103.0,105.0,78.0,172.0,232.0,392.0,225.0,95.0,60.0,2510.0,297.0,140.0,157.0,246.0,195.0,248.0,193.0,2276.0,396.0,69.0,68.0,934.0,286.0,796.0,309.0,95.0,133.0,122.0,104.0,75.0,57.0,49.0,52.0,62.0,102.0,118.0,131.0,1104.0,26.0,1.0,201.0,15.0,48.0,7777.0,0.0,0,1,0,0,0,0,0,0,0,0,0,0,0,0,0,1,0,0,0,0,0,0,0,0,0,0,0,0,0,0,0,0,0,0,0,0,0,0,0,0,0,0,0,1,0,0,0,0,0,0,0,0,0,0,0,0,0,0,1,0,0,0,0,0,0,0,0,0,0,0.06,1
216.0,215.0,210.0,197.0,166.0,148.0,145.0,149.0,159.0,197.0,208.0,217.0,300.5,300.0,294.0,286.0,270.0,255.0,241.0,246.0,257.0,290.0,300.0,301.0,384.0,386.0,392.0,140.0,84.0,95.0,101.0,106.0,77.0,172.0,218.0,382.0,229.0,93.0,60.0,2493.0,301.0,145.0,156.0,250.0,204.0,252.0,197.0,2224.0,392.0,71.0,68.0,918.0,280.0,772.0,302.0,98.0,138.0,126.0,107.0,77.0,59.0,51.0,54.0,64.0,104.0,124.0,137.0,1145.0,27.0,1.0,78.0,6.0,11.0,7706.0,0.0,0,1,0,0,0,0,0,0,0,0,0,0,0,0,0,1,0,0,0,0,0,0,0,0,0,0,0,0,0,0,0,0,0,0,0,0,0,0,0,0,0,0,0,1,0,0,0,0,0,0,0,0,0,0,0,0,0,0,1,0,0,0,0,0,0,0,0,0,0,0.06,1
195.0,196.0,186.0,174.0,147.0,131.0,130.0,129.0,135.0,168.0,184.0,194.0,285.0,286.0,283.0,273.0,259.0,240.0,220.0,223.0,235.0,277.0,284.0,284.0,399.5,416.0,411.0,191.0,127.0,153.0,144.0,127.0,96.0,143.0,304.0,383.0,210.0,100.0,63.0,2523.0,286.0,129.0,157.0,233.0,194.0,233.0,178.0,2562.0,416.0,67.0,59.0,1018.0,366.0,1018.0,367.0,80.0,118.0,108.0,92.0,70.0,54.0,46.0,47.0,54.0,87.0,103.0,113.0,978.0,13.0,1.0,635.0,6.0,56.0,7812.0,56.0,0,1,0,0,0,0,0,0,0,0,0,0,0,0,0,1,0,0,0,0,0,0,0,0,0,0,0,0,0,0,0,0,0,0,0,0,0,0,0,0,0,1,0,0,0,0,0,0,0,0,0,0,0,0,1,0,0,0,0,0,0,0,0,0,0,0,0,0,0,0.06,1
164.0,164.0,162.0,144.0,121.0,105.0,102.0,103.0,105.0,138.0,152.0,164.0,263.0,264.0,266.0,258.0,246.0,225.0,195.0,207.0,221.0,270.0,270.0,262.0,245.5,246.0,195.0,45.0,21.0,29.0,30.0,28.0,12.0,105.0,190.0,245.0,187.0,113.0,67.0,2486.0,270.0,102.0,168.0,209.0,155.0,209.0,155.0,1179.0,246.0,12.0,94.0,540.0,70.0,486.0,70.0,69.0,95.0,93.0,79.0,64.0,49.0,39.0,42.0,48.0,78.0,87.0,93.0,843.0,196.0,7.0,1090.0,14.0,214.0,7244.0,100.0,0,1,0,0,0,0,0,0,0,0,1,0,0,0,0,0,0,0,0,0,0,0,0,0,0,0,0,0,0,0,0,0,0,0,0,0,0,0,0,0,0,1,0,0,0,0,0,0,0,0,0,0,0,0,1,0,0,0,0,0,0,0,0,0,0,0,0,0,0,0.06,1
164.0,164.0,162.0,144.0,121.0,105.0,102.0,103.0,105.0,138.0,152.0,164.0,263.0,264.0,266.0,258.0,246.0,225.0,195.0,207.0,221.0,270.0,270.0,262.0,245.5,246.0,195.0,45.0,21.0,29.0,30.0,28.0,12.0,105.0,190.0,245.0,187.0,113.0,67.0,2486.0,270.0,102.0,168.0,209.0,155.0,209.0,155.0,1179.0,246.0,12.0,94.0,540.0,70.0,486.0,70.0,69.0,95.0,93.0,79.0,64.0,49.0,39.0,42.0,48.0,78.0,87.0,93.0,843.0,196.0,7.0,1090.0,14.0,214.0,7244.0,100.0,0,1,0,0,0,0,0,0,0,0,1,0,0,0,0,0,0,0,0,0,0,0,0,0,0,0,0,0,0,0,0,0,0,0,0,0,0,0,0,0,0,1,0,0,0,0,0,0,0,0,0,0,0,0,1,0,0,0,0,0,0,0,0,0,0,0,0,0,0,0.06,1
215.5,216.0,212.0,198.0,178.0,163.0,158.0,155.0,157.0,189.0,203.0,215.0,297.0,297.0,302.0,287.0,276.0,255.0,230.0,232.0,245.0,280.0,291.0,297.0,342.5,352.0,359.0,209.0,142.0,151.0,146.0,127.0,77.0,141.0,248.0,333.0,227.0,86.0,59.0,2455.0,302.0,155.0,147.0,252.0,209.0,252.0,196.0,2358.0,359.0,73.0,52.0,920.0,345.0,920.0,350.0,85.0,135.0,132.0,109.0,87.0,67.0,53.0,52.0,60.0,95.0,114.0,131.0,1124.0,12.0,1.0,461.0,13.0,219.0,7501.0,77.0,0,1,0,0,0,0,0,0,0,0,0,0,0,0,0,0,0,0,0,0,0,0,0,1,0,0,0,0,0,0,0,0,0,0,0,0,0,0,0,0,0,1,0,0,0,0,0,0,0,0,0,0,0,0,1,0,0,0,0,0,0,0,0,0,0,0,0,0,0,0.06,1
219.0,219.0,215.0,203.0,182.0,166.0,163.0,160.0,161.0,194.0,208.0,219.0,300.5,301.0,303.0,291.0,277.0,258.0,236.0,239.0,250.0,284.0,295.0,300.0,357.0,366.0,384.0,241.0,165.0,171.0,163.0,143.0,89.0,148.0,252.0,348.0,231.0,86.0,60.0,2386.0,303.0,160.0,143.0,255.0,214.0,255.0,201.0,2548.0,384.0,78.0,49.0,991.0,380.0,991.0,395.0,89.0,139.0,134.0,113.0,89.0,68.0,56.0,56.0,62.0,99.0,119.0,136.0,1165.0,11.0,1.0,321.0,9.0,156.0,7510.0,13.0,0,1,0,0,0,0,0,0,0,0,0,0,0,0,0,1,0,0,0,0,0,0,0,0,0,0,0,0,0,0,0,0,0,0,0,0,0,0,0,0,0,0,0,1,0,0,0,0,0,0,0,0,0,0,1,0,0,0,0,0,0,0,0,0,0,0,0,0,0,0.06,1
199.5,200.0,195.0,181.0,159.0,146.0,144.0,145.0,147.0,175.0,187.0,199.0,284.5,286.0,286.0,278.0,263.0,244.0,220.0,224.0,236.0,274.0,284.0,283.0,330.0,331.0,298.0,182.0,109.0,115.0,112.0,99.0,61.0,116.0,234.0,329.0,215.0,91.0,64.0,2315.0,286.0,144.0,142.0,237.0,186.0,237.0,186.0,2045.0,331.0,59.0,59.0,811.0,272.0,811.0,272.0,79.0,118.0,112.0,97.0,76.0,60.0,49.0,51.0,57.0,88.0,103.0,113.0,1010.0,20.0,1.0,518.0,3.0,258.0,7855.0,87.0,0,1,0,0,0,0,0,0,0,0,0,0,0,0,0,1,0,0,0,0,0,0,0,0,0,0,0,0,0,0,0,0,0,0,0,0,0,0,0,0,0,1,0,0,0,0,0,0,0,0,0,0,0,0,1,0,0,0,0,0,0,0,0,0,0,0,0,0,0,0.06,1
199.5,200.0,195.0,181.0,159.0,146.0,144.0,145.0,147.0,175.0,187.0,199.0,284.5,286.0,286.0,278.0,263.0,244.0,220.0,224.0,236.0,274.0,284.0,283.0,330.0,331.0,298.0,182.0,109.0,115.0,112.0,99.0,61.0,116.0,234.0,329.0,215.0,91.0,64.0,2315.0,286.0,144.0,142.0,237.0,186.0,237.0,186.0,2045.0,331.0,59.0,59.0,811.0,272.0,811.0,272.0,79.0,118.0,112.0,97.0,76.0,60.0,49.0,51.0,57.0,88.0,103.0,113.0,1010.0,20.0,1.0,518.0,3.0,258.0,7855.0,87.0,0,1,0,0,0,0,0,0,0,0,0,0,0,0,0,1,0,0,0,0,0,0,0,0,0,0,0,0,0,0,0,0,0,0,0,0,0,0,0,0,0,1,0,0,0,0,0,0,0,0,0,0,0,0,1,0,0,0,0,0,0,0,0,0,0,0,0,0,0,0.06,1
221.0,220.0,208.0,182.0,154.0,141.0,131.0,138.0,153.0,202.0,215.0,222.0,330.5,327.0,326.0,322.0,300.0,279.0,272.0,280.0,293.0,317.0,327.0,334.0,91.0,94.0,41.0,11.0,15.0,9.0,3.0,4.0,8.0,35.0,64.0,88.0,242.0,128.0,63.0,2778.0,334.0,131.0,203.0,264.0,211.0,269.0,206.0,388.0,94.0,3.0,98.0,198.0,15.0,187.0,16.0,113.0,166.0,149.0,119.0,81.0,61.0,51.0,57.0,73.0,123.0,149.0,169.0,1317.0,929.0,12.0,28.0,2.0,259.0,7354.0,98.0,0,0,0,0,0,0,0,0,1,0,0,0,0,0,0,0,0,0,0,1,0,0,0,0,0,0,0,0,0,0,0,0,0,0,0,0,0,0,1,0,0,0,0,0,0,0,0,0,0,0,0,0,0,0,0,0,0,1,0,0,0,0,0,0,0,0,0,0,0,0.0,0
222.5,221.0,209.0,181.0,155.0,144.0,134.0,139.0,155.0,203.0,217.0,224.0,330.0,326.0,324.0,320.0,298.0,278.0,271.0,276.0,289.0,313.0,327.0,334.0,80.5,84.0,36.0,10.0,17.0,10.0,4.0,4.0,8.0,32.0,55.0,77.0,242.0,124.0,62.0,2788.0,334.0,134.0,200.0,263.0,210.0,269.0,207.0,352.0,84.0,4.0,93.0,176.0,16.0,164.0,18.0,110.0,166.0,148.0,117.0,81.0,62.0,52.0,56.0,72.0,121.0,150.0,171.0,1312.0,960.0,12.0,6.0,1.0,341.0,7370.0,9.0,0,0,0,0,0,0,0,0,1,0,0,0,0,0,0,0,0,0,1,0,0,0,0,0,0,0,0,0,0,0,0,0,0,0,0,1,0,0,0,0,0,0,0,0,0,0,0,0,0,0,0,0,0,0,0,0,0,1,0,0,0,0,0,0,0,0,0,0,0,0.0,0
222.5,221.0,209.0,181.0,155.0,144.0,134.0,139.0,155.0,203.0,217.0,224.0,330.0,326.0,324.0,320.0,298.0,278.0,271.0,276.0,289.0,313.0,327.0,334.0,80.5,84.0,36.0,10.0,17.0,10.0,4.0,4.0,8.0,32.0,55.0,77.0,242.0,124.0,62.0,2788.0,334.0,134.0,200.0,263.0,210.0,269.0,207.0,352.0,84.0,4.0,93.0,176.0,16.0,164.0,18.0,110.0,166.0,148.0,117.0,81.0,62.0,52.0,56.0,72.0,121.0,150.0,171.0,1312.0,960.0,12.0,6.0,1.0,341.0,7370.0,9.0,0,0,0,0,0,0,0,0,1,0,0,0,0,0,0,0,0,0,1,0,0,0,0,0,0,0,0,0,0,0,0,0,0,0,0,1,0,0,0,0,0,0,0,0,0,0,0,0,0,0,0,0,0,0,0,0,0,1,0,0,0,0,0,0,0,0,0,0,0,0.0,0
217.0,216.0,204.0,178.0,149.0,136.0,127.0,133.0,149.0,198.0,210.0,218.0,328.0,325.0,324.0,320.0,298.0,277.0,270.0,278.0,292.0,317.0,325.0,331.0,96.5,97.0,43.0,12.0,14.0,9.0,4.0,4.0,8.0,38.0,71.0,96.0,239.0,131.0,64.0,2784.0,331.0,127.0,204.0,261.0,208.0,266.0,203.0,413.0,97.0,4.0,99.0,210.0,16.0,205.0,17.0,111.0,160.0,144.0,115.0,79.0,59.0,50.0,56.0,71.0,120.0,143.0,163.0,1276.0,863.0,12.0,113.0,0.0,210.0,7380.0,100.0,0,0,0,0,0,0,0,1,0,0,0,0,0,0,0,0,0,0,0,1,0,0,0,0,0,0,0,0,0,0,0,0,0,0,0,0,0,0,1,0,0,0,0,0,0,0,0,0,0,0,0,0,0,0,0,0,0,1,0,0,0,0,0,0,0,0,0,0,0,0.0,0
214.0,213.0,202.0,175.0,147.0,133.0,123.0,130.0,147.0,196.0,208.0,215.0,327.0,324.0,323.0,319.0,299.0,277.0,270.0,280.0,294.0,320.0,326.0,330.0,104.5,103.0,48.0,13.0,13.0,8.0,3.0,4.0,8.0,41.0,79.0,106.0,238.0,134.0,64.0,2774.0,330.0,123.0,207.0,260.0,202.0,265.0,202.0,444.0,106.0,3.0,101.0,227.0,15.0,226.0,15.0,112.0,157.0,142.0,113.0,79.0,58.0,49.0,56.0,72.0,121.0,142.0,159.0,1263.0,819.0,12.0,135.0,1.0,184.0,7371.0,30.0,0,0,0,0,0,1,0,0,0,0,0,0,0,0,0,0,0,0,0,1,0,0,0,0,0,0,0,0,0,0,0,0,0,0,0,0,1,0,0,0,0,0,0,0,0,0,0,0,0,0,0,0,0,0,0,0,0,1,0,0,0,0,0,0,0,0,0,0,0,0.0,0
216.0,213.0,202.0,176.0,151.0,145.0,133.0,135.0,153.0,198.0,213.0,219.0,325.0,318.0,319.0,317.0,294.0,278.0,270.0,271.0,288.0,312.0,328.0,332.0,85.5,77.0,33.0,15.0,14.0,10.0,4.0,4.0,9.0,37.0,79.0,94.0,239.0,126.0,63.0,2676.0,332.0,133.0,199.0,267.0,208.0,267.0,205.0,391.0,94.0,4.0,96.0,210.0,17.0,210.0,18.0,115.0,152.0,139.0,112.0,78.0,63.0,52.0,54.0,71.0,117.0,148.0,165.0,1271.0,880.0,12.0,157.0,16.0,271.0,7255.0,62.0,0,0,0,0,0,1,0,0,0,0,0,0,0,0,0,0,0,0,0,1,0,0,0,0,0,0,0,0,0,0,0,0,0,0,0,0,0,0,0,1,0,0,0,0,0,0,0,0,0,0,0,0,0,0,0,0,0,1,0,0,0,0,0,0,0,0,0,0,0,0.0,0
199.0,198.0,186.0,160.0,133.0,118.0,109.0,115.0,133.0,180.0,192.0,200.0,316.0,313.0,312.0,307.0,290.0,268.0,260.0,272.0,290.0,315.0,315.0,319.0,133.0,124.0,67.0,17.0,11.0,8.0,4.0,3.0,8.0,53.0,113.0,142.0,226.0,140.0,66.0,2712.0,319.0,109.0,210.0,253.0,190.0,253.0,190.0,572.0,142.0,3.0,106.0,308.0,15.0,308.0,15.0,104.0,137.0,123.0,99.0,72.0,53.0,45.0,51.0,68.0,109.0,123.0,138.0,1127.0,559.0,11.0,477.0,11.0,346.0,7929.0,68.0,0,0,0,0,0,1,0,0,0,0,0,0,0,0,0,0,0,0,0,1,0,0,0,0,0,0,0,0,0,0,0,0,0,0,0,0,0,0,0,1,0,0,0,0,0,0,0,0,0,0,0,0,0,0,0,0,0,1,0,0,0,0,0,0,0,0,0,0,0,0.0,0
208.5,207.0,195.0,169.0,141.0,126.0,117.0,122.0,142.0,190.0,204.0,210.0,326.0,322.0,322.0,318.0,299.0,276.0,268.0,277.0,296.0,323.0,326.0,330.0,109.0,99.0,49.0,16.0,12.0,9.0,4.0,4.0,9.0,46.0,95.0,119.0,235.0,140.0,65.0,2828.0,330.0,117.0,213.0,263.0,197.0,263.0,197.0,481.0,119.0,4.0,101.0,260.0,17.0,260.0,17.0,113.0,150.0,136.0,109.0,77.0,56.0,47.0,52.0,71.0,119.0,139.0,155.0,1229.0,748.0,12.0,306.0,2.0,173.0,7442.0,42.0,0,0,0,0,0,1,0,0,0,0,0,0,0,0,0,0,0,0,0,1,0,0,0,0,0,0,0,0,0,0,0,0,0,0,0,0,0,0,0,1,0,0,0,0,0,0,0,0,0,0,0,0,0,0,0,0,0,1,0,0,0,0,0,0,0,0,0,0,0,0.0,0
210.0,209.0,197.0,171.0,142.0,127.0,117.0,122.0,143.0,191.0,206.0,211.0,328.0,324.0,325.0,321.0,302.0,279.0,271.0,279.0,299.0,326.0,330.0,332.0,110.0,98.0,49.0,16.0,12.0,9.0,4.0,4.0,9.0,47.0,98.0,122.0,237.0,141.0,66.0,2857.0,332.0,117.0,215.0,266.0,199.0,266.0,199.0,487.0,122.0,4.0,102.0,267.0,17.0,267.0,17.0,117.0,153.0,140.0,111.0,78.0,57.0,47.0,52.0,72.0,122.0,144.0,157.0,1256.0,769.0,12.0,264.0,1.0,234.0,7399.0,0.0,0,0,0,0,0,1,0,0,0,0,0,0,0,0,0,0,0,0,0,1,0,0,0,0,0,0,0,0,0,0,0,0,0,0,0,0,1,0,0,0,0,0,0,0,0,0,0,0,0,0,0,0,0,0,0,0,0,1,0,0,0,0,0,0,0,0,0,0,0,0.0,0
210.0,209.0,197.0,171.0,142.0,127.0,117.0,122.0,143.0,191.0,206.0,211.0,328.0,324.0,325.0,321.0,302.0,279.0,271.0,279.0,299.0,326.0,330.0,332.0,110.0,98.0,49.0,16.0,12.0,9.0,4.0,4.0,9.0,47.0,98.0,122.0,237.0,141.0,66.0,2857.0,332.0,117.0,215.0,266.0,199.0,266.0,199.0,487.0,122.0,4.0,102.0,267.0,17.0,267.0,17.0,117.0,153.0,140.0,111.0,78.0,57.0,47.0,52.0,72.0,122.0,144.0,157.0,1256.0,769.0,12.0,264.0,1.0,234.0,7399.0,0.0,0,0,0,0,0,1,0,0,0,0,0,0,0,0,0,0,0,0,0,1,0,0,0,0,0,0,0,0,0,0,0,0,0,0,0,0,1,0,0,0,0,0,0,0,0,0,0,0,0,0,0,0,0,0,0,0,0,1,0,0,0,0,0,0,0,0,0,0,0,0.0,0
210.0,209.0,197.0,171.0,142.0,127.0,117.0,122.0,143.0,191.0,206.0,211.0,328.0,324.0,325.0,321.0,302.0,279.0,271.0,279.0,299.0,326.0,330.0,332.0,110.0,98.0,49.0,16.0,12.0,9.0,4.0,4.0,9.0,47.0,98.0,122.0,237.0,141.0,66.0,2857.0,332.0,117.0,215.0,266.0,199.0,266.0,199.0,487.0,122.0,4.0,102.0,267.0,17.0,267.0,17.0,117.0,153.0,140.0,111.0,78.0,57.0,47.0,52.0,72.0,122.0,144.0,157.0,1256.0,769.0,12.0,264.0,1.0,234.0,7399.0,0.0,0,0,0,0,0,1,0,0,0,0,0,0,0,0,0,0,0,0,0,1,0,0,0,0,0,0,0,0,0,0,0,0,0,0,0,0,1,0,0,0,0,0,0,0,0,0,0,0,0,0,0,0,0,0,0,0,0,1,0,0,0,0,0,0,0,0,0,0,0,0.0,0
205.5,205.0,193.0,165.0,137.0,120.0,110.0,116.0,138.0,186.0,200.0,206.0,326.0,323.0,323.0,318.0,301.0,276.0,268.0,279.0,300.0,327.0,327.0,329.0,121.0,107.0,58.0,16.0,12.0,9.0,4.0,4.0,9.0,51.0,108.0,135.0,234.0,146.0,66.0,2887.0,329.0,110.0,219.0,262.0,194.0,262.0,194.0,533.0,135.0,4.0,104.0,294.0,17.0,294.0,17.0,115.0,149.0,135.0,106.0,76.0,54.0,45.0,51.0,72.0,119.0,137.0,150.0,1216.0,683.0,12.0,342.0,8.0,122.0,7179.0,0.0,0,0,0,0,0,1,0,0,0,0,0,0,0,0,0,0,0,0,0,1,0,0,0,0,0,0,0,0,0,0,0,0,0,0,0,1,0,0,0,0,0,0,0,0,0,0,0,0,0,0,0,0,0,0,0,0,0,1,0,0,0,0,0,0,0,0,0,0,0,0.0,0
204.5,203.0,192.0,165.0,136.0,119.0,109.0,115.0,137.0,186.0,199.0,206.0,326.0,322.0,323.0,319.0,301.0,277.0,268.0,280.0,301.0,329.0,328.0,330.0,123.5,109.0,61.0,17.0,12.0,9.0,4.0,4.0,8.0,52.0,111.0,138.0,234.0,147.0,66.0,2895.0,330.0,109.0,221.0,263.0,201.0,263.0,194.0,545.0,138.0,4.0,104.0,301.0,16.0,301.0,17.0,116.0,147.0,134.0,107.0,76.0,54.0,45.0,51.0,72.0,121.0,137.0,151.0,1216.0,671.0,12.0,347.0,4.0,240.0,7405.0,0.0,0,0,0,0,0,1,0,0,0,0,0,0,0,0,0,0,0,0,0,1,0,0,0,0,0,0,0,0,0,0,0,0,0,0,0,0,1,0,0,0,0,0,0,0,0,0,0,0,0,0,0,0,0,0,0,0,0,1,0,0,0,0,0,0,0,0,0,0,0,0.0,0
204.5,203.0,192.0,165.0,136.0,119.0,109.0,115.0,137.0,186.0,199.0,206.0,326.0,322.0,323.0,319.0,301.0,277.0,268.0,280.0,301.0,329.0,328.0,330.0,123.5,109.0,61.0,17.0,12.0,9.0,4.0,4.0,8.0,52.0,111.0,138.0,234.0,147.0,66.0,2895.0,330.0,109.0,221.0,263.0,201.0,263.0,194.0,545.0,138.0,4.0,104.0,301.0,16.0,301.0,17.0,116.0,147.0,134.0,107.0,76.0,54.0,45.0,51.0,72.0,121.0,137.0,151.0,1216.0,671.0,12.0,347.0,4.0,240.0,7405.0,0.0,0,0,0,0,0,1,0,0,0,0,0,0,0,0,0,0,0,0,0,1,0,0,0,0,0,0,0,0,0,0,0,0,0,0,0,0,1,0,0,0,0,0,0,0,0,0,0,0,0,0,0,0,0,0,0,0,0,1,0,0,0,0,0,0,0,0,0,0,0,0.0,0
200.0,199.0,187.0,162.0,132.0,113.0,104.0,111.0,133.0,181.0,195.0,201.0,323.0,320.0,320.0,316.0,300.0,274.0,265.0,279.0,301.0,328.0,325.0,326.0,132.5,116.0,69.0,17.0,11.0,9.0,4.0,4.0,8.0,55.0,120.0,149.0,231.0,149.0,66.0,2887.0,328.0,104.0,224.0,259.0,198.0,259.0,191.0,584.0,149.0,4.0,106.0,324.0,16.0,324.0,17.0,113.0,142.0,129.0,104.0,74.0,52.0,43.0,51.0,71.0,117.0,132.0,144.0,1178.0,598.0,11.0,435.0,3.0,298.0,7536.0,0.0,0,0,0,0,0,1,0,0,0,0,0,0,0,0,0,0,0,0,0,1,0,0,0,0,0,0,0,0,0,0,0,0,0,0,0,0,1,0,0,0,0,0,0,0,0,0,0,0,0,0,0,0,0,0,0,0,0,1,0,0,0,0,0,0,0,0,0,0,0,0.0,0
219.5,218.0,207.0,182.0,150.0,134.0,124.0,130.0,152.0,201.0,215.0,221.0,339.5,335.0,338.0,332.0,313.0,289.0,279.0,289.0,310.0,339.0,342.0,344.0,108.5,93.0,49.0,16.0,12.0,11.0,4.0,4.0,9.0,48.0,104.0,124.0,248.0,144.0,65.0,2970.0,344.0,124.0,220.0,277.0,214.0,277.0,207.0,491.0,124.0,4.0,102.0,276.0,17.0,276.0,19.0,136.0,173.0,159.0,125.0,85.0,60.0,49.0,55.0,79.0,139.0,163.0,180.0,1408.0,917.0,12.0,94.0,5.0,354.0,7585.0,74.0,1,0,0,0,0,0,0,0,0,0,0,0,0,0,0,0,0,0,0,1,0,0,0,0,0,0,0,0,0,0,0,0,0,0,0,0,0,0,0,1,0,0,0,0,0,0,0,0,0,0,0,0,0,0,0,0,0,1,0,0,0,0,0,0,0,0,0,0,0,0.0,0
221.0,220.0,209.0,183.0,151.0,134.0,124.0,131.0,153.0,202.0,216.0,222.0,341.5,337.0,339.0,333.0,315.0,290.0,281.0,291.0,312.0,341.0,344.0,346.0,109.0,93.0,50.0,16.0,12.0,11.0,4.0,4.0,9.0,48.0,104.0,125.0,249.0,145.0,65.0,2991.0,346.0,124.0,222.0,278.0,215.0,278.0,208.0,493.0,125.0,4.0,102.0,277.0,17.0,277.0,19.0,138.0,177.0,162.0,127.0,86.0,60.0,49.0,56.0,80.0,141.0,166.0,183.0,1430.0,937.0,12.0,50.0,0.0,348.0,7310.0,44.0,0,0,0,0,1,0,0,0,0,0,0,0,0,0,0,0,0,0,0,1,0,0,0,0,0,0,0,0,0,0,0,0,0,0,0,1,0,0,0,0,0,0,0,0,0,0,0,0,0,0,0,0,0,0,0,0,0,1,0,0,0,0,0,0,0,0,0,0,0,0.0,0
213.0,211.0,201.0,178.0,145.0,126.0,117.0,126.0,150.0,195.0,209.0,215.0,335.0,330.0,334.0,326.0,307.0,282.0,270.0,284.0,307.0,340.0,339.0,340.0,124.5,104.0,63.0,17.0,12.0,12.0,5.0,5.0,10.0,58.0,128.0,145.0,243.0,145.0,65.0,3053.0,340.0,117.0,223.0,273.0,209.0,273.0,200.0,577.0,145.0,5.0,104.0,331.0,20.0,331.0,22.0,136.0,161.0,150.0,119.0,80.0,55.0,45.0,53.0,78.0,135.0,154.0,169.0,1340.0,763.0,12.0,289.0,1.0,238.0,7373.0,28.0,0,0,0,0,0,0,0,1,0,0,0,0,0,0,0,0,0,0,0,0,0,0,0,0,1,0,0,0,0,0,0,0,0,0,0,0,1,0,0,0,0,0,0,0,0,0,0,0,0,0,0,0,0,0,0,0,0,1,0,0,0,0,0,0,0,0,0,0,0,0.0,0
213.0,211.0,201.0,178.0,145.0,126.0,117.0,126.0,150.0,195.0,209.0,215.0,335.0,330.0,334.0,326.0,307.0,282.0,270.0,284.0,307.0,340.0,339.0,340.0,124.5,104.0,63.0,17.0,12.0,12.0,5.0,5.0,10.0,58.0,128.0,145.0,243.0,145.0,65.0,3053.0,340.0,117.0,223.0,273.0,209.0,273.0,200.0,577.0,145.0,5.0,104.0,331.0,20.0,331.0,22.0,136.0,161.0,150.0,119.0,80.0,55.0,45.0,53.0,78.0,135.0,154.0,169.0,1340.0,763.0,12.0,289.0,1.0,238.0,7373.0,28.0,0,0,0,0,0,0,0,1,0,0,0,0,0,0,0,0,0,0,0,0,0,0,0,0,1,0,0,0,0,0,0,0,0,0,0,0,1,0,0,0,0,0,0,0,0,0,0,0,0,0,0,0,0,0,0,0,0,1,0,0,0,0,0,0,0,0,0,0,0,0.0,0
213.0,211.0,201.0,178.0,145.0,126.0,117.0,126.0,150.0,195.0,209.0,215.0,335.0,330.0,334.0,326.0,307.0,282.0,270.0,284.0,307.0,340.0,339.0,340.0,124.5,104.0,63.0,17.0,12.0,12.0,5.0,5.0,10.0,58.0,128.0,145.0,243.0,145.0,65.0,3053.0,340.0,117.0,223.0,273.0,209.0,273.0,200.0,577.0,145.0,5.0,104.0,331.0,20.0,331.0,22.0,136.0,161.0,150.0,119.0,80.0,55.0,45.0,53.0,78.0,135.0,154.0,169.0,1340.0,763.0,12.0,289.0,1.0,238.0,7373.0,28.0,0,0,0,0,0,0,0,1,0,0,0,0,0,0,0,0,0,0,0,0,0,0,0,0,1,0,0,0,0,0,0,0,0,0,0,0,1,0,0,0,0,0,0,0,0,0,0,0,0,0,0,0,0,0,0,0,0,1,0,0,0,0,0,0,0,0,0,0,0,0.0,0
217.0,216.0,205.0,181.0,148.0,126.0,117.0,126.0,152.0,199.0,211.0,218.0,341.0,336.0,340.0,333.0,313.0,287.0,275.0,291.0,315.0,350.0,345.0,346.0,131.5,109.0,67.0,16.0,12.0,12.0,5.0,5.0,9.0,62.0,132.0,154.0,248.0,150.0,64.0,3155.0,350.0,117.0,233.0,278.0,212.0,278.0,203.0,601.0,154.0,5.0,106.0,348.0,19.0,348.0,22.0,148.0,172.0,159.0,125.0,83.0,55.0,45.0,54.0,82.0,146.0,162.0,179.0,1416.0,815.0,12.0,235.0,3.0,210.0,7391.0,0.0,0,0,0,0,1,0,0,0,0,0,0,0,0,0,0,0,0,0,0,1,0,0,0,0,0,0,0,0,0,0,0,0,0,0,0,0,1,0,0,0,0,0,0,0,0,0,0,0,0,0,0,0,0,0,0,0,0,1,0,0,0,0,0,0,0,0,0,0,0,0.0,0
214.5,214.0,202.0,179.0,146.0,123.0,114.0,124.0,150.0,197.0,209.0,215.0,340.0,336.0,339.0,331.0,314.0,286.0,273.0,291.0,315.0,350.0,344.0,344.0,134.5,111.0,70.0,16.0,12.0,12.0,5.0,5.0,9.0,64.0,136.0,158.0,246.0,152.0,64.0,3159.0,350.0,114.0,236.0,276.0,211.0,276.0,201.0,617.0,158.0,5.0,106.0,358.0,19.0,358.0,22.0,146.0,170.0,156.0,123.0,83.0,54.0,43.0,54.0,81.0,144.0,159.0,173.0,1393.0,776.0,12.0,272.0,1.0,338.0,7404.0,0.0,0,0,0,0,1,0,0,0,0,0,0,0,0,0,0,0,0,0,0,0,0,0,0,0,1,0,0,0,0,0,0,0,0,0,0,1,0,0,0,0,0,0,0,0,0,0,0,0,0,0,0,0,0,0,0,0,0,1,0,0,0,0,0,0,0,0,0,0,0,0.0,0
212.5,211.0,201.0,177.0,143.0,123.0,114.0,123.0,148.0,194.0,208.0,214.0,337.5,333.0,337.0,328.0,311.0,284.0,271.0,288.0,312.0,345.0,342.0,342.0,132.0,109.0,69.0,17.0,12.0,12.0,5.0,5.0,9.0,62.0,136.0,155.0,244.0,150.0,65.0,3119.0,345.0,114.0,231.0,274.0,209.0,274.0,200.0,610.0,155.0,5.0,105.0,353.0,19.0,353.0,22.0,140.0,164.0,153.0,119.0,81.0,54.0,44.0,53.0,79.0,138.0,156.0,170.0,1356.0,746.0,12.0,313.0,1.0,267.0,7394.0,0.0,0,0,0,0,1,0,0,0,0,0,0,0,0,0,0,0,0,0,0,0,0,0,0,0,1,0,0,0,0,0,0,0,0,0,0,0,1,0,0,0,0,0,0,0,0,0,0,0,0,0,0,0,0,0,0,0,0,1,0,0,0,0,0,0,0,0,0,0,0,0.0,0
192.5,192.0,180.0,155.0,122.0,100.0,91.0,99.0,123.0,174.0,188.0,193.0,323.5,322.0,323.0,317.0,309.0,281.0,270.0,287.0,312.0,342.0,330.0,325.0,162.5,136.0,104.0,20.0,10.0,8.0,4.0,5.0,8.0,65.0,155.0,189.0,229.0,165.0,65.0,2951.0,342.0,91.0,251.0,258.0,188.0,258.0,188.0,730.0,189.0,4.0,109.0,409.0,17.0,409.0,17.0,118.0,138.0,126.0,101.0,74.0,50.0,41.0,50.0,72.0,122.0,131.0,137.0,1165.0,511.0,10.0,578.0,2.0,316.0,7581.0,0.0,0,0,0,0,1,0,0,0,0,0,0,0,0,0,0,0,0,0,0,0,0,0,0,0,1,0,0,0,0,0,0,0,0,0,0,1,0,0,0,0,0,0,0,0,0,0,0,0,0,0,0,0,0,0,0,0,0,1,0,0,0,0,0,0,0,0,0,0,0,0.0,0
191.0,190.0,179.0,154.0,122.0,100.0,91.0,99.0,123.0,173.0,187.0,192.0,321.0,319.0,322.0,315.0,307.0,279.0,268.0,286.0,310.0,340.0,329.0,323.0,162.0,135.0,103.0,20.0,10.0,8.0,4.0,5.0,8.0,66.0,156.0,189.0,228.0,164.0,66.0,2922.0,340.0,91.0,249.0,257.0,187.0,257.0,187.0,730.0,189.0,4.0,109.0,411.0,17.0,411.0,17.0,116.0,135.0,125.0,99.0,74.0,50.0,41.0,50.0,71.0,120.0,129.0,135.0,1151.0,501.0,10.0,613.0,3.0,303.0,7623.0,0.0,0,0,0,0,1,0,0,0,0,0,0,0,0,0,0,0,0,0,0,0,0,0,0,0,1,0,0,0,0,0,0,0,0,0,0,1,0,0,0,0,0,0,0,0,0,0,0,0,0,0,0,0,0,0,0,0,0,1,0,0,0,0,0,0,0,0,0,0,0,0.0,0
216.5,217.0,207.0,183.0,141.0,120.0,111.0,119.0,144.0,196.0,210.0,216.0,348.5,347.0,351.0,343.0,330.0,300.0,287.0,302.0,328.0,359.0,353.0,350.0,134.0,112.0,81.0,18.0,13.0,12.0,5.0,6.0,9.0,59.0,138.0,156.0,251.0,164.0,66.0,3190.0,359.0,111.0,248.0,280.0,215.0,280.0,206.0,631.0,156.0,5.0,103.0,353.0,20.0,353.0,23.0,149.0,185.0,172.0,135.0,88.0,57.0,45.0,55.0,83.0,152.0,169.0,182.0,1478.0,847.0,12.0,143.0,1.0,312.0,7389.0,88.0,0,0,0,0,1,0,0,0,0,0,0,0,0,0,0,0,0,0,0,0,0,0,0,0,1,0,0,0,0,0,0,0,0,0,0,0,0,0,0,1,0,0,0,0,0,0,0,0,0,0,0,0,0,0,0,0,0,1,0,0,0,0,0,0,0,0,0,0,0,0.0,0
216.0,216.0,207.0,182.0,142.0,120.0,111.0,120.0,144.0,197.0,210.0,216.0,347.5,346.0,351.0,342.0,330.0,299.0,286.0,302.0,327.0,359.0,353.0,349.0,134.0,112.0,81.0,18.0,13.0,12.0,5.0,6.0,9.0,59.0,138.0,156.0,251.0,163.0,65.0,3184.0,359.0,111.0,248.0,280.0,215.0,280.0,206.0,631.0,156.0,5.0,103.0,353.0,20.0,353.0,23.0,148.0,183.0,173.0,133.0,89.0,56.0,45.0,55.0,83.0,153.0,169.0,181.0,1473.0,842.0,12.0,138.0,0.0,350.0,7383.0,3.0,0,0,0,0,1,0,0,0,0,0,0,0,0,0,0,0,0,0,0,0,0,0,0,0,1,0,0,0,0,0,0,0,0,0,0,0,1,0,0,0,0,0,0,0,0,0,0,0,0,0,0,0,0,0,0,0,0,1,0,0,0,0,0,0,0,0,0,0,0,0.0,0
216.0,216.0,207.0,182.0,142.0,120.0,111.0,120.0,144.0,197.0,210.0,216.0,347.5,346.0,351.0,342.0,330.0,299.0,286.0,302.0,327.0,359.0,353.0,349.0,134.0,112.0,81.0,18.0,13.0,12.0,5.0,6.0,9.0,59.0,138.0,156.0,251.0,163.0,65.0,3184.0,359.0,111.0,248.0,280.0,215.0,280.0,206.0,631.0,156.0,5.0,103.0,353.0,20.0,353.0,23.0,148.0,183.0,173.0,133.0,89.0,56.0,45.0,55.0,83.0,153.0,169.0,181.0,1473.0,842.0,12.0,138.0,0.0,350.0,7383.0,3.0,0,0,0,0,1,0,0,0,0,0,0,0,0,0,0,0,0,0,0,0,0,0,0,0,1,0,0,0,0,0,0,0,0,0,0,0,1,0,0,0,0,0,0,0,0,0,0,0,0,0,0,0,0,0,0,0,0,1,0,0,0,0,0,0,0,0,0,0,0,0.0,0
214.0,214.0,205.0,180.0,140.0,119.0,110.0,118.0,142.0,195.0,208.0,214.0,345.5,344.0,349.0,340.0,329.0,298.0,285.0,301.0,326.0,358.0,352.0,347.0,136.0,113.0,83.0,18.0,13.0,12.0,5.0,6.0,9.0,60.0,141.0,159.0,249.0,164.0,66.0,3158.0,358.0,110.0,248.0,279.0,213.0,279.0,205.0,641.0,159.0,5.0,104.0,360.0,20.0,360.0,23.0,147.0,178.0,168.0,130.0,87.0,56.0,45.0,55.0,82.0,150.0,166.0,176.0,1445.0,804.0,12.0,196.0,5.0,318.0,7526.0,6.0,0,0,0,0,1,0,0,0,0,0,0,0,0,0,0,0,0,0,0,0,0,0,0,1,0,0,0,0,0,0,0,0,0,0,0,0,1,0,0,0,0,0,0,0,0,0,0,0,0,0,0,0,0,0,0,0,0,1,0,0,0,0,0,0,0,0,0,0,0,0.0,0
188.5,188.0,177.0,153.0,123.0,103.0,94.0,102.0,124.0,172.0,183.0,189.0,317.0,316.0,318.0,312.0,305.0,279.0,268.0,285.0,309.0,338.0,326.0,318.0,163.0,134.0,100.0,21.0,10.0,8.0,4.0,5.0,8.0,69.0,161.0,192.0,227.0,162.0,66.0,2748.0,338.0,94.0,244.0,254.0,188.0,254.0,188.0,739.0,192.0,4.0,109.0,422.0,17.0,422.0,17.0,116.0,131.0,121.0,97.0,74.0,51.0,43.0,51.0,72.0,118.0,125.0,130.0,1135.0,495.0,9.0,680.0,2.0,288.0,7571.0,100.0,0,0,0,0,1,0,0,0,0,0,0,0,0,0,0,0,0,0,0,0,0,0,0,0,1,0,0,0,0,0,0,0,0,0,0,0,0,0,0,0,0,0,0,0,1,0,0,0,0,0,0,0,0,0,0,0,0,1,0,0,0,0,0,0,0,0,0,0,0,0.0,0
182.5,181.0,171.0,148.0,119.0,99.0,90.0,98.0,118.0,165.0,178.0,184.0,307.5,306.0,308.0,302.0,298.0,271.0,257.0,274.0,297.0,326.0,316.0,309.0,162.0,133.0,98.0,22.0,10.0,8.0,5.0,6.0,8.0,72.0,166.0,191.0,220.0,157.0,66.0,2701.0,326.0,90.0,236.0,246.0,181.0,246.0,181.0,746.0,191.0,5.0,108.0,429.0,19.0,429.0,19.0,109.0,121.0,113.0,91.0,71.0,50.0,41.0,48.0,66.0,108.0,116.0,122.0,1062.0,445.0,9.0,822.0,3.0,228.0,7435.0,100.0,0,0,0,0,1,0,0,0,0,0,0,0,0,0,0,0,0,0,0,0,0,0,0,0,1,0,0,0,0,0,0,0,0,0,0,0,0,0,0,0,0,0,0,0,1,0,0,0,0,0,0,0,0,0,0,0,0,1,0,0,0,0,0,0,0,0,0,0,0,0.0,0
182.5,181.0,171.0,148.0,119.0,99.0,90.0,98.0,118.0,165.0,178.0,184.0,307.5,306.0,308.0,302.0,298.0,271.0,257.0,274.0,297.0,326.0,316.0,309.0,162.0,133.0,98.0,22.0,10.0,8.0,5.0,6.0,8.0,72.0,166.0,191.0,220.0,157.0,66.0,2701.0,326.0,90.0,236.0,246.0,181.0,246.0,181.0,746.0,191.0,5.0,108.0,429.0,19.0,429.0,19.0,109.0,121.0,113.0,91.0,71.0,50.0,41.0,48.0,66.0,108.0,116.0,122.0,1062.0,445.0,9.0,822.0,3.0,228.0,7435.0,100.0,0,0,0,0,1,0,0,0,0,0,0,0,0,0,0,0,0,0,0,0,0,0,0,0,1,0,0,0,0,0,0,0,0,0,0,0,0,0,0,0,0,0,0,0,1,0,0,0,0,0,0,0,0,0,0,0,0,1,0,0,0,0,0,0,0,0,0,0,0,0.0,0
191.5,191.0,181.0,157.0,125.0,105.0,97.0,105.0,129.0,176.0,187.0,192.0,323.0,321.0,325.0,318.0,309.0,283.0,276.0,293.0,317.0,346.0,333.0,325.0,164.5,135.0,99.0,21.0,10.0,8.0,4.0,5.0,7.0,67.0,159.0,194.0,232.0,165.0,66.0,2777.0,346.0,97.0,249.0,259.0,202.0,259.0,193.0,736.0,194.0,4.0,109.0,420.0,16.0,420.0,17.0,123.0,137.0,128.0,102.0,75.0,52.0,44.0,53.0,76.0,126.0,132.0,136.0,1189.0,537.0,10.0,583.0,3.0,0.0,7677.0,99.0,0,0,0,0,1,0,0,0,0,0,0,0,0,0,0,0,0,0,0,0,0,0,0,0,1,0,0,0,0,0,0,0,0,0,0,0,0,0,0,0,0,0,0,0,1,0,0,0,0,0,0,0,0,0,0,0,0,1,0,0,0,0,0,0,0,0,0,0,0,0.0,0
184.5,183.0,173.0,149.0,120.0,100.0,91.0,99.0,120.0,167.0,180.0,186.0,310.5,309.0,311.0,304.0,299.0,273.0,260.0,276.0,300.0,329.0,319.0,312.0,162.0,133.0,99.0,22.0,11.0,8.0,5.0,6.0,8.0,72.0,164.0,191.0,222.0,158.0,66.0,2732.0,329.0,91.0,238.0,248.0,183.0,248.0,183.0,746.0,191.0,5.0,108.0,427.0,19.0,427.0,19.0,110.0,124.0,115.0,92.0,72.0,50.0,41.0,49.0,68.0,110.0,119.0,124.0,1080.0,453.0,9.0,788.0,4.0,123.0,7463.0,100.0,0,0,0,0,1,0,0,0,0,0,0,0,0,0,0,0,0,0,0,0,0,0,0,0,1,0,0,0,0,0,0,0,0,0,0,0,0,0,0,0,0,0,0,0,1,0,0,0,0,0,0,0,0,0,0,0,0,1,0,0,0,0,0,0,0,0,0,0,0,0.0,0
194.5,194.0,184.0,161.0,129.0,108.0,102.0,110.0,134.0,179.0,190.0,195.0,326.0,324.0,328.0,322.0,312.0,287.0,281.0,299.0,322.0,350.0,337.0,328.0,165.0,135.0,96.0,21.0,9.0,8.0,4.0,5.0,7.0,67.0,158.0,195.0,236.0,165.0,66.0,2720.0,350.0,102.0,248.0,263.0,208.0,263.0,197.0,731.0,195.0,4.0,110.0,420.0,16.0,420.0,17.0,128.0,141.0,132.0,106.0,77.0,53.0,46.0,56.0,80.0,130.0,137.0,141.0,1232.0,576.0,10.0,536.0,2.0,297.0,7569.0,10.0,0,0,0,0,1,0,0,0,0,0,0,0,0,0,0,0,0,0,0,0,0,0,0,0,1,0,0,0,0,0,0,0,0,0,0,0,1,0,0,0,0,0,0,0,0,0,0,0,0,0,0,0,0,0,0,0,0,1,0,0,0,0,0,0,0,0,0,0,0,0.0,0
215.0,215.0,205.0,196.0,150.0,130.0,122.0,140.0,163.0,201.0,209.0,215.0,319.0,319.0,323.0,322.0,317.0,311.0,295.0,303.0,329.0,342.0,333.0,319.0,279.0,249.0,169.0,28.0,7.0,2.0,3.0,3.0,7.0,84.0,223.0,309.0,249.0,143.0,63.0,2284.0,347.0,122.0,225.0,269.0,216.0,269.0,216.0,1121.0,309.0,2.0,119.0,616.0,8.0,616.0,8.0,152.0,152.0,142.0,128.0,87.0,69.0,55.0,67.0,98.0,142.0,148.0,148.0,1394.0,631.0,8.0,384.0,2.0,267.0,7629.0,100.0,0,0,0,0,1,0,0,0,0,0,0,0,0,0,0,0,0,0,0,0,0,0,0,0,0,1,0,0,0,0,0,0,0,0,0,0,1,0,0,0,0,0,0,0,0,0,0,0,0,0,0,0,0,0,0,0,0,0,0,0,0,0,0,0,0,0,1,0,0,0.0,0
211.5,211.0,202.0,192.0,146.0,127.0,120.0,137.0,159.0,197.0,205.0,212.0,316.0,316.0,319.0,318.0,313.0,307.0,292.0,299.0,325.0,339.0,329.0,316.0,282.5,252.0,170.0,28.0,7.0,2.0,3.0,3.0,7.0,87.0,230.0,313.0,246.0,143.0,64.0,2266.0,343.0,120.0,223.0,266.0,213.0,266.0,213.0,1139.0,313.0,2.0,119.0,630.0,8.0,630.0,8.0,145.0,146.0,136.0,122.0,84.0,67.0,55.0,65.0,94.0,136.0,142.0,143.0,1340.0,597.0,8.0,465.0,2.0,36.0,7726.0,71.0,0,0,0,0,1,0,0,0,0,0,0,0,0,0,0,0,0,0,0,0,0,0,0,0,1,0,0,0,0,0,0,0,0,0,1,0,0,0,0,0,0,0,0,0,0,0,0,0,0,0,0,0,0,0,0,0,0,0,0,0,0,0,0,0,0,0,1,0,0,0.0,0
220.5,221.0,219.0,214.0,204.0,189.0,181.0,180.0,184.0,208.0,216.0,220.0,284.5,287.0,289.0,290.0,282.0,270.0,263.0,261.0,265.0,288.0,287.0,282.0,329.5,302.0,261.0,216.0,141.0,95.0,95.0,68.0,52.0,97.0,196.0,357.0,240.0,75.0,68.0,1334.0,290.0,180.0,110.0,253.0,222.0,253.0,222.0,1971.0,357.0,52.0,60.0,779.0,215.0,779.0,215.0,98.0,126.0,124.0,118.0,103.0,84.0,75.0,73.0,79.0,109.0,117.0,120.0,1231.0,53.0,4.0,142.0,5.0,201.0,7635.0,18.0,0,0,0,0,0,0,0,0,1,0,0,0,0,0,0,0,0,0,0,0,0,0,0,0,0,0,0,0,0,1,0,0,0,0,0,0,0,0,0,0,0,0,0,0,0,0,0,1,0,0,0,0,0,0,0,0,0,0,0,0,0,0,0,0,0,0,0,0,1,0.0,0
217.5,218.0,218.0,216.0,207.0,195.0,187.0,185.0,189.0,210.0,216.0,217.0,280.5,283.0,285.0,287.0,274.0,260.0,249.0,249.0,261.0,285.0,287.0,278.0,289.5,259.0,195.0,114.0,56.0,27.0,24.0,18.0,24.0,95.0,192.0,320.0,238.0,68.0,66.0,1351.0,287.0,185.0,102.0,244.0,220.0,251.0,220.0,1381.0,320.0,18.0,88.0,636.0,66.0,568.0,66.0,102.0,121.0,121.0,117.0,100.0,83.0,71.0,70.0,80.0,109.0,118.0,115.0,1213.0,321.0,8.0,483.0,13.0,232.0,7573.0,18.0,0,0,0,0,0,0,0,0,1,0,0,0,0,0,0,0,0,0,0,0,0,0,0,0,0,0,0,0,0,1,0,0,0,0,0,0,0,0,0,0,0,0,0,0,0,0,0,1,0,0,0,0,0,0,0,0,0,0,0,0,0,0,0,0,0,0,0,0,1,0.0,0
223.5,224.0,224.0,222.0,213.0,201.0,193.0,192.0,195.0,216.0,221.0,223.0,285.5,288.0,290.0,291.0,278.0,264.0,253.0,254.0,266.0,289.0,292.0,283.0,284.0,255.0,190.0,110.0,54.0,26.0,23.0,16.0,24.0,94.0,189.0,313.0,244.0,66.0,66.0,1342.0,292.0,192.0,100.0,250.0,225.0,256.0,225.0,1350.0,313.0,16.0,88.0,624.0,63.0,555.0,63.0,109.0,129.0,128.0,124.0,105.0,86.0,74.0,74.0,84.0,114.0,124.0,122.0,1279.0,371.0,8.0,324.0,10.0,222.0,7579.0,18.0,0,0,0,0,0,0,0,0,1,0,0,0,0,0,0,0,0,0,0,0,0,0,0,0,0,0,0,0,0,1,0,0,0,0,0,0,0,0,0,0,0,0,0,0,0,0,0,1,0,0,0,0,0,0,0,0,0,0,0,0,0,0,0,0,0,0,0,0,1,0.0,0
228.0,228.0,229.0,228.0,218.0,206.0,198.0,197.0,201.0,223.0,227.0,228.0,290.0,292.0,295.0,297.0,282.0,268.0,256.0,258.0,271.0,295.0,298.0,288.0,279.5,248.0,177.0,101.0,48.0,20.0,17.0,12.0,18.0,92.0,187.0,311.0,249.0,66.0,65.0,1380.0,298.0,197.0,101.0,255.0,230.0,261.0,230.0,1280.0,311.0,12.0,93.0,608.0,47.0,526.0,47.0,116.0,135.0,135.0,133.0,110.0,90.0,77.0,77.0,88.0,123.0,133.0,129.0,1351.0,460.0,8.0,252.0,7.0,123.0,7774.0,18.0,0,0,0,0,0,0,0,0,1,0,0,0,0,0,0,0,0,0,0,0,0,0,0,0,0,0,0,0,0,1,0,0,0,0,0,0,0,0,0,0,0,0,0,0,0,0,0,1,0,0,0,0,0,0,0,0,0,0,0,0,0,0,0,0,0,0,0,0,1,0.0,0
232.0,232.0,233.0,232.0,223.0,210.0,202.0,201.0,205.0,226.0,231.0,232.0,293.0,295.0,298.0,300.0,285.0,269.0,258.0,260.0,273.0,297.0,302.0,291.0,273.5,247.0,176.0,102.0,47.0,21.0,19.0,13.0,21.0,91.0,184.0,300.0,252.0,64.0,64.0,1407.0,302.0,201.0,101.0,258.0,233.0,265.0,233.0,1272.0,300.0,13.0,91.0,598.0,53.0,525.0,53.0,119.0,140.0,141.0,138.0,115.0,92.0,79.0,79.0,91.0,127.0,139.0,134.0,1400.0,478.0,8.0,118.0,3.0,254.0,7882.0,18.0,0,0,0,0,0,0,0,0,1,0,0,0,0,0,0,0,0,0,0,0,0,0,0,0,0,0,0,0,0,1,0,0,0,0,0,0,0,0,0,0,0,0,0,0,0,0,0,1,0,0,0,0,0,0,0,0,0,0,0,0,0,0,0,0,0,0,0,0,1,0.0,0
215.5,216.0,217.0,215.0,206.0,194.0,186.0,184.0,187.0,209.0,215.0,215.0,279.5,282.0,284.0,285.0,272.0,257.0,246.0,248.0,261.0,284.0,287.0,277.0,288.0,255.0,189.0,108.0,52.0,22.0,20.0,15.0,20.0,95.0,194.0,321.0,237.0,68.0,66.0,1364.0,287.0,184.0,103.0,243.0,218.0,249.0,218.0,1343.0,321.0,15.0,92.0,628.0,55.0,552.0,55.0,103.0,120.0,120.0,116.0,98.0,81.0,70.0,70.0,79.0,108.0,117.0,114.0,1199.0,343.0,8.0,509.0,16.0,46.0,8112.0,18.0,0,0,0,0,0,0,0,0,1,0,0,0,0,0,0,0,0,0,0,0,0,0,0,0,0,0,0,0,0,1,0,0,0,0,0,0,0,0,0,0,0,0,0,0,0,0,0,1,0,0,0,0,0,0,0,0,0,0,0,0,0,0,0,0,0,0,0,0,1,0.0,0
219.5,220.0,221.0,219.0,209.0,197.0,189.0,188.0,191.0,212.0,218.0,219.0,282.0,284.0,287.0,289.0,275.0,260.0,249.0,250.0,263.0,287.0,290.0,280.0,285.0,253.0,185.0,106.0,51.0,22.0,20.0,14.0,20.0,95.0,192.0,317.0,240.0,67.0,66.0,1380.0,290.0,188.0,102.0,246.0,221.0,253.0,221.0,1326.0,317.0,14.0,92.0,621.0,54.0,544.0,54.0,106.0,123.0,124.0,121.0,101.0,83.0,72.0,71.0,81.0,111.0,121.0,118.0,1237.0,370.0,8.0,320.0,9.0,346.0,7944.0,18.0,0,0,0,0,0,0,0,0,1,0,0,0,0,0,0,0,0,0,0,0,0,0,0,0,0,0,0,0,0,1,0,0,0,0,0,0,0,0,0,0,0,0,0,0,0,0,0,1,0,0,0,0,0,0,0,0,0,0,0,0,0,0,0,0,0,0,0,0,1,0.0,0
219.5,220.0,221.0,219.0,209.0,198.0,190.0,189.0,192.0,213.0,218.0,219.0,282.0,284.0,287.0,289.0,274.0,260.0,249.0,251.0,263.0,287.0,290.0,280.0,283.0,252.0,188.0,108.0,52.0,24.0,21.0,15.0,22.0,94.0,191.0,314.0,240.0,66.0,66.0,1354.0,290.0,189.0,101.0,246.0,222.0,253.0,222.0,1334.0,314.0,15.0,90.0,619.0,58.0,548.0,58.0,105.0,123.0,124.0,121.0,101.0,83.0,72.0,72.0,82.0,112.0,121.0,118.0,1238.0,362.0,8.0,320.0,9.0,317.0,8095.0,18.0,0,0,0,0,0,0,0,0,1,0,0,0,0,0,0,0,0,0,0,0,0,0,0,0,0,0,0,0,0,1,0,0,0,0,0,0,0,0,0,0,0,0,0,0,0,0,0,1,0,0,0,0,0,0,0,0,0,0,0,0,0,0,0,0,0,0,0,0,1,0.0,0
216.0,216.0,217.0,215.0,205.0,194.0,185.0,184.0,187.0,208.0,214.0,216.0,278.5,281.0,284.0,285.0,272.0,257.0,246.0,247.0,260.0,284.0,286.0,276.0,286.5,254.0,191.0,110.0,54.0,24.0,21.0,16.0,21.0,95.0,194.0,319.0,237.0,67.0,66.0,1368.0,286.0,184.0,102.0,243.0,218.0,249.0,218.0,1352.0,319.0,16.0,90.0,626.0,58.0,555.0,58.0,101.0,119.0,120.0,116.0,98.0,81.0,69.0,69.0,79.0,107.0,116.0,114.0,1194.0,330.0,8.0,444.0,12.0,187.0,7515.0,18.0,0,0,0,0,0,0,0,0,1,0,0,0,0,0,0,0,0,0,0,0,0,0,0,0,0,0,0,0,0,1,0,0,0,0,0,0,0,0,0,0,0,0,0,0,0,0,0,1,0,0,0,0,0,0,0,0,0,0,0,0,0,0,0,0,0,0,0,0,1,0.0,0
211.0,210.0,206.0,192.0,161.0,144.0,140.0,144.0,154.0,193.0,203.0,212.0,297.0,297.0,291.0,283.0,267.0,251.0,237.0,242.0,253.0,288.0,296.0,297.0,391.0,390.0,396.0,148.0,90.0,101.0,103.0,105.0,78.0,172.0,232.0,392.0,225.0,95.0,60.0,2510.0,297.0,140.0,157.0,246.0,195.0,248.0,193.0,2276.0,396.0,69.0,68.0,934.0,286.0,796.0,309.0,95.0,133.0,122.0,104.0,75.0,57.0,49.0,52.0,62.0,102.0,118.0,131.0,1104.0,26.0,1.0,201.0,15.0,48.0,7777.0,0.0,0,1,0,0,0,0,0,0,0,0,0,0,0,0,0,1,0,0,0,0,0,0,0,0,0,0,0,0,0,0,0,0,0,0,0,0,0,0,0,0,0,0,0,1,0,0,0,0,0,0,0,0,0,0,0,0,0,0,1,0,0,0,0,0,0,0,0,0,0,0.0,0
216.0,215.0,210.0,197.0,166.0,148.0,145.0,149.0,159.0,197.0,208.0,217.0,300.5,300.0,294.0,286.0,270.0,255.0,241.0,246.0,257.0,290.0,300.0,301.0,384.0,386.0,392.0,140.0,84.0,95.0,101.0,106.0,77.0,172.0,218.0,382.0,229.0,93.0,60.0,2493.0,301.0,145.0,156.0,250.0,204.0,252.0,197.0,2224.0,392.0,71.0,68.0,918.0,280.0,772.0,302.0,98.0,138.0,126.0,107.0,77.0,59.0,51.0,54.0,64.0,104.0,124.0,137.0,1145.0,27.0,1.0,78.0,6.0,11.0,7706.0,0.0,0,1,0,0,0,0,0,0,0,0,0,0,0,0,0,1,0,0,0,0,0,0,0,0,0,0,0,0,0,0,0,0,0,0,0,0,0,0,0,0,0,0,0,1,0,0,0,0,0,0,0,0,0,0,0,0,0,0,1,0,0,0,0,0,0,0,0,0,0,0.0,0
207.0,206.0,201.0,188.0,157.0,139.0,136.0,139.0,150.0,189.0,199.0,208.0,294.0,294.0,287.0,279.0,264.0,247.0,233.0,238.0,249.0,285.0,293.0,294.0,397.0,393.0,398.0,155.0,96.0,107.0,105.0,104.0,79.0,170.0,246.0,401.0,221.0,96.0,60.0,2532.0,294.0,136.0,158.0,242.0,190.0,244.0,188.0,2320.0,401.0,66.0,67.0,946.0,288.0,817.0,316.0,93.0,129.0,117.0,100.0,73.0,55.0,48.0,50.0,60.0,98.0,115.0,126.0,1069.0,27.0,1.0,180.0,12.0,1.0,7902.0,0.0,0,1,0,0,0,0,0,0,0,0,0,0,0,0,0,1,0,0,0,0,0,0,0,0,0,0,0,0,0,0,0,0,0,0,0,0,0,0,0,0,0,0,0,1,0,0,0,0,0,0,0,0,0,0,0,0,0,0,1,0,0,0,0,0,0,0,0,0,0,0.7,1
213.0,212.0,208.0,195.0,163.0,146.0,142.0,147.0,156.0,195.0,205.0,214.0,299.0,299.0,292.0,284.0,268.0,253.0,240.0,245.0,255.0,289.0,298.0,299.0,388.5,388.0,394.0,143.0,86.0,97.0,102.0,105.0,78.0,172.0,225.0,389.0,227.0,94.0,60.0,2487.0,299.0,142.0,157.0,248.0,202.0,250.0,195.0,2248.0,394.0,69.0,68.0,925.0,285.0,786.0,304.0,97.0,136.0,124.0,106.0,75.0,58.0,50.0,53.0,63.0,103.0,120.0,133.0,1123.0,28.0,1.0,60.0,8.0,297.0,7501.0,0.0,0,1,0,0,0,0,0,0,0,0,0,0,0,0,0,1,0,0,0,0,0,0,0,0,0,0,0,0,0,0,0,0,0,0,0,0,0,0,0,0,0,0,0,1,0,0,0,0,0,0,0,0,0,0,0,0,0,0,1,0,0,0,0,0,0,0,0,0,0,0.7,1
216.0,215.0,210.0,197.0,166.0,148.0,145.0,149.0,159.0,197.0,208.0,217.0,300.5,300.0,294.0,286.0,270.0,255.0,241.0,246.0,257.0,290.0,300.0,301.0,384.0,386.0,392.0,140.0,84.0,95.0,101.0,106.0,77.0,172.0,218.0,382.0,229.0,93.0,60.0,2493.0,301.0,145.0,156.0,250.0,204.0,252.0,197.0,2224.0,392.0,71.0,68.0,918.0,280.0,772.0,302.0,98.0,138.0,126.0,107.0,77.0,59.0,51.0,54.0,64.0,104.0,124.0,137.0,1145.0,27.0,1.0,78.0,6.0,11.0,7706.0,0.0,0,1,0,0,0,0,0,0,0,0,0,0,0,0,0,1,0,0,0,0,0,0,0,0,0,0,0,0,0,0,0,0,0,0,0,0,0,0,0,0,0,0,0,1,0,0,0,0,0,0,0,0,0,0,0,0,0,0,1,0,0,0,0,0,0,0,0,0,0,0.7,1
215.0,214.0,210.0,196.0,166.0,149.0,144.0,148.0,158.0,196.0,207.0,216.0,299.0,299.0,292.0,283.0,268.0,253.0,240.0,244.0,254.0,288.0,297.0,299.0,377.5,379.0,392.0,146.0,93.0,103.0,107.0,111.0,80.0,173.0,217.0,376.0,227.0,92.0,59.0,2483.0,299.0,144.0,155.0,249.0,198.0,250.0,196.0,2249.0,392.0,72.0,66.0,917.0,298.0,766.0,321.0,96.0,137.0,125.0,105.0,77.0,59.0,50.0,53.0,63.0,103.0,121.0,135.0,1130.0,24.0,1.0,67.0,7.0,241.0,7247.0,0.0,0,1,0,0,0,0,0,0,0,0,0,0,0,0,0,1,0,0,0,0,0,0,0,0,0,0,0,0,0,0,0,0,0,0,0,0,0,0,0,0,0,0,0,1,0,0,0,0,0,0,0,0,0,0,0,0,0,0,1,0,0,0,0,0,0,0,0,0,0,0.7,1
216.0,215.0,210.0,197.0,166.0,148.0,145.0,149.0,159.0,197.0,208.0,217.0,300.5,300.0,294.0,286.0,270.0,255.0,241.0,246.0,257.0,290.0,300.0,301.0,384.0,386.0,392.0,140.0,84.0,95.0,101.0,106.0,77.0,172.0,218.0,382.0,229.0,93.0,60.0,2493.0,301.0,145.0,156.0,250.0,204.0,252.0,197.0,2224.0,392.0,71.0,68.0,918.0,280.0,772.0,302.0,98.0,138.0,126.0,107.0,77.0,59.0,51.0,54.0,64.0,104.0,124.0,137.0,1145.0,27.0,1.0,78.0,6.0,11.0,7706.0,0.0,0,1,0,0,0,0,0,0,0,0,0,0,0,0,0,1,0,0,0,0,0,0,0,0,0,0,0,0,0,0,0,0,0,0,0,0,0,0,0,0,0,0,0,1,0,0,0,0,0,0,0,0,0,0,0,0,0,0,1,0,0,0,0,0,0,0,0,0,0,0.7,1
219.0,219.0,215.0,203.0,182.0,166.0,163.0,160.0,161.0,194.0,208.0,219.0,300.5,301.0,303.0,291.0,277.0,258.0,236.0,239.0,250.0,284.0,295.0,300.0,357.0,366.0,384.0,241.0,165.0,171.0,163.0,143.0,89.0,148.0,252.0,348.0,231.0,86.0,60.0,2386.0,303.0,160.0,143.0,255.0,214.0,255.0,201.0,2548.0,384.0,78.0,49.0,991.0,380.0,991.0,395.0,89.0,139.0,134.0,113.0,89.0,68.0,56.0,56.0,62.0,99.0,119.0,136.0,1165.0,11.0,1.0,321.0,9.0,156.0,7510.0,13.0,0,1,0,0,0,0,0,0,0,0,0,0,0,0,0,1,0,0,0,0,0,0,0,0,0,0,0,0,0,0,0,0,0,0,0,0,0,0,0,0,0,0,0,1,0,0,0,0,0,0,0,0,0,0,1,0,0,0,0,0,0,0,0,0,0,0,0,0,0,0.7,1
219.0,219.0,215.0,203.0,182.0,166.0,163.0,160.0,161.0,194.0,208.0,219.0,300.5,301.0,303.0,291.0,277.0,258.0,236.0,239.0,250.0,284.0,295.0,300.0,357.0,366.0,384.0,241.0,165.0,171.0,163.0,143.0,89.0,148.0,252.0,348.0,231.0,86.0,60.0,2386.0,303.0,160.0,143.0,255.0,214.0,255.0,201.0,2548.0,384.0,78.0,49.0,991.0,380.0,991.0,395.0,89.0,139.0,134.0,113.0,89.0,68.0,56.0,56.0,62.0,99.0,119.0,136.0,1165.0,11.0,1.0,321.0,9.0,156.0,7510.0,13.0,0,1,0,0,0,0,0,0,0,0,0,0,0,0,0,1,0,0,0,0,0,0,0,0,0,0,0,0,0,0,0,0,0,0,0,0,0,0,0,0,0,0,0,1,0,0,0,0,0,0,0,0,0,0,1,0,0,0,0,0,0,0,0,0,0,0,0,0,0,0.7,1
207.5,206.0,194.0,168.0,139.0,122.0,113.0,119.0,140.0,188.0,202.0,209.0,327.0,323.0,323.0,319.0,301.0,277.0,268.0,279.0,299.0,327.0,328.0,331.0,116.5,103.0,54.0,16.0,12.0,9.0,4.0,4.0,9.0,50.0,105.0,130.0,235.0,144.0,66.0,2886.0,331.0,113.0,218.0,264.0,196.0,264.0,196.0,515.0,130.0,4.0,103.0,285.0,17.0,285.0,17.0,116.0,150.0,136.0,109.0,77.0,55.0,46.0,52.0,72.0,121.0,139.0,155.0,1231.0,716.0,12.0,302.0,3.0,160.0,7360.0,0.0,0,0,0,0,0,1,0,0,0,0,0,0,0,0,0,0,0,0,0,1,0,0,0,0,0,0,0,0,0,0,0,0,0,0,0,0,1,0,0,0,0,0,0,0,0,0,0,0,0,0,0,0,0,0,0,0,0,1,0,0,0,0,0,0,0,0,0,0,0,0.02,1
192.5,192.0,187.0,174.0,141.0,124.0,120.0,126.0,136.0,178.0,186.0,193.0,290.5,290.0,283.0,275.0,259.0,242.0,225.0,232.0,246.0,286.0,293.0,291.0,437.5,420.0,401.0,167.0,96.0,109.0,95.0,86.0,73.0,168.0,302.0,455.0,212.0,106.0,61.0,2637.0,293.0,120.0,173.0,233.0,180.0,237.0,178.0,2425.0,455.0,53.0,73.0,988.0,254.0,925.0,290.0,90.0,119.0,108.0,93.0,67.0,51.0,43.0,47.0,57.0,95.0,109.0,117.0,1001.0,37.0,1.0,461.0,7.0,228.0,7508.0,1.0,0,1,0,0,0,0,0,0,0,0,0,0,0,0,0,0,0,1,0,0,0,0,0,0,0,0,0,0,0,0,0,0,0,0,0,0,0,0,0,0,0,0,0,1,0,0,0,0,0,0,0,0,0,0,0,0,0,0,1,0,0,0,0,0,0,0,0,0,0,0.02,1
216.0,215.0,210.0,197.0,166.0,148.0,145.0,149.0,159.0,197.0,208.0,217.0,300.5,300.0,294.0,286.0,270.0,255.0,241.0,246.0,257.0,290.0,300.0,301.0,384.0,386.0,392.0,140.0,84.0,95.0,101.0,106.0,77.0,172.0,218.0,382.0,229.0,93.0,60.0,2493.0,301.0,145.0,156.0,250.0,204.0,252.0,197.0,2224.0,392.0,71.0,68.0,918.0,280.0,772.0,302.0,98.0,138.0,126.0,107.0,77.0,59.0,51.0,54.0,64.0,104.0,124.0,137.0,1145.0,27.0,1.0,78.0,6.0,11.0,7706.0,0.0,0,1,0,0,0,0,0,0,0,0,0,0,0,0,0,1,0,0,0,0,0,0,0,0,0,0,0,0,0,0,0,0,0,0,0,0,0,0,0,0,0,0,0,1,0,0,0,0,0,0,0,0,0,0,0,0,0,0,1,0,0,0,0,0,0,0,0,0,0,0.02,1
216.0,215.0,210.0,197.0,166.0,148.0,145.0,149.0,159.0,197.0,208.0,217.0,300.5,300.0,294.0,286.0,270.0,255.0,241.0,246.0,257.0,290.0,300.0,301.0,384.0,386.0,392.0,140.0,84.0,95.0,101.0,106.0,77.0,172.0,218.0,382.0,229.0,93.0,60.0,2493.0,301.0,145.0,156.0,250.0,204.0,252.0,197.0,2224.0,392.0,71.0,68.0,918.0,280.0,772.0,302.0,98.0,138.0,126.0,107.0,77.0,59.0,51.0,54.0,64.0,104.0,124.0,137.0,1145.0,27.0,1.0,78.0,6.0,11.0,7706.0,0.0,0,1,0,0,0,0,0,0,0,0,0,0,0,0,0,1,0,0,0,0,0,0,0,0,0,0,0,0,0,0,0,0,0,0,0,0,0,0,0,0,0,0,0,1,0,0,0,0,0,0,0,0,0,0,0,0,0,0,1,0,0,0,0,0,0,0,0,0,0,0.02,1
214.0,213.0,209.0,196.0,164.0,147.0,143.0,147.0,157.0,196.0,206.0,215.0,300.0,300.0,293.0,285.0,269.0,254.0,240.0,244.0,255.0,289.0,299.0,300.0,386.5,387.0,393.0,142.0,85.0,97.0,102.0,106.0,78.0,173.0,222.0,386.0,228.0,94.0,60.0,2512.0,300.0,143.0,157.0,249.0,202.0,250.0,195.0,2241.0,393.0,70.0,68.0,922.0,284.0,781.0,305.0,97.0,137.0,125.0,107.0,76.0,59.0,50.0,53.0,63.0,103.0,122.0,135.0,1131.0,27.0,1.0,92.0,13.0,173.0,6717.0,16.0,0,1,0,0,0,0,0,0,0,0,0,0,0,0,0,1,0,0,0,0,0,0,0,0,0,0,0,0,0,0,0,0,0,0,0,0,0,0,0,0,0,0,0,1,0,0,0,0,0,0,0,0,0,0,0,0,0,0,1,0,0,0,0,0,0,0,0,0,0,0.02,1
156.5,156.0,155.0,137.0,114.0,99.0,95.0,96.0,98.0,131.0,145.0,157.0,255.0,256.0,259.0,251.0,239.0,217.0,187.0,200.0,214.0,263.0,263.0,254.0,244.5,244.0,197.0,43.0,21.0,30.0,31.0,29.0,13.0,107.0,192.0,245.0,180.0,112.0,67.0,2478.0,263.0,95.0,168.0,202.0,148.0,202.0,148.0,1186.0,245.0,13.0,93.0,544.0,73.0,484.0,73.0,67.0,91.0,89.0,76.0,61.0,48.0,37.0,41.0,46.0,75.0,84.0,88.0,810.0,179.0,7.0,1332.0,16.0,290.0,7945.0,99.0,0,1,0,0,0,0,0,0,0,0,1,0,0,0,0,0,0,0,0,0,0,0,0,0,0,0,0,0,0,0,0,0,0,0,0,0,0,0,0,0,0,1,0,0,0,0,0,0,0,0,0,0,0,0,1,0,0,0,0,0,0,0,0,0,0,0,0,0,0,0.02,1
169.5,169.0,168.0,149.0,126.0,110.0,107.0,107.0,111.0,143.0,159.0,170.0,268.0,269.0,272.0,262.0,250.0,230.0,202.0,212.0,226.0,273.0,275.0,267.0,249.0,250.0,196.0,49.0,23.0,30.0,31.0,28.0,13.0,105.0,192.0,248.0,192.0,112.0,66.0,2488.0,275.0,107.0,168.0,214.0,160.0,214.0,160.0,1198.0,250.0,13.0,93.0,545.0,72.0,495.0,72.0,71.0,99.0,97.0,81.0,65.0,51.0,40.0,43.0,50.0,80.0,91.0,96.0,869.0,197.0,7.0,992.0,4.0,16.0,8005.0,100.0,0,1,0,0,0,0,0,0,0,0,1,0,0,0,0,0,0,0,0,0,0,0,0,0,0,0,0,0,0,0,0,0,0,1,0,0,0,0,0,0,0,0,0,0,0,0,0,0,0,0,0,0,0,0,1,0,0,0,0,0,0,0,0,0,0,0,0,0,0,0.02,1
177.5,177.0,175.0,158.0,133.0,116.0,114.0,115.0,117.0,152.0,166.0,178.0,275.0,275.0,278.0,270.0,256.0,236.0,210.0,219.0,232.0,278.0,281.0,275.0,260.0,261.0,203.0,57.0,27.0,33.0,33.0,30.0,15.0,106.0,198.0,259.0,199.0,111.0,66.0,2500.0,281.0,114.0,167.0,221.0,167.0,222.0,167.0,1256.0,261.0,15.0,91.0,563.0,78.0,521.0,78.0,75.0,103.0,101.0,86.0,67.0,52.0,42.0,45.0,51.0,84.0,95.0,102.0,909.0,193.0,7.0,900.0,0.0,290.0,7891.0,13.0,0,1,0,0,0,0,0,0,0,0,1,0,0,0,0,0,0,0,0,0,0,0,0,0,0,0,0,0,0,0,0,0,0,0,0,0,0,0,0,0,0,0,0,1,0,0,0,0,0,0,0,0,0,0,1,0,0,0,0,0,0,0,0,0,0,0,0,0,0,0.02,1
162.0,161.0,161.0,153.0,131.0,107.0,103.0,106.0,107.0,140.0,153.0,163.0,279.5,278.0,276.0,273.0,262.0,247.0,222.0,227.0,243.0,283.0,280.0,281.0,300.0,289.0,270.0,117.0,46.0,39.0,35.0,35.0,25.0,105.0,243.0,311.0,197.0,127.0,70.0,2224.0,283.0,103.0,180.0,217.0,168.0,217.0,168.0,1559.0,311.0,25.0,87.0,676.0,95.0,676.0,95.0,75.0,96.0,93.0,86.0,70.0,54.0,44.0,46.0,53.0,82.0,89.0,97.0,891.0,121.0,6.0,1084.0,15.0,332.0,8277.0,85.0,0,1,0,0,0,0,0,0,0,0,1,0,0,0,0,0,0,0,0,0,0,0,0,0,0,0,0,0,0,0,0,0,0,0,0,0,0,0,0,0,0,1,0,0,0,0,0,0,0,0,0,0,0,0,0,0,0,0,0,1,0,0,0,0,0,0,0,0,0,0.02,1
150.0,149.0,148.0,140.0,118.0,94.0,92.0,93.0,94.0,127.0,140.0,151.0,268.0,267.0,264.0,260.0,249.0,233.0,210.0,214.0,232.0,271.0,267.0,269.0,290.0,278.0,268.0,113.0,45.0,38.0,34.0,34.0,25.0,103.0,236.0,302.0,185.0,128.0,71.0,2229.0,271.0,92.0,179.0,204.0,155.0,204.0,155.0,1519.0,302.0,25.0,86.0,659.0,93.0,659.0,93.0,69.0,90.0,86.0,79.0,65.0,50.0,42.0,43.0,50.0,76.0,82.0,90.0,827.0,102.0,6.0,1438.0,5.0,319.0,8187.0,59.0,0,1,0,0,0,0,0,0,0,0,1,0,0,0,0,0,0,0,0,0,0,0,0,0,0,0,0,0,0,0,0,0,0,0,0,1,0,0,0,0,0,0,0,0,0,0,0,0,0,0,0,0,0,0,0,0,0,0,0,1,0,0,0,0,0,0,0,0,0,0.02,1
144.5,143.0,143.0,135.0,113.0,90.0,88.0,89.0,89.0,122.0,136.0,146.0,262.0,261.0,259.0,254.0,244.0,228.0,205.0,209.0,227.0,266.0,261.0,263.0,287.0,274.0,267.0,111.0,44.0,37.0,34.0,34.0,25.0,103.0,236.0,300.0,180.0,127.0,71.0,2194.0,266.0,88.0,178.0,199.0,151.0,199.0,151.0,1508.0,300.0,25.0,86.0,652.0,93.0,652.0,93.0,67.0,86.0,84.0,77.0,63.0,49.0,41.0,43.0,48.0,74.0,80.0,87.0,804.0,97.0,6.0,1466.0,14.0,162.0,7496.0,100.0,0,1,0,0,0,0,0,0,0,0,1,0,0,0,0,0,0,0,0,0,0,0,0,0,0,0,0,0,0,0,0,0,0,0,0,0,0,0,0,0,0,1,0,0,0,0,0,0,0,0,0,0,0,0,0,0,0,0,0,1,0,0,0,0,0,0,0,0,0,0.02,1
149.0,148.0,148.0,138.0,118.0,97.0,93.0,94.0,93.0,125.0,139.0,150.0,265.0,265.0,263.0,257.0,247.0,230.0,203.0,208.0,224.0,266.0,264.0,265.0,300.5,287.0,260.0,123.0,52.0,44.0,44.0,46.0,32.0,108.0,231.0,314.0,182.0,124.0,71.0,2261.0,266.0,93.0,173.0,203.0,152.0,203.0,152.0,1591.0,314.0,32.0,81.0,670.0,122.0,670.0,122.0,67.0,89.0,87.0,78.0,65.0,51.0,41.0,43.0,48.0,74.0,81.0,88.0,817.0,54.0,4.0,1545.0,23.0,48.0,8194.0,96.0,0,1,0,0,0,0,0,0,0,0,1,0,0,0,0,0,0,0,0,0,0,0,0,0,0,0,0,0,0,0,0,0,0,0,0,0,0,0,0,0,0,0,0,1,0,0,0,0,0,0,0,0,0,0,1,0,0,0,0,0,0,0,0,0,0,0,0,0,0,0.02,1
173.0,173.0,173.0,165.0,144.0,125.0,119.0,118.0,120.0,149.0,163.0,173.0,280.0,280.0,277.0,274.0,261.0,247.0,218.0,220.0,233.0,273.0,278.0,280.0,300.0,290.0,266.0,152.0,70.0,70.0,77.0,76.0,50.0,106.0,237.0,310.0,202.0,111.0,68.0,2267.0,280.0,118.0,162.0,223.0,171.0,223.0,171.0,1761.0,310.0,50.0,67.0,708.0,203.0,708.0,203.0,72.0,102.0,98.0,90.0,73.0,59.0,46.0,46.0,52.0,80.0,91.0,100.0,916.0,21.0,3.0,994.0,22.0,319.0,8176.0,95.0,0,1,0,0,0,0,0,0,0,0,1,0,0,0,0,0,0,0,0,0,0,0,0,0,0,0,0,0,0,0,0,0,0,0,0,0,0,0,0,0,0,1,0,0,0,0,0,0,0,0,0,0,0,0,1,0,0,0,0,0,0,0,0,0,0,0,0,0,0,0.02,1
173.0,173.0,173.0,165.0,144.0,125.0,119.0,118.0,120.0,149.0,163.0,173.0,280.0,280.0,277.0,274.0,261.0,247.0,218.0,220.0,233.0,273.0,278.0,280.0,300.0,290.0,266.0,152.0,70.0,70.0,77.0,76.0,50.0,106.0,237.0,310.0,202.0,111.0,68.0,2267.0,280.0,118.0,162.0,223.0,171.0,223.0,171.0,1761.0,310.0,50.0,67.0,708.0,203.0,708.0,203.0,72.0,102.0,98.0,90.0,73.0,59.0,46.0,46.0,52.0,80.0,91.0,100.0,916.0,21.0,3.0,994.0,22.0,319.0,8176.0,95.0,0,1,0,0,0,0,0,0,0,0,1,0,0,0,0,0,0,0,0,0,0,0,0,0,0,0,0,0,0,0,0,0,0,0,0,0,0,0,0,0,0,1,0,0,0,0,0,0,0,0,0,0,0,0,1,0,0,0,0,0,0,0,0,0,0,0,0,0,0,0.02,1
192.5,192.0,185.0,169.0,136.0,116.0,115.0,123.0,134.0,173.0,187.0,193.0,290.5,290.0,283.0,274.0,258.0,236.0,226.0,237.0,253.0,290.0,291.0,291.0,293.5,281.0,256.0,73.0,43.0,51.0,42.0,44.0,32.0,125.0,254.0,306.0,212.0,110.0,62.0,2708.0,291.0,115.0,176.0,237.0,181.0,237.0,175.0,1557.0,306.0,32.0,84.0,685.0,118.0,685.0,137.0,95.0,120.0,108.0,90.0,65.0,47.0,42.0,47.0,58.0,95.0,108.0,118.0,998.0,116.0,6.0,544.0,5.0,201.0,7607.0,0.0,0,1,0,0,0,0,0,0,0,0,0,0,0,0,0,0,0,1,0,0,0,0,0,0,0,0,0,0,0,0,0,0,0,0,0,0,1,0,0,0,0,0,0,0,0,0,0,0,0,0,0,0,0,0,0,0,0,0,0,0,0,0,1,0,0,0,0,0,0,0.0,0
211.0,210.0,206.0,192.0,161.0,144.0,140.0,144.0,154.0,193.0,203.0,212.0,297.0,297.0,291.0,283.0,267.0,251.0,237.0,242.0,253.0,288.0,296.0,297.0,391.0,390.0,396.0,148.0,90.0,101.0,103.0,105.0,78.0,172.0,232.0,392.0,225.0,95.0,60.0,2510.0,297.0,140.0,157.0,246.0,195.0,248.0,193.0,2276.0,396.0,69.0,68.0,934.0,286.0,796.0,309.0,95.0,133.0,122.0,104.0,75.0,57.0,49.0,52.0,62.0,102.0,118.0,131.0,1104.0,26.0,1.0,201.0,15.0,48.0,7777.0,0.0,0,1,0,0,0,0,0,0,0,0,0,0,0,0,0,1,0,0,0,0,0,0,0,0,0,0,0,0,0,0,0,0,0,0,0,0,0,0,0,0,0,0,0,1,0,0,0,0,0,0,0,0,0,0,0,0,0,0,1,0,0,0,0,0,0,0,0,0,0,0.0,0
216.0,215.0,210.0,197.0,166.0,148.0,145.0,149.0,159.0,197.0,208.0,217.0,300.5,300.0,294.0,286.0,270.0,255.0,241.0,246.0,257.0,290.0,300.0,301.0,384.0,386.0,392.0,140.0,84.0,95.0,101.0,106.0,77.0,172.0,218.0,382.0,229.0,93.0,60.0,2493.0,301.0,145.0,156.0,250.0,204.0,252.0,197.0,2224.0,392.0,71.0,68.0,918.0,280.0,772.0,302.0,98.0,138.0,126.0,107.0,77.0,59.0,51.0,54.0,64.0,104.0,124.0,137.0,1145.0,27.0,1.0,78.0,6.0,11.0,7706.0,0.0,0,1,0,0,0,0,0,0,0,0,0,0,0,0,0,1,0,0,0,0,0,0,0,0,0,0,0,0,0,0,0,0,0,0,0,0,0,0,0,0,0,0,0,1,0,0,0,0,0,0,0,0,0,0,0,0,0,0,1,0,0,0,0,0,0,0,0,0,0,0.0,0
214.0,213.0,209.0,196.0,164.0,147.0,143.0,147.0,157.0,196.0,206.0,215.0,300.0,300.0,293.0,285.0,269.0,254.0,240.0,244.0,255.0,289.0,299.0,300.0,386.5,387.0,393.0,142.0,85.0,97.0,102.0,106.0,78.0,173.0,222.0,386.0,228.0,94.0,60.0,2512.0,300.0,143.0,157.0,249.0,202.0,250.0,195.0,2241.0,393.0,70.0,68.0,922.0,284.0,781.0,305.0,97.0,137.0,125.0,107.0,76.0,59.0,50.0,53.0,63.0,103.0,122.0,135.0,1131.0,27.0,1.0,92.0,13.0,173.0,6717.0,16.0,0,1,0,0,0,0,0,0,0,0,0,0,0,0,0,1,0,0,0,0,0,0,0,0,0,0,0,0,0,0,0,0,0,0,0,0,0,0,0,0,0,0,0,1,0,0,0,0,0,0,0,0,0,0,0,0,0,0,1,0,0,0,0,0,0,0,0,0,0,0.0,0
214.0,213.0,209.0,196.0,164.0,147.0,143.0,147.0,157.0,196.0,206.0,215.0,300.0,300.0,293.0,285.0,269.0,254.0,240.0,244.0,255.0,289.0,299.0,300.0,386.5,387.0,393.0,142.0,85.0,97.0,102.0,106.0,78.0,173.0,222.0,386.0,228.0,94.0,60.0,2512.0,300.0,143.0,157.0,249.0,202.0,250.0,195.0,2241.0,393.0,70.0,68.0,922.0,284.0,781.0,305.0,97.0,137.0,125.0,107.0,76.0,59.0,50.0,53.0,63.0,103.0,122.0,135.0,1131.0,27.0,1.0,92.0,13.0,173.0,6717.0,16.0,0,1,0,0,0,0,0,0,0,0,0,0,0,0,0,1,0,0,0,0,0,0,0,0,0,0,0,0,0,0,0,0,0,0,0,0,0,0,0,0,0,0,0,1,0,0,0,0,0,0,0,0,0,0,0,0,0,0,1,0,0,0,0,0,0,0,0,0,0,0.0,0
214.0,213.0,209.0,196.0,164.0,147.0,143.0,147.0,157.0,196.0,206.0,215.0,300.0,300.0,293.0,285.0,269.0,254.0,240.0,244.0,255.0,289.0,299.0,300.0,386.5,387.0,393.0,142.0,85.0,97.0,102.0,106.0,78.0,173.0,222.0,386.0,228.0,94.0,60.0,2512.0,300.0,143.0,157.0,249.0,202.0,250.0,195.0,2241.0,393.0,70.0,68.0,922.0,284.0,781.0,305.0,97.0,137.0,125.0,107.0,76.0,59.0,50.0,53.0,63.0,103.0,122.0,135.0,1131.0,27.0,1.0,92.0,13.0,173.0,6717.0,16.0,0,1,0,0,0,0,0,0,0,0,0,0,0,0,0,1,0,0,0,0,0,0,0,0,0,0,0,0,0,0,0,0,0,0,0,0,0,0,0,0,0,0,0,1,0,0,0,0,0,0,0,0,0,0,0,0,0,0,1,0,0,0,0,0,0,0,0,0,0,0.0,0
214.0,213.0,209.0,196.0,164.0,147.0,143.0,147.0,157.0,196.0,206.0,215.0,300.0,300.0,293.0,285.0,269.0,254.0,240.0,244.0,255.0,289.0,299.0,300.0,386.5,387.0,393.0,142.0,85.0,97.0,102.0,106.0,78.0,173.0,222.0,386.0,228.0,94.0,60.0,2512.0,300.0,143.0,157.0,249.0,202.0,250.0,195.0,2241.0,393.0,70.0,68.0,922.0,284.0,781.0,305.0,97.0,137.0,125.0,107.0,76.0,59.0,50.0,53.0,63.0,103.0,122.0,135.0,1131.0,27.0,1.0,92.0,13.0,173.0,6717.0,16.0,0,1,0,0,0,0,0,0,0,0,0,0,0,0,0,1,0,0,0,0,0,0,0,0,0,0,0,0,0,0,0,0,0,0,0,0,0,0,0,0,0,0,0,1,0,0,0,0,0,0,0,0,0,0,0,0,0,0,1,0,0,0,0,0,0,0,0,0,0,0.0,0
208.0,207.0,203.0,189.0,159.0,141.0,137.0,141.0,151.0,189.0,200.0,209.0,292.5,292.0,286.0,277.0,262.0,246.0,231.0,236.0,247.0,283.0,291.0,293.0,386.0,384.0,397.0,160.0,105.0,115.0,111.0,110.0,81.0,171.0,238.0,388.0,221.0,92.0,59.0,2525.0,293.0,137.0,156.0,242.0,190.0,244.0,188.0,2329.0,397.0,69.0,64.0,941.0,302.0,797.0,336.0,92.0,128.0,118.0,100.0,73.0,56.0,47.0,50.0,60.0,97.0,114.0,126.0,1067.0,23.0,1.0,211.0,18.0,347.0,8061.0,18.0,0,1,0,0,0,0,0,0,0,0,0,0,0,0,0,1,0,0,0,0,0,0,0,0,0,0,0,0,0,0,0,0,0,0,0,0,0,0,0,0,0,0,0,1,0,0,0,0,0,0,0,0,0,0,0,0,0,0,1,0,0,0,0,0,0,0,0,0,0,0.0,0
204.0,203.0,199.0,185.0,155.0,139.0,136.0,138.0,147.0,185.0,197.0,205.0,289.0,289.0,283.0,275.0,258.0,243.0,228.0,233.0,244.0,279.0,288.0,289.0,387.0,384.0,396.0,165.0,110.0,120.0,114.0,110.0,82.0,170.0,246.0,390.0,217.0,93.0,60.0,2491.0,289.0,136.0,153.0,239.0,187.0,240.0,186.0,2355.0,396.0,68.0,63.0,945.0,306.0,806.0,344.0,88.0,124.0,114.0,97.0,71.0,55.0,47.0,49.0,58.0,94.0,111.0,122.0,1037.0,20.0,1.0,465.0,28.0,157.0,6070.0,47.0,0,1,0,0,0,0,0,0,0,0,0,0,0,0,0,1,0,0,0,0,0,0,0,0,0,0,0,0,0,0,0,0,0,1,0,0,0,0,0,0,0,0,0,0,0,0,0,0,0,0,0,0,0,0,0,0,0,0,1,0,0,0,0,0,0,0,0,0,0,0.0,0
169.5,170.0,163.0,149.0,123.0,105.0,102.0,102.0,109.0,147.0,160.0,169.0,272.0,273.0,269.0,258.0,245.0,225.0,196.0,204.0,221.0,271.0,274.0,271.0,305.0,297.0,231.0,84.0,52.0,61.0,62.0,54.0,40.0,130.0,261.0,313.0,190.0,111.0,64.0,2724.0,274.0,102.0,172.0,215.0,155.0,215.0,155.0,1630.0,313.0,40.0,78.0,704.0,156.0,704.0,177.0,74.0,102.0,94.0,80.0,63.0,48.0,38.0,40.0,48.0,81.0,92.0,98.0,863.0,48.0,3.0,1023.0,7.0,179.0,7592.0,60.0,0,1,0,0,0,0,0,0,0,0,1,0,0,0,0,0,0,0,0,0,0,0,0,0,0,0,0,0,0,0,0,0,0,0,0,0,0,0,0,0,0,1,0,0,0,0,0,0,0,0,0,0,0,0,1,0,0,0,0,0,0,0,0,0,0,0,0,0,0,0.0,0
169.5,170.0,163.0,149.0,123.0,105.0,102.0,102.0,109.0,147.0,160.0,169.0,272.0,273.0,269.0,258.0,245.0,225.0,196.0,204.0,221.0,271.0,274.0,271.0,305.0,297.0,231.0,84.0,52.0,61.0,62.0,54.0,40.0,130.0,261.0,313.0,190.0,111.0,64.0,2724.0,274.0,102.0,172.0,215.0,155.0,215.0,155.0,1630.0,313.0,40.0,78.0,704.0,156.0,704.0,177.0,74.0,102.0,94.0,80.0,63.0,48.0,38.0,40.0,48.0,81.0,92.0,98.0,863.0,48.0,3.0,1023.0,7.0,179.0,7592.0,60.0,0,1,0,0,0,0,0,0,0,0,1,0,0,0,0,0,0,0,0,0,0,0,0,0,0,0,0,0,0,0,0,0,0,0,0,0,0,0,0,0,0,1,0,0,0,0,0,0,0,0,0,0,0,0,1,0,0,0,0,0,0,0,0,0,0,0,0,0,0,0.0,0
168.5,169.0,162.0,148.0,122.0,104.0,100.0,101.0,108.0,145.0,158.0,168.0,270.0,271.0,267.0,257.0,244.0,223.0,194.0,201.0,220.0,269.0,271.0,269.0,305.5,299.0,233.0,85.0,53.0,64.0,65.0,56.0,42.0,129.0,259.0,312.0,189.0,110.0,64.0,2723.0,271.0,100.0,171.0,213.0,154.0,213.0,153.0,1643.0,312.0,42.0,77.0,700.0,163.0,700.0,185.0,73.0,101.0,93.0,80.0,63.0,48.0,37.0,39.0,48.0,80.0,90.0,97.0,855.0,44.0,3.0,1009.0,4.0,276.0,7805.0,66.0,0,0,0,0,0,0,1,0,0,0,0,1,0,0,0,0,0,0,0,0,0,0,0,0,0,0,0,0,0,0,0,0,0,0,0,0,0,0,0,0,0,1,0,0,0,0,0,0,0,0,0,0,0,0,1,0,0,0,0,0,0,0,0,0,0,0,0,0,0,0.0,0
168.5,169.0,162.0,148.0,122.0,104.0,100.0,101.0,108.0,145.0,158.0,168.0,270.0,271.0,267.0,257.0,244.0,223.0,194.0,201.0,220.0,269.0,271.0,269.0,305.5,299.0,233.0,85.0,53.0,64.0,65.0,56.0,42.0,129.0,259.0,312.0,189.0,110.0,64.0,2723.0,271.0,100.0,171.0,213.0,154.0,213.0,153.0,1643.0,312.0,42.0,77.0,700.0,163.0,700.0,185.0,73.0,101.0,93.0,80.0,63.0,48.0,37.0,39.0,48.0,80.0,90.0,97.0,855.0,44.0,3.0,1009.0,4.0,276.0,7805.0,66.0,0,0,0,0,0,0,1,0,0,0,0,1,0,0,0,0,0,0,0,0,0,0,0,0,0,0,0,0,0,0,0,0,0,0,0,0,0,0,0,0,0,1,0,0,0,0,0,0,0,0,0,0,0,0,1,0,0,0,0,0,0,0,0,0,0,0,0,0,0,0.0,0
193.0,194.0,186.0,173.0,146.0,130.0,129.0,128.0,134.0,167.0,182.0,192.0,284.0,285.0,282.0,273.0,258.0,239.0,220.0,222.0,234.0,277.0,284.0,283.0,396.5,412.0,403.0,186.0,123.0,148.0,141.0,124.0,93.0,143.0,304.0,381.0,209.0,100.0,64.0,2514.0,285.0,128.0,157.0,232.0,177.0,232.0,177.0,2524.0,412.0,66.0,60.0,1001.0,358.0,1001.0,358.0,80.0,116.0,107.0,92.0,70.0,54.0,46.0,46.0,54.0,87.0,102.0,111.0,972.0,14.0,1.0,640.0,18.0,106.0,7313.0,37.0,0,1,0,0,0,0,0,0,0,0,0,0,0,0,0,1,0,0,0,0,0,0,0,0,0,0,0,0,0,0,0,0,0,0,0,0,0,0,0,0,0,1,0,0,0,0,0,0,0,0,0,0,0,0,1,0,0,0,0,0,0,0,0,0,0,0,0,0,0,0.0,0
194.0,194.0,191.0,175.0,151.0,134.0,131.0,132.0,135.0,169.0,183.0,194.0,288.0,288.0,290.0,281.0,267.0,248.0,224.0,230.0,243.0,283.0,290.0,288.0,292.5,293.0,246.0,100.0,54.0,57.0,56.0,51.0,29.0,117.0,218.0,292.0,213.0,105.0,66.0,2461.0,290.0,131.0,159.0,236.0,182.0,236.0,182.0,1557.0,293.0,29.0,78.0,639.0,136.0,639.0,136.0,81.0,116.0,113.0,96.0,74.0,58.0,47.0,49.0,56.0,90.0,105.0,114.0,1003.0,86.0,4.0,712.0,17.0,113.0,7026.0,1.0,0,1,0,0,0,0,0,0,0,0,0,0,0,0,0,1,0,0,0,0,0,0,0,0,0,0,0,0,0,0,0,0,0,0,0,0,0,0,0,0,0,0,0,1,0,0,0,0,0,0,0,0,0,0,1,0,0,0,0,0,0,0,0,0,0,0,0,0,0,0.0,0
195.0,195.0,192.0,176.0,152.0,135.0,133.0,133.0,136.0,169.0,183.0,195.0,289.0,289.0,291.0,282.0,268.0,248.0,225.0,231.0,244.0,283.0,290.0,289.0,294.5,296.0,248.0,103.0,56.0,59.0,57.0,52.0,30.0,118.0,219.0,293.0,214.0,105.0,66.0,2449.0,291.0,133.0,158.0,237.0,183.0,237.0,183.0,1576.0,296.0,30.0,77.0,647.0,139.0,647.0,139.0,80.0,117.0,114.0,96.0,75.0,58.0,47.0,49.0,56.0,90.0,105.0,115.0,1008.0,82.0,3.0,564.0,8.0,292.0,7792.0,1.0,0,1,0,0,0,0,0,0,0,0,0,0,0,0,0,1,0,0,0,0,0,0,0,0,0,0,0,0,0,0,0,0,0,0,0,0,0,0,0,0,0,0,0,1,0,0,0,0,0,0,0,0,0,0,1,0,0,0,0,0,0,0,0,0,0,0,0,0,0,0.0,0
219.0,219.0,214.0,202.0,182.0,166.0,163.0,160.0,161.0,193.0,208.0,219.0,299.0,299.0,301.0,288.0,276.0,256.0,234.0,238.0,250.0,283.0,294.0,299.0,358.5,367.0,394.0,238.0,165.0,175.0,169.0,147.0,90.0,148.0,254.0,350.0,231.0,85.0,60.0,2366.0,301.0,160.0,141.0,253.0,214.0,253.0,201.0,2576.0,394.0,79.0,49.0,999.0,385.0,999.0,406.0,89.0,138.0,132.0,111.0,88.0,67.0,55.0,55.0,62.0,98.0,119.0,135.0,1156.0,10.0,1.0,254.0,13.0,125.0,7332.0,0.0,0,1,0,0,0,0,0,0,0,0,0,0,0,0,0,1,0,0,0,0,0,0,0,0,0,0,0,0,0,0,0,0,0,1,0,0,0,0,0,0,0,0,0,0,0,0,0,0,0,0,0,0,0,0,1,0,0,0,0,0,0,0,0,0,0,0,0,0,0,0.0,0
219.0,219.0,215.0,203.0,182.0,166.0,163.0,160.0,161.0,194.0,208.0,219.0,300.5,301.0,303.0,291.0,277.0,258.0,236.0,239.0,250.0,284.0,295.0,300.0,357.0,366.0,384.0,241.0,165.0,171.0,163.0,143.0,89.0,148.0,252.0,348.0,231.0,86.0,60.0,2386.0,303.0,160.0,143.0,255.0,214.0,255.0,201.0,2548.0,384.0,78.0,49.0,991.0,380.0,991.0,395.0,89.0,139.0,134.0,113.0,89.0,68.0,56.0,56.0,62.0,99.0,119.0,136.0,1165.0,11.0,1.0,321.0,9.0,156.0,7510.0,13.0,0,1,0,0,0,0,0,0,0,0,0,0,0,0,0,1,0,0,0,0,0,0,0,0,0,0,0,0,0,0,0,0,0,0,0,0,0,0,0,0,0,0,0,1,0,0,0,0,0,0,0,0,0,0,1,0,0,0,0,0,0,0,0,0,0,0,0,0,0,0.0,0
219.0,219.0,215.0,203.0,182.0,166.0,163.0,160.0,161.0,194.0,208.0,219.0,300.5,301.0,303.0,291.0,277.0,258.0,236.0,239.0,250.0,284.0,295.0,300.0,357.0,366.0,384.0,241.0,165.0,171.0,163.0,143.0,89.0,148.0,252.0,348.0,231.0,86.0,60.0,2386.0,303.0,160.0,143.0,255.0,214.0,255.0,201.0,2548.0,384.0,78.0,49.0,991.0,380.0,991.0,395.0,89.0,139.0,134.0,113.0,89.0,68.0,56.0,56.0,62.0,99.0,119.0,136.0,1165.0,11.0,1.0,321.0,9.0,156.0,7510.0,13.0,0,1,0,0,0,0,0,0,0,0,0,0,0,0,0,1,0,0,0,0,0,0,0,0,0,0,0,0,0,0,0,0,0,0,0,0,0,0,0,0,0,0,0,1,0,0,0,0,0,0,0,0,0,0,1,0,0,0,0,0,0,0,0,0,0,0,0,0,0,0.0,0
136.5,136.0,136.0,126.0,105.0,86.0,81.0,82.0,81.0,112.0,127.0,137.0,251.0,251.0,250.0,244.0,233.0,215.0,188.0,193.0,210.0,252.0,251.0,251.0,292.5,278.0,257.0,119.0,52.0,44.0,44.0,46.0,32.0,108.0,227.0,307.0,169.0,122.0,71.0,2281.0,252.0,81.0,171.0,190.0,139.0,190.0,139.0,1564.0,307.0,32.0,80.0,654.0,122.0,654.0,122.0,62.0,83.0,81.0,73.0,60.0,48.0,38.0,40.0,45.0,69.0,76.0,82.0,764.0,39.0,4.0,1652.0,17.0,32.0,8436.0,95.0,0,1,0,0,0,0,0,0,0,0,1,0,0,0,0,0,0,0,0,0,0,0,0,0,0,0,0,0,0,0,0,0,0,0,0,0,0,0,0,0,0,1,0,0,0,0,0,0,0,0,0,0,0,0,1,0,0,0,0,0,0,0,0,0,0,0,0,0,0,0.0,0
227.0,227.0,222.0,211.0,193.0,177.0,174.0,173.0,176.0,205.0,217.0,227.0,302.5,302.0,301.0,292.0,277.0,261.0,242.0,244.0,254.0,285.0,297.0,303.0,372.5,391.0,417.0,310.0,221.0,218.0,209.0,179.0,113.0,150.0,276.0,354.0,238.0,78.0,60.0,2200.0,303.0,173.0,130.0,259.0,222.0,259.0,210.0,2933.0,417.0,95.0,43.0,1118.0,442.0,1118.0,501.0,96.0,146.0,138.0,118.0,93.0,72.0,60.0,61.0,68.0,105.0,126.0,144.0,1232.0,1.0,1.0,49.0,7.0,170.0,7377.0,67.0,0,1,0,0,0,0,0,0,0,0,0,0,0,0,0,0,0,1,0,0,0,0,0,0,0,0,0,0,0,0,0,0,0,1,0,0,0,0,0,0,0,0,0,0,0,0,0,0,0,0,0,0,0,0,1,0,0,0,0,0,0,0,0,0,0,0,0,0,0,0.0,0
180.5,180.0,179.0,174.0,157.0,137.0,134.0,135.0,138.0,166.0,175.0,181.0,275.5,276.0,274.0,273.0,265.0,257.0,237.0,240.0,252.0,278.0,276.0,275.0,271.5,266.0,222.0,107.0,39.0,33.0,37.0,33.0,22.0,91.0,241.0,277.0,211.0,105.0,73.0,1642.0,278.0,134.0,144.0,225.0,189.0,226.0,189.0,1405.0,277.0,22.0,87.0,609.0,92.0,595.0,92.0,81.0,100.0,97.0,91.0,77.0,64.0,54.0,56.0,62.0,87.0,94.0,99.0,969.0,196.0,6.0,839.0,18.0,339.0,7857.0,100.0,0,1,0,0,0,0,0,0,0,0,1,0,0,0,0,0,0,0,0,0,0,0,0,0,0,0,0,0,0,0,0,0,0,0,0,0,0,0,0,0,0,1,0,0,0,0,0,0,0,1,0,0,0,0,0,0,0,0,0,0,0,0,0,0,0,0,0,0,0,0.0,0
222.5,223.0,219.0,210.0,193.0,178.0,178.0,177.0,178.0,199.0,215.0,222.0,304.5,305.0,302.0,293.0,277.0,262.0,240.0,241.0,250.0,289.0,296.0,304.0,382.5,400.0,445.0,441.0,310.0,256.0,270.0,205.0,113.0,126.0,286.0,365.0,237.0,79.0,61.0,2132.0,305.0,177.0,128.0,258.0,222.0,258.0,210.0,3295.0,445.0,78.0,45.0,1286.0,444.0,1286.0,588.0,95.0,144.0,135.0,118.0,93.0,74.0,62.0,62.0,68.0,104.0,124.0,139.0,1224.0,17.0,1.0,12.0,1.0,193.0,7744.0,10.0,1,0,0,0,0,0,0,0,0,0,0,0,0,0,0,0,0,0,0,0,0,0,1,0,0,0,0,0,0,0,0,0,0,1,0,0,0,0,0,0,0,0,0,0,0,0,0,0,0,0,0,0,0,0,1,0,0,0,0,0,0,0,0,0,0,0,0,0,0,0.0,0
216.0,216.0,213.0,204.0,186.0,172.0,171.0,168.0,171.0,193.0,210.0,216.0,301.5,302.0,299.0,290.0,274.0,259.0,238.0,238.0,248.0,287.0,295.0,301.0,365.0,377.0,409.0,377.0,254.0,223.0,230.0,180.0,104.0,122.0,271.0,353.0,233.0,83.0,62.0,2159.0,302.0,168.0,134.0,254.0,217.0,254.0,205.0,2976.0,409.0,76.0,45.0,1163.0,406.0,1163.0,514.0,91.0,136.0,129.0,113.0,89.0,71.0,60.0,59.0,66.0,100.0,120.0,133.0,1173.0,15.0,1.0,75.0,14.0,264.0,7639.0,100.0,0,0,0,0,0,0,0,0,1,0,0,0,0,0,0,0,0,0,0,0,0,0,0,1,0,0,0,0,0,0,0,0,0,0,0,0,0,0,0,0,0,1,0,0,0,0,0,0,0,0,0,0,0,0,0,0,0,0,0,0,0,0,0,0,0,0,0,0,1,0.0,0
216.0,216.0,213.0,204.0,186.0,172.0,171.0,168.0,171.0,193.0,210.0,216.0,301.5,302.0,299.0,290.0,274.0,259.0,238.0,238.0,248.0,287.0,295.0,301.0,365.0,377.0,409.0,377.0,254.0,223.0,230.0,180.0,104.0,122.0,271.0,353.0,233.0,83.0,62.0,2159.0,302.0,168.0,134.0,254.0,217.0,254.0,205.0,2976.0,409.0,76.0,45.0,1163.0,406.0,1163.0,514.0,91.0,136.0,129.0,113.0,89.0,71.0,60.0,59.0,66.0,100.0,120.0,133.0,1173.0,15.0,1.0,75.0,14.0,264.0,7639.0,100.0,0,0,0,0,0,0,0,0,1,0,0,0,0,0,0,0,0,0,0,0,0,0,0,1,0,0,0,0,0,0,0,0,0,0,0,0,0,0,0,0,0,1,0,0,0,0,0,0,0,0,0,0,0,0,0,0,0,0,0,0,0,0,0,0,0,0,0,0,1,0.0,0
211.5,212.0,210.0,199.0,182.0,168.0,165.0,164.0,166.0,189.0,205.0,211.0,298.0,299.0,297.0,287.0,272.0,257.0,233.0,235.0,245.0,284.0,292.0,297.0,357.0,367.0,390.0,345.0,227.0,204.0,210.0,167.0,98.0,119.0,266.0,347.0,229.0,84.0,62.0,2179.0,299.0,164.0,135.0,250.0,213.0,250.0,201.0,2813.0,390.0,73.0,46.0,1102.0,384.0,1102.0,475.0,88.0,132.0,126.0,108.0,87.0,70.0,57.0,57.0,64.0,97.0,116.0,127.0,1133.0,15.0,1.0,183.0,17.0,79.0,7781.0,100.0,0,0,0,0,0,0,0,0,1,0,0,0,0,0,0,0,0,0,0,0,0,0,0,1,0,0,0,0,0,0,0,0,0,0,0,0,0,0,0,0,0,1,0,0,0,0,0,0,0,0,0,0,0,0,0,0,0,0,0,0,0,0,0,0,0,0,0,0,1,0.0,0
215.0,215.0,212.0,200.0,182.0,169.0,166.0,165.0,170.0,194.0,207.0,215.0,292.0,292.0,289.0,281.0,267.0,249.0,232.0,234.0,241.0,275.0,286.0,292.0,342.5,350.0,371.0,284.0,181.0,192.0,182.0,147.0,99.0,111.0,233.0,335.0,227.0,77.0,60.0,2129.0,292.0,165.0,127.0,248.0,213.0,248.0,201.0,2564.0,371.0,79.0,47.0,1005.0,357.0,1005.0,428.0,86.0,130.0,122.0,106.0,85.0,67.0,57.0,58.0,64.0,95.0,113.0,127.0,1115.0,7.0,1.0,291.0,4.0,62.0,7830.0,96.0,0,1,0,0,0,0,0,0,0,0,0,0,0,0,0,1,0,0,0,0,0,0,0,0,0,0,0,0,0,0,0,0,0,0,0,0,0,0,0,0,0,1,0,0,0,0,0,0,0,0,0,0,0,0,1,0,0,0,0,0,0,0,0,0,0,0,0,0,0,0.0,0
219.5,219.0,217.0,205.0,187.0,174.0,170.0,170.0,175.0,200.0,212.0,220.0,295.0,295.0,291.0,285.0,270.0,252.0,237.0,239.0,245.0,279.0,289.0,295.0,348.0,356.0,383.0,300.0,193.0,203.0,191.0,153.0,104.0,112.0,234.0,340.0,232.0,75.0,60.0,2098.0,295.0,170.0,125.0,252.0,218.0,252.0,206.0,2651.0,383.0,82.0,46.0,1039.0,369.0,1039.0,448.0,90.0,134.0,127.0,111.0,88.0,69.0,59.0,60.0,66.0,100.0,118.0,132.0,1159.0,8.0,1.0,198.0,13.0,111.0,7457.0,84.0,0,1,0,0,0,0,0,0,0,0,0,0,0,0,0,1,0,0,0,0,0,0,0,0,0,0,0,0,0,0,0,0,0,0,0,0,0,0,0,0,0,1,0,0,0,0,0,0,0,0,0,0,0,0,1,0,0,0,0,0,0,0,0,0,0,0,0,0,0,0.0,0
199.0,199.0,199.0,193.0,173.0,157.0,148.0,147.0,151.0,177.0,190.0,199.0,295.0,295.0,291.0,287.0,276.0,264.0,240.0,240.0,250.0,281.0,291.0,295.0,278.5,266.0,251.0,168.0,84.0,91.0,104.0,106.0,64.0,100.0,219.0,291.0,223.0,98.0,66.0,2072.0,295.0,147.0,148.0,244.0,207.0,244.0,196.0,1810.0,291.0,64.0,55.0,685.0,270.0,685.0,274.0,83.0,120.0,115.0,106.0,86.0,70.0,56.0,55.0,62.0,91.0,107.0,118.0,1074.0,19.0,2.0,410.0,24.0,157.0,6554.0,100.0,0,1,0,0,0,0,0,0,0,0,1,0,0,0,0,0,0,0,0,0,0,0,0,0,0,0,0,0,0,0,0,0,0,0,0,0,0,0,0,0,0,1,0,0,0,0,0,0,0,0,0,0,0,0,0,0,0,0,0,1,0,0,0,0,0,0,0,0,0,0.0,0
223.5,224.0,221.0,212.0,195.0,180.0,179.0,177.0,179.0,201.0,217.0,223.0,304.5,305.0,303.0,293.0,278.0,263.0,242.0,243.0,252.0,289.0,296.0,304.0,357.5,371.0,414.0,413.0,282.0,248.0,255.0,198.0,114.0,122.0,269.0,344.0,239.0,78.0,61.0,2111.0,305.0,177.0,128.0,259.0,223.0,259.0,212.0,3109.0,414.0,79.0,44.0,1198.0,434.0,1198.0,567.0,96.0,144.0,137.0,119.0,95.0,75.0,63.0,63.0,69.0,105.0,125.0,140.0,1237.0,17.0,1.0,142.0,5.0,201.0,7635.0,18.0,1,0,0,0,0,0,0,0,0,0,0,0,0,0,0,0,0,0,0,0,0,0,0,0,0,0,0,0,0,1,0,0,0,0,0,0,0,0,0,0,0,0,0,0,0,0,1,0,0,0,0,0,0,0,1,0,0,0,0,0,0,0,0,0,0,0,0,0,0,0.0,0
175.0,175.0,174.0,165.0,146.0,131.0,124.0,122.0,123.0,150.0,165.0,175.0,274.5,275.0,273.0,265.0,253.0,237.0,207.0,210.0,222.0,262.0,270.0,274.0,295.5,290.0,282.0,192.0,105.0,109.0,114.0,106.0,69.0,107.0,227.0,301.0,198.0,100.0,65.0,2302.0,275.0,122.0,153.0,221.0,181.0,221.0,168.0,1966.0,301.0,64.0,54.0,764.0,282.0,764.0,289.0,69.0,101.0,98.0,87.0,72.0,58.0,45.0,46.0,51.0,77.0,90.0,99.0,898.0,5.0,1.0,1044.0,26.0,351.0,8265.0,98.0,0,1,0,0,0,0,0,0,0,0,1,0,0,0,0,0,0,0,0,0,0,0,0,0,0,0,0,0,0,0,0,0,0,0,0,0,0,0,0,0,0,1,0,0,0,0,0,0,0,0,0,0,0,0,1,0,0,0,0,0,0,0,0,0,0,0,0,0,0,0.0,0
224.0,224.0,222.0,213.0,197.0,182.0,179.0,177.0,181.0,203.0,218.0,224.0,304.5,305.0,301.0,293.0,279.0,263.0,244.0,244.0,252.0,287.0,296.0,304.0,341.0,351.0,396.0,377.0,251.0,238.0,235.0,186.0,114.0,117.0,253.0,331.0,239.0,77.0,60.0,2083.0,305.0,177.0,128.0,259.0,224.0,259.0,212.0,2931.0,396.0,82.0,43.0,1124.0,417.0,1124.0,535.0,95.0,145.0,137.0,120.0,96.0,76.0,64.0,63.0,70.0,105.0,126.0,141.0,1242.0,13.0,1.0,22.0,6.0,129.0,7601.0,20.0,0,1,0,0,0,0,0,0,0,0,0,0,0,0,0,0,0,1,0,0,0,0,0,0,0,0,0,0,0,0,0,0,0,0,0,0,0,0,0,0,0,0,0,1,0,0,0,0,0,0,0,0,0,0,1,0,0,0,0,0,0,0,0,0,0,0,0,0,0,0.0,0
210.5,211.0,207.0,198.0,181.0,168.0,163.0,162.0,165.0,187.0,203.0,210.0,294.5,295.0,292.0,283.0,269.0,252.0,230.0,232.0,241.0,278.0,286.0,294.0,329.5,336.0,366.0,315.0,203.0,201.0,198.0,162.0,102.0,113.0,244.0,323.0,226.0,82.0,61.0,2164.0,295.0,162.0,133.0,247.0,210.0,247.0,198.0,2640.0,366.0,77.0,44.0,1017.0,377.0,1017.0,462.0,84.0,128.0,121.0,106.0,86.0,69.0,56.0,56.0,63.0,93.0,111.0,125.0,1104.0,7.0,1.0,327.0,21.0,280.0,7596.0,100.0,0,1,0,0,0,0,0,0,0,0,0,0,0,0,0,1,0,0,0,0,0,0,0,0,0,0,0,0,0,0,0,0,0,0,0,0,0,0,0,0,0,1,0,0,0,0,0,0,0,0,0,0,0,0,1,0,0,0,0,0,0,0,0,0,0,0,0,0,0,0.0,0
209.5,210.0,208.0,198.0,181.0,168.0,163.0,161.0,164.0,187.0,202.0,209.0,294.0,295.0,292.0,283.0,269.0,253.0,230.0,232.0,240.0,277.0,286.0,293.0,328.0,335.0,366.0,321.0,207.0,204.0,202.0,164.0,103.0,114.0,245.0,321.0,226.0,82.0,61.0,2161.0,295.0,161.0,134.0,247.0,210.0,247.0,198.0,2659.0,366.0,77.0,43.0,1022.0,381.0,1022.0,469.0,84.0,128.0,122.0,106.0,86.0,69.0,56.0,56.0,62.0,93.0,111.0,123.0,1101.0,7.0,1.0,306.0,16.0,329.0,8089.0,97.0,0,1,0,0,0,0,0,0,0,0,0,0,0,0,0,1,0,0,0,0,0,0,0,0,0,0,0,0,0,0,0,0,0,0,0,0,0,0,0,0,0,1,0,0,0,0,0,0,0,0,0,0,0,0,1,0,0,0,0,0,0,0,0,0,0,0,0,0,0,0.0,0
226.0,226.0,224.0,216.0,200.0,186.0,181.0,179.0,184.0,206.0,219.0,226.0,302.5,303.0,299.0,292.0,278.0,262.0,244.0,245.0,251.0,284.0,292.0,302.0,315.5,324.0,373.0,347.0,227.0,233.0,222.0,179.0,117.0,109.0,231.0,307.0,239.0,73.0,59.0,2025.0,303.0,179.0,124.0,260.0,224.0,260.0,214.0,2754.0,373.0,85.0,41.0,1044.0,405.0,1044.0,518.0,95.0,145.0,137.0,121.0,97.0,77.0,64.0,64.0,71.0,105.0,123.0,141.0,1246.0,10.0,1.0,32.0,4.0,323.0,7850.0,76.0,0,0,1,0,0,0,0,0,0,0,0,0,0,0,0,0,0,1,0,0,0,0,0,0,0,0,0,0,0,0,0,0,0,0,0,0,0,0,0,0,0,1,0,0,0,0,0,0,0,0,0,0,0,0,1,0,0,0,0,0,0,0,0,0,0,0,0,0,0,0.0,0
226.0,226.0,224.0,216.0,200.0,186.0,182.0,180.0,184.0,206.0,219.0,226.0,303.0,303.0,300.0,292.0,279.0,263.0,245.0,246.0,252.0,285.0,293.0,303.0,312.0,320.0,368.0,353.0,231.0,234.0,225.0,180.0,118.0,110.0,232.0,304.0,240.0,74.0,60.0,2004.0,303.0,180.0,123.0,260.0,225.0,260.0,214.0,2759.0,368.0,84.0,40.0,1041.0,408.0,1041.0,523.0,95.0,145.0,137.0,121.0,98.0,78.0,65.0,65.0,71.0,105.0,124.0,142.0,1251.0,11.0,1.0,42.0,3.0,237.0,7691.0,51.0,0,1,0,0,0,0,0,0,0,0,0,0,0,0,0,1,0,0,0,0,0,0,0,0,0,0,0,0,0,0,0,0,0,0,0,0,0,0,0,0,0,0,0,1,0,0,0,0,0,0,0,0,0,0,1,0,0,0,0,0,0,0,0,0,0,0,0,0,0,0.0,0
225.0,225.0,223.0,215.0,201.0,186.0,181.0,179.0,183.0,206.0,218.0,225.0,302.0,302.0,299.0,292.0,279.0,263.0,244.0,245.0,251.0,284.0,292.0,302.0,308.5,317.0,365.0,350.0,228.0,232.0,223.0,179.0,117.0,109.0,230.0,300.0,239.0,73.0,60.0,2001.0,302.0,179.0,123.0,259.0,224.0,259.0,213.0,2734.0,365.0,84.0,40.0,1032.0,405.0,1032.0,519.0,94.0,143.0,136.0,120.0,99.0,78.0,65.0,64.0,70.0,105.0,123.0,140.0,1242.0,10.0,1.0,52.0,5.0,183.0,7629.0,65.0,0,1,0,0,0,0,0,0,0,0,0,0,0,0,0,0,0,1,0,0,0,0,0,0,0,0,0,0,0,0,0,0,0,0,0,0,0,0,0,0,0,1,0,0,0,0,0,0,0,0,0,0,0,0,1,0,0,0,0,0,0,0,0,0,0,0,0,0,0,0.0,0
232.5,236.0,228.0,226.0,193.0,173.0,175.0,185.0,197.0,227.0,229.0,229.0,310.5,311.0,311.0,313.0,297.0,276.0,274.0,284.0,293.0,313.0,321.0,310.0,312.0,281.0,148.0,31.0,7.0,3.0,4.0,5.0,6.0,60.0,189.0,343.0,255.0,91.0,61.0,1931.0,321.0,173.0,148.0,267.0,227.0,271.0,227.0,1093.0,343.0,3.0,130.0,640.0,12.0,592.0,12.0,137.0,163.0,151.0,145.0,100.0,71.0,69.0,80.0,96.0,140.0,156.0,151.0,1465.0,714.0,9.0,43.0,1.0,213.0,7618.0,13.0,0,0,0,0,0,0,0,1,0,0,0,0,0,0,0,0,0,0,0,0,0,0,0,0,1,0,0,0,0,0,0,0,0,0,1,0,0,0,0,0,0,0,0,0,0,0,0,0,0,0,0,0,0,1,0,0,0,0,0,0,0,0,0,0,0,0,0,0,0,0.0,0
177.5,176.0,166.0,142.0,116.0,98.0,90.0,97.0,115.0,160.0,172.0,179.0,297.5,295.0,295.0,290.0,281.0,256.0,245.0,260.0,283.0,309.0,301.0,300.0,165.5,142.0,93.0,22.0,10.0,8.0,4.0,4.0,8.0,70.0,161.0,189.0,211.0,147.0,67.0,2612.0,309.0,90.0,219.0,236.0,174.0,236.0,174.0,738.0,189.0,4.0,109.0,420.0,16.0,420.0,16.0,97.0,114.0,104.0,85.0,66.0,48.0,40.0,47.0,63.0,98.0,106.0,115.0,988.0,407.0,9.0,906.0,10.0,264.0,7553.0,100.0,0,0,1,0,0,0,0,0,0,0,0,0,0,1,0,0,0,0,0,0,0,0,0,0,0,0,0,0,0,0,0,0,0,0,0,0,0,0,0,0,0,0,0,0,1,0,0,0,0,0,0,0,0,0,0,0,0,1,0,0,0,0,0,0,0,0,0,0,0,0.0,0
174.5,173.0,163.0,138.0,114.0,96.0,89.0,94.0,113.0,157.0,169.0,176.0,293.0,291.0,291.0,286.0,277.0,253.0,241.0,255.0,279.0,304.0,296.0,295.0,165.5,142.0,93.0,22.0,10.0,8.0,4.0,5.0,8.0,71.0,164.0,189.0,207.0,145.0,67.0,2572.0,304.0,89.0,215.0,232.0,171.0,232.0,171.0,743.0,189.0,4.0,109.0,424.0,17.0,424.0,17.0,95.0,110.0,102.0,83.0,65.0,47.0,40.0,45.0,62.0,95.0,102.0,111.0,963.0,389.0,9.0,1026.0,4.0,147.0,7417.0,51.0,0,0,1,0,0,0,0,0,0,0,0,0,0,1,0,0,0,0,0,0,0,0,0,0,0,0,0,0,0,0,0,0,0,0,0,0,0,1,0,0,0,0,0,0,0,0,0,0,0,0,0,0,0,0,0,0,0,1,0,0,0,0,0,0,0,0,0,0,0,0.0,0
194.5,194.0,182.0,157.0,126.0,106.0,99.0,105.0,129.0,177.0,189.0,195.0,323.5,321.0,322.0,318.0,302.0,277.0,271.0,287.0,311.0,338.0,328.0,326.0,157.0,135.0,88.0,19.0,9.0,8.0,4.0,4.0,8.0,61.0,142.0,179.0,230.0,159.0,66.0,2848.0,338.0,99.0,239.0,258.0,190.0,258.0,190.0,682.0,179.0,4.0,109.0,382.0,16.0,382.0,16.0,116.0,139.0,127.0,102.0,73.0,50.0,44.0,52.0,74.0,121.0,130.0,139.0,1173.0,541.0,10.0,511.0,20.0,64.0,7633.0,19.0,0,0,1,0,0,0,0,0,0,0,0,0,0,1,0,0,0,0,0,0,0,0,0,0,0,0,0,0,0,0,0,0,0,0,0,0,1,0,0,0,0,0,0,0,0,0,0,0,0,0,0,0,0,0,0,0,0,1,0,0,0,0,0,0,0,0,0,0,0,0.0,0
199.5,199.0,187.0,161.0,130.0,110.0,102.0,109.0,133.0,182.0,194.0,200.0,329.5,327.0,329.0,324.0,308.0,281.0,278.0,294.0,317.0,344.0,335.0,332.0,154.0,133.0,85.0,19.0,9.0,8.0,3.0,4.0,8.0,59.0,136.0,175.0,236.0,161.0,66.0,2887.0,344.0,102.0,242.0,264.0,195.0,264.0,195.0,663.0,175.0,3.0,109.0,370.0,15.0,370.0,15.0,123.0,147.0,135.0,107.0,75.0,51.0,45.0,54.0,77.0,128.0,138.0,148.0,1235.0,599.0,11.0,417.0,2.0,118.0,7415.0,24.0,0,0,0,1,0,0,0,0,0,0,0,0,0,0,0,0,0,0,0,0,0,0,0,0,1,0,0,0,0,0,0,0,0,1,0,0,0,0,0,0,0,0,0,0,0,0,0,0,0,0,0,0,0,0,0,0,0,1,0,0,0,0,0,0,0,0,0,0,0,0.0,0
195.0,195.0,183.0,158.0,127.0,107.0,99.0,107.0,130.0,178.0,190.0,195.0,325.0,322.0,324.0,319.0,304.0,278.0,273.0,290.0,314.0,340.0,330.0,328.0,158.5,136.0,88.0,19.0,9.0,8.0,4.0,4.0,8.0,61.0,142.0,181.0,232.0,160.0,66.0,2843.0,340.0,99.0,241.0,260.0,192.0,260.0,192.0,685.0,181.0,4.0,110.0,384.0,16.0,384.0,16.0,119.0,140.0,129.0,103.0,73.0,51.0,44.0,53.0,75.0,123.0,132.0,141.0,1189.0,553.0,10.0,529.0,13.0,345.0,7973.0,18.0,0,0,0,1,0,0,0,0,0,0,0,0,0,1,0,0,0,0,0,0,0,0,0,0,0,0,0,0,0,0,0,0,0,0,0,1,0,0,0,0,0,0,0,0,0,0,0,0,0,0,0,0,0,0,0,0,0,1,0,0,0,0,0,0,0,0,0,0,0,0.0,0
195.0,195.0,183.0,158.0,127.0,107.0,99.0,107.0,130.0,178.0,190.0,195.0,325.0,322.0,324.0,319.0,304.0,278.0,273.0,290.0,314.0,340.0,330.0,328.0,158.5,136.0,88.0,19.0,9.0,8.0,4.0,4.0,8.0,61.0,142.0,181.0,232.0,160.0,66.0,2843.0,340.0,99.0,241.0,260.0,192.0,260.0,192.0,685.0,181.0,4.0,110.0,384.0,16.0,384.0,16.0,119.0,140.0,129.0,103.0,73.0,51.0,44.0,53.0,75.0,123.0,132.0,141.0,1189.0,553.0,10.0,529.0,13.0,345.0,7973.0,18.0,0,0,0,1,0,0,0,0,0,0,0,0,0,1,0,0,0,0,0,0,0,0,0,0,0,0,0,0,0,0,0,0,0,0,0,1,0,0,0,0,0,0,0,0,0,0,0,0,0,0,0,0,0,0,0,0,0,1,0,0,0,0,0,0,0,0,0,0,0,0.0,0
228.0,231.0,224.0,221.0,185.0,165.0,167.0,178.0,192.0,222.0,225.0,225.0,312.5,313.0,313.0,316.0,304.0,286.0,283.0,293.0,305.0,321.0,323.0,312.0,326.5,291.0,176.0,42.0,7.0,2.0,4.0,6.0,9.0,82.0,210.0,362.0,255.0,103.0,65.0,1866.0,323.0,165.0,158.0,267.0,228.0,271.0,228.0,1217.0,362.0,2.0,123.0,679.0,12.0,654.0,12.0,143.0,160.0,149.0,143.0,100.0,72.0,70.0,81.0,101.0,142.0,154.0,149.0,1469.0,677.0,8.0,98.0,2.0,223.0,7656.0,0.0,0,0,1,0,0,0,0,0,0,0,0,0,0,1,0,0,0,0,0,0,0,0,0,0,0,0,0,0,0,0,0,0,0,0,0,1,0,0,0,0,0,0,0,0,0,0,0,0,0,0,0,0,0,1,0,0,0,0,0,0,0,0,0,0,0,0,0,0,0,0.0,0
221.0,223.0,218.0,214.0,177.0,157.0,159.0,170.0,185.0,214.0,218.0,219.0,308.0,309.0,310.0,314.0,305.0,288.0,285.0,294.0,308.0,322.0,319.0,307.0,338.0,305.0,203.0,50.0,7.0,2.0,4.0,6.0,12.0,100.0,232.0,371.0,251.0,110.0,66.0,1792.0,322.0,157.0,165.0,263.0,225.0,266.0,225.0,1327.0,371.0,2.0,118.0,711.0,12.0,703.0,12.0,140.0,148.0,141.0,136.0,96.0,71.0,68.0,79.0,99.0,136.0,144.0,140.0,1402.0,612.0,8.0,226.0,7.0,256.0,7610.0,83.0,0,0,0,1,0,0,0,0,0,0,0,0,0,0,0,0,0,0,0,0,0,0,0,0,1,0,0,0,0,0,0,0,0,0,1,0,0,0,0,0,0,0,0,0,0,0,0,0,0,0,0,0,0,1,0,0,0,0,0,0,0,0,0,0,0,0,0,0,0,0.0,0
221.0,223.0,218.0,214.0,177.0,157.0,159.0,170.0,185.0,214.0,218.0,219.0,308.0,309.0,310.0,314.0,305.0,288.0,285.0,294.0,308.0,322.0,319.0,307.0,338.0,305.0,203.0,50.0,7.0,2.0,4.0,6.0,12.0,100.0,232.0,371.0,251.0,110.0,66.0,1792.0,322.0,157.0,165.0,263.0,225.0,266.0,225.0,1327.0,371.0,2.0,118.0,711.0,12.0,703.0,12.0,140.0,148.0,141.0,136.0,96.0,71.0,68.0,79.0,99.0,136.0,144.0,140.0,1402.0,612.0,8.0,226.0,7.0,256.0,7610.0,83.0,0,0,0,1,0,0,0,0,0,0,0,0,0,0,0,0,0,0,0,0,0,0,0,0,1,0,0,0,0,0,0,0,0,0,1,0,0,0,0,0,0,0,0,0,0,0,0,0,0,0,0,0,0,1,0,0,0,0,0,0,0,0,0,0,0,0,0,0,0,0.0,0
212.0,214.0,209.0,204.0,169.0,149.0,149.0,160.0,176.0,205.0,210.0,210.0,301.5,302.0,303.0,307.0,299.0,283.0,278.0,288.0,303.0,316.0,312.0,301.0,336.5,303.0,206.0,54.0,7.0,2.0,4.0,6.0,12.0,107.0,240.0,370.0,243.0,112.0,67.0,1783.0,316.0,149.0,167.0,259.0,217.0,259.0,217.0,1349.0,370.0,2.0,116.0,717.0,12.0,717.0,12.0,129.0,135.0,129.0,123.0,90.0,67.0,63.0,73.0,92.0,125.0,132.0,128.0,1292.0,536.0,8.0,340.0,15.0,56.0,7835.0,100.0,0,0,0,1,0,0,0,0,0,0,0,0,0,0,0,0,0,0,0,0,0,0,0,1,0,0,0,0,0,0,0,0,0,0,1,0,0,0,0,0,0,0,0,0,0,0,0,0,0,0,0,0,0,1,0,0,0,0,0,0,0,0,0,0,0,0,0,0,0,0.0,0
217.0,219.0,214.0,209.0,173.0,153.0,153.0,165.0,182.0,211.0,214.0,215.0,307.5,308.0,309.0,312.0,304.0,288.0,284.0,294.0,309.0,323.0,317.0,307.0,334.5,300.0,205.0,54.0,6.0,2.0,4.0,6.0,12.0,109.0,240.0,369.0,249.0,113.0,67.0,1810.0,323.0,153.0,170.0,264.0,225.0,264.0,222.0,1346.0,369.0,2.0,116.0,718.0,12.0,718.0,12.0,138.0,144.0,137.0,130.0,94.0,70.0,66.0,77.0,98.0,135.0,138.0,136.0,1368.0,579.0,8.0,272.0,9.0,170.0,7307.0,68.0,0,0,0,1,0,0,0,0,0,0,0,0,0,0,0,0,0,0,0,0,0,0,0,1,0,0,0,0,0,0,0,0,0,0,1,0,0,0,0,0,0,0,0,0,0,0,0,0,0,0,0,0,0,1,0,0,0,0,0,0,0,0,0,0,0,0,0,0,0,0.0,0
217.0,219.0,214.0,209.0,173.0,153.0,153.0,165.0,182.0,211.0,214.0,215.0,307.5,308.0,309.0,312.0,304.0,288.0,284.0,294.0,309.0,323.0,317.0,307.0,334.5,300.0,205.0,54.0,6.0,2.0,4.0,6.0,12.0,109.0,240.0,369.0,249.0,113.0,67.0,1810.0,323.0,153.0,170.0,264.0,225.0,264.0,222.0,1346.0,369.0,2.0,116.0,718.0,12.0,718.0,12.0,138.0,144.0,137.0,130.0,94.0,70.0,66.0,77.0,98.0,135.0,138.0,136.0,1368.0,579.0,8.0,272.0,9.0,170.0,7307.0,68.0,0,0,0,1,0,0,0,0,0,0,0,0,0,0,0,0,0,0,0,0,0,0,0,1,0,0,0,0,0,0,0,0,0,0,1,0,0,0,0,0,0,0,0,0,0,0,0,0,0,0,0,0,0,1,0,0,0,0,0,0,0,0,0,0,0,0,0,0,0,0.0,0
217.0,219.0,214.0,209.0,173.0,153.0,153.0,165.0,182.0,211.0,214.0,215.0,307.5,308.0,309.0,312.0,304.0,288.0,284.0,294.0,309.0,323.0,317.0,307.0,334.5,300.0,205.0,54.0,6.0,2.0,4.0,6.0,12.0,109.0,240.0,369.0,249.0,113.0,67.0,1810.0,323.0,153.0,170.0,264.0,225.0,264.0,222.0,1346.0,369.0,2.0,116.0,718.0,12.0,718.0,12.0,138.0,144.0,137.0,130.0,94.0,70.0,66.0,77.0,98.0,135.0,138.0,136.0,1368.0,579.0,8.0,272.0,9.0,170.0,7307.0,68.0,0,0,0,1,0,0,0,0,0,0,0,0,0,0,0,0,0,0,0,0,0,0,0,1,0,0,0,0,0,0,0,0,0,0,1,0,0,0,0,0,0,0,0,0,0,0,0,0,0,0,0,0,0,1,0,0,0,0,0,0,0,0,0,0,0,0,0,0,0,0.0,0
227.0,228.0,221.0,215.0,178.0,156.0,148.0,163.0,187.0,223.0,225.0,226.0,327.5,328.0,328.0,331.0,326.0,310.0,306.0,315.0,330.0,349.0,337.0,327.0,296.0,261.0,170.0,40.0,7.0,2.0,2.0,6.0,11.0,94.0,210.0,331.0,262.0,129.0,64.0,2039.0,349.0,148.0,201.0,281.0,233.0,281.0,233.0,1171.0,331.0,2.0,117.0,635.0,10.0,635.0,10.0,170.0,174.0,161.0,152.0,108.0,77.0,68.0,82.0,113.0,172.0,169.0,166.0,1616.0,746.0,8.0,62.0,2.0,266.0,7606.0,10.0,0,0,0,1,0,0,0,0,0,1,0,0,0,0,0,0,0,0,0,0,0,0,0,0,0,0,0,0,0,0,0,0,0,0,0,0,1,0,0,0,0,0,0,0,0,0,0,0,0,0,0,0,0,1,0,0,0,0,0,0,0,0,0,0,0,0,0,0,0,0.0,0
237.5,238.0,236.0,232.0,199.0,175.0,175.0,183.0,198.0,231.0,239.0,237.0,312.5,314.0,318.0,327.0,324.0,314.0,307.0,311.0,318.0,327.0,326.0,311.0,370.0,346.0,209.0,45.0,9.0,2.0,1.0,4.0,4.0,66.0,166.0,394.0,265.0,105.0,69.0,1491.0,327.0,175.0,152.0,272.0,244.0,278.0,244.0,1257.0,394.0,1.0,134.0,751.0,7.0,626.0,7.0,151.0,166.0,165.0,165.0,124.0,92.0,85.0,93.0,113.0,157.0,172.0,159.0,1648.0,848.0,9.0,10.0,1.0,266.0,7741.0,9.0,0,0,0,0,0,0,0,1,0,0,0,0,0,0,0,0,0,0,0,0,0,0,0,0,1,0,0,0,0,0,0,0,0,0,0,1,0,0,0,0,0,0,0,0,0,0,0,0,0,0,0,0,0,1,0,0,0,0,0,0,0,0,0,0,0,0,0,0,0,0.0,0
196.5,196.0,185.0,172.0,129.0,107.0,106.0,120.0,142.0,181.0,191.0,197.0,302.5,302.0,305.0,300.0,290.0,275.0,262.0,274.0,300.0,326.0,317.0,303.0,248.5,215.0,143.0,23.0,8.0,3.0,3.0,3.0,8.0,83.0,244.0,282.0,227.0,140.0,64.0,2617.0,326.0,106.0,220.0,252.0,190.0,252.0,190.0,1046.0,282.0,3.0,119.0,609.0,9.0,609.0,9.0,121.0,126.0,117.0,101.0,70.0,52.0,45.0,54.0,76.0,117.0,124.0,124.0,1131.0,476.0,8.0,686.0,16.0,212.0,6663.0,8.0,0,0,0,0,1,0,0,0,0,0,0,0,0,0,0,0,0,0,0,0,0,1,0,0,0,0,0,0,0,0,0,0,0,0,0,0,0,0,0,0,0,0,0,0,1,0,0,0,0,0,0,0,0,0,0,0,0,0,0,0,0,0,0,1,0,0,0,0,0,0.0,0
205.5,204.0,195.0,179.0,142.0,120.0,115.0,128.0,149.0,191.0,201.0,207.0,317.5,317.0,319.0,311.0,306.0,285.0,270.0,286.0,306.0,339.0,331.0,318.0,177.5,148.0,95.0,20.0,10.0,4.0,3.0,4.0,7.0,80.0,170.0,207.0,238.0,143.0,63.0,2673.0,339.0,115.0,224.0,264.0,200.0,264.0,200.0,774.0,207.0,3.0,113.0,457.0,11.0,457.0,11.0,132.0,143.0,133.0,110.0,80.0,56.0,46.0,58.0,79.0,131.0,140.0,142.0,1256.0,580.0,9.0,522.0,4.0,285.0,7602.0,0.0,0,0,0,0,1,0,0,0,0,0,0,0,0,1,0,0,0,0,0,0,0,0,0,0,0,0,0,0,0,0,0,0,0,0,0,1,0,0,0,0,0,0,0,0,0,0,0,0,0,0,0,0,0,0,0,0,0,0,0,0,0,0,0,1,0,0,0,0,0,0.0,0
184.0,182.0,175.0,155.0,131.0,112.0,104.0,112.0,127.0,166.0,179.0,186.0,291.0,291.0,293.0,283.0,289.0,268.0,245.0,259.0,275.0,306.0,302.0,291.0,179.0,156.0,94.0,28.0,13.0,3.0,3.0,4.0,7.0,91.0,159.0,202.0,216.0,135.0,67.0,2331.0,306.0,104.0,202.0,238.0,183.0,238.0,183.0,792.0,202.0,3.0,107.0,452.0,10.0,452.0,10.0,104.0,113.0,107.0,87.0,74.0,55.0,43.0,50.0,63.0,98.0,109.0,113.0,1021.0,409.0,9.0,977.0,16.0,226.0,6979.0,3.0,0,0,0,0,1,0,0,0,0,0,0,0,0,0,0,0,0,0,0,0,0,1,0,0,0,0,0,0,0,0,0,0,0,0,0,0,0,0,0,0,0,0,0,0,0,1,0,0,0,0,0,0,0,0,0,0,0,0,0,0,0,0,0,1,0,0,0,0,0,0.0,0
225.0,226.0,224.0,220.0,188.0,166.0,166.0,176.0,192.0,222.0,223.0,224.0,322.0,323.0,327.0,333.0,333.0,322.0,313.0,323.0,336.0,349.0,336.0,321.0,399.0,328.0,273.0,50.0,6.0,2.0,2.0,8.0,10.0,128.0,255.0,470.0,266.0,127.0,69.0,1517.0,349.0,166.0,183.0,279.0,248.0,279.0,244.0,1573.0,470.0,2.0,121.0,853.0,10.0,853.0,12.0,175.0,164.0,162.0,158.0,121.0,91.0,82.0,96.0,122.0,172.0,165.0,156.0,1670.0,775.0,8.0,175.0,7.0,31.0,7933.0,52.0,0,0,0,1,0,0,0,0,0,0,0,0,0,0,1,0,0,0,0,0,0,0,0,0,0,0,0,0,0,0,0,0,0,0,0,0,1,0,0,0,0,0,0,0,0,0,0,0,0,0,0,0,0,1,0,0,0,0,0,0,0,0,0,0,0,0,0,0,0,0.0,0
225.0,226.0,224.0,220.0,188.0,166.0,166.0,176.0,192.0,222.0,224.0,224.0,322.5,324.0,328.0,333.0,333.0,322.0,313.0,323.0,336.0,349.0,336.0,321.0,400.0,330.0,274.0,49.0,6.0,2.0,2.0,8.0,9.0,128.0,255.0,470.0,266.0,127.0,69.0,1526.0,349.0,166.0,183.0,279.0,248.0,279.0,244.0,1574.0,470.0,2.0,121.0,853.0,10.0,853.0,12.0,175.0,165.0,163.0,158.0,121.0,91.0,82.0,96.0,122.0,172.0,166.0,156.0,1674.0,777.0,8.0,169.0,5.0,223.0,7472.0,21.0,0,0,0,1,0,0,0,0,0,0,0,0,0,0,1,0,0,0,0,0,0,0,0,0,0,0,0,0,0,0,0,0,0,0,1,0,0,0,0,0,0,0,0,0,0,0,0,0,0,0,0,0,0,1,0,0,0,0,0,0,0,0,0,0,0,0,0,0,0,0.0,0
225.5,227.0,224.0,221.0,189.0,167.0,167.0,176.0,193.0,223.0,224.0,224.0,322.5,324.0,327.0,333.0,333.0,323.0,314.0,324.0,336.0,349.0,336.0,321.0,400.0,330.0,273.0,49.0,5.0,2.0,2.0,8.0,9.0,128.0,254.0,470.0,267.0,126.0,69.0,1500.0,349.0,167.0,182.0,279.0,248.0,279.0,245.0,1571.0,470.0,2.0,121.0,852.0,9.0,852.0,12.0,176.0,166.0,162.0,159.0,122.0,92.0,84.0,97.0,123.0,173.0,166.0,156.0,1681.0,785.0,8.0,130.0,2.0,42.0,7790.0,15.0,0,0,0,1,0,0,0,0,0,0,0,0,0,0,1,0,0,0,0,0,0,0,0,0,0,0,0,0,0,0,1,0,0,0,0,0,0,0,0,0,0,0,0,0,0,0,0,0,0,0,0,0,0,1,0,0,0,0,0,0,0,0,0,0,0,0,0,0,0,0.0,0
226.0,227.0,225.0,221.0,189.0,167.0,167.0,177.0,193.0,223.0,225.0,225.0,323.0,324.0,328.0,334.0,334.0,323.0,314.0,324.0,336.0,349.0,337.0,322.0,400.0,331.0,273.0,49.0,5.0,2.0,2.0,7.0,9.0,127.0,253.0,469.0,267.0,126.0,69.0,1513.0,349.0,167.0,182.0,280.0,249.0,280.0,245.0,1567.0,469.0,2.0,122.0,849.0,9.0,849.0,11.0,176.0,166.0,164.0,160.0,123.0,92.0,83.0,97.0,123.0,173.0,169.0,158.0,1690.0,791.0,8.0,144.0,11.0,129.0,7456.0,54.0,0,0,0,1,0,0,0,0,0,0,0,0,0,0,1,0,0,0,0,0,0,0,0,0,0,0,0,0,0,0,0,0,0,0,1,0,0,0,0,0,0,0,0,0,0,0,0,0,0,0,0,0,0,1,0,0,0,0,0,0,0,0,0,0,0,0,0,0,0,0.0,0
226.0,227.0,225.0,221.0,189.0,167.0,167.0,177.0,194.0,223.0,224.0,225.0,324.5,326.0,329.0,335.0,334.0,323.0,315.0,325.0,338.0,351.0,338.0,323.0,401.0,327.0,277.0,48.0,5.0,2.0,2.0,8.0,9.0,128.0,259.0,475.0,268.0,128.0,69.0,1531.0,351.0,167.0,184.0,280.0,249.0,280.0,245.0,1582.0,475.0,2.0,121.0,862.0,9.0,862.0,12.0,180.0,168.0,165.0,162.0,123.0,92.0,84.0,98.0,126.0,175.0,169.0,159.0,1705.0,798.0,8.0,137.0,2.0,39.0,7796.0,17.0,0,0,0,1,0,0,0,0,0,0,0,0,0,0,0,0,0,0,0,0,0,0,0,1,0,0,0,0,0,0,0,0,0,1,0,0,0,0,0,0,0,0,0,0,0,0,0,0,0,0,0,0,0,1,0,0,0,0,0,0,0,0,0,0,0,0,0,0,0,0.0,0
226.0,227.0,225.0,221.0,189.0,167.0,167.0,177.0,194.0,223.0,224.0,225.0,324.5,326.0,329.0,335.0,334.0,323.0,315.0,325.0,338.0,351.0,338.0,323.0,401.0,327.0,277.0,48.0,5.0,2.0,2.0,8.0,9.0,128.0,259.0,475.0,268.0,128.0,69.0,1531.0,351.0,167.0,184.0,280.0,249.0,280.0,245.0,1582.0,475.0,2.0,121.0,862.0,9.0,862.0,12.0,180.0,168.0,165.0,162.0,123.0,92.0,84.0,98.0,126.0,175.0,169.0,159.0,1705.0,798.0,8.0,137.0,2.0,39.0,7796.0,17.0,0,0,0,1,0,0,0,0,0,0,0,0,0,0,0,0,0,0,0,0,0,0,0,1,0,0,0,0,0,0,0,0,0,1,0,0,0,0,0,0,0,0,0,0,0,0,0,0,0,0,0,0,0,1,0,0,0,0,0,0,0,0,0,0,0,0,0,0,0,0.0,0
197.5,197.0,187.0,171.0,122.0,105.0,106.0,120.0,135.0,174.0,192.0,198.0,328.5,327.0,321.0,311.0,293.0,262.0,266.0,276.0,303.0,322.0,333.0,330.0,150.0,117.0,105.0,31.0,17.0,17.0,11.0,9.0,14.0,95.0,178.0,183.0,230.0,149.0,65.0,3035.0,333.0,105.0,228.0,258.0,201.0,258.0,189.0,804.0,183.0,9.0,96.0,456.0,34.0,456.0,37.0,118.0,147.0,130.0,107.0,66.0,45.0,44.0,53.0,72.0,109.0,136.0,146.0,1178.0,453.0,10.0,427.0,13.0,161.0,6633.0,0.0,0,0,1,0,0,0,0,0,0,0,0,0,0,0,0,0,0,0,0,0,0,1,0,0,0,0,0,0,0,0,0,0,0,0,0,0,1,0,0,0,0,0,0,0,0,0,0,0,0,0,0,0,0,0,0,0,0,1,0,0,0,0,0,0,0,0,0,0,0,0.0,0
199.5,199.0,189.0,173.0,123.0,106.0,106.0,120.0,135.0,175.0,194.0,200.0,331.5,330.0,324.0,313.0,295.0,264.0,269.0,278.0,304.0,325.0,336.0,333.0,151.0,119.0,107.0,32.0,17.0,18.0,11.0,9.0,14.0,94.0,176.0,183.0,232.0,150.0,65.0,3087.0,336.0,106.0,230.0,260.0,202.0,260.0,190.0,807.0,183.0,9.0,96.0,453.0,34.0,453.0,38.0,121.0,151.0,134.0,109.0,67.0,45.0,45.0,53.0,72.0,111.0,139.0,149.0,1201.0,463.0,10.0,372.0,12.0,271.0,7183.0,99.0,0,0,1,0,0,0,0,0,0,0,0,0,0,0,0,0,0,0,0,0,0,1,0,0,0,0,0,0,0,0,0,0,0,0,0,0,0,0,0,1,0,0,0,0,0,0,0,0,0,0,0,0,0,0,0,0,0,1,0,0,0,0,0,0,0,0,0,0,0,0.0,0
202.5,202.0,192.0,176.0,126.0,107.0,108.0,122.0,137.0,179.0,197.0,203.0,335.0,333.0,328.0,317.0,298.0,268.0,273.0,282.0,307.0,329.0,339.0,337.0,148.5,120.0,106.0,31.0,17.0,20.0,12.0,10.0,15.0,90.0,168.0,177.0,235.0,151.0,65.0,3108.0,339.0,107.0,232.0,264.0,204.0,264.0,193.0,793.0,177.0,10.0,93.0,435.0,37.0,435.0,42.0,123.0,156.0,139.0,113.0,69.0,45.0,45.0,54.0,74.0,116.0,144.0,155.0,1238.0,490.0,10.0,233.0,2.0,235.0,7307.0,99.0,0,0,1,0,0,0,0,0,0,0,0,0,0,0,0,0,0,0,0,0,0,0,0,1,0,0,0,0,0,0,0,0,0,0,0,0,0,0,0,1,0,0,0,0,0,0,0,0,0,0,0,0,0,0,0,0,0,1,0,0,0,0,0,0,0,0,0,0,0,0.0,0
203.0,203.0,192.0,174.0,127.0,113.0,112.0,122.0,136.0,179.0,196.0,203.0,330.0,329.0,323.0,314.0,294.0,267.0,267.0,275.0,299.0,324.0,331.0,331.0,134.5,119.0,95.0,31.0,22.0,30.0,17.0,14.0,18.0,80.0,143.0,150.0,232.0,146.0,66.0,3007.0,331.0,112.0,219.0,260.0,201.0,260.0,192.0,749.0,150.0,14.0,82.0,373.0,49.0,373.0,61.0,114.0,154.0,135.0,110.0,68.0,48.0,46.0,52.0,70.0,113.0,137.0,150.0,1203.0,460.0,11.0,253.0,1.0,247.0,7366.0,0.0,0,1,0,0,0,0,0,0,0,0,0,0,0,1,0,0,0,0,0,0,0,0,0,0,0,0,0,0,0,0,0,0,0,0,0,0,1,0,0,0,0,0,0,0,0,0,0,0,0,0,0,0,0,0,0,0,0,1,0,0,0,0,0,0,0,0,0,0,0,0.0,0
217.5,218.0,210.0,185.0,150.0,130.0,123.0,128.0,142.0,191.0,209.0,217.0,337.0,337.0,335.0,328.0,312.0,282.0,273.0,282.0,301.0,329.0,336.0,337.0,94.0,91.0,77.0,27.0,40.0,57.0,34.0,26.0,23.0,57.0,92.0,97.0,243.0,141.0,66.0,3015.0,337.0,123.0,214.0,269.0,208.0,269.0,203.0,651.0,97.0,23.0,51.0,246.0,83.0,246.0,117.0,117.0,175.0,160.0,126.0,86.0,56.0,48.0,53.0,70.0,123.0,152.0,169.0,1340.0,689.0,11.0,38.0,2.0,246.0,7214.0,63.0,0,1,0,0,0,0,0,0,0,0,0,0,0,0,0,0,0,0,0,0,0,0,0,1,0,0,0,0,0,0,0,0,0,0,0,0,0,0,0,1,0,0,0,0,0,0,0,0,0,0,0,0,0,0,0,0,1,0,0,0,0,0,0,0,0,0,0,0,0,0.0,0
209.0,209.0,200.0,179.0,141.0,126.0,122.0,127.0,141.0,184.0,201.0,209.0,324.0,323.0,318.0,310.0,293.0,268.0,262.0,269.0,288.0,315.0,322.0,325.0,145.0,136.0,129.0,43.0,45.0,61.0,39.0,34.0,29.0,80.0,134.0,154.0,233.0,133.0,65.0,2850.0,325.0,122.0,203.0,259.0,201.0,259.0,195.0,924.0,154.0,29.0,60.0,368.0,102.0,368.0,134.0,108.0,154.0,138.0,111.0,74.0,53.0,47.0,51.0,67.0,110.0,134.0,151.0,1203.0,290.0,10.0,139.0,3.0,149.0,7145.0,100.0,0,1,0,0,0,0,0,0,0,0,0,0,0,0,0,0,0,0,0,0,0,0,0,1,0,0,0,0,0,0,0,0,0,0,0,0,0,0,0,1,0,0,0,0,0,0,0,0,0,0,0,0,0,0,0,0,0,1,0,0,0,0,0,0,0,0,0,0,0,0.0,0
209.0,209.0,200.0,179.0,141.0,126.0,122.0,127.0,141.0,184.0,201.0,209.0,324.0,323.0,318.0,310.0,293.0,268.0,262.0,269.0,288.0,315.0,322.0,325.0,145.0,136.0,129.0,43.0,45.0,61.0,39.0,34.0,29.0,80.0,134.0,154.0,233.0,133.0,65.0,2850.0,325.0,122.0,203.0,259.0,201.0,259.0,195.0,924.0,154.0,29.0,60.0,368.0,102.0,368.0,134.0,108.0,154.0,138.0,111.0,74.0,53.0,47.0,51.0,67.0,110.0,134.0,151.0,1203.0,290.0,10.0,139.0,3.0,149.0,7145.0,100.0,0,1,0,0,0,0,0,0,0,0,0,0,0,0,0,0,0,0,0,0,0,0,0,1,0,0,0,0,0,0,0,0,0,0,0,0,0,0,0,1,0,0,0,0,0,0,0,0,0,0,0,0,0,0,0,0,0,1,0,0,0,0,0,0,0,0,0,0,0,0.0,0
210.0,210.0,202.0,180.0,142.0,127.0,122.0,128.0,142.0,185.0,202.0,210.0,325.0,324.0,320.0,311.0,294.0,269.0,264.0,270.0,289.0,316.0,323.0,326.0,144.5,136.0,131.0,43.0,46.0,63.0,39.0,35.0,30.0,79.0,132.0,153.0,234.0,133.0,65.0,2858.0,326.0,122.0,204.0,260.0,202.0,260.0,196.0,927.0,153.0,30.0,60.0,364.0,104.0,364.0,137.0,109.0,155.0,140.0,112.0,75.0,53.0,48.0,52.0,68.0,111.0,136.0,152.0,1216.0,299.0,10.0,135.0,4.0,267.0,7102.0,100.0,0,1,0,0,0,0,0,0,0,0,0,0,0,0,0,0,0,0,0,0,0,0,0,1,0,0,0,0,0,0,0,0,0,0,0,0,0,0,0,1,0,0,0,0,0,0,0,0,0,0,0,0,0,0,0,0,0,1,0,0,0,0,0,0,0,0,0,0,0,0.0,0
210.0,210.0,201.0,181.0,142.0,128.0,123.0,129.0,143.0,184.0,202.0,210.0,323.5,323.0,319.0,310.0,293.0,268.0,263.0,269.0,289.0,315.0,323.0,324.0,146.5,138.0,133.0,44.0,47.0,63.0,41.0,36.0,31.0,80.0,134.0,155.0,234.0,132.0,65.0,2829.0,324.0,123.0,201.0,259.0,202.0,259.0,196.0,943.0,155.0,31.0,59.0,369.0,108.0,369.0,140.0,109.0,155.0,139.0,112.0,74.0,54.0,48.0,52.0,68.0,110.0,136.0,151.0,1212.0,282.0,10.0,128.0,4.0,212.0,7154.0,98.0,0,1,0,0,0,0,0,0,0,0,0,0,0,0,0,0,0,0,0,0,0,0,0,1,0,0,0,0,0,0,0,0,0,0,0,0,0,0,0,1,0,0,0,0,0,0,0,0,0,0,0,0,0,0,0,0,0,1,0,0,0,0,0,0,0,0,0,0,0,0.0,0
210.0,210.0,201.0,181.0,142.0,128.0,123.0,129.0,143.0,184.0,202.0,210.0,323.5,323.0,319.0,310.0,293.0,268.0,263.0,269.0,289.0,315.0,323.0,324.0,146.5,138.0,133.0,44.0,47.0,63.0,41.0,36.0,31.0,80.0,134.0,155.0,234.0,132.0,65.0,2829.0,324.0,123.0,201.0,259.0,202.0,259.0,196.0,943.0,155.0,31.0,59.0,369.0,108.0,369.0,140.0,109.0,155.0,139.0,112.0,74.0,54.0,48.0,52.0,68.0,110.0,136.0,151.0,1212.0,282.0,10.0,128.0,4.0,212.0,7154.0,98.0,0,1,0,0,0,0,0,0,0,0,0,0,0,0,0,0,0,0,0,0,0,0,0,1,0,0,0,0,0,0,0,0,0,0,0,0,0,0,0,1,0,0,0,0,0,0,0,0,0,0,0,0,0,0,0,0,0,1,0,0,0,0,0,0,0,0,0,0,0,0.0,0
213.0,213.0,206.0,184.0,151.0,134.0,128.0,132.0,145.0,188.0,205.0,213.0,318.5,318.0,315.0,308.0,292.0,267.0,257.0,263.0,281.0,307.0,316.0,319.0,127.5,119.0,118.0,42.0,57.0,71.0,50.0,43.0,34.0,72.0,114.0,136.0,233.0,122.0,64.0,2784.0,319.0,128.0,191.0,258.0,201.0,258.0,196.0,896.0,136.0,34.0,48.0,322.0,127.0,322.0,164.0,104.0,153.0,140.0,113.0,79.0,56.0,47.0,51.0,66.0,108.0,133.0,149.0,1203.0,324.0,10.0,126.0,3.0,316.0,7346.0,79.0,0,1,0,0,0,0,0,0,0,0,0,0,0,0,0,0,0,0,0,0,0,0,0,1,0,0,0,0,0,0,0,0,0,0,0,0,1,0,0,0,0,0,0,0,0,0,0,0,0,0,0,0,0,0,0,0,1,0,0,0,0,0,0,0,0,0,0,0,0,0.0,0
207.5,207.0,200.0,180.0,143.0,128.0,123.0,129.0,143.0,183.0,200.0,208.0,317.0,316.0,312.0,304.0,287.0,263.0,256.0,262.0,282.0,309.0,316.0,318.0,162.5,153.0,152.0,51.0,54.0,69.0,47.0,43.0,35.0,87.0,145.0,172.0,230.0,126.0,64.0,2778.0,318.0,123.0,195.0,255.0,199.0,255.0,193.0,1054.0,172.0,35.0,58.0,404.0,125.0,404.0,159.0,105.0,147.0,133.0,108.0,73.0,53.0,47.0,51.0,67.0,106.0,129.0,144.0,1169.0,196.0,7.0,177.0,11.0,154.0,6728.0,82.0,0,1,0,0,0,0,0,0,0,0,0,0,0,0,0,0,0,0,0,0,0,0,0,1,0,0,0,0,0,0,0,0,0,0,0,0,0,0,0,1,0,0,0,0,0,0,0,0,0,0,0,0,0,0,0,0,0,1,0,0,0,0,0,0,0,0,0,0,0,0.0,0
190.0,190.0,183.0,169.0,138.0,118.0,114.0,121.0,133.0,174.0,185.0,190.0,289.0,288.0,283.0,275.0,259.0,236.0,226.0,237.0,258.0,296.0,293.0,290.0,202.0,166.0,149.0,24.0,18.0,22.0,18.0,17.0,19.0,90.0,182.0,238.0,212.0,113.0,62.0,2682.0,296.0,114.0,182.0,238.0,181.0,238.0,175.0,972.0,238.0,17.0,98.0,510.0,54.0,510.0,57.0,97.0,117.0,107.0,91.0,66.0,47.0,41.0,47.0,60.0,98.0,108.0,115.0,999.0,313.0,8.0,682.0,2.0,65.0,7579.0,0.0,0,1,0,0,0,0,0,0,0,0,0,0,0,0,0,0,0,0,0,0,0,1,0,0,0,0,0,0,0,0,0,0,0,0,0,0,1,0,0,0,0,0,0,0,0,0,0,0,0,0,0,0,0,0,0,0,0,0,0,0,0,0,1,0,0,0,0,0,0,0.0,0
229.5,231.0,228.0,224.0,204.0,185.0,181.0,188.0,198.0,229.0,229.0,228.0,328.5,330.0,328.0,337.0,338.0,329.0,318.0,329.0,341.0,355.0,342.0,327.0,411.5,378.0,286.0,59.0,5.0,1.0,3.0,3.0,2.0,119.0,267.0,445.0,273.0,124.0,70.0,1313.0,358.0,181.0,177.0,281.0,255.0,285.0,255.0,1604.0,445.0,1.0,122.0,859.0,7.0,831.0,7.0,196.0,177.0,167.0,167.0,140.0,109.0,94.0,108.0,131.0,189.0,180.0,166.0,1829.0,908.0,8.0,42.0,1.0,320.0,7739.0,0.0,0,0,0,0,1,0,0,0,0,0,0,0,0,1,0,0,0,0,0,0,0,0,0,0,0,0,0,0,0,0,0,0,0,0,0,1,0,0,0,0,0,0,0,0,0,0,0,0,0,0,0,0,0,0,0,0,0,0,0,0,0,0,0,0,1,0,0,0,0,0.0,0
222.0,222.0,224.0,216.0,198.0,181.0,174.0,176.0,186.0,215.0,220.0,222.0,307.0,307.0,316.0,324.0,320.0,309.0,303.0,310.0,321.0,327.0,318.0,307.0,397.0,361.0,240.0,69.0,4.0,2.0,2.0,3.0,5.0,150.0,278.0,433.0,259.0,113.0,71.0,1177.0,333.0,174.0,159.0,268.0,242.0,268.0,242.0,1586.0,433.0,2.0,118.0,861.0,7.0,670.0,7.0,149.0,142.0,150.0,145.0,121.0,96.0,85.0,91.0,108.0,142.0,143.0,140.0,1518.0,675.0,7.0,185.0,4.0,54.0,7925.0,43.0,0,0,0,0,1,0,0,0,0,0,0,0,0,0,0,0,0,0,0,0,0,0,0,0,1,0,0,0,0,0,0,1,0,0,0,0,0,0,0,0,0,0,0,0,0,0,0,0,1,0,0,0,0,0,0,0,0,0,0,0,0,0,0,0,0,0,0,0,0,0.0,0
211.0,210.0,206.0,192.0,161.0,144.0,140.0,144.0,154.0,193.0,203.0,212.0,297.0,297.0,291.0,283.0,267.0,251.0,237.0,242.0,253.0,288.0,296.0,297.0,391.0,390.0,396.0,148.0,90.0,101.0,103.0,105.0,78.0,172.0,232.0,392.0,225.0,95.0,60.0,2510.0,297.0,140.0,157.0,246.0,195.0,248.0,193.0,2276.0,396.0,69.0,68.0,934.0,286.0,796.0,309.0,95.0,133.0,122.0,104.0,75.0,57.0,49.0,52.0,62.0,102.0,118.0,131.0,1104.0,26.0,1.0,201.0,15.0,48.0,7777.0,0.0,0,1,0,0,0,0,0,0,0,0,0,0,0,0,0,1,0,0,0,0,0,0,0,0,0,0,0,0,0,0,0,0,0,0,0,0,0,0,0,0,0,0,0,1,0,0,0,0,0,0,0,0,0,0,0,0,0,0,1,0,0,0,0,0,0,0,0,0,0,0.0,0
214.0,213.0,209.0,196.0,164.0,147.0,143.0,147.0,157.0,196.0,206.0,215.0,300.0,300.0,293.0,285.0,269.0,254.0,240.0,244.0,255.0,289.0,299.0,300.0,386.5,387.0,393.0,142.0,85.0,97.0,102.0,106.0,78.0,173.0,222.0,386.0,228.0,94.0,60.0,2512.0,300.0,143.0,157.0,249.0,202.0,250.0,195.0,2241.0,393.0,70.0,68.0,922.0,284.0,781.0,305.0,97.0,137.0,125.0,107.0,76.0,59.0,50.0,53.0,63.0,103.0,122.0,135.0,1131.0,27.0,1.0,92.0,13.0,173.0,6717.0,16.0,0,1,0,0,0,0,0,0,0,0,0,0,0,0,0,1,0,0,0,0,0,0,0,0,0,0,0,0,0,0,0,0,0,0,0,0,0,0,0,0,0,0,0,1,0,0,0,0,0,0,0,0,0,0,0,0,0,0,1,0,0,0,0,0,0,0,0,0,0,0.0,0
191.0,191.0,191.0,185.0,164.0,146.0,139.0,138.0,141.0,169.0,182.0,191.0,291.0,291.0,287.0,285.0,273.0,261.0,236.0,236.0,248.0,281.0,288.0,291.0,279.5,269.0,247.0,146.0,72.0,74.0,83.0,85.0,52.0,104.0,231.0,290.0,218.0,104.0,68.0,2102.0,291.0,138.0,153.0,238.0,189.0,238.0,189.0,1713.0,290.0,52.0,62.0,662.0,220.0,662.0,220.0,80.0,114.0,109.0,102.0,82.0,67.0,53.0,53.0,59.0,88.0,102.0,112.0,1026.0,38.0,3.0,617.0,25.0,279.0,7545.0,71.0,0,1,0,0,0,0,0,0,0,0,1,0,0,0,0,0,0,0,0,0,0,0,0,0,0,0,0,0,0,0,0,0,0,0,0,0,0,0,0,0,0,0,0,1,0,0,0,0,0,0,0,0,0,0,0,0,0,0,0,1,0,0,0,0,0,0,0,0,0,0.0,0
230.5,231.0,228.0,221.0,184.0,167.0,166.0,176.0,191.0,222.0,228.0,230.0,313.5,314.0,316.0,320.0,310.0,297.0,293.0,298.0,309.0,323.0,324.0,313.0,339.0,316.0,190.0,37.0,8.0,3.0,3.0,5.0,9.0,72.0,201.0,362.0,257.0,106.0,67.0,1765.0,324.0,166.0,158.0,269.0,232.0,273.0,232.0,1231.0,362.0,3.0,126.0,703.0,11.0,635.0,11.0,144.0,160.0,155.0,147.0,102.0,79.0,74.0,83.0,102.0,144.0,158.0,155.0,1508.0,716.0,8.0,91.0,2.0,65.0,7729.0,27.0,0,0,1,0,0,0,0,0,0,0,0,0,0,1,0,0,0,0,0,0,0,0,0,0,0,0,0,0,0,0,0,0,0,0,0,0,1,0,0,0,0,0,0,0,0,0,0,0,0,0,0,0,0,1,0,0,0,0,0,0,0,0,0,0,0,0,0,0,0,0.0,0
230.5,231.0,228.0,221.0,184.0,167.0,166.0,176.0,191.0,222.0,228.0,230.0,313.5,314.0,316.0,320.0,310.0,297.0,293.0,298.0,309.0,323.0,324.0,313.0,339.0,316.0,190.0,37.0,8.0,3.0,3.0,5.0,9.0,72.0,201.0,362.0,257.0,106.0,67.0,1765.0,324.0,166.0,158.0,269.0,232.0,273.0,232.0,1231.0,362.0,3.0,126.0,703.0,11.0,635.0,11.0,144.0,160.0,155.0,147.0,102.0,79.0,74.0,83.0,102.0,144.0,158.0,155.0,1508.0,716.0,8.0,91.0,2.0,65.0,7729.0,27.0,0,0,1,0,0,0,0,0,0,0,0,0,0,1,0,0,0,0,0,0,0,0,0,0,0,0,0,0,0,0,0,0,0,0,0,0,1,0,0,0,0,0,0,0,0,0,0,0,0,0,0,0,0,1,0,0,0,0,0,0,0,0,0,0,0,0,0,0,0,0.0,0
229.5,232.0,225.0,223.0,187.0,167.0,168.0,180.0,193.0,223.0,226.0,227.0,313.0,314.0,314.0,317.0,304.0,287.0,284.0,294.0,305.0,321.0,323.0,312.0,326.0,291.0,174.0,41.0,7.0,2.0,4.0,5.0,9.0,79.0,207.0,361.0,256.0,102.0,65.0,1849.0,323.0,167.0,156.0,268.0,230.0,272.0,230.0,1205.0,361.0,2.0,124.0,677.0,11.0,647.0,11.0,144.0,162.0,151.0,146.0,101.0,74.0,70.0,83.0,101.0,143.0,155.0,151.0,1485.0,693.0,8.0,71.0,5.0,143.0,7600.0,0.0,0,0,1,0,0,0,0,0,0,0,0,0,0,1,0,0,0,0,0,0,0,0,0,0,0,0,0,0,0,0,0,0,0,0,0,1,0,0,0,0,0,0,0,0,0,0,0,0,0,0,0,0,0,1,0,0,0,0,0,0,0,0,0,0,0,0,0,0,0,0.0,0
229.5,232.0,225.0,223.0,187.0,167.0,168.0,180.0,193.0,223.0,226.0,227.0,313.0,314.0,314.0,317.0,304.0,287.0,284.0,294.0,305.0,321.0,323.0,312.0,326.0,291.0,174.0,41.0,7.0,2.0,4.0,5.0,9.0,79.0,207.0,361.0,256.0,102.0,65.0,1849.0,323.0,167.0,156.0,268.0,230.0,272.0,230.0,1205.0,361.0,2.0,124.0,677.0,11.0,647.0,11.0,144.0,162.0,151.0,146.0,101.0,74.0,70.0,83.0,101.0,143.0,155.0,151.0,1485.0,693.0,8.0,71.0,5.0,143.0,7600.0,0.0,0,0,1,0,0,0,0,0,0,0,0,0,0,1,0,0,0,0,0,0,0,0,0,0,0,0,0,0,0,0,0,0,0,0,0,1,0,0,0,0,0,0,0,0,0,0,0,0,0,0,0,0,0,1,0,0,0,0,0,0,0,0,0,0,0,0,0,0,0,0.0,0
229.5,232.0,225.0,222.0,186.0,166.0,168.0,178.0,193.0,223.0,226.0,227.0,313.5,314.0,314.0,317.0,305.0,287.0,284.0,293.0,305.0,322.0,324.0,313.0,325.5,290.0,175.0,41.0,7.0,2.0,4.0,5.0,9.0,81.0,208.0,361.0,256.0,102.0,65.0,1879.0,324.0,166.0,158.0,268.0,229.0,272.0,229.0,1209.0,361.0,2.0,124.0,677.0,11.0,650.0,11.0,144.0,162.0,151.0,145.0,101.0,73.0,70.0,81.0,101.0,144.0,156.0,152.0,1484.0,687.0,8.0,86.0,3.0,355.0,7783.0,0.0,0,0,1,0,0,0,0,0,0,0,0,0,0,1,0,0,0,0,0,0,0,0,0,0,0,0,0,0,0,0,0,0,0,0,0,1,0,0,0,0,0,0,0,0,0,0,0,0,0,0,0,0,0,1,0,0,0,0,0,0,0,0,0,0,0,0,0,0,0,0.0,0
229.5,232.0,225.0,222.0,186.0,166.0,168.0,178.0,193.0,223.0,226.0,227.0,313.5,314.0,314.0,317.0,305.0,287.0,284.0,293.0,305.0,322.0,324.0,313.0,325.5,290.0,175.0,41.0,7.0,2.0,4.0,5.0,9.0,81.0,208.0,361.0,256.0,102.0,65.0,1879.0,324.0,166.0,158.0,268.0,229.0,272.0,229.0,1209.0,361.0,2.0,124.0,677.0,11.0,650.0,11.0,144.0,162.0,151.0,145.0,101.0,73.0,70.0,81.0,101.0,144.0,156.0,152.0,1484.0,687.0,8.0,86.0,3.0,355.0,7783.0,0.0,0,0,1,0,0,0,0,0,0,0,0,0,0,1,0,0,0,0,0,0,0,0,0,0,0,0,0,0,0,0,0,0,0,0,0,1,0,0,0,0,0,0,0,0,0,0,0,0,0,0,0,0,0,1,0,0,0,0,0,0,0,0,0,0,0,0,0,0,0,0.0,0
228.0,231.0,224.0,221.0,185.0,165.0,167.0,178.0,192.0,222.0,225.0,225.0,312.5,313.0,313.0,316.0,304.0,286.0,283.0,293.0,305.0,321.0,323.0,312.0,326.5,291.0,176.0,42.0,7.0,2.0,4.0,6.0,9.0,82.0,210.0,362.0,255.0,103.0,65.0,1866.0,323.0,165.0,158.0,267.0,228.0,271.0,228.0,1217.0,362.0,2.0,123.0,679.0,12.0,654.0,12.0,143.0,160.0,149.0,143.0,100.0,72.0,70.0,81.0,101.0,142.0,154.0,149.0,1469.0,677.0,8.0,98.0,2.0,223.0,7656.0,0.0,0,0,1,0,0,0,0,0,0,0,0,0,0,1,0,0,0,0,0,0,0,0,0,0,0,0,0,0,0,0,0,0,0,0,0,1,0,0,0,0,0,0,0,0,0,0,0,0,0,0,0,0,0,1,0,0,0,0,0,0,0,0,0,0,0,0,0,0,0,0.0,0
228.5,230.0,222.0,217.0,182.0,160.0,154.0,168.0,188.0,223.0,226.0,227.0,321.5,322.0,321.0,325.0,316.0,298.0,293.0,302.0,316.0,335.0,330.0,321.0,287.0,256.0,140.0,34.0,7.0,2.0,3.0,6.0,8.0,76.0,200.0,318.0,258.0,116.0,64.0,2036.0,335.0,154.0,181.0,273.0,229.0,277.0,229.0,1074.0,318.0,2.0,123.0,598.0,11.0,594.0,11.0,155.0,169.0,155.0,148.0,105.0,74.0,66.0,79.0,104.0,156.0,162.0,160.0,1539.0,747.0,9.0,54.0,1.0,137.0,7583.0,73.0,0,0,0,0,0,0,0,1,0,0,0,0,0,0,0,0,0,0,0,0,0,0,0,0,1,0,0,0,0,0,0,0,0,0,0,1,0,0,0,0,0,0,0,0,0,0,0,0,0,0,0,0,0,1,0,0,0,0,0,0,0,0,0,0,0,0,0,0,0,0.0,0
220.0,222.0,216.0,212.0,177.0,157.0,157.0,168.0,184.0,214.0,217.0,218.0,308.0,309.0,309.0,313.0,305.0,289.0,284.0,294.0,308.0,322.0,318.0,307.0,335.5,301.0,201.0,51.0,7.0,2.0,4.0,6.0,12.0,102.0,233.0,370.0,250.0,110.0,67.0,1783.0,322.0,157.0,165.0,262.0,224.0,266.0,224.0,1325.0,370.0,2.0,118.0,707.0,12.0,705.0,12.0,139.0,147.0,138.0,133.0,96.0,72.0,67.0,78.0,99.0,136.0,142.0,139.0,1392.0,603.0,8.0,229.0,2.0,10.0,7708.0,3.0,0,0,0,0,1,0,0,0,0,0,0,0,0,0,0,0,0,0,0,0,0,0,0,0,1,0,0,0,0,0,0,0,0,0,0,1,0,0,0,0,0,0,0,0,0,0,0,0,0,0,0,0,0,1,0,0,0,0,0,0,0,0,0,0,0,0,0,0,0,0.0,0
217.5,219.0,214.0,210.0,174.0,154.0,154.0,165.0,181.0,211.0,215.0,216.0,306.5,307.0,308.0,312.0,303.0,286.0,283.0,292.0,307.0,321.0,317.0,306.0,335.0,301.0,202.0,52.0,7.0,2.0,4.0,6.0,12.0,105.0,236.0,369.0,248.0,112.0,67.0,1814.0,321.0,154.0,167.0,264.0,222.0,264.0,222.0,1333.0,369.0,2.0,117.0,710.0,12.0,710.0,12.0,136.0,143.0,136.0,131.0,94.0,69.0,66.0,76.0,97.0,133.0,139.0,136.0,1362.0,580.0,8.0,243.0,4.0,231.0,7572.0,42.0,0,0,0,1,0,0,0,0,0,0,0,0,0,0,0,0,0,0,0,0,0,0,0,0,1,0,0,0,0,0,0,0,0,0,1,0,0,0,0,0,0,0,0,0,0,0,0,0,0,0,0,0,0,1,0,0,0,0,0,0,0,0,0,0,0,0,0,0,0,0.0,0
216.5,218.0,213.0,209.0,173.0,153.0,153.0,165.0,181.0,211.0,214.0,215.0,306.5,307.0,308.0,312.0,304.0,288.0,284.0,294.0,309.0,322.0,317.0,306.0,334.5,300.0,205.0,54.0,7.0,2.0,4.0,6.0,12.0,109.0,239.0,369.0,248.0,113.0,67.0,1788.0,322.0,153.0,169.0,264.0,222.0,264.0,222.0,1346.0,369.0,2.0,116.0,717.0,12.0,717.0,12.0,138.0,142.0,135.0,130.0,94.0,70.0,66.0,77.0,98.0,134.0,139.0,136.0,1362.0,576.0,8.0,346.0,4.0,25.0,7781.0,91.0,0,0,0,1,0,0,0,0,0,0,0,0,0,0,0,0,0,0,0,0,0,0,0,1,0,0,0,0,0,0,0,0,0,0,1,0,0,0,0,0,0,0,0,0,0,0,0,0,0,0,0,0,0,1,0,0,0,0,0,0,0,0,0,0,0,0,0,0,0,0.0,0
216.5,218.0,213.0,209.0,173.0,153.0,153.0,165.0,181.0,211.0,214.0,215.0,306.5,307.0,308.0,312.0,304.0,288.0,284.0,294.0,309.0,322.0,317.0,306.0,334.5,300.0,205.0,54.0,7.0,2.0,4.0,6.0,12.0,109.0,239.0,369.0,248.0,113.0,67.0,1788.0,322.0,153.0,169.0,264.0,222.0,264.0,222.0,1346.0,369.0,2.0,116.0,717.0,12.0,717.0,12.0,138.0,142.0,135.0,130.0,94.0,70.0,66.0,77.0,98.0,134.0,139.0,136.0,1362.0,576.0,8.0,346.0,4.0,25.0,7781.0,91.0,0,0,0,1,0,0,0,0,0,0,0,0,0,0,0,0,0,0,0,0,0,0,0,1,0,0,0,0,0,0,0,0,0,0,1,0,0,0,0,0,0,0,0,0,0,0,0,0,0,0,0,0,0,1,0,0,0,0,0,0,0,0,0,0,0,0,0,0,0,0.0,0
216.5,218.0,213.0,209.0,173.0,153.0,153.0,165.0,181.0,211.0,214.0,215.0,306.5,307.0,308.0,312.0,304.0,288.0,284.0,294.0,309.0,322.0,317.0,306.0,334.5,300.0,205.0,54.0,7.0,2.0,4.0,6.0,12.0,109.0,239.0,369.0,248.0,113.0,67.0,1788.0,322.0,153.0,169.0,264.0,222.0,264.0,222.0,1346.0,369.0,2.0,116.0,717.0,12.0,717.0,12.0,138.0,142.0,135.0,130.0,94.0,70.0,66.0,77.0,98.0,134.0,139.0,136.0,1362.0,576.0,8.0,346.0,4.0,25.0,7781.0,91.0,0,0,0,1,0,0,0,0,0,0,0,0,0,0,0,0,0,0,0,0,0,0,0,1,0,0,0,0,0,0,0,0,0,0,1,0,0,0,0,0,0,0,0,0,0,0,0,0,0,0,0,0,0,1,0,0,0,0,0,0,0,0,0,0,0,0,0,0,0,0.0,0
212.0,213.0,207.0,201.0,167.0,145.0,140.0,154.0,176.0,207.0,210.0,211.0,311.0,311.0,312.0,316.0,311.0,293.0,289.0,299.0,316.0,333.0,321.0,311.0,316.0,287.0,192.0,55.0,7.0,2.0,4.0,6.0,13.0,115.0,239.0,345.0,248.0,126.0,65.0,1930.0,333.0,140.0,193.0,265.0,220.0,265.0,220.0,1310.0,345.0,2.0,113.0,699.0,12.0,699.0,12.0,142.0,142.0,134.0,127.0,94.0,68.0,62.0,74.0,99.0,140.0,139.0,137.0,1362.0,562.0,8.0,321.0,6.0,211.0,7576.0,47.0,0,0,0,1,0,0,0,0,0,0,0,0,0,0,0,0,0,0,0,0,0,0,0,1,0,0,0,0,0,0,0,0,0,0,0,1,0,0,0,0,0,0,0,0,0,0,0,0,0,0,0,0,0,1,0,0,0,0,0,0,0,0,0,0,0,0,0,0,0,0.0,0
228.5,229.0,228.0,224.0,190.0,165.0,166.0,174.0,189.0,222.0,230.0,228.0,309.0,310.0,315.0,323.0,322.0,312.0,304.0,309.0,318.0,327.0,324.0,308.0,375.0,340.0,226.0,53.0,8.0,2.0,2.0,5.0,6.0,87.0,189.0,410.0,260.0,112.0,69.0,1504.0,327.0,165.0,162.0,267.0,238.0,273.0,238.0,1345.0,410.0,2.0,128.0,767.0,9.0,686.0,9.0,147.0,153.0,153.0,152.0,116.0,86.0,80.0,88.0,107.0,148.0,160.0,147.0,1542.0,747.0,8.0,131.0,1.0,202.0,7737.0,2.0,0,0,0,1,0,0,0,0,0,0,0,0,0,0,0,0,0,0,0,0,0,1,0,0,0,0,0,0,0,0,0,0,0,0,0,1,0,0,0,0,0,0,0,0,0,0,0,0,0,0,0,0,0,1,0,0,0,0,0,0,0,0,0,0,0,0,0,0,0,0.0,0
219.0,220.0,218.0,214.0,181.0,158.0,159.0,169.0,185.0,215.0,217.0,218.0,317.0,318.0,322.0,327.0,327.0,316.0,307.0,317.0,330.0,343.0,330.0,316.0,392.0,323.0,269.0,53.0,6.0,2.0,2.0,8.0,11.0,132.0,254.0,461.0,260.0,128.0,69.0,1548.0,343.0,158.0,185.0,273.0,241.0,273.0,237.0,1563.0,461.0,2.0,119.0,847.0,10.0,847.0,12.0,161.0,153.0,151.0,146.0,112.0,84.0,77.0,89.0,113.0,157.0,153.0,145.0,1547.0,688.0,8.0,274.0,3.0,146.0,7699.0,36.0,0,0,0,1,0,0,0,0,0,0,0,0,0,0,1,0,0,0,0,0,0,0,0,0,0,0,0,0,0,0,0,0,0,0,1,0,0,0,0,0,0,0,0,0,0,0,0,0,0,0,0,0,0,1,0,0,0,0,0,0,0,0,0,0,0,0,0,0,0,0.0,0
220.0,221.0,219.0,214.0,182.0,159.0,160.0,170.0,186.0,216.0,217.0,219.0,317.5,319.0,323.0,327.0,328.0,316.0,308.0,318.0,331.0,344.0,330.0,316.0,393.5,324.0,270.0,52.0,6.0,2.0,2.0,8.0,10.0,131.0,255.0,463.0,261.0,128.0,69.0,1530.0,344.0,159.0,185.0,273.0,242.0,273.0,238.0,1565.0,463.0,2.0,120.0,849.0,10.0,849.0,12.0,160.0,155.0,153.0,146.0,114.0,85.0,78.0,90.0,114.0,159.0,153.0,146.0,1558.0,697.0,8.0,249.0,3.0,238.0,7755.0,44.0,0,0,0,1,0,0,0,0,0,0,0,0,0,0,1,0,0,0,0,0,0,0,0,0,0,0,0,0,0,0,0,0,0,0,0,0,1,0,0,0,0,0,0,0,0,0,0,0,0,0,0,0,0,1,0,0,0,0,0,0,0,0,0,0,0,0,0,0,0,0.0,0
156.5,155.0,153.0,135.0,104.0,85.0,82.0,94.0,100.0,138.0,154.0,158.0,265.0,265.0,264.0,263.0,252.0,237.0,227.0,246.0,264.0,275.0,272.0,265.0,320.5,296.0,305.0,84.0,21.0,8.0,8.0,8.0,18.0,156.0,293.0,345.0,191.0,136.0,69.0,2099.0,279.0,82.0,197.0,210.0,161.0,210.0,161.0,1611.0,345.0,8.0,101.0,794.0,24.0,794.0,24.0,82.0,92.0,88.0,77.0,59.0,46.0,41.0,49.0,58.0,79.0,88.0,91.0,856.0,205.0,6.0,1285.0,2.0,46.0,7917.0,0.0,0,1,0,0,0,0,0,0,0,0,0,0,0,0,0,0,0,0,0,0,1,0,0,0,0,0,0,0,0,0,0,0,0,0,0,1,0,0,0,0,0,0,0,0,0,0,0,0,0,0,0,0,0,0,0,0,0,0,0,0,0,0,0,0,0,0,1,0,0,0.0,0
220.5,221.0,221.0,214.0,192.0,170.0,165.0,171.0,184.0,218.0,218.0,220.0,321.0,321.0,321.0,324.0,327.0,321.0,310.0,319.0,334.0,347.0,333.0,321.0,389.5,339.0,259.0,56.0,3.0,1.0,2.0,3.0,4.0,113.0,247.0,440.0,263.0,127.0,69.0,1424.0,350.0,165.0,185.0,272.0,247.0,276.0,242.0,1494.0,440.0,1.0,124.0,806.0,6.0,800.0,6.0,167.0,156.0,152.0,143.0,121.0,95.0,82.0,91.0,115.0,165.0,156.0,151.0,1600.0,773.0,8.0,115.0,5.0,357.0,7936.0,100.0,0,0,0,0,1,0,0,0,0,0,0,0,0,1,0,0,0,0,0,0,0,0,0,0,0,0,0,0,0,0,0,0,0,0,1,0,0,0,0,0,0,0,0,0,0,0,0,0,0,0,0,0,0,0,0,0,0,0,0,0,0,0,0,0,1,0,0,0,0,0.0,0
216.0,215.0,210.0,197.0,166.0,148.0,145.0,149.0,159.0,197.0,208.0,217.0,300.5,300.0,294.0,286.0,270.0,255.0,241.0,246.0,257.0,290.0,300.0,301.0,384.0,386.0,392.0,140.0,84.0,95.0,101.0,106.0,77.0,172.0,218.0,382.0,229.0,93.0,60.0,2493.0,301.0,145.0,156.0,250.0,204.0,252.0,197.0,2224.0,392.0,71.0,68.0,918.0,280.0,772.0,302.0,98.0,138.0,126.0,107.0,77.0,59.0,51.0,54.0,64.0,104.0,124.0,137.0,1145.0,27.0,1.0,78.0,6.0,11.0,7706.0,0.0,0,1,0,0,0,0,0,0,0,0,0,0,0,0,0,1,0,0,0,0,0,0,0,0,0,0,0,0,0,0,0,0,0,0,0,0,0,0,0,0,0,0,0,1,0,0,0,0,0,0,0,0,0,0,0,0,0,0,1,0,0,0,0,0,0,0,0,0,0,0.0,0
214.0,213.0,209.0,196.0,164.0,147.0,143.0,147.0,157.0,196.0,206.0,215.0,300.0,300.0,293.0,285.0,269.0,254.0,240.0,244.0,255.0,289.0,299.0,300.0,386.5,387.0,393.0,142.0,85.0,97.0,102.0,106.0,78.0,173.0,222.0,386.0,228.0,94.0,60.0,2512.0,300.0,143.0,157.0,249.0,202.0,250.0,195.0,2241.0,393.0,70.0,68.0,922.0,284.0,781.0,305.0,97.0,137.0,125.0,107.0,76.0,59.0,50.0,53.0,63.0,103.0,122.0,135.0,1131.0,27.0,1.0,92.0,13.0,173.0,6717.0,16.0,0,1,0,0,0,0,0,0,0,0,0,0,0,0,0,1,0,0,0,0,0,0,0,0,0,0,0,0,0,0,0,0,0,0,0,0,0,0,0,0,0,0,0,1,0,0,0,0,0,0,0,0,0,0,0,0,0,0,1,0,0,0,0,0,0,0,0,0,0,0.0,0
233.0,233.0,234.0,228.0,214.0,202.0,193.0,193.0,203.0,227.0,228.0,233.0,302.0,302.0,307.0,304.0,294.0,283.0,277.0,277.0,292.0,309.0,307.0,302.0,436.0,420.0,282.0,131.0,49.0,35.0,26.0,30.0,38.0,163.0,324.0,452.0,256.0,79.0,68.0,1344.0,309.0,193.0,116.0,267.0,237.0,268.0,237.0,2016.0,452.0,26.0,94.0,939.0,91.0,833.0,91.0,129.0,147.0,150.0,138.0,114.0,94.0,83.0,83.0,101.0,137.0,141.0,145.0,1467.0,369.0,7.0,217.0,8.0,104.0,7819.0,2.0,0,0,0,1,0,0,0,0,0,0,0,0,0,0,0,0,0,0,0,0,0,0,0,0,0,0,0,0,1,0,0,0,0,0,0,0,1,0,0,0,0,0,0,0,0,0,0,0,0,0,0,0,0,0,0,0,0,0,0,0,0,0,0,0,0,0,0,1,0,0.0,0
235.0,235.0,236.0,230.0,215.0,202.0,193.0,194.0,205.0,229.0,231.0,235.0,304.5,305.0,310.0,307.0,298.0,287.0,281.0,281.0,296.0,312.0,311.0,304.0,451.0,433.0,285.0,136.0,51.0,36.0,27.0,32.0,41.0,171.0,335.0,469.0,259.0,81.0,68.0,1358.0,312.0,193.0,119.0,270.0,239.0,270.0,239.0,2086.0,469.0,27.0,94.0,975.0,95.0,854.0,95.0,133.0,152.0,155.0,142.0,117.0,96.0,84.0,85.0,104.0,141.0,147.0,149.0,1512.0,372.0,7.0,142.0,5.0,201.0,7635.0,18.0,0,0,0,0,0,0,0,0,1,0,0,0,0,0,0,0,0,0,0,0,0,0,0,0,0,0,0,0,0,1,0,0,0,0,0,0,0,0,0,0,0,0,0,0,0,0,1,0,0,0,0,0,0,0,0,0,0,0,0,0,0,0,0,0,0,0,0,0,1,0.0,0
235.0,235.0,236.0,230.0,215.0,202.0,193.0,194.0,205.0,229.0,231.0,235.0,304.5,305.0,310.0,307.0,298.0,287.0,281.0,281.0,296.0,312.0,311.0,304.0,451.0,433.0,285.0,136.0,51.0,36.0,27.0,32.0,41.0,171.0,335.0,469.0,259.0,81.0,68.0,1358.0,312.0,193.0,119.0,270.0,239.0,270.0,239.0,2086.0,469.0,27.0,94.0,975.0,95.0,854.0,95.0,133.0,152.0,155.0,142.0,117.0,96.0,84.0,85.0,104.0,141.0,147.0,149.0,1512.0,372.0,7.0,142.0,5.0,201.0,7635.0,18.0,0,0,0,0,0,0,0,0,1,0,0,0,0,0,0,0,0,0,0,0,0,0,0,0,0,0,0,0,0,1,0,0,0,0,0,0,0,0,0,0,0,0,0,0,0,0,1,0,0,0,0,0,0,0,0,0,0,0,0,0,0,0,0,0,0,0,0,0,1,0.0,0
235.0,235.0,236.0,230.0,215.0,202.0,193.0,194.0,205.0,229.0,231.0,235.0,304.5,305.0,310.0,307.0,298.0,287.0,281.0,281.0,296.0,312.0,311.0,304.0,451.0,433.0,285.0,136.0,51.0,36.0,27.0,32.0,41.0,171.0,335.0,469.0,259.0,81.0,68.0,1358.0,312.0,193.0,119.0,270.0,239.0,270.0,239.0,2086.0,469.0,27.0,94.0,975.0,95.0,854.0,95.0,133.0,152.0,155.0,142.0,117.0,96.0,84.0,85.0,104.0,141.0,147.0,149.0,1512.0,372.0,7.0,142.0,5.0,201.0,7635.0,18.0,0,0,0,0,0,0,0,0,1,0,0,0,0,0,0,0,0,0,0,0,0,0,0,0,0,0,0,0,0,1,0,0,0,0,0,0,0,0,0,0,0,0,0,0,0,0,1,0,0,0,0,0,0,0,0,0,0,0,0,0,0,0,0,0,0,0,0,0,1,0.0,0
222.0,222.0,224.0,217.0,202.0,188.0,178.0,181.0,190.0,214.0,218.0,222.0,297.0,297.0,302.0,300.0,291.0,281.0,273.0,274.0,289.0,305.0,303.0,297.0,431.5,413.0,283.0,124.0,43.0,29.0,22.0,26.0,32.0,157.0,322.0,450.0,248.0,87.0,68.0,1371.0,305.0,178.0,127.0,259.0,229.0,260.0,229.0,1960.0,450.0,22.0,97.0,929.0,77.0,820.0,77.0,119.0,134.0,137.0,126.0,105.0,87.0,75.0,77.0,93.0,124.0,130.0,132.0,1343.0,349.0,7.0,378.0,10.0,358.0,7975.0,93.0,0,1,0,0,0,0,0,0,0,0,0,0,0,0,0,0,0,0,0,0,0,0,0,1,0,0,0,0,0,0,0,0,0,0,1,0,0,0,0,0,0,0,0,0,0,0,0,0,0,0,0,0,0,0,0,0,0,0,0,0,0,0,0,0,0,0,0,0,1,0.0,0
231.0,231.0,232.0,226.0,210.0,198.0,188.0,190.0,200.0,224.0,226.0,231.0,303.0,303.0,307.0,305.0,295.0,286.0,278.0,280.0,294.0,310.0,308.0,303.0,446.0,428.0,285.0,132.0,48.0,34.0,25.0,30.0,38.0,166.0,330.0,464.0,255.0,83.0,68.0,1353.0,310.0,188.0,122.0,267.0,236.0,267.0,236.0,2046.0,464.0,25.0,95.0,960.0,89.0,845.0,89.0,129.0,146.0,148.0,137.0,112.0,94.0,81.0,83.0,100.0,135.0,140.0,144.0,1455.0,365.0,7.0,142.0,5.0,201.0,7635.0,18.0,0,1,0,0,0,0,0,0,0,0,0,0,0,0,0,0,0,0,0,0,0,0,0,0,0,0,0,0,0,1,0,0,0,0,0,0,0,0,0,0,0,0,0,0,0,0,1,0,0,0,0,0,0,0,0,0,0,0,0,0,0,0,0,0,0,0,0,0,1,0.0,0
230.5,232.0,234.0,227.0,208.0,189.0,178.0,186.0,194.0,223.0,228.0,229.0,310.5,311.0,315.0,317.0,311.0,304.0,295.0,298.0,307.0,323.0,320.0,310.0,457.0,440.0,285.0,131.0,42.0,30.0,22.0,27.0,30.0,151.0,316.0,474.0,261.0,99.0,68.0,1379.0,323.0,178.0,145.0,268.0,241.0,272.0,241.0,2003.0,474.0,22.0,100.0,969.0,79.0,856.0,79.0,141.0,155.0,158.0,149.0,122.0,98.0,83.0,90.0,104.0,146.0,153.0,148.0,1552.0,452.0,7.0,19.0,3.0,351.0,7932.0,13.0,0,0,0,0,1,0,0,0,0,0,0,0,0,0,0,0,1,0,0,0,0,0,0,0,0,0,0,0,0,0,0,0,0,0,0,0,1,0,0,0,0,0,0,0,0,0,0,0,0,0,0,0,1,0,0,0,0,0,0,0,0,0,0,0,0,0,0,0,0,0.0,0
167.5,167.0,167.0,163.0,149.0,131.0,128.0,128.0,130.0,154.0,162.0,168.0,257.5,259.0,257.0,254.0,247.0,236.0,222.0,223.0,235.0,258.0,258.0,256.0,288.5,271.0,229.0,100.0,29.0,24.0,31.0,24.0,16.0,74.0,226.0,306.0,197.0,97.0,74.0,1486.0,259.0,128.0,131.0,209.0,177.0,211.0,177.0,1356.0,306.0,16.0,97.0,606.0,71.0,600.0,71.0,74.0,90.0,87.0,82.0,71.0,59.0,52.0,53.0,58.0,78.0,83.0,87.0,881.0,225.0,7.0,1167.0,3.0,344.0,8265.0,93.0,0,0,1,0,0,0,0,0,0,0,0,0,0,0,0,0,0,0,0,0,0,0,0,0,0,0,1,0,0,0,0,0,0,0,0,0,1,0,0,0,0,0,0,0,0,0,0,0,0,0,0,1,0,0,0,0,0,0,0,0,0,0,0,0,0,0,0,0,0,0.0,0
222.0,222.0,222.0,219.0,209.0,193.0,186.0,186.0,191.0,213.0,220.0,222.0,301.5,304.0,301.0,300.0,297.0,285.0,274.0,275.0,280.0,300.0,307.0,299.0,298.5,281.0,187.0,75.0,17.0,21.0,26.0,22.0,13.0,52.0,183.0,316.0,249.0,85.0,70.0,1302.0,307.0,186.0,121.0,256.0,232.0,261.0,232.0,1211.0,316.0,13.0,109.0,615.0,61.0,543.0,61.0,112.0,139.0,134.0,128.0,114.0,92.0,80.0,80.0,88.0,119.0,134.0,133.0,1359.0,572.0,8.0,277.0,11.0,175.0,7910.0,33.0,0,0,0,0,1,0,0,0,0,0,0,0,0,0,1,0,0,0,0,0,0,0,0,0,0,0,0,0,0,0,0,0,0,0,0,0,1,0,0,0,0,0,0,0,0,0,0,0,0,1,0,0,0,0,0,0,0,0,0,0,0,0,0,0,0,0,0,0,0,0.0,0
192.5,192.0,185.0,169.0,136.0,116.0,115.0,123.0,134.0,173.0,187.0,193.0,290.5,290.0,283.0,274.0,258.0,236.0,226.0,237.0,253.0,290.0,291.0,291.0,293.5,281.0,256.0,73.0,43.0,51.0,42.0,44.0,32.0,125.0,254.0,306.0,212.0,110.0,62.0,2708.0,291.0,115.0,176.0,237.0,181.0,237.0,175.0,1557.0,306.0,32.0,84.0,685.0,118.0,685.0,137.0,95.0,120.0,108.0,90.0,65.0,47.0,42.0,47.0,58.0,95.0,108.0,118.0,998.0,116.0,6.0,544.0,5.0,201.0,7607.0,0.0,0,1,0,0,0,0,0,0,0,0,0,0,0,0,0,0,0,1,0,0,0,0,0,0,0,0,0,0,0,0,0,0,0,0,0,0,1,0,0,0,0,0,0,0,0,0,0,0,0,0,0,0,0,0,0,0,0,0,0,0,0,0,1,0,0,0,0,0,0,0.0,0
222.5,224.0,216.0,199.0,176.0,155.0,151.0,151.0,166.0,201.0,215.0,221.0,304.5,306.0,299.0,286.0,277.0,256.0,244.0,250.0,259.0,289.0,297.0,303.0,344.0,350.0,286.0,168.0,171.0,145.0,142.0,126.0,83.0,161.0,280.0,338.0,233.0,90.0,58.0,2479.0,306.0,151.0,155.0,255.0,203.0,255.0,201.0,2358.0,350.0,83.0,46.0,804.0,351.0,804.0,413.0,103.0,151.0,134.0,108.0,84.0,60.0,52.0,54.0,66.0,105.0,126.0,142.0,1191.0,0.0,0.0,12.0,2.0,276.0,7297.0,0.0,0,0,1,0,0,0,0,0,0,0,0,0,0,0,0,0,1,0,0,0,0,0,0,0,0,0,0,0,0,0,0,0,0,0,0,0,0,0,0,0,0,0,0,1,0,0,0,0,0,0,0,0,0,0,0,1,0,0,0,0,0,0,0,0,0,0,0,0,0,0.0,0
222.5,224.0,217.0,200.0,176.0,156.0,152.0,151.0,167.0,201.0,215.0,221.0,304.0,306.0,299.0,286.0,277.0,256.0,244.0,250.0,259.0,288.0,296.0,302.0,343.0,349.0,289.0,172.0,174.0,148.0,145.0,128.0,84.0,160.0,278.0,337.0,233.0,89.0,57.0,2458.0,306.0,151.0,155.0,255.0,203.0,255.0,201.0,2373.0,349.0,84.0,45.0,810.0,357.0,810.0,421.0,104.0,151.0,135.0,109.0,84.0,61.0,52.0,54.0,66.0,104.0,125.0,141.0,1192.0,0.0,0.0,12.0,0.0,174.0,7360.0,7.0,0,0,1,0,0,0,0,0,0,0,0,0,0,0,0,0,0,0,0,0,1,0,0,0,0,0,0,0,0,0,0,0,0,0,0,0,0,0,0,0,0,0,1,0,0,0,0,0,0,0,0,0,0,0,0,1,0,0,0,0,0,0,0,0,0,0,0,0,0,0.0,0
222.5,224.0,217.0,200.0,176.0,156.0,152.0,151.0,167.0,201.0,215.0,221.0,304.0,306.0,299.0,286.0,277.0,256.0,244.0,250.0,259.0,288.0,296.0,302.0,343.0,349.0,289.0,172.0,174.0,148.0,145.0,128.0,84.0,160.0,278.0,337.0,233.0,89.0,57.0,2458.0,306.0,151.0,155.0,255.0,203.0,255.0,201.0,2373.0,349.0,84.0,45.0,810.0,357.0,810.0,421.0,104.0,151.0,135.0,109.0,84.0,61.0,52.0,54.0,66.0,104.0,125.0,141.0,1192.0,0.0,0.0,12.0,0.0,174.0,7360.0,7.0,0,0,1,0,0,0,0,0,0,0,0,0,0,0,0,0,0,0,0,0,1,0,0,0,0,0,0,0,0,0,0,0,0,0,0,0,0,0,0,0,0,0,1,0,0,0,0,0,0,0,0,0,0,0,0,1,0,0,0,0,0,0,0,0,0,0,0,0,0,0.0,0
222.5,224.0,217.0,200.0,176.0,156.0,152.0,151.0,167.0,201.0,215.0,221.0,304.0,306.0,299.0,286.0,277.0,256.0,244.0,250.0,259.0,288.0,296.0,302.0,343.0,349.0,289.0,172.0,174.0,148.0,145.0,128.0,84.0,160.0,278.0,337.0,233.0,89.0,57.0,2458.0,306.0,151.0,155.0,255.0,203.0,255.0,201.0,2373.0,349.0,84.0,45.0,810.0,357.0,810.0,421.0,104.0,151.0,135.0,109.0,84.0,61.0,52.0,54.0,66.0,104.0,125.0,141.0,1192.0,0.0,0.0,12.0,0.0,174.0,7360.0,7.0,0,0,1,0,0,0,0,0,0,0,0,0,0,0,0,0,0,0,0,0,1,0,0,0,0,0,0,0,0,0,0,0,0,0,0,0,0,0,0,0,0,0,1,0,0,0,0,0,0,0,0,0,0,0,0,1,0,0,0,0,0,0,0,0,0,0,0,0,0,0.0,0
222.5,224.0,217.0,200.0,176.0,156.0,152.0,151.0,167.0,201.0,215.0,221.0,304.0,306.0,299.0,286.0,277.0,256.0,244.0,250.0,259.0,288.0,296.0,302.0,343.0,349.0,289.0,172.0,174.0,148.0,145.0,128.0,84.0,160.0,278.0,337.0,233.0,89.0,57.0,2458.0,306.0,151.0,155.0,255.0,203.0,255.0,201.0,2373.0,349.0,84.0,45.0,810.0,357.0,810.0,421.0,104.0,151.0,135.0,109.0,84.0,61.0,52.0,54.0,66.0,104.0,125.0,141.0,1192.0,0.0,0.0,12.0,0.0,174.0,7360.0,7.0,0,0,1,0,0,0,0,0,0,0,0,0,0,0,0,0,0,0,0,0,1,0,0,0,0,0,0,0,0,0,0,0,0,0,0,0,0,0,0,0,0,0,1,0,0,0,0,0,0,0,0,0,0,0,0,1,0,0,0,0,0,0,0,0,0,0,0,0,0,0.0,0
222.5,224.0,217.0,200.0,176.0,156.0,152.0,151.0,167.0,201.0,215.0,221.0,304.0,306.0,299.0,286.0,277.0,256.0,244.0,250.0,259.0,288.0,296.0,302.0,343.0,349.0,289.0,172.0,174.0,148.0,145.0,128.0,84.0,160.0,278.0,337.0,233.0,89.0,57.0,2458.0,306.0,151.0,155.0,255.0,203.0,255.0,201.0,2373.0,349.0,84.0,45.0,810.0,357.0,810.0,421.0,104.0,151.0,135.0,109.0,84.0,61.0,52.0,54.0,66.0,104.0,125.0,141.0,1192.0,0.0,0.0,12.0,0.0,174.0,7360.0,7.0,0,0,1,0,0,0,0,0,0,0,0,0,0,0,0,0,0,0,0,0,1,0,0,0,0,0,0,0,0,0,0,0,0,0,0,0,0,0,0,0,0,0,1,0,0,0,0,0,0,0,0,0,0,0,0,1,0,0,0,0,0,0,0,0,0,0,0,0,0,0.0,0
223.0,224.0,216.0,200.0,177.0,156.0,152.0,151.0,167.0,201.0,216.0,222.0,304.0,306.0,299.0,286.0,277.0,255.0,244.0,250.0,259.0,287.0,296.0,302.0,342.5,348.0,289.0,174.0,176.0,148.0,146.0,128.0,84.0,160.0,277.0,337.0,233.0,89.0,57.0,2465.0,306.0,151.0,155.0,255.0,203.0,255.0,201.0,2377.0,348.0,84.0,45.0,811.0,358.0,811.0,422.0,104.0,151.0,134.0,109.0,85.0,60.0,52.0,54.0,66.0,104.0,126.0,142.0,1192.0,0.0,0.0,13.0,0.0,308.0,7382.0,12.0,0,0,1,0,0,0,0,0,0,0,0,0,0,0,0,0,0,0,0,0,0,0,1,0,0,0,0,0,0,0,0,0,0,0,0,0,0,0,0,0,0,0,1,0,0,0,0,0,0,0,0,0,0,0,0,1,0,0,0,0,0,0,0,0,0,0,0,0,0,0.0,0
223.0,224.0,216.0,200.0,177.0,156.0,152.0,151.0,167.0,201.0,216.0,222.0,304.0,306.0,299.0,286.0,277.0,255.0,244.0,250.0,259.0,287.0,296.0,302.0,342.5,348.0,289.0,174.0,176.0,148.0,146.0,128.0,84.0,160.0,277.0,337.0,233.0,89.0,57.0,2465.0,306.0,151.0,155.0,255.0,203.0,255.0,201.0,2377.0,348.0,84.0,45.0,811.0,358.0,811.0,422.0,104.0,151.0,134.0,109.0,85.0,60.0,52.0,54.0,66.0,104.0,126.0,142.0,1192.0,0.0,0.0,13.0,0.0,308.0,7382.0,12.0,0,0,1,0,0,0,0,0,0,0,0,0,0,0,0,0,0,0,0,0,0,0,1,0,0,0,0,0,0,0,0,0,0,0,0,0,0,0,0,0,0,0,1,0,0,0,0,0,0,0,0,0,0,0,0,1,0,0,0,0,0,0,0,0,0,0,0,0,0,0.0,0
223.5,225.0,216.0,200.0,177.0,156.0,152.0,152.0,167.0,201.0,216.0,222.0,303.5,305.0,299.0,285.0,276.0,255.0,244.0,250.0,258.0,287.0,296.0,302.0,341.5,346.0,292.0,177.0,177.0,149.0,147.0,128.0,84.0,159.0,275.0,337.0,233.0,88.0,57.0,2462.0,305.0,152.0,153.0,255.0,203.0,255.0,201.0,2381.0,346.0,84.0,45.0,815.0,359.0,815.0,424.0,103.0,151.0,134.0,108.0,84.0,60.0,52.0,54.0,66.0,104.0,126.0,142.0,1191.0,0.0,0.0,46.0,8.0,263.0,7236.0,0.0,0,0,1,0,0,0,0,0,0,0,0,0,0,0,0,0,0,0,0,0,0,0,1,0,0,0,0,0,0,0,0,0,0,0,0,0,0,0,0,0,0,0,0,1,0,0,0,0,0,0,0,0,0,0,0,1,0,0,0,0,0,0,0,0,0,0,0,0,0,0.0,0
223.5,225.0,216.0,200.0,177.0,157.0,153.0,151.0,167.0,200.0,216.0,222.0,302.0,304.0,298.0,284.0,274.0,253.0,243.0,248.0,257.0,284.0,293.0,300.0,337.0,334.0,328.0,187.0,173.0,146.0,143.0,122.0,81.0,153.0,261.0,340.0,232.0,87.0,56.0,2451.0,304.0,151.0,153.0,254.0,203.0,254.0,200.0,2378.0,340.0,81.0,46.0,849.0,346.0,849.0,411.0,102.0,150.0,134.0,108.0,83.0,60.0,53.0,54.0,66.0,101.0,124.0,140.0,1180.0,0.0,0.0,45.0,7.0,123.0,7141.0,90.0,0,1,0,0,0,0,0,0,0,0,0,1,0,0,0,0,0,0,0,0,0,0,0,0,0,0,0,0,0,0,0,0,0,0,0,0,0,0,0,0,0,1,0,0,0,0,0,0,0,0,0,0,0,0,0,1,0,0,0,0,0,0,0,0,0,0,0,0,0,0.0,0
223.0,224.0,216.0,199.0,177.0,156.0,152.0,151.0,166.0,201.0,215.0,222.0,303.5,305.0,298.0,284.0,277.0,254.0,243.0,249.0,257.0,287.0,295.0,302.0,341.5,346.0,292.0,179.0,178.0,150.0,147.0,129.0,85.0,159.0,275.0,337.0,232.0,88.0,57.0,2472.0,305.0,151.0,154.0,254.0,203.0,254.0,200.0,2388.0,346.0,85.0,44.0,817.0,361.0,817.0,426.0,102.0,150.0,134.0,107.0,85.0,60.0,52.0,54.0,65.0,104.0,125.0,142.0,1185.0,0.0,0.0,13.0,3.0,324.0,7458.0,51.0,0,0,1,0,0,0,0,0,0,0,0,0,0,0,0,0,0,0,0,0,0,0,1,0,0,0,0,0,0,0,0,0,0,1,0,0,0,0,0,0,0,0,0,0,0,0,0,0,0,0,0,0,0,0,0,1,0,0,0,0,0,0,0,0,0,0,0,0,0,0.0,0
225.0,226.0,217.0,201.0,179.0,159.0,154.0,152.0,168.0,202.0,217.0,224.0,303.5,305.0,298.0,285.0,276.0,255.0,244.0,249.0,258.0,285.0,295.0,302.0,337.0,338.0,309.0,189.0,183.0,151.0,149.0,128.0,84.0,156.0,265.0,336.0,233.0,86.0,56.0,2451.0,305.0,152.0,153.0,255.0,204.0,255.0,202.0,2401.0,338.0,84.0,44.0,836.0,361.0,836.0,428.0,102.0,152.0,134.0,108.0,85.0,62.0,53.0,54.0,66.0,103.0,126.0,143.0,1194.0,0.0,0.0,4.0,1.0,296.0,7386.0,46.0,0,0,0,0,0,0,0,1,0,0,0,0,0,0,0,0,0,0,0,0,0,0,0,0,0,0,0,0,0,1,0,0,0,0,0,0,0,0,0,0,0,0,0,1,0,0,0,0,0,0,0,0,0,0,0,1,0,0,0,0,0,0,0,0,0,0,0,0,0,0.0,0
225.0,226.0,217.0,201.0,179.0,159.0,154.0,152.0,168.0,202.0,217.0,224.0,303.5,305.0,298.0,285.0,276.0,255.0,244.0,249.0,258.0,285.0,295.0,302.0,337.0,338.0,309.0,189.0,183.0,151.0,149.0,128.0,84.0,156.0,265.0,336.0,233.0,86.0,56.0,2451.0,305.0,152.0,153.0,255.0,204.0,255.0,202.0,2401.0,338.0,84.0,44.0,836.0,361.0,836.0,428.0,102.0,152.0,134.0,108.0,85.0,62.0,53.0,54.0,66.0,103.0,126.0,143.0,1194.0,0.0,0.0,4.0,1.0,296.0,7386.0,46.0,0,0,0,0,0,0,0,1,0,0,0,0,0,0,0,0,0,0,0,0,0,0,0,0,0,0,0,0,0,1,0,0,0,0,0,0,0,0,0,0,0,0,0,1,0,0,0,0,0,0,0,0,0,0,0,1,0,0,0,0,0,0,0,0,0,0,0,0,0,0.0,0
224.5,226.0,217.0,201.0,179.0,159.0,154.0,152.0,168.0,202.0,217.0,223.0,303.5,305.0,298.0,285.0,276.0,255.0,244.0,249.0,257.0,285.0,294.0,302.0,336.5,337.0,311.0,190.0,183.0,151.0,149.0,128.0,84.0,155.0,265.0,336.0,233.0,86.0,56.0,2446.0,305.0,152.0,153.0,255.0,204.0,255.0,202.0,2402.0,337.0,84.0,44.0,838.0,361.0,838.0,428.0,102.0,152.0,134.0,109.0,85.0,62.0,53.0,54.0,66.0,103.0,125.0,143.0,1193.0,0.0,0.0,10.0,1.0,231.0,7330.0,42.0,0,0,1,0,0,0,0,0,0,0,0,0,0,0,0,0,0,0,0,0,0,0,0,0,0,0,0,0,0,1,0,0,0,0,0,0,0,0,0,0,0,0,1,0,0,0,0,0,0,0,0,0,0,0,0,1,0,0,0,0,0,0,0,0,0,0,0,0,0,0.0,0
225.0,226.0,218.0,201.0,179.0,159.0,154.0,153.0,168.0,202.0,217.0,224.0,303.5,305.0,299.0,284.0,276.0,255.0,244.0,249.0,257.0,285.0,294.0,302.0,336.0,336.0,311.0,192.0,185.0,152.0,150.0,128.0,84.0,155.0,264.0,336.0,233.0,86.0,56.0,2452.0,305.0,153.0,152.0,255.0,204.0,255.0,202.0,2406.0,336.0,84.0,44.0,839.0,362.0,839.0,430.0,102.0,152.0,136.0,108.0,85.0,62.0,53.0,54.0,66.0,103.0,125.0,143.0,1194.0,0.0,0.0,142.0,5.0,201.0,7635.0,5.0,0,0,0,0,0,0,0,1,0,0,0,0,0,0,0,0,0,0,0,0,0,0,0,0,0,0,0,0,0,1,0,0,0,0,0,0,0,0,0,0,0,0,0,1,0,0,0,0,0,0,0,0,0,0,0,0,0,0,0,0,0,0,0,0,0,0,0,0,1,0.0,0
225.0,226.0,218.0,201.0,179.0,159.0,154.0,153.0,168.0,202.0,217.0,224.0,303.5,305.0,299.0,284.0,276.0,255.0,244.0,249.0,257.0,285.0,294.0,302.0,336.0,336.0,311.0,192.0,185.0,152.0,150.0,128.0,84.0,155.0,264.0,336.0,233.0,86.0,56.0,2452.0,305.0,153.0,152.0,255.0,204.0,255.0,202.0,2406.0,336.0,84.0,44.0,839.0,362.0,839.0,430.0,102.0,152.0,136.0,108.0,85.0,62.0,53.0,54.0,66.0,103.0,125.0,143.0,1194.0,0.0,0.0,142.0,5.0,201.0,7635.0,5.0,0,0,0,0,0,0,0,1,0,0,0,0,0,0,0,0,0,0,0,0,0,0,0,0,0,0,0,0,0,1,0,0,0,0,0,0,0,0,0,0,0,0,0,1,0,0,0,0,0,0,0,0,0,0,0,0,0,0,0,0,0,0,0,0,0,0,0,0,1,0.0,0
225.5,227.0,218.0,201.0,180.0,159.0,155.0,153.0,168.0,203.0,218.0,224.0,303.0,305.0,299.0,284.0,276.0,254.0,244.0,249.0,257.0,285.0,294.0,301.0,334.0,332.0,320.0,194.0,184.0,151.0,149.0,126.0,83.0,153.0,259.0,336.0,233.0,85.0,56.0,2456.0,305.0,153.0,152.0,255.0,204.0,255.0,202.0,2400.0,336.0,83.0,44.0,846.0,358.0,846.0,426.0,102.0,152.0,136.0,108.0,86.0,61.0,53.0,54.0,66.0,104.0,126.0,142.0,1196.0,0.0,0.0,2.0,1.0,213.0,7336.0,1.0,0,0,1,0,0,0,0,0,0,0,0,0,0,0,0,0,0,0,0,0,0,0,1,0,0,0,0,0,0,0,0,0,0,0,0,0,1,0,0,0,0,0,0,0,0,0,0,0,0,0,0,0,0,0,0,1,0,0,0,0,0,0,0,0,0,0,0,0,0,0.0,0
225.5,227.0,218.0,201.0,180.0,159.0,155.0,153.0,168.0,203.0,218.0,224.0,303.0,305.0,299.0,284.0,276.0,254.0,244.0,249.0,257.0,285.0,294.0,301.0,334.5,333.0,318.0,194.0,184.0,151.0,149.0,127.0,83.0,153.0,260.0,336.0,233.0,85.0,56.0,2456.0,305.0,153.0,152.0,255.0,204.0,255.0,202.0,2401.0,336.0,83.0,44.0,845.0,359.0,845.0,427.0,102.0,152.0,136.0,108.0,86.0,61.0,53.0,54.0,66.0,104.0,126.0,142.0,1196.0,0.0,0.0,4.0,2.0,275.0,7405.0,40.0,0,0,1,0,0,0,0,0,0,0,0,0,0,0,0,0,0,0,0,0,0,0,1,0,0,0,0,0,0,0,0,0,0,0,0,0,0,0,0,0,0,0,0,1,0,0,0,0,0,0,0,0,0,0,0,1,0,0,0,0,0,0,0,0,0,0,0,0,0,0.0,0
225.5,227.0,219.0,201.0,180.0,160.0,155.0,153.0,169.0,202.0,218.0,224.0,303.0,305.0,299.0,284.0,276.0,254.0,244.0,249.0,257.0,284.0,294.0,301.0,333.0,331.0,320.0,196.0,186.0,152.0,151.0,127.0,84.0,153.0,258.0,335.0,234.0,85.0,56.0,2448.0,305.0,153.0,152.0,255.0,204.0,255.0,202.0,2408.0,335.0,84.0,43.0,847.0,362.0,847.0,430.0,103.0,152.0,137.0,108.0,86.0,62.0,53.0,54.0,66.0,102.0,126.0,142.0,1197.0,0.0,0.0,7.0,1.0,188.0,7355.0,4.0,0,0,0,0,0,0,0,1,0,0,0,0,0,0,0,0,0,0,0,0,0,0,0,0,0,0,0,0,0,1,0,0,0,0,0,1,0,0,0,0,0,0,0,0,0,0,0,0,0,0,0,0,0,0,0,1,0,0,0,0,0,0,0,0,0,0,0,0,0,0.0,0
225.5,227.0,219.0,201.0,180.0,160.0,155.0,153.0,169.0,202.0,218.0,224.0,303.0,305.0,299.0,284.0,276.0,254.0,244.0,249.0,257.0,284.0,294.0,301.0,333.0,331.0,320.0,196.0,186.0,152.0,151.0,127.0,84.0,153.0,258.0,335.0,234.0,85.0,56.0,2448.0,305.0,153.0,152.0,255.0,204.0,255.0,202.0,2408.0,335.0,84.0,43.0,847.0,362.0,847.0,430.0,103.0,152.0,137.0,108.0,86.0,62.0,53.0,54.0,66.0,102.0,126.0,142.0,1197.0,0.0,0.0,7.0,1.0,188.0,7355.0,4.0,0,0,0,0,0,0,0,1,0,0,0,0,0,0,0,0,0,0,0,0,0,0,0,0,0,0,0,0,0,1,0,0,0,0,0,1,0,0,0,0,0,0,0,0,0,0,0,0,0,0,0,0,0,0,0,1,0,0,0,0,0,0,0,0,0,0,0,0,0,0.0,0
225.5,227.0,219.0,201.0,180.0,160.0,155.0,153.0,169.0,202.0,218.0,224.0,303.0,305.0,299.0,284.0,276.0,254.0,244.0,249.0,257.0,284.0,294.0,301.0,333.0,331.0,320.0,196.0,186.0,152.0,151.0,127.0,84.0,153.0,258.0,335.0,234.0,85.0,56.0,2448.0,305.0,153.0,152.0,255.0,204.0,255.0,202.0,2408.0,335.0,84.0,43.0,847.0,362.0,847.0,430.0,103.0,152.0,137.0,108.0,86.0,62.0,53.0,54.0,66.0,102.0,126.0,142.0,1197.0,0.0,0.0,7.0,1.0,188.0,7355.0,4.0,0,0,0,0,0,0,0,1,0,0,0,0,0,0,0,0,0,0,0,0,0,0,0,0,0,0,0,0,0,1,0,0,0,0,0,1,0,0,0,0,0,0,0,0,0,0,0,0,0,0,0,0,0,0,0,1,0,0,0,0,0,0,0,0,0,0,0,0,0,0.0,0
214.0,213.0,209.0,196.0,164.0,147.0,143.0,147.0,157.0,196.0,206.0,215.0,300.0,300.0,293.0,285.0,269.0,254.0,240.0,244.0,255.0,289.0,299.0,300.0,386.5,387.0,393.0,142.0,85.0,97.0,102.0,106.0,78.0,173.0,222.0,386.0,228.0,94.0,60.0,2512.0,300.0,143.0,157.0,249.0,202.0,250.0,195.0,2241.0,393.0,70.0,68.0,922.0,284.0,781.0,305.0,97.0,137.0,125.0,107.0,76.0,59.0,50.0,53.0,63.0,103.0,122.0,135.0,1131.0,27.0,1.0,92.0,13.0,173.0,6717.0,16.0,0,1,0,0,0,0,0,0,0,0,0,0,0,0,0,1,0,0,0,0,0,0,0,0,0,0,0,0,0,0,0,0,0,0,0,0,0,0,0,0,0,0,0,1,0,0,0,0,0,0,0,0,0,0,0,0,0,0,1,0,0,0,0,0,0,0,0,0,0,0.0,0
169.0,169.0,163.0,150.0,124.0,106.0,100.0,101.0,107.0,146.0,159.0,169.0,272.0,272.0,268.0,258.0,247.0,226.0,193.0,202.0,220.0,270.0,273.0,272.0,307.5,301.0,242.0,85.0,53.0,63.0,64.0,57.0,41.0,129.0,256.0,314.0,190.0,111.0,64.0,2760.0,273.0,100.0,173.0,214.0,153.0,214.0,153.0,1652.0,314.0,41.0,77.0,699.0,162.0,699.0,162.0,73.0,101.0,94.0,81.0,64.0,49.0,37.0,39.0,47.0,80.0,91.0,99.0,861.0,44.0,3.0,1016.0,8.0,0.0,7730.0,96.0,0,1,0,0,0,0,0,0,0,0,0,1,0,0,0,0,0,0,0,0,0,0,0,0,0,0,0,0,0,0,0,0,0,0,0,0,0,0,0,0,0,1,0,0,0,0,0,0,0,0,0,0,0,0,1,0,0,0,0,0,0,0,0,0,0,0,0,0,0,0.0,0
224.0,223.0,220.0,208.0,183.0,165.0,160.0,158.0,168.0,202.0,214.0,225.0,298.0,298.0,292.0,284.0,268.0,251.0,243.0,245.0,254.0,286.0,295.0,298.0,359.0,369.0,384.0,235.0,201.0,188.0,154.0,142.0,99.0,151.0,229.0,349.0,232.0,80.0,57.0,2346.0,298.0,158.0,140.0,254.0,218.0,254.0,203.0,2584.0,384.0,83.0,47.0,988.0,392.0,988.0,484.0,95.0,142.0,131.0,112.0,84.0,63.0,56.0,56.0,66.0,104.0,124.0,140.0,1178.0,12.0,1.0,2.0,0.0,137.0,7490.0,14.0,0,0,0,0,0,0,0,1,0,0,0,0,0,0,0,0,0,0,0,0,0,0,1,0,0,0,0,0,0,0,0,0,0,0,0,0,0,0,0,0,0,0,0,1,0,0,0,0,0,0,0,0,0,0,0,0,0,0,1,0,0,0,0,0,0,0,0,0,0,0.0,0
224.5,224.0,220.0,208.0,185.0,166.0,162.0,159.0,169.0,203.0,215.0,225.0,297.0,298.0,292.0,283.0,269.0,249.0,243.0,245.0,254.0,285.0,295.0,296.0,365.0,369.0,398.0,244.0,207.0,200.0,157.0,144.0,101.0,148.0,232.0,361.0,233.0,79.0,57.0,2316.0,298.0,159.0,139.0,254.0,219.0,254.0,204.0,2640.0,398.0,79.0,48.0,1011.0,393.0,1011.0,501.0,97.0,143.0,131.0,112.0,85.0,63.0,57.0,56.0,66.0,104.0,124.0,138.0,1181.0,18.0,1.0,4.0,1.0,241.0,7521.0,73.0,0,0,0,0,0,0,0,0,1,0,0,0,0,0,0,0,0,0,0,0,0,0,1,0,0,0,0,0,0,0,0,0,0,0,0,0,0,0,0,0,0,0,0,1,0,0,0,0,0,0,0,0,0,0,0,0,0,0,1,0,0,0,0,0,0,0,0,0,0,0.0,0
225.0,224.0,220.0,209.0,185.0,166.0,163.0,160.0,170.0,203.0,216.0,226.0,297.0,297.0,291.0,285.0,269.0,249.0,244.0,245.0,255.0,285.0,295.0,297.0,366.5,369.0,402.0,246.0,207.0,202.0,157.0,144.0,101.0,146.0,232.0,364.0,233.0,79.0,57.0,2303.0,297.0,160.0,137.0,254.0,219.0,254.0,204.0,2648.0,402.0,78.0,48.0,1017.0,391.0,1017.0,503.0,97.0,142.0,130.0,113.0,85.0,63.0,57.0,56.0,67.0,104.0,125.0,140.0,1185.0,19.0,1.0,8.0,1.0,275.0,7513.0,55.0,0,0,0,0,0,0,0,1,0,0,0,0,0,0,0,0,0,0,0,0,0,0,1,0,0,0,0,0,0,0,0,0,0,0,0,0,0,0,0,0,0,0,1,0,0,0,0,0,0,0,0,0,0,0,0,0,0,0,1,0,0,0,0,0,0,0,0,0,0,0.0,0
225.0,225.0,220.0,208.0,185.0,167.0,164.0,159.0,169.0,203.0,215.0,225.0,296.5,297.0,291.0,283.0,269.0,249.0,244.0,244.0,254.0,285.0,295.0,296.0,367.0,369.0,404.0,247.0,208.0,203.0,158.0,145.0,101.0,146.0,233.0,365.0,233.0,79.0,57.0,2295.0,297.0,159.0,138.0,254.0,219.0,254.0,204.0,2656.0,404.0,77.0,48.0,1020.0,392.0,1020.0,506.0,97.0,143.0,130.0,112.0,85.0,63.0,58.0,56.0,66.0,104.0,124.0,138.0,1181.0,20.0,1.0,13.0,0.0,243.0,7514.0,90.0,0,0,0,0,0,0,0,1,0,0,0,0,0,0,0,0,0,0,0,0,0,0,1,0,0,0,0,0,0,0,0,0,0,0,0,0,0,0,0,0,0,0,1,0,0,0,0,0,0,0,0,0,0,0,0,0,0,0,1,0,0,0,0,0,0,0,0,0,0,0.0,0
226.5,226.0,221.0,209.0,187.0,170.0,166.0,161.0,172.0,204.0,217.0,227.0,295.5,296.0,290.0,284.0,269.0,248.0,245.0,244.0,256.0,283.0,294.0,295.0,372.5,372.0,415.0,258.0,217.0,217.0,161.0,147.0,104.0,140.0,231.0,373.0,234.0,76.0,56.0,2243.0,296.0,161.0,135.0,254.0,220.0,254.0,205.0,2709.0,415.0,74.0,48.0,1045.0,391.0,1045.0,525.0,97.0,143.0,130.0,113.0,86.0,64.0,59.0,56.0,68.0,103.0,125.0,139.0,1188.0,23.0,1.0,6.0,1.0,317.0,7562.0,8.0,0,0,0,0,0,0,0,1,0,0,0,0,0,0,0,0,0,0,0,0,0,0,1,0,0,0,0,0,0,0,0,0,0,0,0,0,0,0,0,0,0,0,0,1,0,0,0,0,0,0,0,0,0,0,0,0,0,0,1,0,0,0,0,0,0,0,0,0,0,0.0,0
227.0,226.0,221.0,209.0,186.0,170.0,167.0,163.0,173.0,206.0,218.0,228.0,297.0,297.0,293.0,286.0,272.0,252.0,246.0,246.0,256.0,285.0,295.0,297.0,372.0,378.0,415.0,255.0,208.0,202.0,162.0,140.0,103.0,131.0,239.0,366.0,235.0,78.0,58.0,2230.0,297.0,163.0,134.0,255.0,221.0,255.0,207.0,2671.0,415.0,72.0,50.0,1048.0,374.0,1048.0,504.0,99.0,143.0,132.0,114.0,87.0,65.0,59.0,57.0,68.0,106.0,126.0,141.0,1203.0,27.0,1.0,5.0,1.0,2.0,7543.0,1.0,0,0,0,0,1,0,0,0,0,0,0,0,0,0,0,0,1,0,0,0,0,0,0,0,0,0,0,0,0,0,0,0,0,0,0,0,0,0,0,0,0,0,0,1,0,0,0,0,0,0,0,0,0,0,0,0,0,0,1,0,0,0,0,0,0,0,0,0,0,0.0,0
227.5,227.0,221.0,210.0,186.0,170.0,167.0,164.0,174.0,206.0,219.0,228.0,296.5,297.0,292.0,286.0,271.0,252.0,244.0,246.0,256.0,283.0,295.0,296.0,371.0,379.0,415.0,260.0,215.0,206.0,167.0,143.0,105.0,130.0,238.0,363.0,235.0,77.0,57.0,2234.0,297.0,164.0,133.0,255.0,221.0,255.0,207.0,2694.0,415.0,73.0,49.0,1054.0,378.0,1054.0,516.0,98.0,144.0,132.0,114.0,86.0,65.0,58.0,58.0,69.0,104.0,127.0,140.0,1201.0,25.0,1.0,8.0,3.0,292.0,7574.0,32.0,1,0,0,0,0,0,0,0,0,0,0,0,0,0,0,0,0,0,0,0,0,0,1,0,0,0,0,0,0,0,0,0,0,0,0,0,0,0,0,0,0,0,0,1,0,0,0,0,0,0,0,0,0,0,0,0,0,0,1,0,0,0,0,0,0,0,0,0,0,0.0,0
227.5,227.0,221.0,210.0,186.0,170.0,167.0,164.0,174.0,206.0,219.0,228.0,296.5,297.0,292.0,286.0,271.0,252.0,244.0,246.0,256.0,283.0,295.0,296.0,371.0,379.0,415.0,260.0,215.0,206.0,167.0,143.0,105.0,130.0,238.0,363.0,235.0,77.0,57.0,2234.0,297.0,164.0,133.0,255.0,221.0,255.0,207.0,2694.0,415.0,73.0,49.0,1054.0,378.0,1054.0,516.0,98.0,144.0,132.0,114.0,86.0,65.0,58.0,58.0,69.0,104.0,127.0,140.0,1201.0,25.0,1.0,8.0,3.0,292.0,7574.0,32.0,1,0,0,0,0,0,0,0,0,0,0,0,0,0,0,0,0,0,0,0,0,0,1,0,0,0,0,0,0,0,0,0,0,0,0,0,0,0,0,0,0,0,0,1,0,0,0,0,0,0,0,0,0,0,0,0,0,0,1,0,0,0,0,0,0,0,0,0,0,0.0,0
225.0,226.0,229.0,222.0,204.0,184.0,174.0,181.0,189.0,218.0,222.0,224.0,308.5,309.0,312.0,314.0,309.0,301.0,291.0,294.0,303.0,321.0,317.0,308.0,445.5,431.0,284.0,126.0,40.0,28.0,20.0,24.0,27.0,148.0,315.0,460.0,257.0,101.0,69.0,1391.0,321.0,174.0,147.0,264.0,238.0,268.0,237.0,1954.0,460.0,20.0,101.0,942.0,71.0,841.0,72.0,135.0,147.0,150.0,141.0,118.0,94.0,79.0,85.0,98.0,140.0,144.0,142.0,1480.0,438.0,7.0,40.0,7.0,292.0,7875.0,39.0,0,0,0,0,1,0,0,0,0,0,0,0,0,1,0,0,0,0,0,0,0,0,0,0,0,0,0,0,0,0,0,0,0,0,1,0,0,0,0,0,0,0,0,0,0,0,0,0,0,0,0,0,1,0,0,0,0,0,0,0,0,0,0,0,0,0,0,0,0,0.0,0
177.0,178.0,173.0,156.0,132.0,119.0,115.0,118.0,120.0,150.0,164.0,176.0,270.0,272.0,275.0,265.0,250.0,229.0,200.0,209.0,222.0,266.0,274.0,268.0,270.5,264.0,224.0,88.0,49.0,55.0,58.0,54.0,28.0,107.0,212.0,277.0,196.0,103.0,64.0,2513.0,275.0,115.0,160.0,216.0,164.0,219.0,164.0,1455.0,277.0,28.0,77.0,596.0,140.0,576.0,140.0,70.0,103.0,100.0,84.0,66.0,52.0,41.0,45.0,50.0,79.0,92.0,98.0,886.0,71.0,3.0,908.0,18.0,148.0,7058.0,85.0,0,1,0,0,0,0,0,0,0,0,1,0,0,0,0,0,0,0,0,0,0,0,0,0,0,0,0,0,0,0,0,0,0,0,0,0,0,0,0,0,0,1,0,0,0,0,0,0,0,0,0,0,0,0,1,0,0,0,0,0,0,0,0,0,0,0,0,0,0,0.0,0
229.0,229.0,223.0,212.0,192.0,176.0,174.0,170.0,177.0,207.0,221.0,229.0,302.0,302.0,299.0,290.0,277.0,261.0,246.0,247.0,257.0,286.0,296.0,302.0,376.5,399.0,513.0,251.0,203.0,236.0,206.0,180.0,123.0,139.0,234.0,354.0,238.0,78.0,59.0,2183.0,302.0,170.0,132.0,259.0,224.0,259.0,211.0,2919.0,513.0,81.0,50.0,1163.0,442.0,1163.0,509.0,97.0,149.0,137.0,118.0,92.0,71.0,61.0,60.0,70.0,106.0,128.0,145.0,1241.0,16.0,1.0,20.0,2.0,253.0,7584.0,1.0,0,0,0,0,1,0,0,0,0,0,0,0,0,0,0,0,1,0,0,0,0,0,0,0,0,0,0,0,0,0,0,0,0,0,0,1,0,0,0,0,0,0,0,0,0,0,0,0,0,0,0,0,0,0,1,0,0,0,0,0,0,0,0,0,0,0,0,0,0,0.0,0
229.0,229.0,223.0,212.0,192.0,176.0,174.0,170.0,177.0,207.0,221.0,229.0,302.0,302.0,299.0,290.0,277.0,261.0,246.0,247.0,257.0,286.0,296.0,302.0,376.5,399.0,513.0,251.0,203.0,236.0,206.0,180.0,123.0,139.0,234.0,354.0,238.0,78.0,59.0,2183.0,302.0,170.0,132.0,259.0,224.0,259.0,211.0,2919.0,513.0,81.0,50.0,1163.0,442.0,1163.0,509.0,97.0,149.0,137.0,118.0,92.0,71.0,61.0,60.0,70.0,106.0,128.0,145.0,1241.0,16.0,1.0,20.0,2.0,253.0,7584.0,1.0,0,0,0,0,1,0,0,0,0,0,0,0,0,0,0,0,1,0,0,0,0,0,0,0,0,0,0,0,0,0,0,0,0,0,0,1,0,0,0,0,0,0,0,0,0,0,0,0,0,0,0,0,0,0,1,0,0,0,0,0,0,0,0,0,0,0,0,0,0,0.0,0
229.0,229.0,223.0,213.0,193.0,177.0,174.0,170.0,177.0,207.0,222.0,229.0,302.0,302.0,299.0,291.0,277.0,261.0,245.0,247.0,257.0,287.0,296.0,302.0,376.5,398.0,514.0,250.0,202.0,235.0,207.0,180.0,123.0,140.0,235.0,355.0,239.0,77.0,58.0,2195.0,302.0,170.0,132.0,259.0,224.0,259.0,211.0,2920.0,514.0,81.0,50.0,1162.0,443.0,1162.0,510.0,97.0,148.0,137.0,119.0,92.0,72.0,61.0,60.0,70.0,107.0,129.0,145.0,1243.0,16.0,1.0,38.0,3.0,270.0,7573.0,42.0,0,0,0,0,1,0,0,0,0,0,0,0,0,0,0,0,0,0,0,0,0,0,1,0,0,0,0,0,0,0,0,0,0,0,0,0,0,0,0,0,0,0,0,1,0,0,0,0,0,0,0,0,0,0,1,0,0,0,0,0,0,0,0,0,0,0,0,0,0,0.0,0
229.0,229.0,223.0,213.0,193.0,177.0,174.0,170.0,177.0,207.0,222.0,229.0,302.0,302.0,299.0,291.0,277.0,261.0,245.0,247.0,257.0,287.0,296.0,302.0,376.5,398.0,514.0,250.0,202.0,235.0,207.0,180.0,123.0,140.0,235.0,355.0,239.0,77.0,58.0,2195.0,302.0,170.0,132.0,259.0,224.0,259.0,211.0,2920.0,514.0,81.0,50.0,1162.0,443.0,1162.0,510.0,97.0,148.0,137.0,119.0,92.0,72.0,61.0,60.0,70.0,107.0,129.0,145.0,1243.0,16.0,1.0,38.0,3.0,270.0,7573.0,42.0,0,0,0,0,1,0,0,0,0,0,0,0,0,0,0,0,0,0,0,0,0,0,1,0,0,0,0,0,0,0,0,0,0,0,0,0,0,0,0,0,0,0,0,1,0,0,0,0,0,0,0,0,0,0,1,0,0,0,0,0,0,0,0,0,0,0,0,0,0,0.0,0
192.5,193.0,193.0,189.0,176.0,158.0,154.0,154.0,159.0,182.0,189.0,192.0,278.0,279.0,279.0,276.0,269.0,261.0,247.0,248.0,259.0,280.0,280.0,277.0,306.5,289.0,221.0,97.0,21.0,20.0,28.0,21.0,14.0,64.0,216.0,324.0,222.0,93.0,74.0,1393.0,280.0,154.0,126.0,229.0,203.0,234.0,203.0,1336.0,324.0,14.0,104.0,634.0,63.0,607.0,63.0,87.0,106.0,104.0,98.0,85.0,71.0,62.0,62.0,70.0,93.0,100.0,103.0,1048.0,346.0,8.0,735.0,17.0,84.0,7848.0,100.0,0,0,1,0,0,0,0,0,0,0,0,0,0,0,0,0,0,0,0,0,0,0,0,0,0,0,1,0,0,0,0,0,0,0,0,0,0,0,0,0,0,1,0,0,0,0,0,0,0,0,0,1,0,0,0,0,0,0,0,0,0,0,0,0,0,0,0,0,0,0.0,0
230.5,230.0,225.0,215.0,196.0,181.0,177.0,172.0,179.0,209.0,224.0,231.0,303.0,303.0,299.0,290.0,277.0,261.0,244.0,247.0,258.0,289.0,297.0,303.0,380.0,394.0,501.0,268.0,208.0,238.0,222.0,187.0,122.0,145.0,253.0,366.0,240.0,76.0,58.0,2190.0,303.0,172.0,131.0,260.0,225.0,260.0,212.0,2992.0,501.0,88.0,47.0,1163.0,454.0,1163.0,531.0,99.0,150.0,139.0,119.0,94.0,73.0,61.0,60.0,71.0,109.0,131.0,147.0,1260.0,11.0,1.0,14.0,1.0,234.0,7606.0,24.0,0,0,0,0,0,0,0,1,0,0,0,0,0,0,0,0,0,0,0,0,0,0,1,0,0,0,0,0,0,0,0,0,0,0,0,0,0,0,0,0,0,0,1,0,0,0,0,0,0,0,0,0,0,0,1,0,0,0,0,0,0,0,0,0,0,0,0,0,0,0.0,0
230.5,230.0,225.0,215.0,196.0,181.0,177.0,172.0,179.0,209.0,224.0,231.0,303.0,303.0,299.0,290.0,277.0,261.0,244.0,247.0,258.0,289.0,297.0,303.0,380.0,394.0,501.0,268.0,208.0,238.0,222.0,187.0,122.0,145.0,253.0,366.0,240.0,76.0,58.0,2190.0,303.0,172.0,131.0,260.0,225.0,260.0,212.0,2992.0,501.0,88.0,47.0,1163.0,454.0,1163.0,531.0,99.0,150.0,139.0,119.0,94.0,73.0,61.0,60.0,71.0,109.0,131.0,147.0,1260.0,11.0,1.0,14.0,1.0,234.0,7606.0,24.0,0,0,0,0,0,0,0,1,0,0,0,0,0,0,0,0,0,0,0,0,0,0,1,0,0,0,0,0,0,0,0,0,0,0,0,0,0,0,0,0,0,0,1,0,0,0,0,0,0,0,0,0,0,0,1,0,0,0,0,0,0,0,0,0,0,0,0,0,0,0.0,0
230.5,230.0,225.0,216.0,197.0,181.0,177.0,173.0,179.0,209.0,224.0,231.0,302.5,303.0,299.0,290.0,277.0,259.0,243.0,247.0,257.0,288.0,296.0,302.0,380.5,394.0,499.0,272.0,211.0,240.0,226.0,189.0,122.0,145.0,256.0,367.0,240.0,75.0,57.0,2193.0,303.0,173.0,130.0,260.0,225.0,260.0,212.0,3010.0,499.0,89.0,47.0,1165.0,456.0,1165.0,537.0,99.0,150.0,139.0,120.0,94.0,72.0,61.0,61.0,70.0,109.0,130.0,146.0,1257.0,10.0,1.0,8.0,3.0,115.0,7582.0,34.0,0,0,0,0,0,0,0,1,0,0,0,0,0,0,0,0,0,0,0,0,0,0,0,0,0,0,0,0,0,1,0,0,0,0,0,0,0,0,0,0,0,0,0,1,0,0,0,0,0,0,0,0,0,0,1,0,0,0,0,0,0,0,0,0,0,0,0,0,0,0.0,0
221.0,221.0,217.0,205.0,185.0,169.0,169.0,169.0,171.0,201.0,211.0,221.0,301.0,301.0,301.0,293.0,277.0,261.0,242.0,244.0,253.0,284.0,296.0,301.0,370.0,391.0,377.0,283.0,192.0,184.0,173.0,153.0,105.0,145.0,279.0,349.0,235.0,83.0,63.0,2178.0,301.0,169.0,132.0,256.0,220.0,256.0,208.0,2724.0,391.0,93.0,46.0,1051.0,403.0,1051.0,431.0,94.0,140.0,134.0,115.0,89.0,70.0,60.0,60.0,67.0,102.0,121.0,137.0,1196.0,1.0,1.0,55.0,4.0,161.0,7569.0,8.0,0,1,0,0,0,0,0,0,0,0,0,0,0,0,0,0,0,0,0,0,1,0,0,0,0,0,0,0,0,0,0,0,0,0,0,0,0,0,0,0,0,0,0,1,0,0,0,0,0,0,0,0,0,0,1,0,0,0,0,0,0,0,0,0,0,0,0,0,0,0.0,0
222.0,222.0,218.0,206.0,186.0,170.0,170.0,169.0,172.0,202.0,212.0,222.0,301.0,301.0,301.0,293.0,278.0,261.0,242.0,244.0,254.0,285.0,297.0,301.0,371.0,393.0,381.0,287.0,196.0,188.0,176.0,156.0,107.0,146.0,280.0,349.0,235.0,82.0,62.0,2181.0,301.0,169.0,132.0,256.0,221.0,256.0,208.0,2753.0,393.0,94.0,45.0,1061.0,409.0,1061.0,439.0,95.0,141.0,135.0,116.0,90.0,70.0,60.0,60.0,67.0,103.0,123.0,138.0,1204.0,1.0,1.0,52.0,8.0,153.0,7430.0,12.0,0,1,0,0,0,0,0,0,0,0,0,0,0,0,0,0,0,0,0,0,1,0,0,0,0,0,0,0,0,0,0,0,0,0,0,0,0,0,0,0,0,0,0,1,0,0,0,0,0,0,0,0,0,0,1,0,0,0,0,0,0,0,0,0,0,0,0,0,0,0.0,0
224.5,224.0,219.0,207.0,188.0,172.0,172.0,173.0,174.0,204.0,214.0,225.0,303.0,303.0,302.0,294.0,279.0,263.0,245.0,247.0,255.0,285.0,299.0,303.0,374.0,397.0,385.0,294.0,201.0,192.0,180.0,159.0,109.0,146.0,282.0,351.0,237.0,82.0,62.0,2149.0,303.0,172.0,131.0,258.0,223.0,258.0,211.0,2792.0,397.0,96.0,45.0,1076.0,414.0,1076.0,448.0,97.0,144.0,136.0,117.0,91.0,71.0,61.0,62.0,68.0,104.0,125.0,142.0,1225.0,1.0,1.0,14.0,1.0,351.0,7722.0,28.0,0,1,0,0,0,0,0,0,0,0,0,0,0,0,0,0,0,0,0,0,0,0,1,0,0,0,0,0,0,0,0,0,0,0,0,0,0,0,0,0,0,0,0,1,0,0,0,0,0,0,0,0,0,0,1,0,0,0,0,0,0,0,0,0,0,0,0,0,0,0.0,0
225.0,225.0,221.0,209.0,190.0,174.0,172.0,171.0,173.0,204.0,215.0,225.0,302.5,303.0,302.0,293.0,278.0,261.0,242.0,245.0,254.0,286.0,297.0,302.0,371.0,389.0,407.0,298.0,211.0,207.0,198.0,172.0,110.0,150.0,273.0,353.0,237.0,80.0,61.0,2220.0,303.0,171.0,132.0,258.0,222.0,258.0,209.0,2861.0,407.0,93.0,44.0,1094.0,432.0,1094.0,480.0,94.0,145.0,138.0,118.0,92.0,71.0,60.0,61.0,67.0,105.0,125.0,141.0,1222.0,1.0,1.0,60.0,5.0,158.0,7521.0,3.0,0,1,0,0,0,0,0,0,0,0,0,0,0,0,0,0,0,1,0,0,0,0,0,0,0,0,0,0,0,0,0,0,0,0,0,0,0,0,0,0,0,0,0,1,0,0,0,0,0,0,0,0,0,0,1,0,0,0,0,0,0,0,0,0,0,0,0,0,0,0.0,0
224.0,224.0,220.0,207.0,189.0,173.0,171.0,172.0,175.0,204.0,214.0,224.0,303.0,303.0,302.0,294.0,279.0,263.0,244.0,246.0,255.0,285.0,298.0,303.0,374.0,397.0,387.0,296.0,204.0,194.0,182.0,160.0,110.0,146.0,283.0,351.0,237.0,82.0,62.0,2165.0,303.0,171.0,132.0,258.0,222.0,258.0,210.0,2806.0,397.0,96.0,44.0,1080.0,416.0,1080.0,452.0,95.0,144.0,137.0,117.0,92.0,72.0,60.0,61.0,69.0,104.0,125.0,141.0,1223.0,0.0,0.0,17.0,1.0,294.0,7703.0,100.0,1,0,0,0,0,0,0,0,0,0,0,0,0,0,0,0,0,0,0,0,0,0,1,0,0,0,0,0,0,0,0,0,0,0,0,0,0,0,0,0,0,0,1,0,0,0,0,0,0,0,0,0,0,0,1,0,0,0,0,0,0,0,0,0,0,0,0,0,0,0.0,0
224.0,224.0,220.0,207.0,189.0,173.0,171.0,172.0,175.0,204.0,214.0,224.0,303.0,303.0,302.0,294.0,279.0,263.0,244.0,246.0,255.0,285.0,298.0,303.0,374.0,397.0,387.0,296.0,204.0,194.0,182.0,160.0,110.0,146.0,283.0,351.0,237.0,82.0,62.0,2165.0,303.0,171.0,132.0,258.0,222.0,258.0,210.0,2806.0,397.0,96.0,44.0,1080.0,416.0,1080.0,452.0,95.0,144.0,137.0,117.0,92.0,72.0,60.0,61.0,69.0,104.0,125.0,141.0,1223.0,0.0,0.0,17.0,1.0,294.0,7703.0,100.0,1,0,0,0,0,0,0,0,0,0,0,0,0,0,0,0,0,0,0,0,0,0,1,0,0,0,0,0,0,0,0,0,0,0,0,0,0,0,0,0,0,0,1,0,0,0,0,0,0,0,0,0,0,0,1,0,0,0,0,0,0,0,0,0,0,0,0,0,0,0.0,0
228.5,228.0,224.0,213.0,194.0,178.0,176.0,175.0,177.0,208.0,219.0,229.0,303.0,303.0,302.0,293.0,277.0,261.0,243.0,245.0,254.0,286.0,297.0,303.0,373.5,394.0,420.0,316.0,227.0,222.0,214.0,181.0,115.0,149.0,279.0,353.0,239.0,77.0,60.0,2210.0,303.0,175.0,128.0,260.0,224.0,260.0,211.0,2967.0,420.0,97.0,42.0,1130.0,445.0,1130.0,510.0,96.0,148.0,140.0,120.0,93.0,72.0,61.0,62.0,68.0,107.0,128.0,145.0,1246.0,0.0,0.0,15.0,1.0,322.0,7702.0,0.0,1,0,0,0,0,0,0,0,0,0,0,0,0,0,0,0,0,0,0,0,0,0,1,0,0,0,0,0,0,0,0,0,0,0,0,0,0,0,0,0,0,0,0,1,0,0,0,0,0,0,0,0,0,0,1,0,0,0,0,0,0,0,0,0,0,0,0,0,0,0.0,0
227.0,227.0,223.0,214.0,194.0,179.0,179.0,180.0,183.0,208.0,220.0,227.0,296.5,297.0,292.0,287.0,272.0,256.0,242.0,242.0,250.0,279.0,291.0,296.0,406.5,417.0,444.0,426.0,291.0,278.0,270.0,209.0,132.0,138.0,266.0,396.0,237.0,70.0,59.0,2015.0,297.0,179.0,118.0,256.0,223.0,256.0,212.0,3363.0,444.0,96.0,43.0,1287.0,479.0,1287.0,611.0,96.0,142.0,131.0,117.0,91.0,71.0,63.0,64.0,70.0,103.0,124.0,138.0,1216.0,0.0,1.0,14.0,7.0,145.0,7521.0,5.0,1,0,0,0,0,0,0,0,0,0,0,0,0,0,0,0,1,0,0,0,0,0,0,0,0,0,0,0,0,0,0,0,0,0,0,0,0,0,0,0,0,0,0,1,0,0,0,0,0,0,0,0,0,0,1,0,0,0,0,0,0,0,0,0,0,0,0,0,0,0.0,0
191.0,191.0,189.0,185.0,167.0,147.0,144.0,146.0,149.0,176.0,185.0,191.0,283.0,283.0,281.0,282.0,274.0,265.0,246.0,250.0,260.0,285.0,284.0,283.0,269.5,267.0,216.0,110.0,42.0,35.0,40.0,36.0,24.0,91.0,239.0,272.0,220.0,103.0,73.0,1609.0,285.0,144.0,141.0,234.0,199.0,235.0,199.0,1412.0,272.0,24.0,84.0,602.0,100.0,593.0,100.0,87.0,108.0,104.0,99.0,83.0,68.0,58.0,60.0,67.0,93.0,100.0,106.0,1040.0,211.0,7.0,648.0,26.0,177.0,7594.0,90.0,0,1,0,0,0,0,0,0,0,0,1,0,0,0,0,0,0,0,0,0,0,0,0,0,0,0,0,0,0,0,0,0,0,0,0,0,0,0,0,0,0,1,0,0,0,0,0,0,0,1,0,0,0,0,0,0,0,0,0,0,0,0,0,0,0,0,0,0,0,0.0,0
191.0,191.0,189.0,185.0,167.0,147.0,144.0,146.0,149.0,176.0,185.0,191.0,283.0,283.0,281.0,282.0,274.0,265.0,246.0,250.0,260.0,285.0,284.0,283.0,269.5,267.0,216.0,110.0,42.0,35.0,40.0,36.0,24.0,91.0,239.0,272.0,220.0,103.0,73.0,1609.0,285.0,144.0,141.0,234.0,199.0,235.0,199.0,1412.0,272.0,24.0,84.0,602.0,100.0,593.0,100.0,87.0,108.0,104.0,99.0,83.0,68.0,58.0,60.0,67.0,93.0,100.0,106.0,1040.0,211.0,7.0,648.0,26.0,177.0,7594.0,90.0,0,1,0,0,0,0,0,0,0,0,1,0,0,0,0,0,0,0,0,0,0,0,0,0,0,0,0,0,0,0,0,0,0,0,0,0,0,0,0,0,0,1,0,0,0,0,0,0,0,1,0,0,0,0,0,0,0,0,0,0,0,0,0,0,0,0,0,0,0,0.0,0
223.0,223.0,220.0,210.0,192.0,177.0,178.0,176.0,178.0,200.0,217.0,223.0,306.5,307.0,305.0,295.0,279.0,264.0,243.0,244.0,254.0,293.0,300.0,306.0,384.5,400.0,436.0,415.0,286.0,237.0,250.0,190.0,106.0,125.0,284.0,369.0,239.0,81.0,62.0,2148.0,307.0,176.0,131.0,260.0,224.0,260.0,212.0,3174.0,436.0,76.0,46.0,1251.0,421.0,1251.0,546.0,98.0,145.0,138.0,119.0,93.0,74.0,63.0,62.0,69.0,107.0,128.0,142.0,1244.0,22.0,1.0,6.0,1.0,161.0,7770.0,23.0,1,0,0,0,0,0,0,0,0,0,0,0,0,0,0,0,0,0,0,0,0,0,1,0,0,0,0,0,0,0,0,0,0,0,0,0,0,0,0,0,0,0,0,1,0,0,0,0,0,0,0,0,0,0,1,0,0,0,0,0,0,0,0,0,0,0,0,0,0,0.0,0
229.5,229.0,227.0,217.0,199.0,184.0,183.0,183.0,187.0,213.0,224.0,230.0,296.5,296.0,292.0,286.0,272.0,256.0,242.0,242.0,250.0,280.0,292.0,297.0,396.0,415.0,455.0,417.0,291.0,271.0,263.0,198.0,127.0,129.0,259.0,377.0,239.0,66.0,58.0,2001.0,297.0,183.0,114.0,257.0,225.0,257.0,214.0,3292.0,455.0,90.0,44.0,1287.0,454.0,1287.0,588.0,98.0,142.0,134.0,118.0,93.0,73.0,64.0,64.0,71.0,107.0,127.0,141.0,1238.0,8.0,1.0,4.0,1.0,168.0,7670.0,0.0,1,0,0,0,0,0,0,0,0,0,0,0,0,0,0,0,0,0,0,0,0,0,1,0,0,0,0,0,0,0,0,0,0,0,0,0,0,0,0,0,0,0,0,1,0,0,0,0,0,0,0,0,0,0,1,0,0,0,0,0,0,0,0,0,0,0,0,0,0,0.0,0
229.0,229.0,226.0,216.0,198.0,183.0,182.0,182.0,187.0,212.0,223.0,229.0,298.0,298.0,293.0,287.0,272.0,256.0,243.0,244.0,251.0,282.0,293.0,298.0,387.5,403.0,439.0,392.0,269.0,256.0,246.0,187.0,123.0,126.0,252.0,372.0,239.0,68.0,58.0,2008.0,298.0,182.0,116.0,258.0,226.0,258.0,214.0,3153.0,439.0,88.0,44.0,1234.0,436.0,1234.0,556.0,98.0,144.0,134.0,118.0,93.0,73.0,64.0,65.0,72.0,107.0,127.0,141.0,1240.0,10.0,1.0,19.0,1.0,111.0,7712.0,99.0,1,0,0,0,0,0,0,0,0,0,0,0,0,0,0,0,1,0,0,0,0,0,0,0,0,0,0,0,0,0,0,0,0,0,0,0,0,0,0,0,0,0,0,1,0,0,0,0,0,0,0,0,0,0,1,0,0,0,0,0,0,0,0,0,0,0,0,0,0,0.0,0
230.0,230.0,228.0,218.0,200.0,185.0,183.0,183.0,188.0,213.0,224.0,230.0,297.0,297.0,292.0,286.0,272.0,255.0,242.0,242.0,250.0,280.0,291.0,297.0,394.5,415.0,457.0,415.0,293.0,271.0,263.0,196.0,126.0,127.0,258.0,374.0,239.0,65.0,57.0,2012.0,297.0,183.0,114.0,258.0,226.0,258.0,214.0,3283.0,457.0,88.0,45.0,1287.0,449.0,1287.0,585.0,97.0,144.0,135.0,119.0,94.0,73.0,64.0,64.0,72.0,107.0,127.0,141.0,1241.0,9.0,1.0,9.0,1.0,121.0,7701.0,0.0,1,0,0,0,0,0,0,0,0,0,0,0,0,0,0,0,0,0,0,0,0,0,1,0,0,0,0,0,0,0,0,0,0,0,0,0,0,0,0,0,0,0,0,1,0,0,0,0,0,0,0,0,0,0,1,0,0,0,0,0,0,0,0,0,0,0,0,0,0,0.0,0
224.0,224.0,222.0,211.0,193.0,179.0,176.0,175.0,180.0,203.0,218.0,224.0,308.0,308.0,306.0,298.0,283.0,267.0,250.0,250.0,258.0,294.0,302.0,308.0,354.5,358.0,376.0,303.0,187.0,186.0,180.0,147.0,94.0,114.0,250.0,351.0,241.0,84.0,63.0,2098.0,308.0,175.0,133.0,261.0,226.0,261.0,214.0,2624.0,376.0,78.0,48.0,1037.0,355.0,1037.0,421.0,100.0,147.0,141.0,122.0,96.0,76.0,64.0,64.0,71.0,109.0,130.0,144.0,1268.0,22.0,1.0,60.0,5.0,124.0,7634.0,6.0,0,1,0,0,0,0,0,0,0,0,0,0,0,0,0,0,0,0,0,0,1,0,0,0,0,0,0,0,0,0,0,0,0,0,0,0,0,0,0,0,0,0,0,1,0,0,0,0,0,0,0,0,0,0,1,0,0,0,0,0,0,0,0,0,0,0,0,0,0,0.0,0
225.0,225.0,222.0,213.0,193.0,179.0,177.0,176.0,181.0,204.0,219.0,225.0,308.0,308.0,305.0,299.0,284.0,266.0,251.0,252.0,259.0,294.0,302.0,308.0,350.5,353.0,372.0,296.0,181.0,185.0,177.0,146.0,95.0,113.0,246.0,348.0,242.0,83.0,63.0,2081.0,308.0,176.0,132.0,262.0,227.0,262.0,216.0,2592.0,372.0,80.0,48.0,1021.0,354.0,1021.0,418.0,99.0,148.0,140.0,124.0,96.0,75.0,65.0,65.0,72.0,109.0,131.0,145.0,1275.0,19.0,1.0,35.0,6.0,253.0,7653.0,4.0,0,0,0,0,0,0,0,0,1,0,0,0,0,0,0,1,0,0,0,0,0,0,0,0,0,0,0,0,0,0,0,0,0,0,0,0,0,0,0,0,0,0,0,1,0,0,0,0,0,0,0,0,0,0,1,0,0,0,0,0,0,0,0,0,0,0,0,0,0,0.0,0
230.0,229.0,227.0,217.0,199.0,184.0,183.0,182.0,187.0,212.0,223.0,231.0,298.5,298.0,293.0,287.0,273.0,256.0,244.0,243.0,250.0,281.0,292.0,299.0,385.5,403.0,443.0,393.0,272.0,257.0,248.0,187.0,123.0,124.0,251.0,368.0,239.0,67.0,57.0,2017.0,299.0,182.0,117.0,258.0,225.0,258.0,214.0,3156.0,443.0,87.0,45.0,1239.0,434.0,1239.0,558.0,98.0,144.0,135.0,119.0,94.0,73.0,65.0,64.0,71.0,107.0,127.0,143.0,1244.0,11.0,1.0,13.0,1.0,213.0,7688.0,59.0,1,0,0,0,0,0,0,0,0,0,0,0,0,0,0,0,0,0,0,0,0,0,1,0,0,0,0,0,0,0,0,0,0,0,0,0,0,0,0,0,0,0,0,1,0,0,0,0,0,0,0,0,0,0,1,0,0,0,0,0,0,0,0,0,0,0,0,0,0,0.0,0
230.0,229.0,227.0,217.0,199.0,184.0,183.0,182.0,187.0,212.0,223.0,231.0,298.5,298.0,293.0,287.0,273.0,256.0,244.0,243.0,250.0,281.0,292.0,299.0,385.5,403.0,443.0,393.0,272.0,257.0,248.0,187.0,123.0,124.0,251.0,368.0,239.0,67.0,57.0,2017.0,299.0,182.0,117.0,258.0,225.0,258.0,214.0,3156.0,443.0,87.0,45.0,1239.0,434.0,1239.0,558.0,98.0,144.0,135.0,119.0,94.0,73.0,65.0,64.0,71.0,107.0,127.0,143.0,1244.0,11.0,1.0,13.0,1.0,213.0,7688.0,59.0,1,0,0,0,0,0,0,0,0,0,0,0,0,0,0,0,0,0,0,0,0,0,1,0,0,0,0,0,0,0,0,0,0,0,0,0,0,0,0,0,0,0,0,1,0,0,0,0,0,0,0,0,0,0,1,0,0,0,0,0,0,0,0,0,0,0,0,0,0,0.0,0
230.0,229.0,227.0,217.0,199.0,184.0,183.0,182.0,187.0,212.0,223.0,231.0,298.5,298.0,293.0,287.0,273.0,256.0,244.0,243.0,250.0,281.0,292.0,299.0,385.5,403.0,443.0,393.0,272.0,257.0,248.0,187.0,123.0,124.0,251.0,368.0,239.0,67.0,57.0,2017.0,299.0,182.0,117.0,258.0,225.0,258.0,214.0,3156.0,443.0,87.0,45.0,1239.0,434.0,1239.0,558.0,98.0,144.0,135.0,119.0,94.0,73.0,65.0,64.0,71.0,107.0,127.0,143.0,1244.0,11.0,1.0,13.0,1.0,213.0,7688.0,59.0,1,0,0,0,0,0,0,0,0,0,0,0,0,0,0,0,0,0,0,0,0,0,1,0,0,0,0,0,0,0,0,0,0,0,0,0,0,0,0,0,0,0,0,1,0,0,0,0,0,0,0,0,0,0,1,0,0,0,0,0,0,0,0,0,0,0,0,0,0,0.0,0
225.5,225.0,223.0,213.0,194.0,180.0,178.0,177.0,182.0,205.0,220.0,226.0,309.0,309.0,306.0,299.0,284.0,267.0,252.0,253.0,260.0,294.0,302.0,309.0,349.0,351.0,373.0,298.0,182.0,188.0,180.0,148.0,96.0,113.0,244.0,347.0,242.0,83.0,63.0,2063.0,309.0,177.0,132.0,262.0,228.0,262.0,217.0,2601.0,373.0,81.0,47.0,1022.0,357.0,1022.0,424.0,101.0,149.0,141.0,124.0,97.0,76.0,66.0,65.0,73.0,110.0,131.0,147.0,1285.0,20.0,1.0,25.0,4.0,97.0,7733.0,18.0,0,0,0,0,0,0,0,0,1,0,0,0,0,0,0,0,0,0,0,0,0,0,1,0,0,0,0,0,0,0,0,0,0,0,0,0,0,0,0,0,0,0,0,1,0,0,0,0,0,0,0,0,0,0,1,0,0,0,0,0,0,0,0,0,0,0,0,0,0,0.0,0
230.5,230.0,228.0,218.0,199.0,185.0,184.0,183.0,189.0,214.0,224.0,231.0,299.5,299.0,295.0,289.0,274.0,258.0,246.0,246.0,253.0,283.0,293.0,300.0,379.5,395.0,435.0,379.0,259.0,249.0,238.0,181.0,121.0,122.0,247.0,364.0,241.0,68.0,58.0,1986.0,300.0,183.0,117.0,259.0,228.0,259.0,216.0,3077.0,435.0,87.0,45.0,1209.0,424.0,1209.0,540.0,99.0,145.0,137.0,120.0,94.0,74.0,66.0,65.0,73.0,109.0,128.0,144.0,1260.0,12.0,1.0,142.0,5.0,201.0,7635.0,18.0,1,0,0,0,0,0,0,0,0,0,0,0,0,0,0,0,0,0,0,0,0,0,1,0,0,0,0,0,0,0,0,0,0,0,0,0,0,0,0,0,0,0,0,0,0,0,1,0,0,0,0,0,0,0,1,0,0,0,0,0,0,0,0,0,0,0,0,0,0,0.0,0
230.5,230.0,228.0,218.0,199.0,185.0,184.0,183.0,189.0,214.0,224.0,231.0,299.5,299.0,295.0,289.0,274.0,258.0,246.0,246.0,253.0,283.0,293.0,300.0,379.5,395.0,435.0,379.0,259.0,249.0,238.0,181.0,121.0,122.0,247.0,364.0,241.0,68.0,58.0,1986.0,300.0,183.0,117.0,259.0,228.0,259.0,216.0,3077.0,435.0,87.0,45.0,1209.0,424.0,1209.0,540.0,99.0,145.0,137.0,120.0,94.0,74.0,66.0,65.0,73.0,109.0,128.0,144.0,1260.0,12.0,1.0,142.0,5.0,201.0,7635.0,18.0,1,0,0,0,0,0,0,0,0,0,0,0,0,0,0,0,0,0,0,0,0,0,1,0,0,0,0,0,0,0,0,0,0,0,0,0,0,0,0,0,0,0,0,0,0,0,1,0,0,0,0,0,0,0,1,0,0,0,0,0,0,0,0,0,0,0,0,0,0,0.0,0
230.5,230.0,228.0,217.0,199.0,185.0,184.0,184.0,188.0,214.0,224.0,231.0,299.5,299.0,294.0,289.0,274.0,257.0,246.0,246.0,252.0,284.0,293.0,300.0,378.5,394.0,433.0,377.0,257.0,248.0,237.0,180.0,120.0,121.0,247.0,363.0,240.0,68.0,58.0,1989.0,300.0,184.0,116.0,259.0,228.0,259.0,216.0,3064.0,433.0,87.0,45.0,1204.0,421.0,1204.0,537.0,99.0,145.0,136.0,120.0,94.0,74.0,66.0,66.0,72.0,110.0,128.0,144.0,1259.0,12.0,1.0,6.0,1.0,253.0,7635.0,9.0,1,0,0,0,0,0,0,0,0,0,0,0,0,0,0,0,0,0,0,0,0,0,1,0,0,0,0,0,0,0,0,0,0,0,0,0,0,0,0,0,0,0,0,1,0,0,0,0,0,0,0,0,0,0,1,0,0,0,0,0,0,0,0,0,0,0,0,0,0,0.0,0
230.5,230.0,228.0,218.0,200.0,186.0,184.0,184.0,188.0,214.0,224.0,231.0,299.5,299.0,294.0,289.0,274.0,258.0,246.0,246.0,251.0,283.0,293.0,300.0,377.5,394.0,435.0,378.0,258.0,249.0,238.0,181.0,120.0,121.0,246.0,361.0,241.0,68.0,58.0,1983.0,300.0,184.0,116.0,259.0,227.0,259.0,216.0,3068.0,435.0,87.0,45.0,1207.0,422.0,1207.0,539.0,99.0,145.0,136.0,120.0,94.0,75.0,66.0,66.0,72.0,109.0,128.0,144.0,1260.0,12.0,1.0,142.0,5.0,201.0,7635.0,18.0,1,0,0,0,0,0,0,0,0,0,0,0,0,0,0,0,0,0,0,0,0,0,1,0,0,0,0,0,0,0,0,0,0,0,0,0,0,0,0,0,0,0,0,0,0,0,1,0,0,0,0,0,0,0,1,0,0,0,0,0,0,0,0,0,0,0,0,0,0,0.0,0
230.0,230.0,228.0,218.0,200.0,185.0,183.0,183.0,188.0,213.0,224.0,230.0,301.0,301.0,296.0,290.0,276.0,258.0,247.0,247.0,253.0,284.0,294.0,301.0,362.0,375.0,417.0,350.0,233.0,234.0,221.0,171.0,116.0,115.0,239.0,349.0,241.0,69.0,59.0,2005.0,301.0,183.0,118.0,260.0,228.0,260.0,216.0,2907.0,417.0,87.0,45.0,1142.0,402.0,1142.0,508.0,99.0,147.0,138.0,121.0,96.0,74.0,66.0,66.0,73.0,109.0,129.0,144.0,1265.0,12.0,1.0,12.0,3.0,358.0,7748.0,3.0,0,1,0,0,0,0,0,0,0,0,0,0,0,0,0,0,0,0,0,0,1,0,0,0,0,0,0,0,0,0,0,0,0,0,0,0,1,0,0,0,0,0,0,0,0,0,0,0,0,0,0,0,0,0,1,0,0,0,0,0,0,0,0,0,0,0,0,0,0,0.0,0
230.5,230.0,229.0,218.0,200.0,186.0,183.0,182.0,188.0,213.0,224.0,231.0,303.5,303.0,299.0,293.0,279.0,262.0,250.0,250.0,255.0,286.0,296.0,304.0,352.0,361.0,401.0,329.0,213.0,224.0,209.0,165.0,113.0,113.0,234.0,343.0,242.0,72.0,59.0,2006.0,304.0,182.0,122.0,262.0,229.0,262.0,218.0,2793.0,401.0,88.0,44.0,1091.0,391.0,1091.0,487.0,100.0,148.0,141.0,123.0,97.0,76.0,67.0,66.0,73.0,110.0,130.0,147.0,1284.0,12.0,1.0,8.0,1.0,43.0,7748.0,0.0,0,1,0,0,0,0,0,0,0,0,0,0,0,0,0,0,0,0,0,0,0,0,1,0,0,0,0,0,0,0,0,0,0,0,0,0,1,0,0,0,0,0,0,0,0,0,0,0,0,0,0,0,0,0,1,0,0,0,0,0,0,0,0,0,0,0,0,0,0,0.0,0
212.5,213.0,211.0,203.0,186.0,172.0,168.0,165.0,168.0,191.0,205.0,212.0,297.5,298.0,296.0,287.0,273.0,258.0,234.0,236.0,245.0,282.0,290.0,297.0,333.5,342.0,373.0,347.0,227.0,213.0,216.0,174.0,105.0,117.0,254.0,325.0,230.0,82.0,61.0,2119.0,298.0,165.0,133.0,251.0,214.0,251.0,202.0,2768.0,373.0,75.0,43.0,1062.0,396.0,1062.0,495.0,88.0,131.0,126.0,111.0,89.0,72.0,58.0,58.0,64.0,97.0,114.0,127.0,1141.0,13.0,1.0,263.0,23.0,160.0,6731.0,12.0,0,1,0,0,0,0,0,0,0,0,0,0,0,0,0,0,0,1,0,0,0,0,0,0,0,0,0,0,0,0,0,0,0,0,0,0,0,0,0,0,0,1,0,0,0,0,0,0,0,0,0,0,0,0,1,0,0,0,0,0,0,0,0,0,0,0,0,0,0,0.0,0
226.5,227.0,228.0,221.0,206.0,190.0,183.0,180.0,185.0,209.0,221.0,226.0,306.5,308.0,306.0,297.0,287.0,274.0,263.0,261.0,269.0,290.0,302.0,305.0,232.0,208.0,220.0,214.0,103.0,114.0,137.0,152.0,84.0,77.0,144.0,256.0,246.0,80.0,63.0,1791.0,308.0,180.0,128.0,264.0,246.0,264.0,223.0,1789.0,256.0,77.0,41.0,642.0,305.0,642.0,373.0,101.0,149.0,145.0,128.0,106.0,84.0,73.0,70.0,79.0,109.0,132.0,143.0,1322.0,57.0,3.0,19.0,1.0,160.0,7809.0,47.0,0,0,0,0,0,0,0,1,0,0,0,0,0,0,0,0,0,0,0,0,0,0,1,0,0,0,0,0,0,0,0,0,0,0,0,0,1,0,0,0,0,0,0,0,0,0,0,0,0,0,0,0,0,0,1,0,0,0,0,0,0,0,0,0,0,0,0,0,0,0.0,0
211.0,210.0,206.0,192.0,161.0,144.0,140.0,144.0,154.0,193.0,203.0,212.0,297.0,297.0,291.0,283.0,267.0,251.0,237.0,242.0,253.0,288.0,296.0,297.0,391.0,390.0,396.0,148.0,90.0,101.0,103.0,105.0,78.0,172.0,232.0,392.0,225.0,95.0,60.0,2510.0,297.0,140.0,157.0,246.0,195.0,248.0,193.0,2276.0,396.0,69.0,68.0,934.0,286.0,796.0,309.0,95.0,133.0,122.0,104.0,75.0,57.0,49.0,52.0,62.0,102.0,118.0,131.0,1104.0,26.0,1.0,201.0,15.0,48.0,7777.0,0.0,0,1,0,0,0,0,0,0,0,0,0,0,0,0,0,1,0,0,0,0,0,0,0,0,0,0,0,0,0,0,0,0,0,0,0,0,0,0,0,0,0,0,0,1,0,0,0,0,0,0,0,0,0,0,0,0,0,0,1,0,0,0,0,0,0,0,0,0,0,0.03,1
214.0,213.0,209.0,196.0,164.0,147.0,143.0,147.0,157.0,196.0,206.0,215.0,300.0,300.0,293.0,285.0,269.0,254.0,240.0,244.0,255.0,289.0,299.0,300.0,386.5,387.0,393.0,142.0,85.0,97.0,102.0,106.0,78.0,173.0,222.0,386.0,228.0,94.0,60.0,2512.0,300.0,143.0,157.0,249.0,202.0,250.0,195.0,2241.0,393.0,70.0,68.0,922.0,284.0,781.0,305.0,97.0,137.0,125.0,107.0,76.0,59.0,50.0,53.0,63.0,103.0,122.0,135.0,1131.0,27.0,1.0,92.0,13.0,173.0,6717.0,16.0,0,1,0,0,0,0,0,0,0,0,0,0,0,0,0,1,0,0,0,0,0,0,0,0,0,0,0,0,0,0,0,0,0,0,0,0,0,0,0,0,0,0,0,1,0,0,0,0,0,0,0,0,0,0,0,0,0,0,1,0,0,0,0,0,0,0,0,0,0,0.03,1
226.5,226.0,220.0,209.0,187.0,172.0,170.0,167.0,174.0,205.0,219.0,227.0,301.5,302.0,300.0,291.0,279.0,263.0,248.0,249.0,257.0,286.0,297.0,301.0,384.0,408.0,493.0,248.0,190.0,227.0,189.0,170.0,119.0,136.0,238.0,360.0,237.0,82.0,60.0,2174.0,302.0,167.0,135.0,258.0,223.0,258.0,210.0,2855.0,493.0,77.0,51.0,1149.0,425.0,1149.0,478.0,97.0,146.0,136.0,116.0,90.0,71.0,61.0,60.0,69.0,105.0,128.0,143.0,1228.0,20.0,1.0,37.0,3.0,221.0,7501.0,0.0,0,1,0,0,0,0,0,0,0,0,0,0,0,0,0,0,0,1,0,0,0,0,0,0,0,0,0,0,0,0,0,0,0,0,0,0,1,0,0,0,0,0,0,0,0,0,0,0,0,0,0,0,0,0,1,0,0,0,0,0,0,0,0,0,0,0,0,0,0,0.03,1
221.5,221.0,215.0,204.0,182.0,166.0,164.0,161.0,167.0,199.0,213.0,222.0,301.0,301.0,298.0,289.0,276.0,260.0,242.0,244.0,255.0,288.0,296.0,301.0,383.0,402.0,498.0,225.0,163.0,200.0,179.0,162.0,113.0,138.0,243.0,364.0,234.0,85.0,61.0,2270.0,301.0,161.0,140.0,254.0,219.0,254.0,205.0,2762.0,498.0,75.0,55.0,1125.0,413.0,1125.0,454.0,94.0,141.0,131.0,112.0,87.0,68.0,57.0,57.0,66.0,104.0,123.0,139.0,1186.0,19.0,1.0,143.0,10.0,274.0,7580.0,99.0,0,1,0,0,0,0,0,0,0,0,0,0,0,0,0,0,0,1,0,0,0,0,0,0,0,0,0,0,0,0,0,0,0,0,0,0,0,0,0,0,0,1,0,0,0,0,0,0,0,0,0,0,0,0,1,0,0,0,0,0,0,0,0,0,0,0,0,0,0,0.03,1
177.0,178.0,173.0,156.0,132.0,119.0,115.0,118.0,120.0,150.0,164.0,176.0,270.0,272.0,275.0,265.0,250.0,229.0,200.0,209.0,222.0,266.0,274.0,268.0,270.5,264.0,224.0,88.0,49.0,55.0,58.0,54.0,28.0,107.0,212.0,277.0,196.0,103.0,64.0,2513.0,275.0,115.0,160.0,216.0,164.0,219.0,164.0,1455.0,277.0,28.0,77.0,596.0,140.0,576.0,140.0,70.0,103.0,100.0,84.0,66.0,52.0,41.0,45.0,50.0,79.0,92.0,98.0,886.0,71.0,3.0,908.0,18.0,148.0,7058.0,85.0,0,1,0,0,0,0,0,0,0,0,1,0,0,0,0,0,0,0,0,0,0,0,0,0,0,0,0,0,0,0,0,0,0,0,0,0,0,0,0,0,0,1,0,0,0,0,0,0,0,0,0,0,0,0,1,0,0,0,0,0,0,0,0,0,0,0,0,0,0,0.03,1
220.0,220.0,217.0,205.0,184.0,168.0,164.0,162.0,164.0,196.0,210.0,220.0,301.0,301.0,303.0,291.0,278.0,258.0,237.0,240.0,252.0,285.0,296.0,301.0,365.5,374.0,402.0,257.0,178.0,185.0,176.0,155.0,95.0,151.0,254.0,357.0,233.0,85.0,60.0,2362.0,303.0,162.0,141.0,256.0,216.0,256.0,203.0,2665.0,402.0,81.0,48.0,1033.0,401.0,1033.0,426.0,90.0,140.0,136.0,114.0,90.0,68.0,56.0,56.0,64.0,100.0,121.0,137.0,1179.0,9.0,1.0,270.0,13.0,161.0,7330.0,2.0,0,1,0,0,0,0,0,0,0,0,0,0,0,0,0,1,0,0,0,0,0,0,0,0,0,0,0,0,0,0,0,0,0,0,0,0,0,0,0,0,0,0,0,1,0,0,0,0,0,0,0,0,0,0,1,0,0,0,0,0,0,0,0,0,0,0,0,0,0,0.03,1
229.5,229.0,224.0,215.0,196.0,179.0,176.0,173.0,177.0,207.0,222.0,230.0,304.5,304.0,301.0,292.0,278.0,261.0,245.0,249.0,260.0,291.0,300.0,305.0,387.0,391.0,460.0,295.0,214.0,229.0,224.0,186.0,115.0,157.0,272.0,383.0,240.0,78.0,59.0,2196.0,305.0,173.0,132.0,260.0,226.0,260.0,213.0,3019.0,460.0,93.0,45.0,1146.0,458.0,1146.0,525.0,99.0,150.0,139.0,121.0,94.0,72.0,61.0,62.0,71.0,109.0,132.0,148.0,1264.0,6.0,1.0,15.0,1.0,269.0,7648.0,0.0,0,1,0,0,0,0,0,0,0,0,0,0,0,0,0,0,0,1,0,0,0,0,0,0,0,0,0,0,0,0,1,0,0,0,0,0,0,0,0,0,0,0,0,0,0,0,0,0,0,0,0,0,0,0,1,0,0,0,0,0,0,0,0,0,0,0,0,0,0,0.03,1
223.5,223.0,219.0,208.0,188.0,172.0,169.0,166.0,169.0,199.0,214.0,224.0,302.5,302.0,302.0,291.0,278.0,260.0,241.0,243.0,255.0,287.0,297.0,303.0,376.5,385.0,426.0,289.0,205.0,210.0,199.0,174.0,107.0,156.0,257.0,368.0,235.0,83.0,60.0,2276.0,303.0,166.0,137.0,257.0,219.0,257.0,207.0,2863.0,426.0,87.0,45.0,1100.0,437.0,1100.0,480.0,94.0,143.0,136.0,116.0,91.0,70.0,59.0,58.0,66.0,103.0,124.0,141.0,1207.0,7.0,1.0,184.0,7.0,303.0,7773.0,2.0,0,1,0,0,0,0,0,0,0,0,0,0,0,0,0,0,0,1,0,0,0,0,0,0,0,0,0,0,0,0,0,0,0,0,0,0,0,0,0,0,0,0,0,1,0,0,0,0,0,0,0,0,0,0,1,0,0,0,0,0,0,0,0,0,0,0,0,0,0,0.03,1
230.0,230.0,224.0,216.0,197.0,180.0,176.0,173.0,178.0,209.0,223.0,230.0,303.0,303.0,299.0,290.0,277.0,259.0,243.0,247.0,257.0,289.0,296.0,303.0,381.0,394.0,498.0,270.0,208.0,238.0,224.0,188.0,121.0,146.0,256.0,368.0,240.0,75.0,58.0,2202.0,303.0,173.0,130.0,260.0,225.0,260.0,212.0,2999.0,498.0,88.0,47.0,1162.0,455.0,1162.0,533.0,99.0,150.0,138.0,120.0,95.0,72.0,61.0,61.0,70.0,109.0,130.0,146.0,1256.0,11.0,1.0,23.0,1.0,252.0,7622.0,69.0,0,0,0,0,0,0,0,1,0,0,0,0,0,0,0,0,0,0,0,0,0,0,1,0,0,0,0,0,0,0,0,0,0,0,0,0,0,0,0,0,0,0,1,0,0,0,0,0,0,0,0,0,0,0,1,0,0,0,0,0,0,0,0,0,0,0,0,0,0,0.03,1
230.5,230.0,225.0,216.0,197.0,181.0,177.0,173.0,179.0,209.0,224.0,231.0,302.5,303.0,299.0,290.0,277.0,259.0,243.0,247.0,257.0,288.0,296.0,302.0,380.5,394.0,499.0,272.0,211.0,240.0,226.0,189.0,122.0,145.0,256.0,367.0,240.0,75.0,57.0,2193.0,303.0,173.0,130.0,260.0,225.0,260.0,212.0,3010.0,499.0,89.0,47.0,1165.0,456.0,1165.0,537.0,99.0,150.0,139.0,120.0,94.0,72.0,61.0,61.0,70.0,109.0,130.0,146.0,1257.0,10.0,1.0,8.0,3.0,115.0,7582.0,34.0,0,0,0,0,0,0,0,1,0,0,0,0,0,0,0,0,0,0,0,0,0,0,0,0,0,0,0,0,0,1,0,0,0,0,0,0,0,0,0,0,0,0,0,1,0,0,0,0,0,0,0,0,0,0,1,0,0,0,0,0,0,0,0,0,0,0,0,0,0,0.03,1
230.5,230.0,225.0,216.0,197.0,181.0,177.0,173.0,179.0,209.0,224.0,231.0,302.5,303.0,299.0,290.0,277.0,259.0,243.0,247.0,257.0,288.0,296.0,302.0,380.5,394.0,499.0,272.0,211.0,240.0,226.0,189.0,122.0,145.0,256.0,367.0,240.0,75.0,57.0,2193.0,303.0,173.0,130.0,260.0,225.0,260.0,212.0,3010.0,499.0,89.0,47.0,1165.0,456.0,1165.0,537.0,99.0,150.0,139.0,120.0,94.0,72.0,61.0,61.0,70.0,109.0,130.0,146.0,1257.0,10.0,1.0,8.0,3.0,115.0,7582.0,34.0,0,0,0,0,0,0,0,1,0,0,0,0,0,0,0,0,0,0,0,0,0,0,0,0,0,0,0,0,0,1,0,0,0,0,0,0,0,0,0,0,0,0,0,1,0,0,0,0,0,0,0,0,0,0,1,0,0,0,0,0,0,0,0,0,0,0,0,0,0,0.03,1
230.5,230.0,225.0,216.0,197.0,181.0,177.0,173.0,179.0,209.0,224.0,231.0,302.5,303.0,299.0,290.0,277.0,259.0,243.0,247.0,257.0,288.0,296.0,302.0,380.5,394.0,499.0,272.0,211.0,240.0,226.0,189.0,122.0,145.0,256.0,367.0,240.0,75.0,57.0,2193.0,303.0,173.0,130.0,260.0,225.0,260.0,212.0,3010.0,499.0,89.0,47.0,1165.0,456.0,1165.0,537.0,99.0,150.0,139.0,120.0,94.0,72.0,61.0,61.0,70.0,109.0,130.0,146.0,1257.0,10.0,1.0,8.0,3.0,115.0,7582.0,34.0,0,0,0,0,0,0,0,1,0,0,0,0,0,0,0,0,0,0,0,0,0,0,0,0,0,0,0,0,0,1,0,0,0,0,0,0,0,0,0,0,0,0,0,1,0,0,0,0,0,0,0,0,0,0,1,0,0,0,0,0,0,0,0,0,0,0,0,0,0,0.03,1
225.0,225.0,221.0,209.0,190.0,173.0,171.0,169.0,171.0,201.0,215.0,225.0,303.5,303.0,302.0,292.0,278.0,260.0,242.0,244.0,256.0,286.0,297.0,304.0,378.0,388.0,427.0,308.0,219.0,220.0,208.0,182.0,112.0,157.0,258.0,368.0,237.0,81.0,60.0,2255.0,304.0,169.0,135.0,258.0,221.0,258.0,208.0,2937.0,427.0,90.0,44.0,1123.0,451.0,1123.0,502.0,95.0,145.0,138.0,117.0,92.0,70.0,59.0,59.0,67.0,103.0,125.0,143.0,1220.0,5.0,1.0,98.0,2.0,10.0,7681.0,0.0,0,1,0,0,0,0,0,0,0,0,0,0,0,0,0,0,0,1,0,0,0,0,0,0,0,0,0,0,0,0,0,0,0,0,0,0,0,0,0,0,0,0,0,1,0,0,0,0,0,0,0,0,0,0,1,0,0,0,0,0,0,0,0,0,0,0,0,0,0,0.03,1
199.0,199.0,195.0,181.0,159.0,146.0,144.0,145.0,147.0,176.0,188.0,199.0,283.0,284.0,284.0,276.0,261.0,242.0,218.0,223.0,234.0,272.0,283.0,282.0,329.5,332.0,304.0,191.0,116.0,122.0,119.0,104.0,64.0,116.0,235.0,327.0,214.0,89.0,64.0,2319.0,284.0,144.0,140.0,236.0,199.0,236.0,185.0,2090.0,332.0,60.0,57.0,827.0,284.0,827.0,287.0,79.0,116.0,111.0,96.0,75.0,60.0,49.0,51.0,57.0,88.0,103.0,113.0,1004.0,19.0,1.0,483.0,9.0,312.0,7982.0,67.0,0,1,0,0,0,0,0,0,0,0,0,0,0,0,0,1,0,0,0,0,0,0,0,0,0,0,0,0,0,0,0,0,0,0,0,0,0,0,0,0,0,0,0,1,0,0,0,0,0,0,0,0,0,0,1,0,0,0,0,0,0,0,0,0,0,0,0,0,0,0.03,1
223.5,223.0,219.0,207.0,188.0,171.0,169.0,167.0,169.0,199.0,213.0,224.0,302.0,302.0,301.0,291.0,276.0,259.0,240.0,242.0,253.0,284.0,295.0,302.0,372.0,383.0,415.0,293.0,207.0,209.0,199.0,174.0,107.0,154.0,260.0,361.0,235.0,82.0,60.0,2278.0,302.0,167.0,135.0,257.0,219.0,257.0,206.0,2851.0,415.0,89.0,44.0,1091.0,435.0,1091.0,480.0,92.0,143.0,136.0,115.0,90.0,70.0,59.0,58.0,66.0,101.0,122.0,141.0,1198.0,3.0,1.0,183.0,13.0,257.0,7597.0,8.0,0,1,0,0,0,0,0,0,0,0,0,0,0,0,0,0,0,1,0,0,0,0,0,0,0,0,0,0,0,0,0,0,0,0,0,0,0,0,0,0,0,0,0,1,0,0,0,0,0,0,0,0,0,0,1,0,0,0,0,0,0,0,0,0,0,0,0,0,0,0.03,1
224.5,224.0,219.0,209.0,188.0,173.0,170.0,168.0,170.0,201.0,214.0,225.0,301.5,301.0,300.0,291.0,276.0,258.0,239.0,242.0,253.0,285.0,295.0,302.0,375.5,385.0,424.0,302.0,215.0,218.0,209.0,181.0,110.0,156.0,262.0,366.0,235.0,80.0,60.0,2275.0,302.0,168.0,134.0,257.0,219.0,257.0,207.0,2918.0,424.0,90.0,44.0,1111.0,447.0,1111.0,500.0,93.0,143.0,135.0,117.0,90.0,70.0,58.0,59.0,66.0,103.0,123.0,141.0,1203.0,3.0,1.0,163.0,21.0,316.0,7862.0,19.0,0,1,0,0,0,0,0,0,0,0,0,0,0,0,0,0,0,1,0,0,0,0,0,0,0,0,0,0,0,0,0,0,0,0,0,0,0,0,0,0,0,0,0,1,0,0,0,0,0,0,0,0,0,0,1,0,0,0,0,0,0,0,0,0,0,0,0,0,0,0.03,1
227.5,227.0,222.0,213.0,192.0,176.0,174.0,172.0,174.0,204.0,218.0,228.0,303.5,303.0,300.0,291.0,276.0,258.0,243.0,245.0,256.0,287.0,297.0,304.0,386.0,391.0,450.0,326.0,235.0,242.0,235.0,198.0,119.0,160.0,271.0,381.0,238.0,78.0,59.0,2232.0,304.0,172.0,132.0,259.0,223.0,259.0,210.0,3104.0,450.0,96.0,42.0,1167.0,477.0,1167.0,552.0,96.0,147.0,137.0,119.0,92.0,70.0,61.0,61.0,68.0,105.0,127.0,145.0,1234.0,0.0,1.0,50.0,4.0,131.0,7600.0,0.0,0,1,0,0,0,0,0,0,0,0,0,0,0,0,0,0,0,1,0,0,0,0,0,0,0,0,0,0,0,0,0,0,0,0,0,0,0,0,0,0,0,0,0,1,0,0,0,0,0,0,0,0,0,0,1,0,0,0,0,0,0,0,0,0,0,0,0,0,0,0.03,1
222.0,223.0,217.0,205.0,185.0,169.0,168.0,169.0,170.0,200.0,211.0,221.0,302.5,303.0,303.0,294.0,279.0,262.0,243.0,245.0,254.0,285.0,298.0,302.0,366.0,388.0,378.0,273.0,187.0,181.0,169.0,152.0,105.0,149.0,279.0,344.0,235.0,84.0,62.0,2214.0,303.0,168.0,135.0,257.0,220.0,257.0,208.0,2699.0,388.0,94.0,45.0,1039.0,406.0,1039.0,426.0,94.0,144.0,135.0,116.0,90.0,70.0,59.0,60.0,67.0,102.0,123.0,138.0,1203.0,0.0,1.0,46.0,3.0,205.0,7699.0,1.0,0,1,0,0,0,0,0,0,0,0,0,0,0,0,0,0,0,1,0,0,0,0,0,0,0,0,0,0,0,0,0,0,0,0,0,0,0,0,0,0,0,0,0,1,0,0,0,0,0,0,0,0,0,0,1,0,0,0,0,0,0,0,0,0,0,0,0,0,0,0.03,1
222.5,223.0,217.0,206.0,186.0,170.0,168.0,168.0,170.0,201.0,212.0,222.0,302.0,302.0,302.0,294.0,278.0,261.0,242.0,244.0,253.0,285.0,298.0,302.0,366.0,387.0,383.0,276.0,192.0,185.0,175.0,156.0,105.0,148.0,277.0,345.0,235.0,83.0,62.0,2240.0,302.0,168.0,134.0,257.0,220.0,257.0,207.0,2722.0,387.0,93.0,45.0,1046.0,409.0,1046.0,436.0,94.0,143.0,135.0,117.0,90.0,70.0,59.0,60.0,66.0,103.0,124.0,139.0,1203.0,1.0,1.0,85.0,3.0,189.0,7598.0,1.0,0,1,0,0,0,0,0,0,0,0,0,0,0,0,0,1,0,0,0,0,0,0,0,0,0,0,0,0,0,0,0,0,0,0,0,0,0,0,0,0,0,0,0,1,0,0,0,0,0,0,0,0,0,0,1,0,0,0,0,0,0,0,0,0,0,0,0,0,0,0.03,1
221.0,221.0,217.0,205.0,185.0,169.0,169.0,169.0,171.0,201.0,211.0,221.0,301.0,301.0,301.0,293.0,277.0,261.0,242.0,244.0,253.0,284.0,296.0,301.0,370.0,391.0,377.0,283.0,192.0,184.0,173.0,153.0,105.0,145.0,279.0,349.0,235.0,83.0,63.0,2178.0,301.0,169.0,132.0,256.0,220.0,256.0,208.0,2724.0,391.0,93.0,46.0,1051.0,403.0,1051.0,431.0,94.0,140.0,134.0,115.0,89.0,70.0,60.0,60.0,67.0,102.0,121.0,137.0,1196.0,1.0,1.0,55.0,4.0,161.0,7569.0,8.0,0,1,0,0,0,0,0,0,0,0,0,0,0,0,0,0,0,0,0,0,1,0,0,0,0,0,0,0,0,0,0,0,0,0,0,0,0,0,0,0,0,0,0,1,0,0,0,0,0,0,0,0,0,0,1,0,0,0,0,0,0,0,0,0,0,0,0,0,0,0.03,1
224.5,224.0,219.0,207.0,188.0,172.0,172.0,173.0,174.0,204.0,214.0,225.0,303.0,303.0,302.0,294.0,279.0,263.0,245.0,247.0,255.0,285.0,299.0,303.0,374.0,397.0,385.0,294.0,201.0,192.0,180.0,159.0,109.0,146.0,282.0,351.0,237.0,82.0,62.0,2149.0,303.0,172.0,131.0,258.0,223.0,258.0,211.0,2792.0,397.0,96.0,45.0,1076.0,414.0,1076.0,448.0,97.0,144.0,136.0,117.0,91.0,71.0,61.0,62.0,68.0,104.0,125.0,142.0,1225.0,1.0,1.0,14.0,1.0,351.0,7722.0,28.0,0,1,0,0,0,0,0,0,0,0,0,0,0,0,0,0,0,0,0,0,0,0,1,0,0,0,0,0,0,0,0,0,0,0,0,0,0,0,0,0,0,0,0,1,0,0,0,0,0,0,0,0,0,0,1,0,0,0,0,0,0,0,0,0,0,0,0,0,0,0.03,1
224.0,224.0,220.0,207.0,189.0,173.0,171.0,172.0,175.0,204.0,214.0,224.0,303.0,303.0,302.0,294.0,279.0,263.0,244.0,246.0,255.0,285.0,298.0,303.0,374.0,397.0,387.0,296.0,204.0,194.0,182.0,160.0,110.0,146.0,283.0,351.0,237.0,82.0,62.0,2165.0,303.0,171.0,132.0,258.0,222.0,258.0,210.0,2806.0,397.0,96.0,44.0,1080.0,416.0,1080.0,452.0,95.0,144.0,137.0,117.0,92.0,72.0,60.0,61.0,69.0,104.0,125.0,141.0,1223.0,0.0,0.0,17.0,1.0,294.0,7703.0,100.0,1,0,0,0,0,0,0,0,0,0,0,0,0,0,0,0,0,0,0,0,0,0,1,0,0,0,0,0,0,0,0,0,0,0,0,0,0,0,0,0,0,0,1,0,0,0,0,0,0,0,0,0,0,0,1,0,0,0,0,0,0,0,0,0,0,0,0,0,0,0.03,1
228.0,228.0,223.0,212.0,193.0,178.0,175.0,173.0,176.0,206.0,218.0,228.0,304.0,304.0,303.0,294.0,278.0,262.0,244.0,246.0,256.0,287.0,298.0,304.0,376.0,391.0,422.0,312.0,222.0,220.0,211.0,181.0,114.0,153.0,272.0,361.0,239.0,79.0,60.0,2209.0,304.0,173.0,131.0,260.0,224.0,260.0,211.0,2954.0,422.0,95.0,43.0,1125.0,448.0,1125.0,506.0,97.0,149.0,140.0,120.0,93.0,73.0,61.0,61.0,69.0,106.0,127.0,145.0,1247.0,2.0,1.0,32.0,5.0,98.0,7645.0,0.0,0,1,0,0,0,0,0,0,0,0,0,0,0,0,0,0,0,1,0,0,0,0,0,0,0,0,0,0,0,0,0,0,0,1,0,0,0,0,0,0,0,0,0,0,0,0,0,0,0,0,0,0,0,0,1,0,0,0,0,0,0,0,0,0,0,0,0,0,0,0.03,1
227.0,227.0,222.0,211.0,192.0,176.0,174.0,172.0,175.0,205.0,217.0,227.0,303.5,303.0,303.0,294.0,278.0,262.0,244.0,245.0,255.0,286.0,298.0,304.0,372.0,391.0,410.0,303.0,215.0,210.0,201.0,173.0,111.0,150.0,276.0,353.0,238.0,79.0,60.0,2217.0,304.0,172.0,132.0,260.0,223.0,260.0,210.0,2888.0,410.0,95.0,43.0,1104.0,434.0,1104.0,485.0,96.0,147.0,139.0,119.0,93.0,72.0,61.0,61.0,68.0,105.0,127.0,144.0,1238.0,1.0,1.0,32.0,2.0,15.0,7726.0,0.0,0,1,0,0,0,0,0,0,0,0,0,0,0,0,0,0,0,1,0,0,0,0,0,0,0,0,0,0,0,0,0,0,0,0,0,0,0,0,0,0,0,0,0,1,0,0,0,0,0,0,0,0,0,0,1,0,0,0,0,0,0,0,0,0,0,0,0,0,0,0.03,1
226.5,227.0,222.0,211.0,192.0,176.0,174.0,173.0,175.0,206.0,217.0,226.0,303.0,303.0,302.0,293.0,277.0,261.0,243.0,245.0,254.0,286.0,297.0,303.0,372.5,391.0,414.0,306.0,218.0,214.0,205.0,176.0,112.0,150.0,275.0,354.0,238.0,79.0,60.0,2210.0,303.0,173.0,130.0,259.0,223.0,259.0,210.0,2910.0,414.0,95.0,43.0,1111.0,438.0,1111.0,493.0,95.0,147.0,138.0,119.0,92.0,72.0,61.0,61.0,68.0,106.0,126.0,143.0,1233.0,0.0,1.0,55.0,6.0,277.0,7692.0,0.0,0,1,0,0,0,0,0,0,0,0,0,0,0,0,0,0,0,1,0,0,0,0,0,0,0,0,0,0,0,0,0,0,0,0,0,0,0,0,0,0,0,0,0,1,0,0,0,0,0,0,0,0,0,0,1,0,0,0,0,0,0,0,0,0,0,0,0,0,0,0.03,1
227.0,227.0,222.0,211.0,192.0,177.0,174.0,173.0,175.0,205.0,217.0,227.0,302.5,302.0,301.0,292.0,277.0,261.0,242.0,244.0,254.0,285.0,297.0,303.0,372.5,391.0,416.0,309.0,221.0,217.0,208.0,178.0,113.0,150.0,276.0,354.0,238.0,78.0,60.0,2207.0,303.0,173.0,130.0,259.0,222.0,259.0,210.0,2928.0,416.0,95.0,43.0,1116.0,441.0,1116.0,499.0,95.0,146.0,138.0,118.0,92.0,72.0,60.0,61.0,68.0,105.0,126.0,144.0,1231.0,0.0,1.0,33.0,4.0,297.0,7720.0,41.0,0,1,0,0,0,0,0,0,0,0,0,0,0,0,0,0,0,1,0,0,0,0,0,0,0,0,0,0,0,0,0,0,0,0,0,0,0,0,0,0,0,0,0,1,0,0,0,0,0,0,0,0,0,0,1,0,0,0,0,0,0,0,0,0,0,0,0,0,0,0.03,1
227.0,227.0,222.0,211.0,193.0,177.0,175.0,173.0,175.0,205.0,217.0,227.0,302.5,302.0,301.0,292.0,277.0,261.0,242.0,244.0,254.0,284.0,296.0,303.0,373.0,392.0,418.0,312.0,223.0,219.0,210.0,179.0,113.0,150.0,277.0,354.0,238.0,78.0,60.0,2193.0,303.0,173.0,130.0,259.0,222.0,259.0,210.0,2943.0,418.0,96.0,43.0,1122.0,442.0,1122.0,502.0,96.0,146.0,138.0,118.0,93.0,72.0,61.0,61.0,68.0,104.0,125.0,144.0,1231.0,0.0,1.0,50.0,5.0,147.0,7457.0,59.0,0,1,0,0,0,0,0,0,0,0,0,0,0,0,0,0,1,0,0,0,0,0,0,0,0,0,0,0,0,0,0,0,0,0,0,0,0,0,0,0,0,1,0,0,0,0,0,0,0,0,0,0,0,0,1,0,0,0,0,0,0,0,0,0,0,0,0,0,0,0.03,1
228.0,228.0,223.0,212.0,194.0,178.0,176.0,174.0,176.0,206.0,218.0,228.0,303.5,303.0,302.0,293.0,278.0,261.0,243.0,245.0,255.0,285.0,297.0,304.0,374.0,393.0,420.0,314.0,225.0,221.0,212.0,181.0,114.0,150.0,278.0,355.0,239.0,77.0,59.0,2197.0,304.0,174.0,130.0,260.0,223.0,260.0,211.0,2959.0,420.0,96.0,43.0,1127.0,445.0,1127.0,507.0,97.0,148.0,139.0,119.0,94.0,73.0,61.0,61.0,68.0,105.0,127.0,145.0,1243.0,1.0,1.0,31.0,5.0,180.0,7633.0,5.0,0,1,0,0,0,0,0,0,0,0,0,0,0,0,0,0,1,0,0,0,0,0,0,0,0,0,0,0,0,0,0,0,0,0,0,0,0,0,0,0,0,0,0,1,0,0,0,0,0,0,0,0,0,0,1,0,0,0,0,0,0,0,0,0,0,0,0,0,0,0.03,1
227.0,227.0,224.0,214.0,195.0,179.0,180.0,179.0,182.0,208.0,220.0,227.0,296.5,297.0,293.0,287.0,273.0,257.0,242.0,241.0,249.0,279.0,292.0,296.0,406.5,418.0,444.0,426.0,290.0,277.0,269.0,209.0,131.0,138.0,267.0,395.0,237.0,70.0,59.0,2038.0,297.0,179.0,118.0,257.0,223.0,257.0,212.0,3360.0,444.0,96.0,43.0,1288.0,478.0,1288.0,609.0,96.0,142.0,133.0,117.0,92.0,72.0,64.0,63.0,69.0,103.0,125.0,138.0,1218.0,0.0,1.0,28.0,9.0,30.0,7857.0,0.0,1,0,0,0,0,0,0,0,0,0,0,0,0,0,0,0,1,0,0,0,0,0,0,0,0,0,0,0,0,0,0,0,0,0,0,0,0,0,0,0,1,0,0,0,0,0,0,0,0,0,0,0,0,0,0,0,0,0,0,0,0,0,0,0,0,0,0,0,1,0.03,1
226.0,226.0,223.0,213.0,194.0,180.0,177.0,176.0,182.0,205.0,219.0,226.0,309.0,309.0,306.0,299.0,284.0,267.0,252.0,253.0,260.0,294.0,302.0,309.0,347.5,349.0,369.0,293.0,178.0,187.0,177.0,146.0,96.0,113.0,242.0,346.0,242.0,83.0,62.0,2079.0,309.0,176.0,133.0,262.0,228.0,262.0,216.0,2577.0,369.0,81.0,47.0,1011.0,355.0,1011.0,419.0,100.0,150.0,141.0,124.0,97.0,76.0,65.0,65.0,73.0,110.0,131.0,147.0,1284.0,19.0,1.0,34.0,4.0,231.0,7726.0,9.0,0,0,0,0,0,0,0,0,1,0,0,0,0,0,0,0,0,0,0,0,0,0,1,0,0,0,0,0,0,0,0,0,0,0,0,0,0,0,0,0,0,0,0,1,0,0,0,0,0,0,0,0,0,0,1,0,0,0,0,0,0,0,0,0,0,0,0,0,0,0.03,1
188.5,188.0,188.0,178.0,160.0,146.0,140.0,138.0,139.0,165.0,180.0,189.0,283.5,284.0,282.0,274.0,262.0,245.0,217.0,219.0,230.0,271.0,279.0,283.0,317.5,317.0,314.0,234.0,136.0,136.0,141.0,123.0,77.0,111.0,239.0,318.0,210.0,94.0,64.0,2259.0,284.0,138.0,146.0,232.0,193.0,232.0,180.0,2212.0,318.0,66.0,51.0,865.0,311.0,865.0,341.0,75.0,110.0,107.0,94.0,77.0,62.0,49.0,49.0,54.0,83.0,98.0,108.0,974.0,9.0,1.0,621.0,15.0,180.0,7277.0,100.0,0,1,0,0,0,0,0,0,0,0,1,0,0,0,0,0,0,0,0,0,0,0,0,0,0,0,0,0,0,0,0,0,0,0,0,0,0,0,0,0,0,1,0,0,0,0,0,0,0,0,0,0,0,0,1,0,0,0,0,0,0,0,0,0,0,0,0,0,0,0.03,1
188.5,188.0,188.0,178.0,160.0,146.0,140.0,138.0,139.0,165.0,180.0,189.0,283.5,284.0,282.0,274.0,262.0,245.0,217.0,219.0,230.0,271.0,279.0,283.0,317.5,317.0,314.0,234.0,136.0,136.0,141.0,123.0,77.0,111.0,239.0,318.0,210.0,94.0,64.0,2259.0,284.0,138.0,146.0,232.0,193.0,232.0,180.0,2212.0,318.0,66.0,51.0,865.0,311.0,865.0,341.0,75.0,110.0,107.0,94.0,77.0,62.0,49.0,49.0,54.0,83.0,98.0,108.0,974.0,9.0,1.0,621.0,15.0,180.0,7277.0,100.0,0,1,0,0,0,0,0,0,0,0,1,0,0,0,0,0,0,0,0,0,0,0,0,0,0,0,0,0,0,0,0,0,0,0,0,0,0,0,0,0,0,1,0,0,0,0,0,0,0,0,0,0,0,0,1,0,0,0,0,0,0,0,0,0,0,0,0,0,0,0.03,1
223.5,224.0,222.0,216.0,200.0,183.0,177.0,176.0,181.0,206.0,217.0,223.0,307.0,308.0,304.0,300.0,290.0,278.0,262.0,262.0,271.0,294.0,303.0,306.0,240.0,224.0,211.0,162.0,92.0,95.0,110.0,124.0,67.0,95.0,180.0,256.0,244.0,87.0,65.0,1792.0,308.0,176.0,132.0,262.0,231.0,262.0,221.0,1693.0,256.0,67.0,44.0,597.0,286.0,597.0,301.0,101.0,146.0,138.0,126.0,104.0,83.0,70.0,69.0,78.0,111.0,129.0,141.0,1302.0,64.0,4.0,106.0,6.0,177.0,7588.0,2.0,0,1,0,0,0,0,0,0,0,0,0,0,0,0,0,0,0,1,0,0,0,0,0,0,0,0,0,0,0,0,0,0,0,0,0,0,0,0,0,0,0,0,0,1,0,0,0,0,0,1,0,0,0,0,0,0,0,0,0,0,0,0,0,0,0,0,0,0,0,0.03,1
219.5,220.0,219.0,213.0,196.0,179.0,173.0,172.0,176.0,201.0,213.0,219.0,304.0,305.0,301.0,297.0,287.0,275.0,259.0,259.0,267.0,291.0,300.0,303.0,238.0,223.0,210.0,155.0,90.0,94.0,108.0,121.0,66.0,97.0,184.0,253.0,241.0,87.0,66.0,1808.0,305.0,172.0,133.0,259.0,227.0,259.0,217.0,1678.0,253.0,66.0,44.0,588.0,284.0,588.0,295.0,98.0,140.0,134.0,122.0,100.0,81.0,68.0,67.0,75.0,106.0,125.0,135.0,1256.0,51.0,4.0,69.0,5.0,240.0,7673.0,22.0,0,1,0,0,0,0,0,0,0,0,0,0,0,0,0,0,0,1,0,0,0,0,0,0,0,0,0,0,0,0,0,0,0,0,0,0,0,0,0,0,0,0,0,1,0,0,0,0,0,1,0,0,0,0,0,0,0,0,0,0,0,0,0,0,0,0,0,0,0,0.03,1
215.5,216.0,215.0,209.0,192.0,175.0,169.0,167.0,172.0,197.0,209.0,215.0,301.0,302.0,298.0,295.0,284.0,272.0,255.0,255.0,264.0,289.0,297.0,300.0,236.5,222.0,210.0,150.0,89.0,93.0,106.0,119.0,65.0,99.0,187.0,251.0,237.0,89.0,65.0,1835.0,302.0,167.0,135.0,255.0,224.0,255.0,213.0,1666.0,251.0,65.0,45.0,582.0,283.0,582.0,290.0,94.0,135.0,129.0,118.0,97.0,78.0,65.0,64.0,72.0,103.0,120.0,130.0,1213.0,40.0,4.0,244.0,9.0,150.0,7596.0,17.0,0,1,0,0,0,0,0,0,0,0,0,0,0,0,0,0,0,0,0,0,0,0,0,1,0,0,0,0,0,0,0,0,0,0,0,0,0,0,0,0,0,1,0,0,0,0,0,0,0,1,0,0,0,0,0,0,0,0,0,0,0,0,0,0,0,0,0,0,0,0.03,1
215.0,216.0,214.0,208.0,192.0,174.0,169.0,167.0,172.0,197.0,209.0,214.0,301.0,302.0,298.0,294.0,284.0,272.0,254.0,254.0,264.0,288.0,297.0,300.0,235.5,221.0,209.0,149.0,90.0,93.0,107.0,119.0,66.0,98.0,187.0,250.0,237.0,89.0,65.0,1836.0,302.0,167.0,135.0,255.0,223.0,255.0,213.0,1665.0,250.0,66.0,44.0,579.0,283.0,579.0,292.0,94.0,135.0,128.0,117.0,97.0,78.0,65.0,64.0,73.0,102.0,120.0,130.0,1209.0,38.0,4.0,297.0,9.0,341.0,8098.0,74.0,0,1,0,0,0,0,0,0,0,0,0,0,0,0,0,0,0,0,0,0,0,0,0,1,0,0,0,0,0,0,0,0,0,0,0,0,0,0,0,0,0,1,0,0,0,0,0,0,0,1,0,0,0,0,0,0,0,0,0,0,0,0,0,0,0,0,0,0,0,0.03,1
218.0,219.0,217.0,211.0,194.0,177.0,172.0,170.0,174.0,200.0,211.0,217.0,302.5,304.0,299.0,295.0,285.0,273.0,257.0,257.0,264.0,289.0,299.0,301.0,233.5,218.0,209.0,155.0,91.0,95.0,110.0,123.0,67.0,97.0,181.0,249.0,239.0,87.0,65.0,1823.0,304.0,170.0,134.0,257.0,225.0,257.0,215.0,1672.0,249.0,67.0,43.0,582.0,287.0,582.0,300.0,96.0,139.0,131.0,120.0,98.0,79.0,67.0,66.0,73.0,104.0,123.0,132.0,1234.0,41.0,4.0,206.0,20.0,187.0,6815.0,74.0,0,1,0,0,0,0,0,0,0,0,0,0,0,0,0,0,0,0,0,0,0,0,0,1,0,0,0,0,0,0,0,0,0,0,0,0,0,0,0,0,0,1,0,0,0,0,0,0,0,1,0,0,0,0,0,0,0,0,0,0,0,0,0,0,0,0,0,0,0,0.03,1
217.5,218.0,216.0,211.0,194.0,177.0,171.0,170.0,173.0,199.0,210.0,217.0,302.0,303.0,299.0,295.0,285.0,273.0,257.0,256.0,264.0,289.0,298.0,301.0,233.0,218.0,208.0,153.0,91.0,95.0,109.0,123.0,67.0,97.0,183.0,248.0,239.0,88.0,66.0,1821.0,303.0,170.0,133.0,257.0,225.0,257.0,215.0,1669.0,248.0,67.0,43.0,579.0,287.0,579.0,299.0,95.0,137.0,130.0,120.0,98.0,79.0,67.0,66.0,72.0,104.0,121.0,133.0,1228.0,40.0,4.0,261.0,13.0,7.0,8107.0,87.0,0,1,0,0,0,0,0,0,0,0,0,0,0,0,0,0,0,0,0,0,0,0,0,1,0,0,0,0,0,0,0,0,0,0,0,0,0,0,0,0,0,1,0,0,0,0,0,0,0,1,0,0,0,0,0,0,0,0,0,0,0,0,0,0,0,0,0,0,0,0.03,1
218.0,219.0,217.0,211.0,194.0,177.0,172.0,170.0,174.0,200.0,211.0,217.0,302.5,304.0,299.0,295.0,285.0,273.0,257.0,257.0,264.0,289.0,299.0,301.0,233.5,218.0,209.0,155.0,91.0,95.0,110.0,123.0,67.0,97.0,181.0,249.0,239.0,87.0,65.0,1823.0,304.0,170.0,134.0,257.0,225.0,257.0,215.0,1672.0,249.0,67.0,43.0,582.0,287.0,582.0,300.0,96.0,139.0,131.0,120.0,98.0,79.0,67.0,66.0,73.0,104.0,123.0,132.0,1234.0,41.0,4.0,206.0,20.0,187.0,6815.0,74.0,0,1,0,0,0,0,0,0,0,0,0,0,0,0,0,0,0,0,0,0,0,0,0,1,0,0,0,0,0,0,0,0,0,0,0,0,0,0,0,0,0,1,0,0,0,0,0,0,0,1,0,0,0,0,0,0,0,0,0,0,0,0,0,0,0,0,0,0,0,0.03,1
229.5,232.0,225.0,222.0,186.0,166.0,168.0,178.0,193.0,223.0,226.0,227.0,313.5,314.0,314.0,317.0,305.0,287.0,284.0,293.0,305.0,322.0,324.0,313.0,325.5,290.0,175.0,41.0,7.0,2.0,4.0,5.0,9.0,81.0,208.0,361.0,256.0,102.0,65.0,1879.0,324.0,166.0,158.0,268.0,229.0,272.0,229.0,1209.0,361.0,2.0,124.0,677.0,11.0,650.0,11.0,144.0,162.0,151.0,145.0,101.0,73.0,70.0,81.0,101.0,144.0,156.0,152.0,1484.0,687.0,8.0,86.0,3.0,355.0,7783.0,0.0,0,0,1,0,0,0,0,0,0,0,0,0,0,1,0,0,0,0,0,0,0,0,0,0,0,0,0,0,0,0,0,0,0,0,0,1,0,0,0,0,0,0,0,0,0,0,0,0,0,0,0,0,0,1,0,0,0,0,0,0,0,0,0,0,0,0,0,0,0,0.03,1
229.5,232.0,225.0,222.0,186.0,166.0,168.0,178.0,193.0,223.0,226.0,227.0,313.5,314.0,314.0,317.0,305.0,287.0,284.0,293.0,305.0,322.0,324.0,313.0,325.5,290.0,175.0,41.0,7.0,2.0,4.0,5.0,9.0,81.0,208.0,361.0,256.0,102.0,65.0,1879.0,324.0,166.0,158.0,268.0,229.0,272.0,229.0,1209.0,361.0,2.0,124.0,677.0,11.0,650.0,11.0,144.0,162.0,151.0,145.0,101.0,73.0,70.0,81.0,101.0,144.0,156.0,152.0,1484.0,687.0,8.0,86.0,3.0,355.0,7783.0,0.0,0,0,1,0,0,0,0,0,0,0,0,0,0,1,0,0,0,0,0,0,0,0,0,0,0,0,0,0,0,0,0,0,0,0,0,1,0,0,0,0,0,0,0,0,0,0,0,0,0,0,0,0,0,1,0,0,0,0,0,0,0,0,0,0,0,0,0,0,0,0.03,1
228.0,231.0,224.0,221.0,185.0,165.0,167.0,178.0,192.0,222.0,225.0,225.0,312.5,313.0,313.0,316.0,304.0,286.0,283.0,293.0,305.0,321.0,323.0,312.0,326.5,291.0,176.0,42.0,7.0,2.0,4.0,6.0,9.0,82.0,210.0,362.0,255.0,103.0,65.0,1866.0,323.0,165.0,158.0,267.0,228.0,271.0,228.0,1217.0,362.0,2.0,123.0,679.0,12.0,654.0,12.0,143.0,160.0,149.0,143.0,100.0,72.0,70.0,81.0,101.0,142.0,154.0,149.0,1469.0,677.0,8.0,98.0,2.0,223.0,7656.0,0.0,0,0,1,0,0,0,0,0,0,0,0,0,0,1,0,0,0,0,0,0,0,0,0,0,0,0,0,0,0,0,0,0,0,0,0,1,0,0,0,0,0,0,0,0,0,0,0,0,0,0,0,0,0,1,0,0,0,0,0,0,0,0,0,0,0,0,0,0,0,0.03,1
228.0,231.0,224.0,221.0,185.0,165.0,167.0,178.0,192.0,222.0,225.0,225.0,312.5,313.0,313.0,316.0,304.0,286.0,283.0,293.0,305.0,321.0,323.0,312.0,326.5,291.0,176.0,42.0,7.0,2.0,4.0,6.0,9.0,82.0,210.0,362.0,255.0,103.0,65.0,1866.0,323.0,165.0,158.0,267.0,228.0,271.0,228.0,1217.0,362.0,2.0,123.0,679.0,12.0,654.0,12.0,143.0,160.0,149.0,143.0,100.0,72.0,70.0,81.0,101.0,142.0,154.0,149.0,1469.0,677.0,8.0,98.0,2.0,223.0,7656.0,0.0,0,0,1,0,0,0,0,0,0,0,0,0,0,1,0,0,0,0,0,0,0,0,0,0,0,0,0,0,0,0,0,0,0,0,0,1,0,0,0,0,0,0,0,0,0,0,0,0,0,0,0,0,0,1,0,0,0,0,0,0,0,0,0,0,0,0,0,0,0,0.03,1
220.0,222.0,216.0,212.0,177.0,157.0,157.0,168.0,184.0,214.0,217.0,218.0,308.0,309.0,309.0,313.0,305.0,289.0,284.0,294.0,308.0,322.0,318.0,307.0,335.5,301.0,201.0,51.0,7.0,2.0,4.0,6.0,12.0,102.0,233.0,370.0,250.0,110.0,67.0,1783.0,322.0,157.0,165.0,262.0,224.0,266.0,224.0,1325.0,370.0,2.0,118.0,707.0,12.0,705.0,12.0,139.0,147.0,138.0,133.0,96.0,72.0,67.0,78.0,99.0,136.0,142.0,139.0,1392.0,603.0,8.0,229.0,2.0,10.0,7708.0,3.0,0,0,0,0,1,0,0,0,0,0,0,0,0,0,0,0,0,0,0,0,0,0,0,0,1,0,0,0,0,0,0,0,0,0,0,1,0,0,0,0,0,0,0,0,0,0,0,0,0,0,0,0,0,1,0,0,0,0,0,0,0,0,0,0,0,0,0,0,0,0.03,1
216.0,218.0,213.0,209.0,172.0,152.0,153.0,165.0,180.0,209.0,213.0,214.0,304.5,305.0,307.0,311.0,301.0,285.0,281.0,291.0,305.0,319.0,315.0,304.0,335.5,301.0,203.0,52.0,7.0,2.0,4.0,6.0,12.0,105.0,237.0,370.0,247.0,111.0,67.0,1799.0,319.0,152.0,167.0,262.0,221.0,262.0,221.0,1336.0,370.0,2.0,117.0,712.0,12.0,712.0,12.0,133.0,141.0,135.0,130.0,92.0,68.0,65.0,76.0,95.0,130.0,136.0,133.0,1339.0,567.0,8.0,259.0,8.0,208.0,7361.0,62.0,0,0,0,1,0,0,0,0,0,0,0,0,0,0,0,0,0,0,0,0,0,0,0,0,1,0,0,0,0,0,0,0,0,0,0,1,0,0,0,0,0,0,0,0,0,0,0,0,0,0,0,0,0,1,0,0,0,0,0,0,0,0,0,0,0,0,0,0,0,0.03,1
216.0,218.0,213.0,209.0,172.0,152.0,153.0,165.0,180.0,209.0,213.0,214.0,304.5,305.0,307.0,311.0,301.0,285.0,281.0,291.0,305.0,319.0,315.0,304.0,335.5,301.0,203.0,52.0,7.0,2.0,4.0,6.0,12.0,105.0,237.0,370.0,247.0,111.0,67.0,1799.0,319.0,152.0,167.0,262.0,221.0,262.0,221.0,1336.0,370.0,2.0,117.0,712.0,12.0,712.0,12.0,133.0,141.0,135.0,130.0,92.0,68.0,65.0,76.0,95.0,130.0,136.0,133.0,1339.0,567.0,8.0,259.0,8.0,208.0,7361.0,62.0,0,0,0,1,0,0,0,0,0,0,0,0,0,0,0,0,0,0,0,0,0,0,0,0,1,0,0,0,0,0,0,0,0,0,0,1,0,0,0,0,0,0,0,0,0,0,0,0,0,0,0,0,0,1,0,0,0,0,0,0,0,0,0,0,0,0,0,0,0,0.03,1
217.5,219.0,214.0,210.0,174.0,154.0,154.0,165.0,181.0,211.0,215.0,216.0,306.5,307.0,308.0,312.0,303.0,286.0,283.0,292.0,307.0,321.0,317.0,306.0,335.0,301.0,202.0,52.0,7.0,2.0,4.0,6.0,12.0,105.0,236.0,369.0,248.0,112.0,67.0,1814.0,321.0,154.0,167.0,264.0,222.0,264.0,222.0,1333.0,369.0,2.0,117.0,710.0,12.0,710.0,12.0,136.0,143.0,136.0,131.0,94.0,69.0,66.0,76.0,97.0,133.0,139.0,136.0,1362.0,580.0,8.0,243.0,4.0,231.0,7572.0,42.0,0,0,0,1,0,0,0,0,0,0,0,0,0,0,0,0,0,0,0,0,0,0,0,0,1,0,0,0,0,0,0,0,0,0,1,0,0,0,0,0,0,0,0,0,0,0,0,0,0,0,0,0,0,1,0,0,0,0,0,0,0,0,0,0,0,0,0,0,0,0.03,1
220.5,221.0,223.0,212.0,191.0,170.0,164.0,168.0,180.0,212.0,217.0,220.0,312.5,313.0,319.0,325.0,321.0,309.0,300.0,308.0,324.0,337.0,327.0,312.0,403.0,367.0,237.0,65.0,3.0,1.0,2.0,2.0,4.0,129.0,259.0,439.0,258.0,121.0,69.0,1488.0,338.0,164.0,174.0,266.0,236.0,270.0,236.0,1538.0,439.0,1.0,122.0,836.0,5.0,827.0,5.0,149.0,147.0,152.0,142.0,116.0,89.0,78.0,85.0,106.0,148.0,149.0,143.0,1510.0,681.0,8.0,201.0,5.0,98.0,7806.0,33.0,0,0,0,0,1,0,0,0,0,0,0,0,0,0,0,0,0,0,0,0,0,0,0,0,1,0,0,0,0,0,0,0,0,0,1,0,0,0,0,0,0,0,0,0,0,0,0,0,1,0,0,0,0,0,0,0,0,0,0,0,0,0,0,0,0,0,0,0,0,0.03,1
201.0,200.0,195.0,182.0,152.0,135.0,131.0,134.0,143.0,183.0,193.0,202.0,293.5,293.0,286.0,277.0,262.0,245.0,230.0,235.0,248.0,287.0,294.0,294.0,404.0,372.0,413.0,166.0,105.0,120.0,106.0,104.0,78.0,178.0,279.0,436.0,218.0,100.0,61.0,2564.0,294.0,131.0,163.0,238.0,186.0,242.0,185.0,2415.0,436.0,58.0,67.0,951.0,288.0,893.0,330.0,90.0,124.0,113.0,97.0,71.0,54.0,46.0,49.0,58.0,97.0,112.0,123.0,1041.0,32.0,1.0,336.0,7.0,211.0,7237.0,9.0,0,1,0,0,0,0,0,0,0,0,0,0,0,0,0,0,0,1,0,0,0,0,0,0,0,0,0,0,0,0,0,0,0,0,0,0,0,0,0,0,0,0,0,1,0,0,0,0,0,0,0,0,0,0,0,0,0,0,1,0,0,0,0,0,0,0,0,0,0,0.03,1
214.0,213.0,209.0,196.0,164.0,147.0,143.0,147.0,157.0,196.0,206.0,215.0,300.0,300.0,293.0,285.0,269.0,254.0,240.0,244.0,255.0,289.0,299.0,300.0,386.5,387.0,393.0,142.0,85.0,97.0,102.0,106.0,78.0,173.0,222.0,386.0,228.0,94.0,60.0,2512.0,300.0,143.0,157.0,249.0,202.0,250.0,195.0,2241.0,393.0,70.0,68.0,922.0,284.0,781.0,305.0,97.0,137.0,125.0,107.0,76.0,59.0,50.0,53.0,63.0,103.0,122.0,135.0,1131.0,27.0,1.0,92.0,13.0,173.0,6717.0,16.0,0,1,0,0,0,0,0,0,0,0,0,0,0,0,0,1,0,0,0,0,0,0,0,0,0,0,0,0,0,0,0,0,0,0,0,0,0,0,0,0,0,0,0,1,0,0,0,0,0,0,0,0,0,0,0,0,0,0,1,0,0,0,0,0,0,0,0,0,0,0.03,1
227.0,227.0,228.0,223.0,207.0,194.0,183.0,185.0,194.0,219.0,224.0,227.0,301.5,302.0,308.0,310.0,302.0,292.0,286.0,288.0,298.0,310.0,307.0,301.0,436.5,398.0,275.0,111.0,35.0,18.0,14.0,20.0,25.0,169.0,310.0,475.0,255.0,91.0,71.0,1230.0,310.0,183.0,127.0,264.0,238.0,266.0,238.0,1910.0,475.0,14.0,102.0,954.0,52.0,784.0,52.0,130.0,142.0,146.0,139.0,115.0,95.0,82.0,85.0,99.0,131.0,137.0,139.0,1445.0,465.0,7.0,122.0,7.0,58.0,7938.0,72.0,0,0,0,0,1,0,0,0,0,0,0,0,0,1,0,0,0,0,0,0,0,0,0,0,0,0,0,0,0,0,0,0,0,0,0,0,1,0,0,0,0,0,0,0,0,0,0,0,0,0,1,0,0,0,0,0,0,0,0,0,0,0,0,0,0,0,0,0,0,0.03,1
224.0,224.0,225.0,219.0,204.0,191.0,180.0,182.0,191.0,216.0,221.0,224.0,299.0,299.0,306.0,308.0,300.0,290.0,284.0,286.0,296.0,308.0,305.0,299.0,433.5,396.0,276.0,110.0,34.0,18.0,14.0,19.0,24.0,168.0,311.0,471.0,252.0,92.0,71.0,1222.0,308.0,180.0,128.0,262.0,235.0,263.0,235.0,1899.0,471.0,14.0,103.0,950.0,51.0,782.0,51.0,126.0,137.0,141.0,134.0,112.0,93.0,80.0,83.0,96.0,127.0,133.0,135.0,1403.0,450.0,7.0,267.0,13.0,176.0,7291.0,96.0,0,0,0,0,1,0,0,0,0,0,0,0,0,1,0,0,0,0,0,0,0,0,0,0,0,0,0,0,0,0,0,0,0,0,0,0,0,0,0,0,0,1,0,0,0,0,0,0,0,0,1,0,0,0,0,0,0,0,0,0,0,0,0,0,0,0,0,0,0,0.03,1
223.5,225.0,227.0,220.0,200.0,182.0,170.0,179.0,186.0,215.0,221.0,222.0,307.0,307.0,311.0,314.0,308.0,300.0,291.0,295.0,301.0,318.0,315.0,307.0,456.0,429.0,283.0,128.0,42.0,27.0,20.0,26.0,30.0,161.0,319.0,483.0,255.0,102.0,69.0,1387.0,318.0,170.0,148.0,263.0,236.0,267.0,236.0,2006.0,483.0,20.0,100.0,970.0,73.0,840.0,73.0,133.0,145.0,148.0,140.0,114.0,92.0,78.0,85.0,95.0,134.0,142.0,140.0,1451.0,409.0,7.0,55.0,4.0,111.0,7729.0,29.0,0,0,0,0,1,0,0,0,0,0,0,0,0,1,0,0,0,0,0,0,0,0,0,0,0,0,0,0,0,0,0,0,0,0,1,0,0,0,0,0,0,0,0,0,0,0,0,0,0,0,0,0,0,0,0,0,0,0,0,0,0,1,0,0,0,0,0,0,0,0.03,1
157.0,157.0,158.0,150.0,129.0,108.0,103.0,106.0,108.0,140.0,151.0,157.0,267.5,267.0,267.0,264.0,255.0,243.0,227.0,231.0,246.0,277.0,270.0,268.0,306.0,293.0,280.0,94.0,29.0,21.0,16.0,15.0,13.0,104.0,264.0,319.0,194.0,124.0,71.0,1854.0,277.0,103.0,174.0,210.0,170.0,210.0,169.0,1480.0,319.0,13.0,101.0,687.0,44.0,667.0,52.0,76.0,90.0,89.0,82.0,68.0,54.0,47.0,49.0,55.0,80.0,85.0,89.0,869.0,226.0,6.0,1128.0,34.0,267.0,7295.0,96.0,0,1,0,0,0,0,0,0,0,0,1,0,0,0,0,0,0,0,0,0,0,0,0,0,0,0,0,0,0,0,0,0,0,0,0,0,0,0,0,0,0,1,0,0,0,0,0,0,0,0,0,0,0,0,0,0,0,0,0,0,0,1,0,0,0,0,0,0,0,0.03,1
211.0,210.0,206.0,192.0,161.0,144.0,140.0,144.0,154.0,193.0,203.0,212.0,297.0,297.0,291.0,283.0,267.0,251.0,237.0,242.0,253.0,288.0,296.0,297.0,391.0,390.0,396.0,148.0,90.0,101.0,103.0,105.0,78.0,172.0,232.0,392.0,225.0,95.0,60.0,2510.0,297.0,140.0,157.0,246.0,195.0,248.0,193.0,2276.0,396.0,69.0,68.0,934.0,286.0,796.0,309.0,95.0,133.0,122.0,104.0,75.0,57.0,49.0,52.0,62.0,102.0,118.0,131.0,1104.0,26.0,1.0,201.0,15.0,48.0,7777.0,0.0,0,1,0,0,0,0,0,0,0,0,0,0,0,0,0,1,0,0,0,0,0,0,0,0,0,0,0,0,0,0,0,0,0,0,0,0,0,0,0,0,0,0,0,1,0,0,0,0,0,0,0,0,0,0,0,0,0,0,1,0,0,0,0,0,0,0,0,0,0,0.0,0
226.5,227.0,230.0,224.0,211.0,191.0,183.0,187.0,195.0,222.0,224.0,226.0,308.0,309.0,312.0,314.0,311.0,304.0,292.0,295.0,305.0,323.0,319.0,307.0,404.0,392.0,263.0,104.0,19.0,19.0,17.0,17.0,14.0,88.0,255.0,416.0,259.0,98.0,70.0,1254.0,323.0,183.0,140.0,265.0,242.0,270.0,242.0,1633.0,416.0,14.0,112.0,837.0,48.0,759.0,53.0,138.0,148.0,151.0,143.0,125.0,100.0,85.0,89.0,104.0,145.0,148.0,142.0,1523.0,625.0,8.0,134.0,9.0,233.0,7686.0,13.0,0,0,0,1,0,0,0,0,0,0,0,0,0,0,0,0,0,0,0,0,0,1,0,0,0,0,0,0,0,0,0,0,0,0,1,0,0,0,0,0,0,0,0,0,0,0,0,0,0,0,0,0,0,0,0,0,0,0,0,0,1,0,0,0,0,0,0,0,0,0.0,0
227.5,228.0,230.0,224.0,211.0,192.0,183.0,188.0,195.0,223.0,225.0,227.0,308.0,309.0,312.0,313.0,311.0,304.0,293.0,296.0,305.0,323.0,319.0,307.0,402.5,390.0,261.0,104.0,19.0,19.0,18.0,17.0,14.0,86.0,254.0,415.0,260.0,97.0,69.0,1239.0,323.0,183.0,140.0,266.0,243.0,270.0,242.0,1626.0,415.0,14.0,112.0,834.0,49.0,755.0,54.0,138.0,149.0,151.0,142.0,125.0,101.0,85.0,90.0,103.0,146.0,149.0,143.0,1528.0,628.0,8.0,100.0,2.0,189.0,7877.0,26.0,0,0,0,1,0,0,0,0,0,0,0,0,0,0,0,0,0,0,0,0,0,1,0,0,0,0,0,0,0,0,0,1,0,0,0,0,0,0,0,0,0,0,0,0,0,0,0,0,0,0,0,0,0,0,0,0,0,0,0,0,1,0,0,0,0,0,0,0,0,0.0,0
225.5,226.0,228.0,223.0,209.0,190.0,182.0,186.0,193.0,221.0,223.0,225.0,307.0,308.0,310.0,313.0,310.0,303.0,291.0,294.0,304.0,322.0,318.0,306.0,398.0,386.0,259.0,104.0,19.0,19.0,18.0,17.0,14.0,86.0,253.0,410.0,258.0,98.0,70.0,1248.0,322.0,182.0,140.0,264.0,241.0,269.0,241.0,1614.0,410.0,14.0,111.0,825.0,49.0,749.0,54.0,136.0,146.0,147.0,141.0,122.0,99.0,84.0,88.0,102.0,143.0,146.0,141.0,1501.0,613.0,8.0,145.0,5.0,60.0,7944.0,7.0,0,0,0,1,0,0,0,0,0,0,0,0,0,0,0,0,0,0,0,0,0,1,0,0,0,0,0,0,0,0,0,0,0,0,1,0,0,0,0,0,0,0,0,0,0,0,0,0,0,0,0,0,0,0,0,0,0,0,0,0,1,0,0,0,0,0,0,0,0,0.0,0
224.0,225.0,226.0,221.0,207.0,188.0,181.0,184.0,191.0,218.0,221.0,223.0,306.0,307.0,309.0,310.0,307.0,301.0,289.0,291.0,301.0,319.0,316.0,305.0,388.5,376.0,255.0,104.0,19.0,19.0,19.0,17.0,14.0,84.0,250.0,401.0,256.0,98.0,71.0,1250.0,319.0,181.0,138.0,263.0,239.0,267.0,239.0,1586.0,401.0,14.0,110.0,805.0,50.0,735.0,55.0,132.0,144.0,144.0,137.0,119.0,97.0,83.0,86.0,99.0,138.0,142.0,138.0,1465.0,590.0,8.0,181.0,5.0,4.0,8033.0,0.0,0,0,0,1,0,0,0,0,0,0,0,0,0,0,0,0,0,0,0,0,0,1,0,0,0,0,0,0,0,0,0,1,0,0,0,0,0,0,0,0,0,0,0,0,0,0,0,0,0,0,0,1,0,0,0,0,0,0,0,0,0,0,0,0,0,0,0,0,0,0.0,0
240.5,241.0,240.0,239.0,231.0,217.0,207.0,207.0,212.0,234.0,239.0,240.0,314.0,317.0,312.0,312.0,312.0,296.0,290.0,290.0,291.0,312.0,322.0,311.0,310.0,293.0,181.0,61.0,17.0,23.0,21.0,20.0,11.0,48.0,165.0,327.0,266.0,78.0,67.0,1228.0,322.0,207.0,115.0,272.0,249.0,276.0,249.0,1184.0,327.0,11.0,114.0,637.0,52.0,535.0,52.0,135.0,170.0,160.0,155.0,143.0,112.0,98.0,97.0,104.0,146.0,167.0,160.0,1653.0,778.0,9.0,15.0,3.0,190.0,7822.0,0.0,0,0,0,1,0,0,0,0,0,0,0,0,1,0,0,0,0,0,0,0,0,0,0,0,0,0,0,0,0,0,0,0,0,0,0,1,0,0,0,0,0,0,0,0,0,0,0,0,0,0,0,1,0,0,0,0,0,0,0,0,0,0,0,0,0,0,0,0,0,0.0,0
240.0,240.0,240.0,239.0,231.0,216.0,206.0,206.0,212.0,234.0,240.0,240.0,315.0,318.0,313.0,314.0,314.0,298.0,292.0,292.0,294.0,314.0,324.0,312.0,319.0,303.0,185.0,61.0,16.0,22.0,21.0,20.0,11.0,52.0,172.0,335.0,267.0,80.0,67.0,1230.0,324.0,206.0,118.0,272.0,250.0,277.0,250.0,1216.0,335.0,11.0,115.0,656.0,52.0,549.0,52.0,137.0,170.0,162.0,158.0,145.0,113.0,98.0,98.0,106.0,148.0,170.0,161.0,1670.0,784.0,8.0,51.0,8.0,26.0,8001.0,0.0,0,0,0,1,0,0,0,0,0,0,0,0,1,0,0,0,0,0,0,0,0,0,0,0,0,0,0,0,0,0,0,0,0,0,0,0,1,0,0,0,0,0,0,0,0,0,0,0,0,0,0,1,0,0,0,0,0,0,0,0,0,0,0,0,0,0,0,0,0,0.0,0
234.0,234.0,234.0,233.0,225.0,210.0,200.0,201.0,205.0,226.0,234.0,234.0,309.0,312.0,307.0,307.0,306.0,290.0,283.0,284.0,285.0,306.0,316.0,306.0,300.5,283.0,178.0,61.0,16.0,22.0,22.0,20.0,11.0,46.0,162.0,318.0,260.0,78.0,67.0,1264.0,316.0,200.0,116.0,266.0,243.0,271.0,243.0,1155.0,318.0,11.0,114.0,617.0,53.0,522.0,53.0,125.0,157.0,149.0,145.0,132.0,104.0,90.0,91.0,96.0,133.0,155.0,149.0,1533.0,707.0,8.0,82.0,13.0,272.0,7765.0,17.0,0,0,0,0,1,0,0,0,0,0,0,0,1,0,0,0,0,0,0,0,0,0,0,0,0,0,0,0,0,0,0,0,0,0,1,0,0,0,0,0,0,0,0,0,0,0,0,0,0,0,0,1,0,0,0,0,0,0,0,0,0,0,0,0,0,0,0,0,0,0.0,0
236.0,236.0,237.0,235.0,228.0,213.0,204.0,203.0,208.0,230.0,236.0,236.0,310.5,313.0,309.0,308.0,309.0,292.0,286.0,286.0,286.0,308.0,319.0,308.0,299.0,282.0,176.0,60.0,16.0,22.0,22.0,20.0,11.0,46.0,161.0,316.0,262.0,78.0,67.0,1250.0,319.0,203.0,116.0,268.0,245.0,273.0,245.0,1148.0,316.0,11.0,114.0,614.0,53.0,518.0,53.0,128.0,160.0,154.0,147.0,138.0,107.0,94.0,93.0,98.0,138.0,160.0,153.0,1576.0,735.0,8.0,91.0,4.0,239.0,7837.0,4.0,0,0,0,0,1,0,0,0,0,0,0,0,1,0,0,0,0,0,0,0,0,0,0,0,0,0,0,0,0,0,0,0,0,0,0,1,0,0,0,0,0,0,0,0,0,0,0,0,0,0,0,1,0,0,0,0,0,0,0,0,0,0,0,0,0,0,0,0,0,0.0,0
191.5,191.0,193.0,188.0,174.0,157.0,153.0,154.0,158.0,180.0,187.0,192.0,277.0,278.0,279.0,276.0,269.0,261.0,247.0,248.0,258.0,279.0,280.0,276.0,304.0,287.0,221.0,99.0,21.0,20.0,29.0,22.0,14.0,65.0,217.0,321.0,221.0,93.0,73.0,1376.0,280.0,153.0,127.0,229.0,203.0,234.0,203.0,1338.0,321.0,14.0,103.0,630.0,65.0,607.0,65.0,88.0,105.0,105.0,97.0,84.0,71.0,62.0,62.0,70.0,92.0,99.0,103.0,1042.0,338.0,7.0,731.0,6.0,189.0,8019.0,47.0,0,0,1,0,0,0,0,0,0,0,0,0,0,0,0,0,0,0,0,0,0,0,0,0,0,0,1,0,0,0,0,0,0,0,0,0,1,0,0,0,0,0,0,0,0,0,0,0,0,1,0,0,0,0,0,0,0,0,0,0,0,0,0,0,0,0,0,0,0,0.0,0
238.5,238.0,238.0,238.0,230.0,215.0,205.0,205.0,210.0,231.0,238.0,239.0,313.0,316.0,311.0,312.0,311.0,294.0,288.0,289.0,289.0,310.0,321.0,310.0,305.0,289.0,176.0,58.0,15.0,22.0,21.0,20.0,11.0,47.0,162.0,321.0,264.0,78.0,67.0,1254.0,321.0,205.0,116.0,270.0,247.0,275.0,247.0,1158.0,321.0,11.0,115.0,626.0,52.0,523.0,52.0,132.0,166.0,157.0,154.0,141.0,109.0,95.0,96.0,101.0,141.0,164.0,158.0,1621.0,767.0,9.0,52.0,1.0,41.0,7932.0,0.0,0,0,1,0,0,0,0,0,0,0,0,0,0,0,0,0,0,0,0,0,0,0,0,0,0,1,0,0,0,0,0,0,0,0,0,1,0,0,0,0,0,0,0,0,0,0,0,0,0,0,0,1,0,0,0,0,0,0,0,0,0,0,0,0,0,0,0,0,0,0.0,0
238.0,238.0,237.0,237.0,230.0,215.0,204.0,204.0,209.0,231.0,238.0,238.0,313.0,316.0,310.0,311.0,311.0,295.0,289.0,289.0,289.0,310.0,321.0,310.0,307.0,291.0,177.0,57.0,15.0,22.0,21.0,20.0,11.0,47.0,163.0,323.0,264.0,79.0,67.0,1247.0,321.0,204.0,117.0,270.0,247.0,274.0,247.0,1163.0,323.0,11.0,115.0,630.0,52.0,525.0,52.0,131.0,166.0,155.0,152.0,141.0,110.0,95.0,95.0,101.0,141.0,164.0,157.0,1615.0,764.0,9.0,67.0,1.0,10.0,7936.0,0.0,0,0,0,1,0,0,0,0,0,0,0,0,0,0,0,0,0,0,0,0,0,0,0,0,0,1,0,0,0,0,0,0,0,0,0,1,0,0,0,0,0,0,0,0,0,0,0,0,0,0,0,1,0,0,0,0,0,0,0,0,0,0,0,0,0,0,0,0,0,0.0,0
238.0,238.0,237.0,237.0,230.0,215.0,204.0,204.0,209.0,231.0,238.0,238.0,313.0,316.0,310.0,311.0,311.0,295.0,289.0,289.0,289.0,310.0,321.0,310.0,307.0,291.0,177.0,57.0,15.0,22.0,21.0,20.0,11.0,47.0,163.0,323.0,264.0,79.0,67.0,1247.0,321.0,204.0,117.0,270.0,247.0,274.0,247.0,1163.0,323.0,11.0,115.0,630.0,52.0,525.0,52.0,131.0,166.0,155.0,152.0,141.0,110.0,95.0,95.0,101.0,141.0,164.0,157.0,1615.0,764.0,9.0,67.0,1.0,10.0,7936.0,0.0,0,0,0,1,0,0,0,0,0,0,0,0,0,0,0,0,0,0,0,0,0,0,0,0,0,1,0,0,0,0,0,0,0,0,0,1,0,0,0,0,0,0,0,0,0,0,0,0,0,0,0,1,0,0,0,0,0,0,0,0,0,0,0,0,0,0,0,0,0,0.0,0
232.0,232.0,232.0,230.0,222.0,206.0,197.0,196.0,203.0,225.0,231.0,232.0,309.5,312.0,308.0,308.0,308.0,293.0,285.0,285.0,288.0,309.0,318.0,307.0,317.5,301.0,188.0,63.0,14.0,21.0,22.0,19.0,11.0,52.0,177.0,334.0,259.0,83.0,68.0,1271.0,318.0,196.0,122.0,265.0,242.0,270.0,242.0,1219.0,334.0,11.0,115.0,652.0,52.0,552.0,52.0,125.0,155.0,149.0,143.0,132.0,103.0,90.0,89.0,97.0,135.0,154.0,148.0,1525.0,698.0,8.0,83.0,4.0,290.0,7884.0,9.0,0,0,1,0,0,0,0,0,0,0,0,0,0,0,0,0,0,0,0,0,0,0,0,0,0,0,1,0,0,0,0,0,0,0,0,0,1,0,0,0,0,0,0,0,0,0,0,0,0,1,0,0,0,0,0,0,0,0,0,0,0,0,0,0,0,0,0,0,0,0.0,0
239.5,240.0,239.0,239.0,231.0,216.0,206.0,206.0,211.0,233.0,240.0,239.0,314.5,317.0,312.0,313.0,314.0,297.0,291.0,291.0,291.0,313.0,324.0,312.0,310.0,294.0,177.0,57.0,15.0,22.0,21.0,20.0,11.0,49.0,165.0,326.0,266.0,79.0,67.0,1251.0,324.0,206.0,118.0,272.0,249.0,276.0,249.0,1174.0,326.0,11.0,115.0,637.0,52.0,540.0,52.0,135.0,169.0,159.0,156.0,145.0,112.0,98.0,97.0,103.0,146.0,170.0,160.0,1655.0,789.0,9.0,51.0,1.0,132.0,7898.0,0.0,1,0,0,0,0,0,0,0,0,0,0,0,0,0,0,0,0,0,0,0,0,0,0,0,0,0,0,1,0,0,0,0,0,0,0,1,0,0,0,0,0,0,0,0,0,0,0,0,0,1,0,0,0,0,0,0,0,0,0,0,0,0,0,0,0,0,0,0,0,0.0,0
228.0,228.0,228.0,225.0,216.0,200.0,192.0,192.0,197.0,220.0,226.0,228.0,306.0,308.0,305.0,305.0,304.0,290.0,281.0,281.0,285.0,306.0,313.0,304.0,314.5,297.0,191.0,68.0,14.0,21.0,23.0,20.0,11.0,52.0,181.0,332.0,255.0,84.0,70.0,1280.0,313.0,192.0,121.0,262.0,238.0,266.0,238.0,1228.0,332.0,11.0,113.0,647.0,54.0,556.0,54.0,120.0,148.0,142.0,136.0,124.0,98.0,85.0,85.0,93.0,129.0,144.0,142.0,1451.0,646.0,8.0,184.0,3.0,313.0,7969.0,3.0,0,0,1,0,0,0,0,0,0,0,0,0,0,0,0,0,0,0,0,0,0,0,0,0,0,0,1,0,0,0,0,0,0,0,0,0,1,0,0,0,0,0,0,0,0,0,0,0,0,1,0,0,0,0,0,0,0,0,0,0,0,0,0,0,0,0,0,0,0,0.0,0
237.0,237.0,237.0,234.0,228.0,212.0,202.0,202.0,208.0,230.0,236.0,237.0,313.5,316.0,311.0,311.0,312.0,295.0,289.0,289.0,290.0,312.0,322.0,311.0,313.0,297.0,180.0,55.0,14.0,22.0,21.0,19.0,11.0,51.0,170.0,329.0,264.0,81.0,67.0,1269.0,322.0,202.0,120.0,270.0,246.0,274.0,246.0,1186.0,329.0,11.0,116.0,643.0,51.0,550.0,51.0,131.0,165.0,156.0,149.0,140.0,108.0,94.0,94.0,101.0,142.0,163.0,157.0,1606.0,753.0,8.0,113.0,3.0,40.0,7977.0,0.0,0,0,1,0,0,0,0,0,0,0,0,0,1,0,0,0,0,0,0,0,0,0,0,0,0,0,0,0,0,0,0,0,0,0,0,1,0,0,0,0,0,0,0,0,0,0,0,0,0,1,0,0,0,0,0,0,0,0,0,0,0,0,0,0,0,0,0,0,0,0.0,0
238.0,238.0,238.0,237.0,231.0,215.0,204.0,204.0,210.0,232.0,239.0,238.0,314.0,317.0,312.0,312.0,313.0,296.0,289.0,290.0,290.0,312.0,323.0,311.0,307.0,291.0,176.0,55.0,14.0,22.0,20.0,20.0,11.0,48.0,164.0,323.0,265.0,79.0,67.0,1273.0,323.0,204.0,119.0,271.0,247.0,275.0,247.0,1161.0,323.0,11.0,116.0,631.0,51.0,535.0,51.0,133.0,167.0,158.0,153.0,144.0,111.0,95.0,96.0,102.0,144.0,168.0,158.0,1633.0,778.0,9.0,66.0,1.0,290.0,7918.0,0.0,0,0,1,0,0,0,0,0,0,0,0,0,0,0,0,0,0,0,0,0,0,0,0,0,0,0,0,1,0,0,0,0,0,0,0,0,0,0,0,0,1,0,0,0,0,0,0,0,0,1,0,0,0,0,0,0,0,0,0,0,0,0,0,0,0,0,0,0,0,0.0,0
241.0,241.0,241.0,240.0,233.0,219.0,209.0,208.0,213.0,234.0,241.0,241.0,315.0,318.0,312.0,313.0,312.0,296.0,290.0,289.0,290.0,311.0,322.0,312.0,293.0,276.0,170.0,60.0,18.0,25.0,23.0,22.0,12.0,46.0,158.0,310.0,267.0,76.0,67.0,1245.0,322.0,208.0,114.0,272.0,249.0,277.0,249.0,1137.0,310.0,12.0,112.0,603.0,57.0,506.0,57.0,133.0,171.0,162.0,158.0,145.0,114.0,99.0,97.0,104.0,145.0,169.0,162.0,1663.0,786.0,9.0,142.0,5.0,201.0,7635.0,18.0,0,0,0,0,0,0,0,0,1,0,0,0,0,0,0,0,0,0,0,0,0,0,0,0,0,0,0,1,0,0,0,0,0,0,0,0,0,0,0,0,0,0,0,0,0,0,1,0,0,0,0,1,0,0,0,0,0,0,0,0,0,0,0,0,0,0,0,0,0,0.0,0
239.0,239.0,238.0,238.0,231.0,215.0,205.0,205.0,210.0,232.0,239.0,239.0,314.5,317.0,312.0,313.0,314.0,297.0,291.0,291.0,291.0,312.0,323.0,312.0,306.0,290.0,176.0,58.0,15.0,23.0,22.0,21.0,12.0,50.0,167.0,322.0,266.0,80.0,68.0,1249.0,323.0,205.0,118.0,271.0,248.0,276.0,248.0,1174.0,322.0,12.0,114.0,630.0,55.0,524.0,55.0,134.0,168.0,158.0,155.0,145.0,111.0,97.0,97.0,102.0,144.0,168.0,160.0,1645.0,771.0,9.0,40.0,5.0,295.0,7956.0,0.0,0,0,0,1,0,0,0,0,0,0,0,0,1,0,0,0,0,0,0,0,0,0,0,0,0,0,0,0,0,0,0,0,0,0,0,1,0,0,0,0,0,0,0,0,0,0,0,0,0,1,0,0,0,0,0,0,0,0,0,0,0,0,0,0,0,0,0,0,0,0.0,0
222.0,222.0,221.0,219.0,210.0,193.0,186.0,185.0,191.0,214.0,219.0,222.0,301.5,304.0,300.0,299.0,297.0,285.0,274.0,274.0,279.0,300.0,306.0,299.0,304.0,287.0,190.0,74.0,16.0,20.0,25.0,21.0,12.0,51.0,183.0,321.0,249.0,85.0,70.0,1303.0,306.0,185.0,121.0,256.0,231.0,260.0,231.0,1218.0,321.0,12.0,110.0,626.0,58.0,551.0,58.0,112.0,139.0,133.0,127.0,115.0,92.0,80.0,79.0,87.0,120.0,133.0,133.0,1356.0,579.0,8.0,281.0,11.0,62.0,7842.0,1.0,0,0,0,0,1,0,0,0,0,0,0,0,0,0,1,0,0,0,0,0,0,0,0,0,0,0,0,0,0,0,0,0,0,0,0,1,0,0,0,0,0,0,0,0,0,0,0,0,0,1,0,0,0,0,0,0,0,0,0,0,0,0,0,0,0,0,0,0,0,0.0,0
232.5,232.0,232.0,231.0,224.0,207.0,199.0,198.0,203.0,226.0,233.0,233.0,309.5,312.0,307.0,307.0,308.0,292.0,285.0,284.0,286.0,308.0,317.0,307.0,303.0,287.0,178.0,60.0,15.0,22.0,22.0,20.0,11.0,49.0,169.0,319.0,260.0,81.0,68.0,1272.0,317.0,198.0,119.0,265.0,242.0,270.0,242.0,1169.0,319.0,11.0,114.0,623.0,53.0,537.0,53.0,125.0,155.0,148.0,143.0,133.0,103.0,91.0,89.0,96.0,135.0,155.0,149.0,1527.0,703.0,8.0,155.0,15.0,249.0,7621.0,34.0,0,0,0,0,1,0,0,0,0,0,0,0,1,0,0,0,0,0,0,0,0,0,0,0,0,0,0,0,0,0,0,0,0,0,0,0,1,0,0,0,0,0,0,0,0,0,0,0,0,1,0,0,0,0,0,0,0,0,0,0,0,0,0,0,0,0,0,0,0,0.0,0
228.0,228.0,228.0,226.0,218.0,202.0,193.0,193.0,199.0,221.0,228.0,228.0,306.0,308.0,304.0,304.0,303.0,289.0,280.0,280.0,283.0,304.0,313.0,304.0,301.0,284.0,181.0,65.0,16.0,22.0,24.0,21.0,12.0,50.0,173.0,318.0,255.0,82.0,69.0,1285.0,313.0,193.0,120.0,261.0,238.0,266.0,238.0,1183.0,318.0,12.0,111.0,619.0,57.0,530.0,57.0,118.0,148.0,141.0,136.0,125.0,99.0,85.0,85.0,93.0,128.0,146.0,142.0,1451.0,645.0,8.0,299.0,18.0,123.0,7208.0,40.0,0,0,0,0,0,1,0,0,0,0,0,0,1,0,0,0,0,0,0,0,0,0,0,0,0,0,0,0,0,0,0,0,0,0,1,0,0,0,0,0,0,0,0,0,0,0,0,0,0,1,0,0,0,0,0,0,0,0,0,0,0,0,0,0,0,0,0,0,0,0.0,0
242.0,242.0,242.0,241.0,233.0,218.0,208.0,208.0,213.0,236.0,241.0,242.0,316.5,319.0,314.0,315.0,314.0,299.0,292.0,292.0,292.0,314.0,324.0,314.0,299.5,283.0,172.0,60.0,17.0,24.0,23.0,22.0,13.0,49.0,165.0,316.0,268.0,78.0,67.0,1258.0,324.0,208.0,116.0,274.0,250.0,278.0,250.0,1162.0,316.0,13.0,112.0,617.0,58.0,515.0,58.0,137.0,174.0,165.0,161.0,147.0,115.0,99.0,99.0,105.0,150.0,171.0,165.0,1693.0,796.0,9.0,142.0,5.0,201.0,7635.0,18.0,0,0,0,1,0,0,0,0,0,0,0,0,0,0,0,0,0,0,0,0,0,0,0,0,0,0,0,1,0,0,0,0,0,0,0,0,0,0,0,0,0,0,0,0,0,0,1,0,0,0,0,0,0,0,0,0,0,0,0,0,0,0,0,0,0,0,0,0,1,0.0,0
226.0,226.0,226.0,224.0,215.0,198.0,191.0,191.0,196.0,218.0,225.0,226.0,305.0,307.0,303.0,303.0,301.0,288.0,279.0,279.0,283.0,304.0,311.0,303.0,303.0,286.0,186.0,70.0,16.0,22.0,25.0,21.0,12.0,51.0,180.0,320.0,253.0,84.0,70.0,1281.0,311.0,191.0,120.0,260.0,236.0,264.0,236.0,1207.0,320.0,12.0,110.0,624.0,58.0,542.0,58.0,116.0,145.0,139.0,134.0,121.0,96.0,84.0,84.0,91.0,126.0,142.0,139.0,1422.0,620.0,8.0,255.0,11.0,36.0,8066.0,2.0,0,0,0,0,1,0,0,0,0,0,0,0,0,0,1,0,0,0,0,0,0,0,0,0,0,0,0,0,0,0,0,0,0,0,0,0,1,0,0,0,0,0,0,0,0,0,0,0,0,1,0,0,0,0,0,0,0,0,0,0,0,0,0,0,0,0,0,0,0,0.0,0
225.0,225.0,225.0,223.0,213.0,197.0,190.0,189.0,194.0,217.0,224.0,225.0,304.0,306.0,302.0,302.0,300.0,287.0,278.0,278.0,281.0,302.0,310.0,302.0,302.0,285.0,186.0,71.0,16.0,21.0,25.0,22.0,12.0,51.0,180.0,319.0,252.0,84.0,69.0,1293.0,310.0,189.0,121.0,259.0,235.0,263.0,235.0,1206.0,319.0,12.0,110.0,622.0,59.0,542.0,59.0,115.0,143.0,137.0,132.0,119.0,95.0,83.0,83.0,89.0,123.0,140.0,138.0,1404.0,607.0,8.0,250.0,14.0,331.0,8092.0,47.0,0,0,0,0,1,0,0,0,0,0,0,0,0,0,1,0,0,0,0,0,0,0,0,0,0,0,0,0,0,0,0,0,0,0,1,0,0,0,0,0,0,0,0,0,0,0,0,0,0,1,0,0,0,0,0,0,0,0,0,0,0,0,0,0,0,0,0,0,0,0.0,0
225.0,225.0,225.0,223.0,213.0,197.0,190.0,189.0,194.0,217.0,224.0,225.0,304.0,306.0,302.0,302.0,300.0,287.0,278.0,278.0,281.0,302.0,310.0,302.0,302.0,285.0,186.0,71.0,16.0,21.0,25.0,22.0,12.0,51.0,180.0,319.0,252.0,84.0,69.0,1293.0,310.0,189.0,121.0,259.0,235.0,263.0,235.0,1206.0,319.0,12.0,110.0,622.0,59.0,542.0,59.0,115.0,143.0,137.0,132.0,119.0,95.0,83.0,83.0,89.0,123.0,140.0,138.0,1404.0,607.0,8.0,250.0,14.0,331.0,8092.0,47.0,0,0,0,0,1,0,0,0,0,0,0,0,0,0,1,0,0,0,0,0,0,0,0,0,0,0,0,0,0,0,0,0,0,0,1,0,0,0,0,0,0,0,0,0,0,0,0,0,0,1,0,0,0,0,0,0,0,0,0,0,0,0,0,0,0,0,0,0,0,0.0,0
237.0,236.0,236.0,235.0,229.0,213.0,204.0,204.0,208.0,230.0,237.0,238.0,312.5,315.0,309.0,310.0,311.0,294.0,287.0,288.0,287.0,309.0,320.0,310.0,293.5,277.0,170.0,58.0,16.0,23.0,23.0,22.0,12.0,47.0,161.0,310.0,263.0,79.0,68.0,1254.0,320.0,204.0,116.0,269.0,246.0,274.0,246.0,1136.0,310.0,12.0,112.0,604.0,57.0,518.0,57.0,129.0,162.0,153.0,149.0,140.0,108.0,94.0,95.0,99.0,139.0,162.0,157.0,1594.0,741.0,9.0,79.0,2.0,108.0,7900.0,0.0,0,0,0,1,0,0,0,0,0,0,0,0,0,0,0,0,0,0,0,0,0,0,0,0,1,0,0,0,0,0,0,0,0,0,0,1,0,0,0,0,0,0,0,0,0,0,0,0,0,1,0,0,0,0,0,0,0,0,0,0,0,0,0,0,0,0,0,0,0,0.0,0
226.0,226.0,226.0,224.0,215.0,200.0,192.0,191.0,197.0,219.0,225.0,226.0,304.5,307.0,303.0,303.0,301.0,288.0,279.0,279.0,282.0,303.0,311.0,302.0,299.5,282.0,183.0,68.0,16.0,21.0,25.0,22.0,12.0,51.0,177.0,317.0,254.0,83.0,69.0,1260.0,311.0,191.0,120.0,260.0,236.0,264.0,236.0,1192.0,317.0,12.0,110.0,617.0,59.0,533.0,59.0,117.0,145.0,139.0,134.0,121.0,97.0,85.0,84.0,91.0,126.0,142.0,138.0,1424.0,625.0,8.0,160.0,11.0,284.0,7929.0,55.0,0,0,0,0,1,0,0,0,0,0,0,0,0,0,1,0,0,0,0,0,0,0,0,0,0,0,0,0,0,0,0,0,0,0,1,0,0,0,0,0,0,0,0,0,0,0,0,0,0,1,0,0,0,0,0,0,0,0,0,0,0,0,0,0,0,0,0,0,0,0.0,0
220.5,221.0,221.0,217.0,208.0,191.0,185.0,184.0,190.0,211.0,218.0,220.0,300.5,303.0,299.0,298.0,296.0,284.0,273.0,273.0,278.0,299.0,305.0,298.0,297.5,280.0,188.0,76.0,17.0,21.0,27.0,22.0,13.0,52.0,183.0,315.0,248.0,85.0,70.0,1300.0,305.0,184.0,121.0,255.0,230.0,259.0,230.0,1212.0,315.0,13.0,108.0,613.0,62.0,544.0,62.0,110.0,138.0,132.0,125.0,113.0,91.0,79.0,79.0,86.0,117.0,131.0,131.0,1337.0,558.0,8.0,178.0,22.0,257.0,7175.0,46.0,0,0,0,0,1,0,0,0,0,0,0,0,0,0,1,0,0,0,0,0,0,0,0,0,0,0,0,0,0,0,0,0,0,0,1,0,0,0,0,0,0,0,0,0,0,0,0,0,0,1,0,0,0,0,0,0,0,0,0,0,0,0,0,0,0,0,0,0,0,0.0,0
224.5,225.0,225.0,222.0,213.0,197.0,190.0,189.0,194.0,217.0,223.0,224.0,304.0,307.0,303.0,301.0,300.0,287.0,278.0,278.0,281.0,302.0,310.0,301.0,298.5,281.0,184.0,70.0,16.0,22.0,25.0,22.0,12.0,51.0,179.0,316.0,252.0,84.0,69.0,1286.0,310.0,189.0,121.0,258.0,235.0,263.0,235.0,1196.0,316.0,12.0,110.0,615.0,59.0,535.0,59.0,114.0,144.0,138.0,130.0,119.0,95.0,84.0,83.0,89.0,123.0,139.0,136.0,1400.0,605.0,8.0,225.0,15.0,134.0,7613.0,65.0,0,0,0,0,0,1,0,0,0,0,0,0,1,0,0,0,0,0,0,0,0,0,0,0,0,0,0,0,0,0,0,0,0,0,1,0,0,0,0,0,0,0,0,0,0,0,0,0,0,1,0,0,0,0,0,0,0,0,0,0,0,0,0,0,0,0,0,0,0,0.0,0
241.0,241.0,241.0,240.0,234.0,218.0,209.0,208.0,213.0,235.0,242.0,241.0,315.0,318.0,313.0,313.0,314.0,297.0,291.0,291.0,290.0,312.0,324.0,312.0,290.5,274.0,168.0,60.0,18.0,25.0,24.0,23.0,13.0,47.0,161.0,307.0,267.0,77.0,66.0,1252.0,324.0,208.0,116.0,272.0,250.0,277.0,250.0,1138.0,307.0,13.0,110.0,599.0,60.0,502.0,60.0,135.0,171.0,163.0,158.0,148.0,113.0,99.0,99.0,103.0,147.0,172.0,162.0,1676.0,789.0,9.0,142.0,5.0,201.0,7635.0,18.0,0,0,0,0,0,0,0,1,0,0,0,0,0,0,0,0,0,0,0,0,0,0,0,0,0,0,0,0,0,1,0,0,0,0,0,0,0,0,0,0,0,0,0,0,0,0,1,0,0,1,0,0,0,0,0,0,0,0,0,0,0,0,0,0,0,0,0,0,0,0.0,0
225.0,225.0,225.0,223.0,214.0,198.0,190.0,190.0,195.0,218.0,224.0,225.0,304.0,306.0,303.0,302.0,301.0,288.0,278.0,278.0,282.0,302.0,310.0,302.0,297.0,280.0,183.0,71.0,17.0,22.0,26.0,23.0,13.0,51.0,180.0,314.0,253.0,84.0,70.0,1275.0,310.0,190.0,120.0,259.0,235.0,264.0,235.0,1199.0,314.0,13.0,109.0,613.0,62.0,534.0,62.0,116.0,143.0,138.0,132.0,120.0,96.0,83.0,83.0,90.0,124.0,140.0,137.0,1410.0,607.0,8.0,263.0,12.0,291.0,7963.0,55.0,0,0,0,0,0,1,0,0,0,0,0,0,1,0,0,0,0,0,0,0,0,0,0,0,0,0,0,0,0,0,0,0,0,0,1,0,0,0,0,0,0,0,0,0,0,0,0,0,0,1,0,0,0,0,0,0,0,0,0,0,0,0,0,0,0,0,0,0,0,0.0,0
241.0,241.0,241.0,240.0,234.0,218.0,208.0,208.0,212.0,235.0,241.0,241.0,315.5,318.0,313.0,313.0,314.0,298.0,291.0,291.0,291.0,312.0,324.0,313.0,289.5,273.0,168.0,62.0,19.0,26.0,24.0,24.0,13.0,48.0,162.0,306.0,267.0,78.0,67.0,1251.0,324.0,208.0,116.0,273.0,250.0,277.0,250.0,1143.0,306.0,13.0,109.0,597.0,61.0,503.0,61.0,136.0,171.0,163.0,158.0,148.0,114.0,99.0,99.0,103.0,147.0,171.0,163.0,1677.0,782.0,9.0,142.0,5.0,201.0,7635.0,18.0,0,0,0,0,0,0,0,0,1,0,0,0,0,0,0,0,0,0,0,0,0,0,0,0,0,0,0,0,0,1,0,0,0,0,0,0,0,0,0,0,0,0,0,0,0,0,1,0,0,0,0,0,0,0,0,0,0,0,0,0,0,0,0,0,0,0,0,0,1,0.0,0
216.0,215.0,210.0,197.0,166.0,148.0,145.0,149.0,159.0,197.0,208.0,217.0,300.5,300.0,294.0,286.0,270.0,255.0,241.0,246.0,257.0,290.0,300.0,301.0,384.0,386.0,392.0,140.0,84.0,95.0,101.0,106.0,77.0,172.0,218.0,382.0,229.0,93.0,60.0,2493.0,301.0,145.0,156.0,250.0,204.0,252.0,197.0,2224.0,392.0,71.0,68.0,918.0,280.0,772.0,302.0,98.0,138.0,126.0,107.0,77.0,59.0,51.0,54.0,64.0,104.0,124.0,137.0,1145.0,27.0,1.0,78.0,6.0,11.0,7706.0,0.0,0,1,0,0,0,0,0,0,0,0,0,0,0,0,0,1,0,0,0,0,0,0,0,0,0,0,0,0,0,0,0,0,0,0,0,0,0,0,0,0,0,0,0,1,0,0,0,0,0,0,0,0,0,0,0,0,0,0,1,0,0,0,0,0,0,0,0,0,0,0.01,1
208.0,207.0,203.0,189.0,159.0,141.0,137.0,141.0,151.0,189.0,200.0,209.0,292.5,292.0,286.0,277.0,262.0,246.0,231.0,236.0,247.0,283.0,291.0,293.0,386.0,384.0,397.0,160.0,105.0,115.0,111.0,110.0,81.0,171.0,238.0,388.0,221.0,92.0,59.0,2525.0,293.0,137.0,156.0,242.0,190.0,244.0,188.0,2329.0,397.0,69.0,64.0,941.0,302.0,797.0,336.0,92.0,128.0,118.0,100.0,73.0,56.0,47.0,50.0,60.0,97.0,114.0,126.0,1067.0,23.0,1.0,211.0,18.0,347.0,8061.0,18.0,0,1,0,0,0,0,0,0,0,0,0,0,0,0,0,1,0,0,0,0,0,0,0,0,0,0,0,0,0,0,0,0,0,0,0,0,0,0,0,0,0,0,0,1,0,0,0,0,0,0,0,0,0,0,0,0,0,0,1,0,0,0,0,0,0,0,0,0,0,0.01,1
211.0,210.0,206.0,192.0,161.0,144.0,140.0,144.0,154.0,193.0,203.0,212.0,297.0,297.0,291.0,283.0,267.0,251.0,237.0,242.0,253.0,288.0,296.0,297.0,391.0,390.0,396.0,148.0,90.0,101.0,103.0,105.0,78.0,172.0,232.0,392.0,225.0,95.0,60.0,2510.0,297.0,140.0,157.0,246.0,195.0,248.0,193.0,2276.0,396.0,69.0,68.0,934.0,286.0,796.0,309.0,95.0,133.0,122.0,104.0,75.0,57.0,49.0,52.0,62.0,102.0,118.0,131.0,1104.0,26.0,1.0,201.0,15.0,48.0,7777.0,0.0,0,1,0,0,0,0,0,0,0,0,0,0,0,0,0,1,0,0,0,0,0,0,0,0,0,0,0,0,0,0,0,0,0,0,0,0,0,0,0,0,0,0,0,1,0,0,0,0,0,0,0,0,0,0,0,0,0,0,1,0,0,0,0,0,0,0,0,0,0,0.04,1
216.0,215.0,210.0,197.0,166.0,148.0,145.0,149.0,159.0,197.0,208.0,217.0,300.5,300.0,294.0,286.0,270.0,255.0,241.0,246.0,257.0,290.0,300.0,301.0,384.0,386.0,392.0,140.0,84.0,95.0,101.0,106.0,77.0,172.0,218.0,382.0,229.0,93.0,60.0,2493.0,301.0,145.0,156.0,250.0,204.0,252.0,197.0,2224.0,392.0,71.0,68.0,918.0,280.0,772.0,302.0,98.0,138.0,126.0,107.0,77.0,59.0,51.0,54.0,64.0,104.0,124.0,137.0,1145.0,27.0,1.0,78.0,6.0,11.0,7706.0,0.0,0,1,0,0,0,0,0,0,0,0,0,0,0,0,0,1,0,0,0,0,0,0,0,0,0,0,0,0,0,0,0,0,0,0,0,0,0,0,0,0,0,0,0,1,0,0,0,0,0,0,0,0,0,0,0,0,0,0,1,0,0,0,0,0,0,0,0,0,0,0.04,1
214.0,213.0,209.0,196.0,164.0,147.0,143.0,147.0,157.0,196.0,206.0,215.0,300.0,300.0,293.0,285.0,269.0,254.0,240.0,244.0,255.0,289.0,299.0,300.0,386.5,387.0,393.0,142.0,85.0,97.0,102.0,106.0,78.0,173.0,222.0,386.0,228.0,94.0,60.0,2512.0,300.0,143.0,157.0,249.0,202.0,250.0,195.0,2241.0,393.0,70.0,68.0,922.0,284.0,781.0,305.0,97.0,137.0,125.0,107.0,76.0,59.0,50.0,53.0,63.0,103.0,122.0,135.0,1131.0,27.0,1.0,92.0,13.0,173.0,6717.0,16.0,0,1,0,0,0,0,0,0,0,0,0,0,0,0,0,1,0,0,0,0,0,0,0,0,0,0,0,0,0,0,0,0,0,0,0,0,0,0,0,0,0,0,0,1,0,0,0,0,0,0,0,0,0,0,0,0,0,0,1,0,0,0,0,0,0,0,0,0,0,0.04,1
