specimen_id,source_crs,longitude,latitude,mada_geom_point,sampled_layers,nodata_layers,is_categorical_encoded,specimen_name,clim_1_tmin1_Monthly minimum temperature - January (°C x 10),clim_2_tmin2_Monthly minimum temperature - February (°C x 10),clim_3_tmin3_Monthly minimum temperature - March (°C x 10),clim_4_tmin4_Monthly minimum temperature - April (°C x 10),clim_5_tmin5_Monthly minimum temperature - May (°C x 10),clim_6_tmin6_Monthly minimum temperature - June (°C x 10),clim_7_tmin7_Monthly minimum temperature - July (°C x 10),clim_8_tmin8_Monthly minimum temperature - August (°C x 10),clim_9_tmin9_Monthly minimum temperature - September (°C x 10),clim_10_tmin10_Monthly minimum temperature - October (°C x 10),clim_11_tmin11_Monthly minimum temperature - November (°C x 10),clim_12_tmin12_Monthly minimum temperature - December (°C x 10),clim_13_tmax1_Monthly maximum temperature - January (°C x 10),clim_14_tmax2_Monthly maximum temperature - February (°C x 10),clim_15_tmax3_Monthly maximum temperature - March (°C x 10),clim_16_tmax4_Monthly maximum temperature - April (°C x 10),clim_17_tmax5_Monthly maximum temperature - May (°C x 10),clim_18_tmax6_Monthly maximum temperature - June (°C x 10),clim_19_tmax7_Monthly maximum temperature - July (°C x 10),clim_20_tmax8_Monthly maximum temperature - August (°C x 10),clim_21_tmax9_Monthly maximum temperature - September (°C x 10),clim_22_tmax10_Monthly maximum temperature - October (°C x 10),clim_23_tmax11_Monthly maximum temperature - November (°C x 10),clim_24_tmax12_Monthly maximum temperature - December (°C x 10),clim_25_prec1_Monthly total precipitation - January (mm.month-1),clim_26_prec2_Monthly total precipitation - February (mm.month-1),clim_27_prec3_Monthly total precipitation - March (mm.month-1),clim_28_prec4_Monthly total precipitation - April (mm.month-1),clim_29_prec5_Monthly total precipitation - May (mm.month-1),clim_30_prec6_Monthly total precipitation - June (mm.month-1),clim_31_prec7_Monthly total precipitation - July (mm.month-1),clim_32_prec8_Monthly total precipitation - August (mm.month-1),clim_33_prec9_Monthly total precipitation - September (mm.month-1),clim_34_prec10_Monthly total precipitation - October (mm.month-1),clim_35_prec11_Monthly total precipitation - November (mm.month-1),clim_36_prec12_Monthly total precipitation - December (mm.month-1),clim_37_bio1_Annual mean temperature (degrees),clim_38_bio2_Mean diurnal range (mean of monthly max temp - monthy min temp),clim_39_bio3_Isothermality = BIO2/BIO7 x 100 (No units),clim_40_bio4_Temperature seasonality (standard deviation x 100),clim_41_bio5_Max temperature of warmest month (degrees),clim_42_bio6_Min temperature of coldest month (degrees),clim_43_bio7_Temperature annual range  = BIO5-BIO6 (degrees),clim_44_bio8_Mean temperature of wettest quarter (degrees),clim_45_bio9_Mean temperature of driest quarter (degrees),clim_46_bio10_Mean temperature of warmest quarter (degrees),clim_47_bio11_Mean temperature of coldest quarter (degrees),clim_48_bio12_Annual precipitation (mm.year-1),clim_49_bio13_Precipitation of wettest month (mm),clim_50_bio14_Precipitation of driest month (mm),clim_51_bio15_Precipitation seasonality (coefficient of variation),clim_52_bio16_Precipitation of wettest quarter (mm.3months-1),clim_53_bio17_Precipitation of driest quarter (mm.3months-1),clim_54_bio18_Precipitation of warmest quarter (mm.3months-1),clim_55_bio19_Precipitation of coldest quarter (mm.3months-1),clim_56_pet1_Monthly potential evapotranspiration from the Thornthwaite equation - January (mm.month-1),clim_57_pet2_Monthly potential evapotranspiration from the Thornthwaite equation - February (mm.month-1),clim_58_pet3_Monthly potential evapotranspiration from the Thornthwaite equation - March (mm.month-1),clim_59_pet4_Monthly potential evapotranspiration from the Thornthwaite equation - April (mm.month-1),clim_60_pet5_Monthly potential evapotranspiration from the Thornthwaite equation - May (mm.month-1),clim_61_pet6_Monthly potential evapotranspiration from the Thornthwaite equation - June (mm.month-1),clim_62_pet7_Monthly potential evapotranspiration from the Thornthwaite equation - July (mm.month-1),clim_63_pet8_Monthly potential evapotranspiration from the Thornthwaite equation - August (mm.month-1),clim_64_pet9_Monthly potential evapotranspiration from the Thornthwaite equation - September (mm.month-1),clim_65_pet10_Monthly potential evapotranspiration from the Thornthwaite equation - October (mm.month-1),clim_66_pet11_Monthly potential evapotranspiration from the Thornthwaite equation - November (mm.month-1),clim_67_pet12_Monthly potential evapotranspiration from the Thornthwaite equation - December (mm.month-1),clim_68_pet_Annual potential evapotranspiration from the Thornthwaite equation (mm),clim_69_cwd_Annual climatic water deficit (mm),clim_70_ndm_Number of dry months in the year (months.year-1),env_71_alt_Altitude (meters),env_72_slo_Slope (degrees),env_73_asp_Aspect; clockwise from North (degrees),"env_74_solrad_Solar radiation; computed from altitude, slope and aspect (Wh.m-2.day-1)","env_75_geo_Rock types (categ_vals: 1, 2, 4, 5, 6, 7, 9, 10, 11, 12, 13)","env_76_soi_Soil types (categ_vals: 1, 2, 3, 4, 5, 6, 7, 8, 9, 10, 11, 12, 13, 14, 15, 16, 17, 18, 19, 20, 21, 22, 23)","env_77_veg_Vegetation types (categ_vals: 1, 2, 3, 4, 5, 6, 7, 9, 10, 11, 12, 13, 14, 15, 16, 18, 19, 22, 23, 25)","env_78_wat_Watersheds (categ_vals: 1, 2, 3, 4, 5, 6, 7, 8, 9, 10, 11, 12, 13, 14, 15, 16, 17, 18, 19, 20, 21, 22, 23, 24, 25)",env_79_forcov_Percentage of forest cover in 1 km by 1 km grid cells (%)
abbayesii_0,4326,46.45,-24.36666,POINT (647070.6204618097 7304410.220689219),79,0,False,Coffea_abbayesii,159.0,195.0,186.0,169.0,124.0,108.0,108.0,119.0,133.0,173.0,190.0,196.0,307.0,317.0,311.0,301.0,283.0,256.0,256.0,264.0,288.0,313.0,322.0,320.0,30.0,130.0,101.0,33.0,17.0,22.0,14.0,12.0,19.0,93.0,168.0,179.0,224.0,139.0,65.0,2945.0,322.0,108.0,214.0,252.0,194.0,252.0,185.0,818.0,179.0,12.0,91.0,440.0,45.0,440.0,48.0,109.0,138.0,124.0,101.0,65.0,46.0,44.0,50.0,67.0,104.0,127.0,137.0,1116.0,380.0,10.0,408.0,1.0,307.0,7430.0,10.0,6.0,7.0,6.0,0.0
abbayesii_1,4326,46.83,-24.73,POINT (685086.8720605411 7263711.610572983),79,0,False,Coffea_abbayesii,139.0,177.0,170.0,153.0,121.0,108.0,107.0,111.0,122.0,157.0,171.0,178.0,260.0,278.0,271.0,263.0,251.0,227.0,215.0,223.0,243.0,270.0,276.0,279.0,52.0,168.0,138.0,64.0,50.0,54.0,47.0,44.0,38.0,105.0,175.0,193.0,198.0,111.0,65.0,2511.0,279.0,107.0,172.0,221.0,170.0,221.0,165.0,1128.0,193.0,38.0,61.0,473.0,129.0,473.0,145.0,83.0,109.0,98.0,82.0,61.0,46.0,40.0,43.0,55.0,82.0,96.0,107.0,907.0,78.0,4.0,820.0,20.0,56.0,7630.0,10.0,9.0,14.0,5.0,100.0
abbayesii_2,4326,46.8333,-24.7333,POINT (685415.815086571 7263341.630764661),79,0,False,Coffea_abbayesii,139.0,177.0,170.0,153.0,121.0,108.0,107.0,111.0,122.0,157.0,171.0,178.0,260.0,278.0,271.0,263.0,251.0,227.0,215.0,223.0,243.0,270.0,276.0,279.0,52.0,168.0,138.0,64.0,50.0,54.0,47.0,44.0,38.0,105.0,175.0,193.0,198.0,111.0,65.0,2511.0,279.0,107.0,172.0,221.0,170.0,221.0,165.0,1128.0,193.0,38.0,61.0,473.0,129.0,473.0,145.0,83.0,109.0,98.0,82.0,61.0,46.0,40.0,43.0,55.0,82.0,96.0,107.0,907.0,78.0,4.0,820.0,20.0,56.0,7630.0,10.0,9.0,14.0,5.0,100.0
abbayesii_3,4326,46.83333,-24.66667,POINT (685517.5605412831 7270721.614432366),79,0,False,Coffea_abbayesii,168.0,208.0,200.0,182.0,146.0,132.0,128.0,133.0,149.0,185.0,201.0,209.0,292.0,310.0,304.0,295.0,279.0,258.0,252.0,256.0,275.0,302.0,309.0,313.0,61.0,201.0,208.0,80.0,70.0,85.0,62.0,64.0,47.0,109.0,184.0,223.0,228.0,117.0,63.0,2672.0,313.0,128.0,185.0,253.0,198.0,253.0,193.0,1394.0,223.0,47.0,57.0,516.0,173.0,516.0,211.0,104.0,143.0,128.0,104.0,72.0,53.0,48.0,51.0,67.0,104.0,125.0,141.0,1145.0,90.0,4.0,123.0,14.0,48.0,7595.0,10.0,10.0,7.0,5.0,0.0
abbayesii_4,4326,46.833333,-24.733333,POINT (685419.1044266553 7263337.930920706),79,0,False,Coffea_abbayesii,139.0,177.0,170.0,153.0,121.0,108.0,107.0,111.0,122.0,157.0,171.0,178.0,260.0,278.0,271.0,263.0,251.0,227.0,215.0,223.0,243.0,270.0,276.0,279.0,52.0,168.0,138.0,64.0,50.0,54.0,47.0,44.0,38.0,105.0,175.0,193.0,198.0,111.0,65.0,2511.0,279.0,107.0,172.0,221.0,170.0,221.0,165.0,1128.0,193.0,38.0,61.0,473.0,129.0,473.0,145.0,83.0,109.0,98.0,82.0,61.0,46.0,40.0,43.0,55.0,82.0,96.0,107.0,907.0,78.0,4.0,820.0,20.0,56.0,7630.0,10.0,9.0,14.0,5.0,100.0
abbayesii_5,4326,46.85,-24.8,POINT (687005.230680173 7255931.021614572),79,0,False,Coffea_abbayesii,172.0,214.0,207.0,188.0,153.0,140.0,135.0,140.0,156.0,191.0,206.0,214.0,287.0,310.0,303.0,296.0,279.0,260.0,252.0,256.0,274.0,300.0,307.0,311.0,67.0,211.0,242.0,86.0,93.0,109.0,80.0,82.0,55.0,106.0,177.0,227.0,231.0,109.0,62.0,2602.0,311.0,135.0,176.0,253.0,202.0,254.0,197.0,1535.0,242.0,55.0,51.0,539.0,217.0,510.0,271.0,103.0,147.0,132.0,108.0,74.0,56.0,49.0,52.0,69.0,106.0,127.0,144.0,1172.0,72.0,4.0,49.0,1.0,240.0,7212.0,10.0,10.0,7.0,5.0,0.0
abbayesii_6,4326,46.863333,-24.760833,POINT (688412.4477942145 7260250.968656886),79,0,False,Coffea_abbayesii,155.0,195.0,188.0,171.0,136.0,122.0,120.0,124.0,138.0,173.0,188.0,196.0,276.0,295.0,288.0,281.0,266.0,243.0,235.0,240.0,259.0,286.0,293.0,297.0,57.0,181.0,169.0,73.0,64.0,73.0,58.0,57.0,44.0,105.0,175.0,204.0,215.0,112.0,63.0,2597.0,297.0,120.0,177.0,238.0,186.0,238.0,180.0,1260.0,204.0,44.0,56.0,484.0,159.0,484.0,188.0,92.0,125.0,113.0,94.0,67.0,50.0,44.0,47.0,60.0,92.0,110.0,123.0,1022.0,77.0,4.0,350.0,14.0,167.0,6475.0,10.0,9.0,14.0,5.0,100.0
abbayesii_7,4326,46.962222,-24.836667,POINT (698293.4731815766 7251711.088876668),79,0,False,Coffea_abbayesii,155.0,194.0,187.0,170.0,139.0,125.0,123.0,126.0,138.0,173.0,188.0,195.0,266.0,288.0,281.0,274.0,260.0,238.0,228.0,233.0,251.0,278.0,285.0,289.0,65.0,191.0,186.0,87.0,79.0,86.0,73.0,72.0,52.0,111.0,182.0,214.0,211.0,104.0,63.0,2502.0,289.0,123.0,166.0,234.0,183.0,234.0,178.0,1398.0,214.0,52.0,50.0,507.0,197.0,507.0,231.0,88.0,121.0,109.0,91.0,67.0,50.0,44.0,46.0,59.0,89.0,106.0,118.0,994.0,35.0,3.0,338.0,19.0,282.0,7315.0,10.0,9.0,14.0,5.0,99.0
abbayesii_8,4326,47.136111,-24.842778,POINT (715860.4092442521 7250769.964015225),79,1,False,Coffea_abbayesii,178.0,215.0,210.0,194.0,162.0,150.0,144.0,148.0,164.0,195.0,208.0,218.0,272.0,298.0,290.0,283.0,268.0,252.0,241.0,243.0,259.0,287.0,293.0,300.0,96.0,250.0,295.0,152.0,143.0,148.0,131.0,136.0,81.0,134.0,219.0,269.0,228.0,91.0,58.0,2438.0,300.0,144.0,156.0,248.0,199.0,250.0,196.0,2054.0,295.0,81.0,40.0,697.0,348.0,622.0,415.0,98.0,139.0,125.0,105.0,74.0,58.0,50.0,52.0,67.0,101.0,120.0,139.0,1133.0,2.0,1.0,5.0,3.0,311.0,7362.0,,21.0,7.0,5.0,18.0
abbayesii_9,4326,47.136667,-24.835833,POINT (715928.6693715989 7251538.425058084),79,0,False,Coffea_abbayesii,177.0,216.0,211.0,194.0,163.0,150.0,144.0,148.0,164.0,195.0,208.0,218.0,272.0,299.0,291.0,284.0,269.0,252.0,241.0,243.0,259.0,287.0,293.0,300.0,96.0,251.0,296.0,152.0,143.0,148.0,131.0,136.0,81.0,135.0,220.0,270.0,228.0,91.0,58.0,2455.0,300.0,144.0,156.0,249.0,199.0,250.0,196.0,2059.0,296.0,81.0,40.0,699.0,348.0,625.0,415.0,98.0,141.0,127.0,105.0,75.0,58.0,50.0,51.0,67.0,101.0,120.0,138.0,1136.0,2.0,1.0,5.0,3.0,120.0,7187.0,2.0,21.0,7.0,5.0,7.0
abbayesii_10,4326,47.1401,-24.835216,POINT (716276.781554349 7251601.331429132),79,5,False,Coffea_abbayesii,178.0,216.0,210.0,194.0,163.0,150.0,144.0,148.0,164.0,195.0,208.0,218.0,272.0,299.0,290.0,284.0,269.0,252.0,241.0,243.0,259.0,286.0,293.0,300.0,97.0,252.0,297.0,154.0,144.0,149.0,132.0,138.0,82.0,136.0,221.0,271.0,228.0,91.0,58.0,2443.0,300.0,144.0,156.0,248.0,199.0,250.0,196.0,2073.0,297.0,82.0,40.0,703.0,352.0,628.0,419.0,98.0,141.0,125.0,105.0,75.0,58.0,50.0,52.0,67.0,100.0,120.0,138.0,1134.0,1.0,1.0,14.0,,,,,,15.0,5.0,48.0
abbayesii_11,4326,47.166111,-24.796389,POINT (718974.5237810896 7255860.966205925),79,0,False,Coffea_abbayesii,178.0,216.0,210.0,194.0,162.0,149.0,144.0,147.0,164.0,194.0,209.0,217.0,273.0,300.0,291.0,284.0,269.0,252.0,241.0,244.0,260.0,287.0,295.0,301.0,99.0,258.0,305.0,160.0,144.0,150.0,133.0,140.0,82.0,140.0,227.0,278.0,228.0,92.0,59.0,2469.0,301.0,144.0,157.0,249.0,200.0,250.0,196.0,2116.0,305.0,82.0,40.0,723.0,355.0,645.0,423.0,99.0,141.0,126.0,105.0,75.0,58.0,50.0,51.0,67.0,100.0,122.0,138.0,1137.0,0.0,1.0,0.0,0.0,246.0,7250.0,2.0,21.0,6.0,5.0,18.0
abbayesii_12,4326,47.863889,-21.3825,POINT (796967.0982798996 7632811.5735395495),79,0,False,Coffea_abbayesii,173.0,210.0,206.0,192.0,161.0,144.0,140.0,144.0,154.0,193.0,203.0,212.0,273.0,297.0,291.0,283.0,267.0,251.0,237.0,242.0,253.0,288.0,296.0,297.0,69.0,390.0,396.0,148.0,90.0,101.0,103.0,105.0,78.0,172.0,232.0,392.0,225.0,95.0,60.0,2510.0,297.0,140.0,157.0,246.0,195.0,248.0,193.0,2276.0,396.0,69.0,68.0,934.0,286.0,796.0,309.0,95.0,133.0,122.0,104.0,75.0,57.0,49.0,52.0,62.0,102.0,118.0,131.0,1104.0,26.0,1.0,201.0,15.0,48.0,7777.0,10.0,11.0,16.0,3.0,0.0
abbayesii_13,4326,47.866667,-21.383333,POINT (797253.6520891015 7632714.03380194),79,0,False,Coffea_abbayesii,178.0,215.0,210.0,197.0,166.0,148.0,145.0,149.0,159.0,197.0,208.0,217.0,276.0,300.0,294.0,286.0,270.0,255.0,241.0,246.0,257.0,290.0,300.0,301.0,71.0,386.0,392.0,140.0,84.0,95.0,101.0,106.0,77.0,172.0,218.0,382.0,229.0,93.0,60.0,2493.0,301.0,145.0,156.0,250.0,204.0,252.0,197.0,2224.0,392.0,71.0,68.0,918.0,280.0,772.0,302.0,98.0,138.0,126.0,107.0,77.0,59.0,51.0,54.0,64.0,104.0,124.0,137.0,1145.0,27.0,1.0,78.0,6.0,11.0,7706.0,10.0,11.0,16.0,3.0,0.0
abbayesii_14,4326,47.867861,-21.377889,POINT (797388.5523752098 7633314.85921484),79,0,False,Coffea_abbayesii,176.0,213.0,209.0,196.0,164.0,147.0,143.0,147.0,157.0,196.0,206.0,215.0,275.0,300.0,293.0,285.0,269.0,254.0,240.0,244.0,255.0,289.0,299.0,300.0,70.0,387.0,393.0,142.0,85.0,97.0,102.0,106.0,78.0,173.0,222.0,386.0,228.0,94.0,60.0,2512.0,300.0,143.0,157.0,249.0,202.0,250.0,195.0,2241.0,393.0,70.0,68.0,922.0,284.0,781.0,305.0,97.0,137.0,125.0,107.0,76.0,59.0,50.0,53.0,63.0,103.0,122.0,135.0,1131.0,27.0,1.0,92.0,13.0,173.0,6717.0,10.0,11.0,16.0,3.0,16.0
andrambovatensis_35,4326,47.75,-21.516667,POINT (784889.6338244496 7618160.762740698),79,0,False,Coffea_andrambovatensis,162.0,200.0,195.0,181.0,150.0,132.0,129.0,133.0,143.0,184.0,194.0,201.0,267.0,289.0,283.0,275.0,258.0,241.0,227.0,232.0,244.0,282.0,290.0,290.0,62.0,397.0,392.0,160.0,98.0,110.0,100.0,95.0,75.0,162.0,264.0,407.0,215.0,97.0,60.0,2595.0,290.0,129.0,161.0,237.0,184.0,240.0,182.0,2322.0,407.0,62.0,69.0,949.0,270.0,833.0,305.0,89.0,123.0,112.0,96.0,69.0,53.0,45.0,48.0,57.0,96.0,111.0,120.0,1024.0,27.0,1.0,391.0,10.0,191.0,7580.0,10.0,11.0,16.0,3.0,0.0
andrambovatensis_36,4326,47.758333,-21.525,POINT (785737.0767059072 7617222.442619566),79,0,False,Coffea_andrambovatensis,168.0,205.0,200.0,187.0,155.0,137.0,134.0,138.0,149.0,189.0,199.0,208.0,270.0,293.0,287.0,278.0,263.0,246.0,232.0,237.0,249.0,284.0,293.0,294.0,64.0,395.0,395.0,157.0,96.0,108.0,101.0,97.0,76.0,162.0,253.0,401.0,220.0,96.0,60.0,2568.0,294.0,134.0,160.0,241.0,189.0,244.0,187.0,2305.0,401.0,64.0,69.0,947.0,274.0,816.0,306.0,92.0,128.0,117.0,99.0,72.0,55.0,47.0,50.0,60.0,98.0,115.0,127.0,1063.0,28.0,1.0,296.0,7.0,267.0,7456.0,10.0,11.0,16.0,3.0,0.0
andrambovatensis_37,4326,47.866667,-21.383333,POINT (797253.6520891015 7632714.03380194),79,0,False,Coffea_andrambovatensis,178.0,215.0,210.0,197.0,166.0,148.0,145.0,149.0,159.0,197.0,208.0,217.0,276.0,300.0,294.0,286.0,270.0,255.0,241.0,246.0,257.0,290.0,300.0,301.0,71.0,386.0,392.0,140.0,84.0,95.0,101.0,106.0,77.0,172.0,218.0,382.0,229.0,93.0,60.0,2493.0,301.0,145.0,156.0,250.0,204.0,252.0,197.0,2224.0,392.0,71.0,68.0,918.0,280.0,772.0,302.0,98.0,138.0,126.0,107.0,77.0,59.0,51.0,54.0,64.0,104.0,124.0,137.0,1145.0,27.0,1.0,78.0,6.0,11.0,7706.0,10.0,11.0,16.0,3.0,0.0
arenesiana_60,4326,47.5331,-18.939287,POINT (766774.1131943119 7903975.383623635),79,0,False,Coffea_arenesiana,121.0,162.0,158.0,146.0,116.0,97.0,96.0,97.0,106.0,146.0,157.0,161.0,254.0,264.0,257.0,250.0,231.0,216.0,204.0,207.0,228.0,266.0,259.0,258.0,48.0,262.0,206.0,51.0,14.0,9.0,9.0,11.0,12.0,152.0,268.0,300.0,185.0,110.0,65.0,2451.0,266.0,96.0,170.0,207.0,152.0,207.0,152.0,1342.0,300.0,9.0,103.0,720.0,29.0,720.0,29.0,75.0,96.0,89.0,78.0,57.0,45.0,40.0,41.0,51.0,80.0,86.0,91.0,834.0,236.0,7.0,1252.0,1.0,289.0,7911.0,1.0,10.0,4.0,20.0,0.0
arenesiana_61,4326,47.928889,-18.919722,POINT (808519.6229292486 7905496.676447506),79,0,False,Coffea_arenesiana,119.0,161.0,155.0,141.0,117.0,97.0,92.0,93.0,102.0,138.0,151.0,161.0,247.0,263.0,260.0,249.0,236.0,217.0,189.0,195.0,215.0,262.0,262.0,260.0,46.0,283.0,244.0,72.0,35.0,32.0,36.0,34.0,24.0,149.0,288.0,327.0,182.0,110.0,64.0,2667.0,263.0,92.0,171.0,205.0,147.0,205.0,147.0,1570.0,327.0,24.0,91.0,764.0,94.0,764.0,102.0,73.0,96.0,90.0,76.0,60.0,46.0,36.0,38.0,47.0,77.0,85.0,92.0,822.0,101.0,7.0,1174.0,8.0,338.0,7929.0,10.0,9.0,14.0,15.0,33.0
arenesiana_62,4326,48.033333,-18.883333,POINT (819598.6437374875 7909341.577006979),79,0,False,Coffea_arenesiana,134.0,177.0,171.0,157.0,135.0,112.0,109.0,108.0,116.0,156.0,167.0,177.0,267.0,283.0,278.0,267.0,259.0,238.0,210.0,216.0,237.0,284.0,284.0,282.0,46.0,303.0,292.0,94.0,45.0,43.0,44.0,42.0,31.0,151.0,312.0,360.0,201.0,115.0,65.0,2666.0,284.0,108.0,176.0,225.0,166.0,225.0,165.0,1763.0,360.0,31.0,88.0,823.0,117.0,823.0,129.0,80.0,108.0,99.0,84.0,69.0,51.0,40.0,41.0,52.0,87.0,97.0,105.0,919.0,88.0,4.0,875.0,1.0,148.0,7785.0,1.0,12.0,6.0,15.0,0.0
arenesiana_63,4326,48.216667,-19.177222,POINT (838334.1604373527 7876441.048947236),79,0,False,Coffea_arenesiana,123.0,171.0,161.0,147.0,118.0,101.0,103.0,102.0,108.0,144.0,158.0,169.0,246.0,269.0,266.0,255.0,237.0,219.0,197.0,200.0,216.0,266.0,270.0,265.0,47.0,310.0,254.0,104.0,60.0,70.0,71.0,59.0,47.0,139.0,293.0,326.0,187.0,108.0,64.0,2704.0,270.0,101.0,169.0,212.0,154.0,212.0,153.0,1780.0,326.0,47.0,75.0,758.0,177.0,758.0,200.0,72.0,102.0,93.0,79.0,59.0,46.0,39.0,40.0,47.0,79.0,90.0,96.0,848.0,26.0,2.0,1025.0,3.0,189.0,7711.0,10.0,9.0,14.0,2.0,62.0
arenesiana_64,4326,48.228611,-19.177222,POINT (839591.4978414372 7876417.793199601),79,0,False,Coffea_arenesiana,124.0,172.0,162.0,148.0,119.0,102.0,104.0,103.0,109.0,145.0,159.0,169.0,247.0,269.0,267.0,256.0,239.0,220.0,198.0,201.0,217.0,267.0,271.0,266.0,47.0,314.0,256.0,107.0,61.0,72.0,73.0,61.0,48.0,140.0,294.0,328.0,188.0,108.0,64.0,2692.0,271.0,102.0,169.0,212.0,155.0,212.0,154.0,1801.0,328.0,47.0,75.0,762.0,182.0,762.0,206.0,72.0,102.0,94.0,80.0,60.0,46.0,40.0,40.0,47.0,79.0,91.0,97.0,853.0,25.0,1.0,1011.0,4.0,139.0,7753.0,10.0,9.0,14.0,2.0,27.0
arenesiana_65,4326,48.254139,-19.120401,POINT (842396.2634442383 7882663.036728507),79,0,False,Coffea_arenesiana,126.0,174.0,164.0,151.0,121.0,104.0,105.0,104.0,110.0,146.0,160.0,171.0,250.0,272.0,268.0,259.0,241.0,222.0,200.0,203.0,219.0,269.0,273.0,268.0,47.0,316.0,255.0,106.0,63.0,74.0,74.0,63.0,49.0,137.0,290.0,329.0,190.0,109.0,64.0,2707.0,273.0,104.0,169.0,214.0,156.0,214.0,156.0,1803.0,329.0,47.0,74.0,756.0,186.0,677.0,211.0,74.0,104.0,94.0,82.0,61.0,47.0,40.0,40.0,48.0,80.0,91.0,98.0,863.0,27.0,1.0,971.0,2.0,202.0,7838.0,10.0,9.0,16.0,2.0,0.0
arenesiana_66,4326,48.275,-18.95,POINT (844945.4580991727 7901500.991120957),79,0,False,Coffea_arenesiana,124.0,171.0,162.0,148.0,121.0,103.0,103.0,102.0,108.0,145.0,159.0,169.0,250.0,272.0,268.0,257.0,242.0,222.0,197.0,203.0,220.0,269.0,273.0,269.0,45.0,298.0,230.0,86.0,53.0,63.0,64.0,55.0,42.0,131.0,268.0,314.0,189.0,110.0,64.0,2713.0,273.0,102.0,171.0,214.0,155.0,214.0,155.0,1649.0,314.0,42.0,77.0,713.0,161.0,713.0,182.0,73.0,102.0,94.0,80.0,61.0,47.0,39.0,40.0,48.0,80.0,91.0,98.0,858.0,43.0,3.0,955.0,6.0,240.0,7515.0,10.0,9.0,16.0,2.0,5.0
bertrandii_90,4326,46.486576,-24.820319,POINT (650238.3690614552 7254129.565000778),79,0,False,Coffea_bertrandii,163.0,211.0,202.0,179.0,139.0,124.0,120.0,126.0,140.0,185.0,203.0,210.0,315.0,332.0,328.0,319.0,301.0,275.0,271.0,278.0,298.0,325.0,332.0,334.0,34.0,117.0,103.0,34.0,37.0,53.0,31.0,25.0,23.0,71.0,119.0,130.0,237.0,142.0,66.0,2947.0,334.0,120.0,214.0,264.0,205.0,264.0,199.0,777.0,130.0,23.0,62.0,320.0,79.0,320.0,109.0,113.0,163.0,147.0,116.0,76.0,53.0,48.0,53.0,70.0,117.0,143.0,159.0,1263.0,486.0,12.0,91.0,2.0,115.0,7232.0,10.0,6.0,12.0,6.0,100.0
bertrandii_91,4326,46.63333,-25.01666,POINT (664811.0648534158 7232213.926725963),79,0,False,Coffea_bertrandii,167.0,214.0,206.0,185.0,152.0,135.0,129.0,132.0,146.0,188.0,205.0,214.0,299.0,321.0,317.0,311.0,295.0,269.0,260.0,265.0,284.0,309.0,318.0,322.0,39.0,118.0,118.0,42.0,57.0,71.0,50.0,43.0,33.0,71.0,113.0,135.0,235.0,124.0,64.0,2779.0,322.0,129.0,193.0,259.0,202.0,259.0,198.0,890.0,135.0,33.0,48.0,319.0,126.0,319.0,164.0,106.0,156.0,141.0,115.0,80.0,56.0,48.0,51.0,67.0,109.0,134.0,152.0,1222.0,348.0,10.0,114.0,4.0,353.0,7301.0,10.0,6.0,7.0,5.0,84.0
bertrandii_92,4326,46.639722,-25.023333,POINT (665447.2146653433 7231467.0431410335),79,0,False,Coffea_bertrandii,166.0,213.0,206.0,184.0,151.0,134.0,128.0,132.0,145.0,188.0,205.0,213.0,296.0,318.0,315.0,308.0,292.0,267.0,257.0,263.0,281.0,307.0,316.0,319.0,40.0,119.0,118.0,42.0,57.0,71.0,50.0,43.0,34.0,72.0,114.0,136.0,233.0,122.0,64.0,2784.0,319.0,128.0,191.0,258.0,201.0,258.0,196.0,896.0,136.0,34.0,48.0,322.0,127.0,322.0,164.0,104.0,153.0,140.0,113.0,79.0,56.0,47.0,51.0,66.0,108.0,133.0,149.0,1203.0,324.0,10.0,126.0,3.0,316.0,7346.0,10.0,6.0,7.0,5.0,79.0
bertrandii_93,4326,46.66666,-25.03333,POINT (668152.1082198943 7230326.594352566),79,0,False,Coffea_bertrandii,169.0,214.0,208.0,187.0,154.0,137.0,132.0,134.0,148.0,190.0,206.0,214.0,295.0,317.0,314.0,307.0,292.0,266.0,257.0,261.0,279.0,306.0,314.0,317.0,42.0,125.0,129.0,46.0,63.0,77.0,56.0,49.0,37.0,75.0,117.0,143.0,234.0,119.0,64.0,2738.0,317.0,132.0,185.0,257.0,201.0,257.0,197.0,959.0,143.0,37.0,47.0,335.0,142.0,300.0,182.0,105.0,153.0,141.0,114.0,80.0,56.0,49.0,51.0,66.0,108.0,132.0,148.0,1208.0,276.0,10.0,72.0,9.0,189.0,6765.0,10.0,9.0,7.0,5.0,20.0
bertrandii_94,4326,46.674722,-25.122222,POINT (668843.6342847437 7220470.852634992),79,0,False,Coffea_bertrandii,172.0,219.0,213.0,191.0,161.0,144.0,138.0,140.0,152.0,194.0,211.0,219.0,293.0,318.0,315.0,308.0,294.0,269.0,258.0,262.0,278.0,304.0,315.0,318.0,41.0,114.0,121.0,46.0,66.0,79.0,59.0,51.0,38.0,70.0,108.0,134.0,236.0,114.0,63.0,2702.0,318.0,138.0,180.0,260.0,204.0,260.0,201.0,927.0,134.0,38.0,43.0,312.0,148.0,281.0,189.0,105.0,158.0,145.0,117.0,84.0,59.0,50.0,52.0,66.0,109.0,136.0,153.0,1241.0,341.0,10.0,110.0,15.0,119.0,6517.0,10.0,15.0,7.0,5.0,88.0
bertrandii_95,4326,46.68333,-25.06667,POINT (669788.333901034 7226613.03440059),79,0,False,Coffea_bertrandii,173.0,219.0,212.0,191.0,160.0,144.0,138.0,140.0,153.0,194.0,210.0,219.0,295.0,319.0,315.0,309.0,294.0,269.0,259.0,263.0,279.0,306.0,315.0,319.0,43.0,124.0,134.0,49.0,67.0,81.0,60.0,53.0,39.0,73.0,115.0,143.0,237.0,115.0,63.0,2690.0,319.0,138.0,181.0,260.0,205.0,260.0,202.0,981.0,143.0,39.0,45.0,331.0,152.0,307.0,194.0,106.0,159.0,144.0,117.0,83.0,59.0,50.0,53.0,67.0,110.0,136.0,154.0,1245.0,295.0,10.0,51.0,7.0,9.0,7562.0,10.0,10.0,7.0,5.0,29.0
bertrandii_96,4326,46.683333,-25.066667,POINT (669788.640688142 7226613.362913565),79,0,False,Coffea_bertrandii,173.0,219.0,212.0,191.0,160.0,144.0,138.0,140.0,153.0,194.0,210.0,219.0,295.0,319.0,315.0,309.0,294.0,269.0,259.0,263.0,279.0,306.0,315.0,319.0,43.0,124.0,134.0,49.0,67.0,81.0,60.0,53.0,39.0,73.0,115.0,143.0,237.0,115.0,63.0,2690.0,319.0,138.0,181.0,260.0,205.0,260.0,202.0,981.0,143.0,39.0,45.0,331.0,152.0,307.0,194.0,106.0,159.0,144.0,117.0,83.0,59.0,50.0,53.0,67.0,110.0,136.0,154.0,1245.0,295.0,10.0,51.0,7.0,9.0,7562.0,10.0,10.0,7.0,5.0,29.0
bertrandii_97,4326,46.75833,-25.15,POINT (677234.4440133531 7217286.77883262),79,0,False,Coffea_bertrandii,175.0,219.0,213.0,193.0,165.0,149.0,143.0,144.0,156.0,194.0,211.0,220.0,283.0,310.0,305.0,299.0,285.0,263.0,251.0,254.0,268.0,294.0,305.0,310.0,48.0,130.0,144.0,61.0,80.0,90.0,74.0,66.0,46.0,79.0,121.0,154.0,233.0,103.0,62.0,2576.0,310.0,143.0,167.0,255.0,202.0,256.0,200.0,1093.0,154.0,46.0,40.0,354.0,186.0,335.0,230.0,101.0,152.0,138.0,113.0,82.0,60.0,51.0,52.0,65.0,103.0,129.0,148.0,1199.0,183.0,7.0,32.0,5.0,284.0,7298.0,1.0,21.0,4.0,5.0,3.0
bertrandii_98,4326,47.866667,-21.383333,POINT (797253.6520891015 7632714.03380194),79,0,False,Coffea_bertrandii,178.0,215.0,210.0,197.0,166.0,148.0,145.0,149.0,159.0,197.0,208.0,217.0,276.0,300.0,294.0,286.0,270.0,255.0,241.0,246.0,257.0,290.0,300.0,301.0,71.0,386.0,392.0,140.0,84.0,95.0,101.0,106.0,77.0,172.0,218.0,382.0,229.0,93.0,60.0,2493.0,301.0,145.0,156.0,250.0,204.0,252.0,197.0,2224.0,392.0,71.0,68.0,918.0,280.0,772.0,302.0,98.0,138.0,126.0,107.0,77.0,59.0,51.0,54.0,64.0,104.0,124.0,137.0,1145.0,27.0,1.0,78.0,6.0,11.0,7706.0,10.0,11.0,16.0,3.0,0.0
dubardii_974,4326,44.732222,-16.931667,POINT (471486.44712923677 8127984.871431336),79,0,False,Coffea_dubardii,204.0,229.0,225.0,219.0,187.0,165.0,161.0,172.0,185.0,220.0,226.0,227.0,333.0,317.0,317.0,327.0,321.0,310.0,307.0,313.0,324.0,335.0,328.0,313.0,23.0,389.0,194.0,52.0,7.0,2.0,2.0,5.0,8.0,82.0,190.0,365.0,261.0,118.0,68.0,1586.0,335.0,161.0,174.0,270.0,238.0,274.0,238.0,1319.0,389.0,2.0,128.0,777.0,9.0,637.0,9.0,152.0,161.0,153.0,151.0,112.0,85.0,78.0,89.0,108.0,154.0,160.0,151.0,1559.0,751.0,8.0,98.0,4.0,52.0,7811.0,9.0,18.0,5.0,8.0,49.0
dubardii_975,4326,44.749166,-16.958611,POINT (473294.49236259685 8125006.5619353615),79,0,False,Coffea_dubardii,198.0,222.0,219.0,212.0,180.0,157.0,155.0,165.0,179.0,212.0,219.0,221.0,328.0,310.0,312.0,321.0,316.0,304.0,301.0,307.0,318.0,329.0,322.0,307.0,25.0,377.0,201.0,58.0,8.0,2.0,2.0,5.0,9.0,90.0,198.0,368.0,254.0,119.0,68.0,1586.0,329.0,155.0,174.0,264.0,231.0,268.0,231.0,1343.0,377.0,2.0,124.0,770.0,9.0,656.0,9.0,142.0,147.0,143.0,139.0,105.0,79.0,74.0,83.0,101.0,141.0,147.0,140.0,1446.0,668.0,8.0,199.0,5.0,141.0,7620.0,9.0,18.0,5.0,8.0,71.0
dubardii_976,4326,44.749167,-16.958611,POINT (473294.59883002134 8125006.562071315),79,0,False,Coffea_dubardii,198.0,222.0,219.0,212.0,180.0,157.0,155.0,165.0,179.0,212.0,219.0,221.0,328.0,310.0,312.0,321.0,316.0,304.0,301.0,307.0,318.0,329.0,322.0,307.0,25.0,377.0,201.0,58.0,8.0,2.0,2.0,5.0,9.0,90.0,198.0,368.0,254.0,119.0,68.0,1586.0,329.0,155.0,174.0,264.0,231.0,268.0,231.0,1343.0,377.0,2.0,124.0,770.0,9.0,656.0,9.0,142.0,147.0,143.0,139.0,105.0,79.0,74.0,83.0,101.0,141.0,147.0,140.0,1446.0,668.0,8.0,199.0,5.0,141.0,7620.0,9.0,18.0,5.0,8.0,71.0
dubardii_977,4326,47.233333,-15.066667,POINT (740078.3644282935 8333083.596531117),79,0,False,Coffea_dubardii,208.0,230.0,234.0,225.0,206.0,186.0,171.0,176.0,191.0,227.0,231.0,232.0,339.0,316.0,323.0,331.0,326.0,318.0,309.0,315.0,328.0,338.0,327.0,315.0,22.0,360.0,263.0,51.0,5.0,1.0,2.0,3.0,4.0,120.0,225.0,486.0,266.0,114.0,67.0,1424.0,339.0,171.0,168.0,273.0,245.0,278.0,245.0,1542.0,486.0,1.0,128.0,868.0,6.0,831.0,6.0,161.0,159.0,168.0,161.0,132.0,104.0,84.0,91.0,116.0,165.0,164.0,157.0,1666.0,809.0,8.0,49.0,5.0,227.0,7632.0,5.0,20.0,5.0,9.0,62.0
dubardii_978,4326,47.266667,-15.016667,POINT (743720.1593233433 8338580.996401502),79,0,False,Coffea_dubardii,211.0,232.0,237.0,227.0,208.0,189.0,175.0,180.0,194.0,229.0,233.0,234.0,340.0,317.0,325.0,333.0,327.0,319.0,311.0,318.0,330.0,339.0,328.0,317.0,23.0,359.0,264.0,52.0,5.0,1.0,2.0,3.0,4.0,122.0,226.0,485.0,268.0,112.0,68.0,1378.0,340.0,175.0,165.0,275.0,248.0,280.0,248.0,1546.0,485.0,1.0,128.0,867.0,6.0,833.0,6.0,165.0,162.0,173.0,166.0,134.0,106.0,87.0,96.0,119.0,169.0,167.0,161.0,1711.0,834.0,8.0,7.0,2.0,135.0,7768.0,5.0,20.0,3.0,9.0,72.0
dubardii_979,4326,47.863889,-21.3825,POINT (796967.0982798996 7632811.5735395495),79,0,False,Coffea_dubardii,173.0,210.0,206.0,192.0,161.0,144.0,140.0,144.0,154.0,193.0,203.0,212.0,273.0,297.0,291.0,283.0,267.0,251.0,237.0,242.0,253.0,288.0,296.0,297.0,69.0,390.0,396.0,148.0,90.0,101.0,103.0,105.0,78.0,172.0,232.0,392.0,225.0,95.0,60.0,2510.0,297.0,140.0,157.0,246.0,195.0,248.0,193.0,2276.0,396.0,69.0,68.0,934.0,286.0,796.0,309.0,95.0,133.0,122.0,104.0,75.0,57.0,49.0,52.0,62.0,102.0,118.0,131.0,1104.0,26.0,1.0,201.0,15.0,48.0,7777.0,10.0,11.0,16.0,3.0,0.0
dubardii_980,4326,47.863972,-21.382389,POINT (796975.9344399704 7632823.713043112),79,0,False,Coffea_dubardii,173.0,210.0,206.0,192.0,161.0,144.0,140.0,144.0,154.0,193.0,203.0,212.0,273.0,297.0,291.0,283.0,267.0,251.0,237.0,242.0,253.0,288.0,296.0,297.0,69.0,390.0,396.0,148.0,90.0,101.0,103.0,105.0,78.0,172.0,232.0,392.0,225.0,95.0,60.0,2510.0,297.0,140.0,157.0,246.0,195.0,248.0,193.0,2276.0,396.0,69.0,68.0,934.0,286.0,796.0,309.0,95.0,133.0,122.0,104.0,75.0,57.0,49.0,52.0,62.0,102.0,118.0,131.0,1104.0,26.0,1.0,201.0,15.0,48.0,7777.0,10.0,11.0,16.0,3.0,0.0
dubardii_981,4326,47.8675,-21.375833,POINT (797355.2531098193 7633543.307278467),79,0,False,Coffea_dubardii,176.0,213.0,209.0,196.0,164.0,147.0,143.0,147.0,157.0,196.0,206.0,215.0,275.0,300.0,293.0,285.0,269.0,254.0,240.0,244.0,255.0,289.0,299.0,300.0,70.0,387.0,393.0,142.0,85.0,97.0,102.0,106.0,78.0,173.0,222.0,386.0,228.0,94.0,60.0,2512.0,300.0,143.0,157.0,249.0,202.0,250.0,195.0,2241.0,393.0,70.0,68.0,922.0,284.0,781.0,305.0,97.0,137.0,125.0,107.0,76.0,59.0,50.0,53.0,63.0,103.0,122.0,135.0,1131.0,27.0,1.0,92.0,13.0,173.0,6717.0,10.0,11.0,16.0,3.0,16.0
dubardii_982,4326,49.055556,-12.922222,POINT (940259.7556518493 8567976.697977759),79,0,False,Coffea_dubardii,215.0,233.0,235.0,230.0,217.0,198.0,189.0,193.0,201.0,228.0,230.0,232.0,322.0,312.0,316.0,318.0,315.0,308.0,298.0,300.0,310.0,327.0,323.0,311.0,30.0,402.0,264.0,104.0,19.0,20.0,17.0,17.0,14.0,89.0,255.0,426.0,265.0,96.0,69.0,1217.0,327.0,189.0,138.0,270.0,248.0,275.0,247.0,1657.0,426.0,14.0,112.0,858.0,48.0,770.0,54.0,148.0,156.0,160.0,152.0,132.0,107.0,91.0,95.0,110.0,155.0,158.0,152.0,1622.0,684.0,8.0,50.0,1.0,204.0,7830.0,7.0,22.0,7.0,13.0,17.0
dubardii_983,4326,49.066667,-12.85,POINT (941594.6956003106 8575962.476910887),79,0,False,Coffea_dubardii,212.0,230.0,232.0,227.0,214.0,195.0,187.0,190.0,198.0,225.0,227.0,230.0,316.0,310.0,312.0,314.0,312.0,303.0,293.0,295.0,304.0,323.0,320.0,308.0,28.0,385.0,255.0,101.0,19.0,20.0,18.0,17.0,14.0,83.0,246.0,411.0,261.0,95.0,70.0,1249.0,323.0,187.0,136.0,267.0,244.0,272.0,243.0,1597.0,411.0,14.0,112.0,824.0,49.0,740.0,55.0,140.0,151.0,153.0,146.0,128.0,102.0,87.0,91.0,105.0,148.0,152.0,147.0,1554.0,649.0,8.0,78.0,6.0,193.0,7763.0,9.0,8.0,7.0,12.0,17.0
dubardii_984,4326,49.072222,-12.9325,POINT (942053.5831398848 8566808.703762723),79,0,False,Coffea_dubardii,208.0,227.0,229.0,224.0,210.0,190.0,183.0,186.0,194.0,221.0,223.0,226.0,317.0,308.0,311.0,313.0,310.0,303.0,292.0,295.0,305.0,322.0,318.0,307.0,29.0,394.0,265.0,104.0,19.0,19.0,17.0,16.0,14.0,89.0,257.0,418.0,259.0,98.0,70.0,1240.0,322.0,183.0,139.0,265.0,242.0,269.0,241.0,1641.0,418.0,14.0,112.0,841.0,47.0,764.0,52.0,138.0,147.0,149.0,142.0,123.0,99.0,85.0,89.0,103.0,143.0,146.0,142.0,1511.0,618.0,8.0,127.0,7.0,161.0,7603.0,7.0,22.0,2.0,13.0,10.0
dubardii_985,4326,49.08333,-12.5,POINT (944014.5765139057 8614727.573604858),79,0,False,Coffea_dubardii,190.0,212.0,213.0,209.0,197.0,179.0,173.0,174.0,180.0,203.0,209.0,211.0,288.0,295.0,294.0,293.0,288.0,279.0,267.0,268.0,277.0,296.0,299.0,292.0,19.0,317.0,222.0,93.0,16.0,18.0,25.0,19.0,12.0,61.0,210.0,352.0,241.0,90.0,71.0,1318.0,299.0,173.0,126.0,248.0,223.0,252.0,223.0,1364.0,352.0,12.0,110.0,688.0,56.0,632.0,56.0,105.0,125.0,123.0,116.0,102.0,83.0,72.0,73.0,83.0,111.0,121.0,120.0,1241.0,487.0,8.0,378.0,4.0,352.0,8040.0,9.0,18.0,7.0,12.0,0.0
dubardii_986,4326,49.083333,-12.9,POINT (943319.0546159232 8570391.744125314),79,0,False,Coffea_dubardii,208.0,227.0,229.0,225.0,211.0,191.0,184.0,187.0,195.0,222.0,224.0,226.0,316.0,309.0,311.0,313.0,310.0,302.0,292.0,294.0,304.0,322.0,318.0,307.0,29.0,387.0,259.0,103.0,19.0,19.0,18.0,17.0,14.0,85.0,252.0,412.0,259.0,97.0,70.0,1246.0,322.0,184.0,138.0,265.0,242.0,269.0,241.0,1614.0,412.0,14.0,111.0,828.0,49.0,749.0,54.0,137.0,148.0,149.0,143.0,124.0,99.0,86.0,89.0,103.0,144.0,147.0,142.0,1515.0,623.0,8.0,165.0,28.0,358.0,7892.0,7.0,22.0,5.0,13.0,12.0
dubardii_987,4326,49.1,-12.9,POINT (945131.3540197855 8570362.800563525),79,0,False,Coffea_dubardii,207.0,226.0,228.0,222.0,209.0,190.0,182.0,186.0,193.0,221.0,223.0,225.0,315.0,308.0,310.0,312.0,309.0,302.0,291.0,293.0,303.0,321.0,317.0,306.0,28.0,384.0,258.0,103.0,19.0,19.0,18.0,17.0,14.0,85.0,251.0,408.0,258.0,97.0,70.0,1246.0,321.0,182.0,139.0,264.0,241.0,268.0,240.0,1604.0,408.0,14.0,111.0,820.0,49.0,744.0,54.0,135.0,146.0,147.0,139.0,122.0,99.0,84.0,88.0,101.0,142.0,145.0,141.0,1494.0,611.0,8.0,142.0,4.0,142.0,7785.0,7.0,22.0,2.0,13.0,8.0
dubardii_988,4326,49.105,-12.846388,POINT (945770.0611607116 8576296.608845381),79,0,False,Coffea_dubardii,207.0,226.0,228.0,223.0,210.0,191.0,184.0,186.0,194.0,221.0,223.0,225.0,313.0,307.0,310.0,311.0,308.0,300.0,290.0,291.0,301.0,319.0,316.0,306.0,27.0,375.0,252.0,101.0,19.0,19.0,19.0,17.0,14.0,81.0,245.0,401.0,257.0,96.0,71.0,1242.0,319.0,184.0,135.0,264.0,241.0,268.0,240.0,1570.0,401.0,14.0,111.0,803.0,50.0,727.0,55.0,133.0,145.0,147.0,139.0,122.0,98.0,85.0,87.0,101.0,141.0,144.0,141.0,1488.0,612.0,8.0,142.0,2.0,206.0,7872.0,9.0,8.0,7.0,12.0,13.0
dubardii_989,4326,49.105,-12.84639,POINT (945770.0576231861 8576296.387159621),79,0,False,Coffea_dubardii,207.0,226.0,228.0,223.0,210.0,191.0,184.0,186.0,194.0,221.0,223.0,225.0,313.0,307.0,310.0,311.0,308.0,300.0,290.0,291.0,301.0,319.0,316.0,306.0,27.0,375.0,252.0,101.0,19.0,19.0,19.0,17.0,14.0,81.0,245.0,401.0,257.0,96.0,71.0,1242.0,319.0,184.0,135.0,264.0,241.0,268.0,240.0,1570.0,401.0,14.0,111.0,803.0,50.0,727.0,55.0,133.0,145.0,147.0,139.0,122.0,98.0,85.0,87.0,101.0,141.0,144.0,141.0,1488.0,612.0,8.0,142.0,2.0,206.0,7872.0,9.0,8.0,7.0,12.0,13.0
dubardii_990,4326,49.105,-12.8464,POINT (945770.0399355507 8576295.27873082),79,0,False,Coffea_dubardii,207.0,226.0,228.0,223.0,210.0,191.0,184.0,186.0,194.0,221.0,223.0,225.0,313.0,307.0,310.0,311.0,308.0,300.0,290.0,291.0,301.0,319.0,316.0,306.0,27.0,375.0,252.0,101.0,19.0,19.0,19.0,17.0,14.0,81.0,245.0,401.0,257.0,96.0,71.0,1242.0,319.0,184.0,135.0,264.0,241.0,268.0,240.0,1570.0,401.0,14.0,111.0,803.0,50.0,727.0,55.0,133.0,145.0,147.0,139.0,122.0,98.0,85.0,87.0,101.0,141.0,144.0,141.0,1488.0,612.0,8.0,142.0,2.0,206.0,7872.0,9.0,8.0,7.0,12.0,13.0
dubardii_991,4326,49.10666,-12.91638,POINT (945826.4226579209 8568535.587778185),79,0,False,Coffea_dubardii,209.0,228.0,230.0,224.0,211.0,192.0,183.0,188.0,195.0,223.0,225.0,227.0,317.0,309.0,312.0,313.0,311.0,304.0,292.0,296.0,305.0,323.0,319.0,307.0,29.0,389.0,260.0,104.0,19.0,19.0,18.0,17.0,14.0,86.0,253.0,413.0,260.0,97.0,69.0,1247.0,323.0,183.0,140.0,266.0,243.0,270.0,242.0,1621.0,413.0,14.0,111.0,831.0,49.0,752.0,54.0,138.0,149.0,151.0,142.0,125.0,101.0,85.0,90.0,103.0,146.0,149.0,143.0,1527.0,628.0,8.0,117.0,2.0,297.0,7900.0,7.0,22.0,5.0,13.0,56.0
dubardii_992,4326,49.106667,-12.916389,POINT (945827.1677606131 8568534.577972405),79,0,False,Coffea_dubardii,209.0,228.0,230.0,224.0,211.0,192.0,183.0,188.0,195.0,223.0,225.0,227.0,317.0,309.0,312.0,313.0,311.0,304.0,292.0,296.0,305.0,323.0,319.0,307.0,29.0,389.0,260.0,104.0,19.0,19.0,18.0,17.0,14.0,86.0,253.0,413.0,260.0,97.0,69.0,1247.0,323.0,183.0,140.0,266.0,243.0,270.0,242.0,1621.0,413.0,14.0,111.0,831.0,49.0,752.0,54.0,138.0,149.0,151.0,142.0,125.0,101.0,85.0,90.0,103.0,146.0,149.0,143.0,1527.0,628.0,8.0,117.0,2.0,297.0,7900.0,7.0,22.0,5.0,13.0,56.0
dubardii_993,4326,49.10667,-12.91639,POINT (945827.4921730957 8568534.461893847),79,0,False,Coffea_dubardii,209.0,228.0,230.0,224.0,211.0,192.0,183.0,188.0,195.0,223.0,225.0,227.0,317.0,309.0,312.0,313.0,311.0,304.0,292.0,296.0,305.0,323.0,319.0,307.0,29.0,389.0,260.0,104.0,19.0,19.0,18.0,17.0,14.0,86.0,253.0,413.0,260.0,97.0,69.0,1247.0,323.0,183.0,140.0,266.0,243.0,270.0,242.0,1621.0,413.0,14.0,111.0,831.0,49.0,752.0,54.0,138.0,149.0,151.0,142.0,125.0,101.0,85.0,90.0,103.0,146.0,149.0,143.0,1527.0,628.0,8.0,117.0,2.0,297.0,7900.0,7.0,22.0,5.0,13.0,56.0
dubardii_994,4326,49.106944,-12.91,POINT (945868.6499564289 8569242.273042245),79,0,False,Coffea_dubardii,209.0,228.0,230.0,224.0,211.0,192.0,183.0,188.0,195.0,223.0,225.0,227.0,317.0,309.0,311.0,313.0,311.0,304.0,292.0,295.0,305.0,323.0,319.0,307.0,29.0,387.0,259.0,103.0,19.0,19.0,18.0,17.0,14.0,85.0,252.0,411.0,260.0,97.0,69.0,1250.0,323.0,183.0,140.0,266.0,243.0,270.0,242.0,1613.0,411.0,14.0,111.0,827.0,49.0,748.0,54.0,138.0,149.0,150.0,142.0,125.0,101.0,85.0,90.0,104.0,146.0,149.0,143.0,1526.0,629.0,8.0,140.0,8.0,353.0,7927.0,7.0,22.0,5.0,13.0,21.0
dubardii_995,4326,49.10972,-12.90888,POINT (946172.4869802331 8569361.573989293),79,0,False,Coffea_dubardii,208.0,227.0,229.0,224.0,210.0,190.0,183.0,187.0,194.0,221.0,224.0,226.0,317.0,309.0,311.0,313.0,310.0,303.0,292.0,295.0,304.0,322.0,319.0,307.0,29.0,385.0,258.0,104.0,19.0,19.0,18.0,17.0,14.0,85.0,252.0,409.0,259.0,98.0,70.0,1248.0,322.0,183.0,139.0,265.0,242.0,269.0,241.0,1609.0,409.0,14.0,111.0,823.0,49.0,746.0,54.0,138.0,148.0,149.0,142.0,123.0,99.0,85.0,89.0,102.0,143.0,148.0,142.0,1514.0,620.0,8.0,136.0,5.0,287.0,7919.0,7.0,22.0,5.0,13.0,44.0
dubardii_996,4326,49.11167,-12.91167,POINT (946379.5516790575 8569048.914896607),79,0,False,Coffea_dubardii,208.0,227.0,229.0,224.0,210.0,190.0,183.0,187.0,194.0,221.0,224.0,226.0,317.0,309.0,311.0,313.0,310.0,303.0,292.0,295.0,304.0,322.0,319.0,307.0,29.0,385.0,258.0,104.0,19.0,19.0,18.0,17.0,14.0,85.0,252.0,409.0,259.0,98.0,70.0,1248.0,322.0,183.0,139.0,265.0,242.0,269.0,241.0,1609.0,409.0,14.0,111.0,823.0,49.0,746.0,54.0,138.0,148.0,149.0,142.0,123.0,99.0,85.0,89.0,102.0,143.0,148.0,142.0,1514.0,620.0,8.0,136.0,5.0,287.0,7919.0,7.0,22.0,5.0,13.0,44.0
dubardii_997,4326,49.116667,-12.933333,POINT (946884.2424216217 8566638.953871787),79,0,False,Coffea_dubardii,209.0,228.0,230.0,225.0,211.0,191.0,183.0,187.0,195.0,223.0,225.0,227.0,319.0,309.0,312.0,315.0,312.0,305.0,294.0,296.0,306.0,324.0,320.0,308.0,30.0,392.0,262.0,105.0,19.0,19.0,17.0,17.0,14.0,87.0,255.0,415.0,260.0,98.0,70.0,1258.0,324.0,183.0,141.0,266.0,243.0,271.0,242.0,1632.0,415.0,14.0,111.0,837.0,48.0,757.0,53.0,140.0,149.0,151.0,145.0,125.0,101.0,86.0,89.0,104.0,147.0,150.0,144.0,1536.0,633.0,8.0,123.0,8.0,11.0,8046.0,7.0,22.0,5.0,13.0,38.0
dubardii_998,4326,49.11667,-12.93333,POINT (946884.5739514839 8566639.28115146),79,0,False,Coffea_dubardii,209.0,228.0,230.0,225.0,211.0,191.0,183.0,187.0,195.0,223.0,225.0,227.0,319.0,309.0,312.0,315.0,312.0,305.0,294.0,296.0,306.0,324.0,320.0,308.0,30.0,392.0,262.0,105.0,19.0,19.0,17.0,17.0,14.0,87.0,255.0,415.0,260.0,98.0,70.0,1258.0,324.0,183.0,141.0,266.0,243.0,271.0,242.0,1632.0,415.0,14.0,111.0,837.0,48.0,757.0,53.0,140.0,149.0,151.0,145.0,125.0,101.0,86.0,89.0,104.0,147.0,150.0,144.0,1536.0,633.0,8.0,123.0,8.0,11.0,8046.0,7.0,22.0,5.0,13.0,38.0
dubardii_999,4326,49.13,-12.57,POINT (948975.7790334914 8606889.449001227),79,0,False,Coffea_dubardii,149.0,175.0,176.0,172.0,158.0,140.0,136.0,137.0,140.0,163.0,171.0,176.0,258.0,266.0,265.0,262.0,255.0,246.0,232.0,233.0,246.0,267.0,267.0,264.0,25.0,282.0,231.0,100.0,26.0,22.0,29.0,23.0,15.0,73.0,227.0,316.0,206.0,97.0,74.0,1431.0,267.0,136.0,131.0,214.0,187.0,219.0,187.0,1369.0,316.0,15.0,100.0,623.0,67.0,613.0,74.0,79.0,94.0,92.0,87.0,75.0,63.0,55.0,56.0,63.0,82.0,89.0,92.0,933.0,263.0,7.0,1034.0,10.0,280.0,8078.0,9.0,18.0,14.0,12.0,100.0
dubardii_1000,4326,49.133333,-12.566667,POINT (949344.4955407982 8607253.191135047),79,0,False,Coffea_dubardii,142.0,169.0,169.0,165.0,151.0,134.0,129.0,130.0,133.0,156.0,164.0,169.0,251.0,260.0,259.0,257.0,249.0,239.0,224.0,226.0,239.0,261.0,260.0,258.0,26.0,276.0,231.0,100.0,28.0,24.0,30.0,24.0,16.0,74.0,228.0,310.0,199.0,97.0,73.0,1462.0,261.0,129.0,132.0,211.0,180.0,213.0,180.0,1367.0,310.0,16.0,98.0,612.0,70.0,607.0,70.0,75.0,90.0,88.0,83.0,72.0,60.0,53.0,54.0,60.0,79.0,84.0,88.0,893.0,234.0,7.0,1129.0,7.0,267.0,8105.0,9.0,18.0,14.0,12.0,100.0
dubardii_1001,4326,49.133333,-12.75,POINT (949022.6700174895 8586931.514680384),79,0,False,Coffea_dubardii,177.0,202.0,202.0,198.0,182.0,163.0,159.0,162.0,166.0,192.0,197.0,201.0,286.0,288.0,289.0,288.0,281.0,274.0,261.0,262.0,273.0,294.0,291.0,287.0,24.0,324.0,240.0,105.0,20.0,18.0,25.0,19.0,13.0,74.0,238.0,352.0,232.0,97.0,72.0,1382.0,294.0,159.0,135.0,240.0,213.0,244.0,213.0,1452.0,352.0,13.0,106.0,700.0,57.0,669.0,62.0,99.0,115.0,114.0,108.0,91.0,75.0,66.0,68.0,76.0,104.0,109.0,112.0,1143.0,393.0,8.0,526.0,3.0,163.0,7934.0,9.0,18.0,7.0,12.0,75.0
dubardii_1002,4326,49.16667,-12.95,POINT (952290.7947331636 8564703.283373158),79,0,False,Coffea_dubardii,201.0,222.0,223.0,218.0,204.0,184.0,176.0,180.0,187.0,215.0,219.0,221.0,313.0,305.0,307.0,309.0,306.0,300.0,287.0,290.0,300.0,318.0,315.0,304.0,29.0,374.0,258.0,106.0,20.0,19.0,19.0,17.0,14.0,86.0,255.0,397.0,254.0,100.0,70.0,1289.0,318.0,176.0,142.0,261.0,236.0,265.0,236.0,1594.0,397.0,14.0,110.0,800.0,50.0,738.0,55.0,129.0,140.0,140.0,134.0,116.0,94.0,80.0,84.0,96.0,135.0,140.0,136.0,1428.0,561.0,8.0,170.0,4.0,340.0,7887.0,7.0,6.0,5.0,13.0,2.0
dubardii_1003,4326,49.1725,-12.487778,POINT (953747.6522378414 8615930.676070265),79,0,False,Coffea_dubardii,165.0,190.0,191.0,186.0,173.0,156.0,151.0,152.0,156.0,178.0,186.0,189.0,268.0,277.0,277.0,274.0,267.0,259.0,245.0,246.0,256.0,277.0,278.0,274.0,22.0,287.0,222.0,98.0,22.0,20.0,29.0,22.0,14.0,65.0,217.0,322.0,219.0,93.0,73.0,1381.0,278.0,151.0,127.0,227.0,201.0,232.0,201.0,1340.0,322.0,14.0,103.0,631.0,65.0,607.0,65.0,86.0,104.0,103.0,96.0,83.0,70.0,61.0,62.0,68.0,90.0,98.0,100.0,1027.0,330.0,7.0,751.0,14.0,262.0,7917.0,9.0,8.0,14.0,12.0,100.0
dubardii_1004,4326,49.1725,-12.48778,POINT (953747.6487404744 8615930.454370154),79,0,False,Coffea_dubardii,165.0,190.0,191.0,186.0,173.0,156.0,151.0,152.0,156.0,178.0,186.0,189.0,268.0,277.0,277.0,274.0,267.0,259.0,245.0,246.0,256.0,277.0,278.0,274.0,22.0,287.0,222.0,98.0,22.0,20.0,29.0,22.0,14.0,65.0,217.0,322.0,219.0,93.0,73.0,1381.0,278.0,151.0,127.0,227.0,201.0,232.0,201.0,1340.0,322.0,14.0,103.0,631.0,65.0,607.0,65.0,86.0,104.0,103.0,96.0,83.0,70.0,61.0,62.0,68.0,90.0,98.0,100.0,1027.0,330.0,7.0,751.0,14.0,262.0,7917.0,9.0,8.0,14.0,12.0,100.0
dubardii_1005,4326,49.174722,-12.482778,POINT (953998.425574085 8616481.108686537),79,0,False,Coffea_dubardii,167.0,193.0,193.0,189.0,176.0,158.0,154.0,154.0,159.0,182.0,189.0,192.0,270.0,279.0,279.0,276.0,269.0,261.0,247.0,248.0,259.0,280.0,280.0,277.0,21.0,289.0,221.0,97.0,21.0,20.0,28.0,21.0,14.0,64.0,216.0,324.0,222.0,93.0,74.0,1393.0,280.0,154.0,126.0,229.0,203.0,234.0,203.0,1336.0,324.0,14.0,104.0,634.0,63.0,607.0,63.0,87.0,106.0,104.0,98.0,85.0,71.0,62.0,62.0,70.0,93.0,100.0,103.0,1048.0,346.0,8.0,735.0,17.0,84.0,7848.0,9.0,8.0,14.0,12.0,100.0
dubardii_1006,4326,49.213056,-12.479722,POINT (958179.453843839 8616753.698071461),79,0,False,Coffea_dubardii,175.0,199.0,200.0,196.0,183.0,166.0,161.0,162.0,167.0,189.0,195.0,199.0,276.0,285.0,284.0,282.0,276.0,268.0,254.0,255.0,265.0,285.0,287.0,283.0,20.0,292.0,218.0,97.0,19.0,19.0,29.0,21.0,13.0,60.0,211.0,327.0,228.0,92.0,73.0,1347.0,287.0,161.0,126.0,236.0,210.0,241.0,210.0,1326.0,327.0,13.0,105.0,639.0,63.0,607.0,63.0,93.0,112.0,110.0,104.0,90.0,75.0,65.0,66.0,74.0,98.0,106.0,109.0,1108.0,391.0,8.0,582.0,6.0,12.0,8169.0,9.0,8.0,7.0,1.0,34.0
dubardii_1007,4326,49.218333,-12.578889,POINT (958578.37993952 8605751.270235546),79,0,False,Coffea_dubardii,159.0,184.0,185.0,180.0,166.0,149.0,144.0,145.0,149.0,172.0,180.0,184.0,265.0,273.0,273.0,270.0,263.0,255.0,240.0,241.0,253.0,274.0,274.0,271.0,24.0,284.0,225.0,101.0,24.0,21.0,30.0,23.0,15.0,70.0,224.0,316.0,214.0,96.0,74.0,1422.0,274.0,144.0,130.0,222.0,195.0,227.0,195.0,1357.0,316.0,15.0,101.0,624.0,68.0,610.0,68.0,84.0,100.0,99.0,92.0,80.0,67.0,58.0,59.0,66.0,87.0,94.0,97.0,988.0,297.0,7.0,865.0,8.0,199.0,7779.0,9.0,8.0,14.0,1.0,68.0
dubardii_1008,4326,49.23333,-12.86666,POINT (959691.3428320987 8573823.036354238),79,0,False,Coffea_dubardii,190.0,212.0,213.0,208.0,193.0,174.0,169.0,171.0,178.0,204.0,208.0,211.0,300.0,297.0,298.0,299.0,294.0,289.0,275.0,276.0,287.0,306.0,304.0,296.0,27.0,339.0,241.0,106.0,20.0,19.0,23.0,19.0,14.0,79.0,245.0,363.0,243.0,99.0,72.0,1307.0,306.0,169.0,137.0,251.0,226.0,254.0,225.0,1495.0,363.0,14.0,106.0,729.0,56.0,687.0,61.0,113.0,127.0,126.0,120.0,102.0,85.0,73.0,75.0,86.0,118.0,123.0,123.0,1276.0,468.0,8.0,365.0,11.0,214.0,7635.0,7.0,6.0,5.0,13.0,46.0
dubardii_1009,4326,49.256111,-12.459167,POINT (962906.2334836399 8618957.397500725),79,0,False,Coffea_dubardii,190.0,212.0,213.0,209.0,197.0,180.0,174.0,176.0,181.0,203.0,209.0,213.0,286.0,296.0,295.0,292.0,288.0,279.0,267.0,268.0,275.0,295.0,298.0,293.0,18.0,297.0,210.0,91.0,16.0,18.0,27.0,20.0,12.0,55.0,201.0,333.0,241.0,89.0,72.0,1309.0,298.0,174.0,124.0,248.0,223.0,252.0,223.0,1298.0,333.0,12.0,109.0,648.0,59.0,598.0,59.0,104.0,126.0,124.0,116.0,102.0,84.0,73.0,74.0,82.0,110.0,120.0,123.0,1242.0,491.0,8.0,431.0,6.0,303.0,8063.0,9.0,8.0,7.0,1.0,1.0
dubardii_1010,4326,49.258333,-12.825,POINT (962487.3698030709 8578396.608831558),79,0,False,Coffea_dubardii,191.0,213.0,214.0,210.0,195.0,176.0,171.0,173.0,179.0,205.0,210.0,213.0,299.0,298.0,299.0,300.0,295.0,289.0,275.0,276.0,287.0,306.0,304.0,297.0,26.0,331.0,236.0,106.0,20.0,19.0,25.0,20.0,14.0,75.0,239.0,358.0,244.0,97.0,72.0,1314.0,306.0,171.0,135.0,251.0,226.0,255.0,226.0,1469.0,358.0,14.0,106.0,715.0,59.0,672.0,64.0,113.0,128.0,127.0,122.0,104.0,86.0,74.0,75.0,86.0,119.0,125.0,125.0,1289.0,477.0,8.0,320.0,1.0,301.0,7969.0,9.0,8.0,5.0,1.0,54.0
dubardii_1011,4326,49.33333,-12.38333,POINT (971456.3443710594 8627229.204377742),79,0,False,Coffea_dubardii,198.0,220.0,220.0,217.0,207.0,190.0,183.0,183.0,189.0,211.0,217.0,219.0,289.0,302.0,299.0,298.0,295.0,283.0,272.0,273.0,278.0,298.0,304.0,297.0,18.0,285.0,192.0,77.0,16.0,20.0,26.0,22.0,12.0,52.0,186.0,320.0,247.0,86.0,71.0,1307.0,304.0,183.0,121.0,254.0,229.0,259.0,229.0,1226.0,320.0,12.0,109.0,623.0,60.0,554.0,60.0,109.0,136.0,131.0,125.0,112.0,90.0,78.0,78.0,86.0,117.0,130.0,129.0,1327.0,555.0,8.0,330.0,30.0,244.0,6991.0,6.0,20.0,7.0,1.0,33.0
dubardii_1012,4326,49.7,-13.18,POINT (1009820.5473967544 8538182.939559158),79,0,False,Coffea_dubardii,200.0,225.0,222.0,219.0,204.0,185.0,181.0,183.0,188.0,215.0,222.0,225.0,299.0,306.0,304.0,307.0,302.0,293.0,276.0,279.0,287.0,309.0,310.0,305.0,45.0,273.0,193.0,129.0,51.0,43.0,48.0,45.0,30.0,81.0,219.0,263.0,251.0,92.0,71.0,1436.0,310.0,181.0,129.0,263.0,232.0,264.0,232.0,1420.0,273.0,30.0,78.0,595.0,123.0,563.0,123.0,117.0,144.0,137.0,133.0,114.0,91.0,77.0,80.0,89.0,127.0,138.0,141.0,1394.0,360.0,8.0,171.0,8.0,36.0,7888.0,10.0,9.0,6.0,1.0,24.0
dubardii_1013,4326,49.766667,-13.2,POINT (1017024.8349066628 8535827.446843999),79,0,False,Coffea_dubardii,206.0,232.0,227.0,224.0,211.0,191.0,188.0,189.0,194.0,220.0,227.0,231.0,300.0,310.0,306.0,310.0,305.0,295.0,277.0,280.0,288.0,309.0,312.0,308.0,49.0,264.0,182.0,137.0,58.0,49.0,55.0,51.0,34.0,76.0,205.0,245.0,255.0,88.0,71.0,1450.0,312.0,188.0,124.0,268.0,236.0,268.0,236.0,1405.0,264.0,34.0,72.0,583.0,140.0,583.0,140.0,122.0,154.0,143.0,140.0,120.0,95.0,80.0,82.0,92.0,131.0,144.0,149.0,1458.0,357.0,8.0,69.0,3.0,22.0,7901.0,10.0,7.0,7.0,1.0,0.0
dubardii_1014,4326,49.985833,-13.613056,POINT (1039922.9102694271 8489527.728152186),79,0,False,Coffea_dubardii,191.0,222.0,218.0,214.0,199.0,180.0,178.0,177.0,181.0,207.0,217.0,222.0,283.0,303.0,300.0,300.0,291.0,280.0,262.0,263.0,271.0,295.0,301.0,302.0,70.0,224.0,175.0,112.0,81.0,77.0,82.0,88.0,49.0,103.0,204.0,213.0,244.0,87.0,69.0,1666.0,303.0,177.0,126.0,257.0,222.0,259.0,222.0,1478.0,224.0,49.0,50.0,520.0,219.0,511.0,219.0,102.0,140.0,131.0,125.0,104.0,83.0,71.0,71.0,78.0,112.0,128.0,137.0,1288.0,115.0,6.0,187.0,11.0,275.0,7838.0,9.0,6.0,5.0,1.0,79.0
farafanganensis_1238,4326,47.641667,-23.141667,POINT (770505.4135884279 7438345.657786958),79,0,False,Coffea_farafanganensis,185.0,223.0,216.0,199.0,175.0,154.0,151.0,151.0,166.0,200.0,216.0,222.0,280.0,306.0,299.0,286.0,277.0,255.0,245.0,251.0,260.0,289.0,298.0,303.0,104.0,352.0,297.0,163.0,161.0,140.0,135.0,121.0,80.0,159.0,280.0,342.0,233.0,90.0,58.0,2480.0,306.0,151.0,155.0,254.0,204.0,254.0,201.0,2334.0,352.0,80.0,49.0,812.0,336.0,812.0,396.0,105.0,150.0,134.0,108.0,84.0,60.0,52.0,54.0,66.0,104.0,127.0,143.0,1193.0,1.0,1.0,9.0,2.0,228.0,7359.0,9.0,19.0,7.0,4.0,0.0
farafanganensis_1239,4326,47.7,-23.0,POINT (776771.7723534377 7453930.881346926),79,0,False,Coffea_farafanganensis,185.0,225.0,217.0,199.0,178.0,156.0,152.0,152.0,166.0,201.0,216.0,222.0,276.0,305.0,299.0,284.0,276.0,253.0,243.0,250.0,257.0,285.0,294.0,301.0,108.0,337.0,333.0,182.0,167.0,144.0,139.0,120.0,80.0,153.0,263.0,342.0,233.0,87.0,57.0,2471.0,305.0,152.0,153.0,254.0,203.0,254.0,201.0,2368.0,342.0,80.0,48.0,852.0,339.0,852.0,403.0,102.0,151.0,135.0,107.0,85.0,60.0,52.0,55.0,65.0,103.0,125.0,141.0,1185.0,0.0,0.0,26.0,1.0,27.0,7450.0,10.0,7.0,14.0,4.0,28.0
farafanganensis_1240,4326,47.863889,-21.3825,POINT (796967.0982798996 7632811.5735395495),79,0,False,Coffea_farafanganensis,173.0,210.0,206.0,192.0,161.0,144.0,140.0,144.0,154.0,193.0,203.0,212.0,273.0,297.0,291.0,283.0,267.0,251.0,237.0,242.0,253.0,288.0,296.0,297.0,69.0,390.0,396.0,148.0,90.0,101.0,103.0,105.0,78.0,172.0,232.0,392.0,225.0,95.0,60.0,2510.0,297.0,140.0,157.0,246.0,195.0,248.0,193.0,2276.0,396.0,69.0,68.0,934.0,286.0,796.0,309.0,95.0,133.0,122.0,104.0,75.0,57.0,49.0,52.0,62.0,102.0,118.0,131.0,1104.0,26.0,1.0,201.0,15.0,48.0,7777.0,10.0,11.0,16.0,3.0,0.0
farafanganensis_1241,4326,47.863972,-21.382389,POINT (796975.9344399704 7632823.713043112),79,0,False,Coffea_farafanganensis,173.0,210.0,206.0,192.0,161.0,144.0,140.0,144.0,154.0,193.0,203.0,212.0,273.0,297.0,291.0,283.0,267.0,251.0,237.0,242.0,253.0,288.0,296.0,297.0,69.0,390.0,396.0,148.0,90.0,101.0,103.0,105.0,78.0,172.0,232.0,392.0,225.0,95.0,60.0,2510.0,297.0,140.0,157.0,246.0,195.0,248.0,193.0,2276.0,396.0,69.0,68.0,934.0,286.0,796.0,309.0,95.0,133.0,122.0,104.0,75.0,57.0,49.0,52.0,62.0,102.0,118.0,131.0,1104.0,26.0,1.0,201.0,15.0,48.0,7777.0,10.0,11.0,16.0,3.0,0.0
farafanganensis_1242,4326,47.866667,-21.383333,POINT (797253.6520891015 7632714.03380194),79,0,False,Coffea_farafanganensis,178.0,215.0,210.0,197.0,166.0,148.0,145.0,149.0,159.0,197.0,208.0,217.0,276.0,300.0,294.0,286.0,270.0,255.0,241.0,246.0,257.0,290.0,300.0,301.0,71.0,386.0,392.0,140.0,84.0,95.0,101.0,106.0,77.0,172.0,218.0,382.0,229.0,93.0,60.0,2493.0,301.0,145.0,156.0,250.0,204.0,252.0,197.0,2224.0,392.0,71.0,68.0,918.0,280.0,772.0,302.0,98.0,138.0,126.0,107.0,77.0,59.0,51.0,54.0,64.0,104.0,124.0,137.0,1145.0,27.0,1.0,78.0,6.0,11.0,7706.0,10.0,11.0,16.0,3.0,0.0
heimii_1305,4326,46.70611,-19.37333,POINT (679184.430308989 7856978.415031726),79,0,False,Coffea_heimii,117.0,155.0,153.0,135.0,104.0,85.0,82.0,94.0,100.0,138.0,154.0,158.0,279.0,265.0,264.0,263.0,252.0,237.0,227.0,246.0,264.0,275.0,272.0,265.0,69.0,296.0,305.0,84.0,21.0,8.0,8.0,8.0,18.0,156.0,293.0,345.0,191.0,136.0,69.0,2099.0,279.0,82.0,197.0,210.0,161.0,210.0,161.0,1611.0,345.0,8.0,101.0,794.0,24.0,794.0,24.0,82.0,92.0,88.0,77.0,59.0,46.0,41.0,49.0,58.0,79.0,88.0,91.0,856.0,205.0,6.0,1285.0,2.0,46.0,7917.0,10.0,12.0,6.0,19.0,0.0
heimii_1306,4326,47.863889,-21.3825,POINT (796967.0982798996 7632811.5735395495),79,0,False,Coffea_heimii,173.0,210.0,206.0,192.0,161.0,144.0,140.0,144.0,154.0,193.0,203.0,212.0,273.0,297.0,291.0,283.0,267.0,251.0,237.0,242.0,253.0,288.0,296.0,297.0,69.0,390.0,396.0,148.0,90.0,101.0,103.0,105.0,78.0,172.0,232.0,392.0,225.0,95.0,60.0,2510.0,297.0,140.0,157.0,246.0,195.0,248.0,193.0,2276.0,396.0,69.0,68.0,934.0,286.0,796.0,309.0,95.0,133.0,122.0,104.0,75.0,57.0,49.0,52.0,62.0,102.0,118.0,131.0,1104.0,26.0,1.0,201.0,15.0,48.0,7777.0,10.0,11.0,16.0,3.0,0.0
heimii_1307,4326,47.866667,-21.383333,POINT (797253.6520891015 7632714.03380194),79,0,False,Coffea_heimii,178.0,215.0,210.0,197.0,166.0,148.0,145.0,149.0,159.0,197.0,208.0,217.0,276.0,300.0,294.0,286.0,270.0,255.0,241.0,246.0,257.0,290.0,300.0,301.0,71.0,386.0,392.0,140.0,84.0,95.0,101.0,106.0,77.0,172.0,218.0,382.0,229.0,93.0,60.0,2493.0,301.0,145.0,156.0,250.0,204.0,252.0,197.0,2224.0,392.0,71.0,68.0,918.0,280.0,772.0,302.0,98.0,138.0,126.0,107.0,77.0,59.0,51.0,54.0,64.0,104.0,124.0,137.0,1145.0,27.0,1.0,78.0,6.0,11.0,7706.0,10.0,11.0,16.0,3.0,0.0
heimii_1308,4326,49.202966,-12.221671,POINT (957530.000239063 8645377.025161961),79,0,False,Coffea_heimii,215.0,234.0,234.0,233.0,224.0,210.0,200.0,199.0,204.0,226.0,233.0,233.0,296.0,312.0,307.0,307.0,306.0,291.0,284.0,283.0,285.0,307.0,316.0,306.0,16.0,288.0,181.0,61.0,15.0,22.0,21.0,20.0,11.0,47.0,165.0,323.0,260.0,79.0,68.0,1272.0,316.0,199.0,117.0,266.0,242.0,271.0,242.0,1170.0,323.0,11.0,114.0,627.0,52.0,530.0,52.0,124.0,157.0,149.0,145.0,132.0,105.0,91.0,89.0,96.0,134.0,154.0,148.0,1529.0,706.0,8.0,82.0,8.0,100.0,7834.0,6.0,23.0,6.0,12.0,3.0
heimii_1309,4326,49.226443,-12.281807,POINT (959985.3753017825 8638670.640734412),79,78,False,Coffea_heimii,,,,,,,,,,,,,,,,,,,,,,,,,,,,,,,,,,,,,,,,,,,,,,,,,,,,,,,,,,,,,,,,,,,,,,,,,,,,,25.0,,
heimii_1310,4326,49.263119,-12.279828,POINT (963987.2160799548 8638826.905155072),79,8,False,Coffea_heimii,220.0,238.0,239.0,236.0,230.0,215.0,205.0,204.0,210.0,231.0,238.0,238.0,300.0,316.0,311.0,311.0,312.0,295.0,289.0,289.0,290.0,310.0,322.0,310.0,16.0,292.0,177.0,57.0,15.0,22.0,20.0,20.0,11.0,48.0,163.0,324.0,264.0,79.0,67.0,1244.0,322.0,204.0,118.0,270.0,247.0,275.0,247.0,1165.0,324.0,11.0,116.0,632.0,51.0,526.0,51.0,131.0,166.0,158.0,151.0,142.0,110.0,96.0,95.0,102.0,141.0,165.0,157.0,1620.0,766.0,9.0,,,,,,,25.0,,
heimii_1311,4326,49.2757,-12.398991,POINT (965147.7496670873 8625594.36152296),79,0,False,Coffea_heimii,208.0,228.0,228.0,225.0,216.0,200.0,192.0,192.0,197.0,220.0,226.0,228.0,296.0,308.0,305.0,305.0,304.0,290.0,281.0,281.0,285.0,306.0,313.0,304.0,18.0,297.0,191.0,68.0,14.0,21.0,23.0,20.0,11.0,52.0,181.0,332.0,255.0,84.0,70.0,1280.0,313.0,192.0,121.0,262.0,238.0,266.0,238.0,1228.0,332.0,11.0,113.0,647.0,54.0,556.0,54.0,120.0,148.0,142.0,136.0,124.0,98.0,85.0,85.0,93.0,129.0,144.0,142.0,1451.0,646.0,8.0,184.0,3.0,313.0,7969.0,9.0,8.0,7.0,1.0,3.0
heimii_1312,4326,49.303872,-12.318289,POINT (968361.9252714938 8634492.083777336),79,0,False,Coffea_heimii,223.0,240.0,240.0,238.0,232.0,216.0,206.0,206.0,212.0,234.0,240.0,240.0,303.0,317.0,312.0,313.0,314.0,297.0,291.0,291.0,292.0,313.0,324.0,312.0,17.0,290.0,176.0,57.0,15.0,23.0,21.0,20.0,11.0,49.0,165.0,322.0,266.0,79.0,67.0,1245.0,324.0,206.0,118.0,272.0,249.0,277.0,249.0,1166.0,322.0,11.0,115.0,629.0,52.0,536.0,52.0,136.0,169.0,160.0,155.0,146.0,112.0,97.0,97.0,104.0,147.0,170.0,161.0,1661.0,792.0,9.0,71.0,6.0,85.0,7863.0,7.0,4.0,6.0,1.0,0.0
heimii_1313,4326,49.306528,-12.355424,POINT (968585.2150284352 8630370.385262387),79,0,False,Coffea_heimii,218.0,237.0,236.0,236.0,229.0,213.0,202.0,202.0,207.0,230.0,237.0,237.0,301.0,317.0,311.0,312.0,312.0,297.0,289.0,290.0,290.0,311.0,322.0,311.0,17.0,294.0,179.0,57.0,14.0,22.0,21.0,20.0,11.0,50.0,170.0,327.0,264.0,81.0,67.0,1275.0,322.0,202.0,120.0,270.0,246.0,274.0,246.0,1182.0,327.0,11.0,115.0,638.0,52.0,530.0,52.0,130.0,166.0,155.0,152.0,141.0,110.0,94.0,95.0,100.0,141.0,164.0,157.0,1611.0,755.0,8.0,44.0,6.0,241.0,7877.0,7.0,23.0,7.0,1.0,0.0
heimii_1314,4326,49.319958,-12.231176,POINT (970270.6064264355 8644121.97451932),79,78,False,Coffea_heimii,,,,,,,,,,,,,,,,,,,,,,,,,,,,,,,,,,,,,,,,,,,,,,,,,,,,,,,,,,,,,,,,,,,,,,,,,,,,,25.0,,
heimii_1315,4326,49.3425,-12.396327,POINT (972432.2872414208 8625771.941739332),79,0,False,Coffea_heimii,209.0,229.0,229.0,227.0,219.0,202.0,194.0,193.0,199.0,222.0,229.0,229.0,296.0,310.0,306.0,307.0,305.0,291.0,282.0,282.0,285.0,306.0,315.0,305.0,18.0,290.0,185.0,67.0,16.0,22.0,24.0,21.0,12.0,52.0,180.0,324.0,257.0,84.0,68.0,1301.0,315.0,193.0,122.0,263.0,239.0,268.0,239.0,1211.0,324.0,12.0,111.0,632.0,57.0,542.0,57.0,120.0,150.0,144.0,139.0,127.0,100.0,87.0,86.0,93.0,130.0,149.0,143.0,1475.0,654.0,8.0,141.0,7.0,246.0,7788.0,7.0,20.0,7.0,1.0,4.0
heimii_1316,4326,49.347115,-12.210881,POINT (973268.3172334379 8646324.57726909),79,78,False,Coffea_heimii,,,,,,,,,,,,,,,,,,,,,,,,,,,,,,,,,,,,,,,,,,,,,,,,,,,,,,,,,,,,,,,,,,,,,,,,,,,,,25.0,,
heimii_1317,4326,49.35305,-12.37361,POINT (973623.1924143073 8628271.887355782),79,0,False,Coffea_heimii,205.0,225.0,225.0,223.0,213.0,197.0,190.0,189.0,194.0,217.0,224.0,225.0,292.0,306.0,302.0,302.0,300.0,287.0,278.0,278.0,281.0,302.0,310.0,302.0,18.0,285.0,186.0,71.0,16.0,21.0,25.0,22.0,12.0,51.0,180.0,319.0,252.0,84.0,69.0,1293.0,310.0,189.0,121.0,259.0,235.0,263.0,235.0,1206.0,319.0,12.0,110.0,622.0,59.0,542.0,59.0,115.0,143.0,137.0,132.0,119.0,95.0,83.0,83.0,89.0,123.0,140.0,138.0,1404.0,607.0,8.0,250.0,14.0,331.0,8092.0,6.0,20.0,5.0,1.0,47.0
heimii_1318,4326,49.387585,-12.322474,POINT (977480.4254891395 8633880.097304637),79,0,False,Coffea_heimii,223.0,241.0,240.0,239.0,232.0,216.0,206.0,206.0,212.0,234.0,240.0,240.0,303.0,318.0,313.0,314.0,314.0,298.0,291.0,291.0,292.0,314.0,324.0,313.0,19.0,280.0,172.0,62.0,18.0,25.0,24.0,23.0,13.0,50.0,168.0,313.0,267.0,79.0,67.0,1265.0,324.0,206.0,118.0,273.0,249.0,277.0,249.0,1167.0,313.0,13.0,110.0,612.0,60.0,514.0,60.0,136.0,171.0,162.0,158.0,146.0,113.0,97.0,97.0,104.0,148.0,170.0,162.0,1669.0,771.0,9.0,14.0,2.0,294.0,7863.0,2.0,16.0,5.0,1.0,3.0
heimii_1319,4326,49.398762,-12.38876,POINT (978577.9713838883 8626510.356607465),79,0,False,Coffea_heimii,217.0,236.0,235.0,234.0,225.0,210.0,201.0,201.0,206.0,229.0,235.0,235.0,301.0,315.0,310.0,311.0,311.0,296.0,288.0,288.0,290.0,311.0,320.0,310.0,19.0,283.0,177.0,65.0,17.0,24.0,24.0,23.0,13.0,52.0,175.0,316.0,263.0,82.0,69.0,1256.0,320.0,201.0,119.0,269.0,245.0,273.0,245.0,1188.0,316.0,13.0,110.0,618.0,60.0,525.0,60.0,130.0,162.0,153.0,149.0,137.0,108.0,93.0,93.0,100.0,140.0,160.0,154.0,1584.0,716.0,8.0,82.0,10.0,57.0,7971.0,6.0,23.0,7.0,1.0,12.0
heimii_1320,4326,49.43333,-12.56666,POINT (982015.30182686 8606721.54578902),79,0,False,Coffea_heimii,207.0,228.0,228.0,225.0,215.0,197.0,190.0,191.0,196.0,220.0,226.0,228.0,299.0,309.0,306.0,307.0,305.0,294.0,282.0,283.0,288.0,308.0,314.0,306.0,23.0,285.0,191.0,87.0,22.0,24.0,29.0,26.0,16.0,60.0,200.0,318.0,256.0,87.0,70.0,1296.0,314.0,190.0,124.0,262.0,238.0,267.0,238.0,1281.0,318.0,16.0,103.0,626.0,71.0,563.0,71.0,121.0,149.0,143.0,138.0,124.0,99.0,84.0,86.0,94.0,130.0,145.0,144.0,1461.0,592.0,8.0,150.0,8.0,253.0,7786.0,6.0,17.0,5.0,1.0,56.0
heimii_1321,4326,49.433333,-12.566667,POINT (982015.6155031192 8606720.764081914),79,0,False,Coffea_heimii,207.0,228.0,228.0,225.0,215.0,197.0,190.0,191.0,196.0,220.0,226.0,228.0,299.0,309.0,306.0,307.0,305.0,294.0,282.0,283.0,288.0,308.0,314.0,306.0,23.0,285.0,191.0,87.0,22.0,24.0,29.0,26.0,16.0,60.0,200.0,318.0,256.0,87.0,70.0,1296.0,314.0,190.0,124.0,262.0,238.0,267.0,238.0,1281.0,318.0,16.0,103.0,626.0,71.0,563.0,71.0,121.0,149.0,143.0,138.0,124.0,99.0,84.0,86.0,94.0,130.0,145.0,144.0,1461.0,592.0,8.0,150.0,8.0,253.0,7786.0,6.0,17.0,5.0,1.0,56.0
heimii_1322,4326,49.435269,-12.278797,POINT (982759.134614432 8638637.598548036),79,78,False,Coffea_heimii,,,,,,,,,,,,,,,,,,,,,,,,,,,,,,,,,,,,,,,,,,,,,,,,,,,,,,,,,,,,,,,,,,,,,,,,,,,,,25.0,,
heimii_1323,4326,49.442777,-12.593611,POINT (982993.7318721606 8603715.672081811),79,0,False,Coffea_heimii,201.0,224.0,223.0,220.0,209.0,191.0,185.0,186.0,192.0,216.0,222.0,223.0,296.0,306.0,303.0,303.0,300.0,290.0,279.0,279.0,286.0,306.0,310.0,302.0,24.0,285.0,196.0,92.0,22.0,24.0,30.0,26.0,16.0,61.0,205.0,318.0,252.0,89.0,71.0,1302.0,310.0,185.0,125.0,258.0,234.0,263.0,234.0,1299.0,318.0,16.0,102.0,627.0,72.0,573.0,72.0,116.0,143.0,137.0,130.0,116.0,93.0,81.0,82.0,91.0,126.0,138.0,136.0,1394.0,544.0,8.0,208.0,2.0,339.0,7990.0,6.0,17.0,5.0,1.0,62.0
heimii_1324,4326,49.45611,-12.58472,POINT (984462.6304257289 8604676.940310588),79,0,False,Coffea_heimii,199.0,221.0,221.0,218.0,206.0,189.0,182.0,183.0,188.0,212.0,219.0,221.0,294.0,303.0,301.0,301.0,298.0,289.0,275.0,276.0,283.0,303.0,307.0,301.0,23.0,280.0,195.0,93.0,22.0,24.0,31.0,27.0,17.0,60.0,205.0,314.0,249.0,89.0,71.0,1324.0,307.0,182.0,125.0,256.0,231.0,260.0,231.0,1291.0,314.0,17.0,101.0,617.0,75.0,568.0,75.0,113.0,138.0,134.0,128.0,113.0,92.0,78.0,79.0,88.0,121.0,133.0,134.0,1356.0,518.0,8.0,251.0,3.0,268.0,7940.0,6.0,17.0,6.0,1.0,21.0
heimii_1325,4326,49.549809,-12.580463,POINT (994676.992488631 8604973.911008792),79,0,False,Coffea_heimii,218.0,238.0,237.0,235.0,225.0,207.0,200.0,201.0,207.0,231.0,237.0,237.0,306.0,316.0,313.0,315.0,313.0,300.0,289.0,291.0,295.0,315.0,321.0,312.0,27.0,265.0,177.0,92.0,29.0,31.0,34.0,33.0,21.0,61.0,197.0,299.0,264.0,84.0,69.0,1289.0,321.0,200.0,121.0,271.0,247.0,275.0,247.0,1266.0,299.0,21.0,95.0,591.0,88.0,534.0,88.0,135.0,166.0,159.0,154.0,138.0,108.0,92.0,94.0,103.0,146.0,163.0,158.0,1622.0,647.0,8.0,4.0,1.0,250.0,7880.0,2.0,4.0,3.0,1.0,64.0
heimii_1326,4326,49.569592,-12.454103,POINT (997074.80834441 8618950.269213684),79,7,False,Coffea_heimii,219.0,239.0,237.0,236.0,227.0,211.0,204.0,204.0,209.0,232.0,238.0,239.0,303.0,317.0,312.0,313.0,312.0,299.0,290.0,290.0,293.0,314.0,321.0,312.0,25.0,257.0,169.0,82.0,27.0,31.0,33.0,32.0,20.0,56.0,184.0,292.0,265.0,81.0,69.0,1247.0,321.0,204.0,117.0,271.0,248.0,276.0,248.0,1208.0,292.0,20.0,96.0,574.0,85.0,532.0,85.0,133.0,168.0,157.0,153.0,139.0,110.0,96.0,95.0,103.0,146.0,164.0,160.0,1631.0,673.0,8.0,,,,,,4.0,25.0,,
heimii_1327,4326,49.583333,-12.970278,POINT (997562.5370361647 8561677.38843384),79,0,False,Coffea_heimii,204.0,228.0,226.0,222.0,209.0,190.0,185.0,187.0,192.0,219.0,224.0,227.0,305.0,309.0,307.0,310.0,307.0,298.0,283.0,285.0,293.0,313.0,314.0,307.0,37.0,282.0,200.0,120.0,39.0,35.0,38.0,37.0,26.0,77.0,227.0,297.0,256.0,93.0,72.0,1339.0,314.0,185.0,129.0,263.0,237.0,267.0,237.0,1415.0,297.0,26.0,87.0,616.0,101.0,601.0,101.0,124.0,149.0,143.0,138.0,120.0,97.0,82.0,84.0,94.0,134.0,143.0,144.0,1458.0,468.0,8.0,95.0,9.0,201.0,7586.0,10.0,10.0,6.0,1.0,6.0
homollei_1332,4326,47.863889,-21.3825,POINT (796967.0982798996 7632811.5735395495),79,0,False,Coffea_homollei,173.0,210.0,206.0,192.0,161.0,144.0,140.0,144.0,154.0,193.0,203.0,212.0,273.0,297.0,291.0,283.0,267.0,251.0,237.0,242.0,253.0,288.0,296.0,297.0,69.0,390.0,396.0,148.0,90.0,101.0,103.0,105.0,78.0,172.0,232.0,392.0,225.0,95.0,60.0,2510.0,297.0,140.0,157.0,246.0,195.0,248.0,193.0,2276.0,396.0,69.0,68.0,934.0,286.0,796.0,309.0,95.0,133.0,122.0,104.0,75.0,57.0,49.0,52.0,62.0,102.0,118.0,131.0,1104.0,26.0,1.0,201.0,15.0,48.0,7777.0,10.0,11.0,16.0,3.0,0.0
homollei_1333,4326,47.866667,-21.383333,POINT (797253.6520891015 7632714.03380194),79,0,False,Coffea_homollei,178.0,215.0,210.0,197.0,166.0,148.0,145.0,149.0,159.0,197.0,208.0,217.0,276.0,300.0,294.0,286.0,270.0,255.0,241.0,246.0,257.0,290.0,300.0,301.0,71.0,386.0,392.0,140.0,84.0,95.0,101.0,106.0,77.0,172.0,218.0,382.0,229.0,93.0,60.0,2493.0,301.0,145.0,156.0,250.0,204.0,252.0,197.0,2224.0,392.0,71.0,68.0,918.0,280.0,772.0,302.0,98.0,138.0,126.0,107.0,77.0,59.0,51.0,54.0,64.0,104.0,124.0,137.0,1145.0,27.0,1.0,78.0,6.0,11.0,7706.0,10.0,11.0,16.0,3.0,0.0
homollei_1334,4326,48.581389,-19.163056,POINT (876765.9288461851 7877261.7272780575),79,0,False,Coffea_homollei,148.0,196.0,186.0,174.0,147.0,131.0,130.0,129.0,135.0,168.0,184.0,194.0,260.0,286.0,283.0,273.0,259.0,240.0,220.0,223.0,235.0,277.0,284.0,284.0,67.0,416.0,411.0,191.0,127.0,153.0,144.0,127.0,96.0,143.0,304.0,383.0,210.0,100.0,63.0,2523.0,286.0,129.0,157.0,233.0,194.0,233.0,178.0,2562.0,416.0,67.0,59.0,1018.0,366.0,1018.0,367.0,80.0,118.0,108.0,92.0,70.0,54.0,46.0,47.0,54.0,87.0,103.0,113.0,978.0,13.0,1.0,635.0,6.0,56.0,7812.0,10.0,11.0,14.0,2.0,56.0
homollei_1335,4326,48.73111,-17.50388,POINT (896305.8727403859 8060816.864561284),79,0,False,Coffea_homollei,115.0,164.0,162.0,144.0,121.0,105.0,102.0,103.0,105.0,138.0,152.0,164.0,247.0,264.0,266.0,258.0,246.0,225.0,195.0,207.0,221.0,270.0,270.0,262.0,33.0,246.0,195.0,45.0,21.0,29.0,30.0,28.0,12.0,105.0,190.0,245.0,187.0,113.0,67.0,2486.0,270.0,102.0,168.0,209.0,155.0,209.0,155.0,1179.0,246.0,12.0,94.0,540.0,70.0,486.0,70.0,69.0,95.0,93.0,79.0,64.0,49.0,39.0,42.0,48.0,78.0,87.0,93.0,843.0,196.0,7.0,1090.0,14.0,214.0,7244.0,10.0,9.0,14.0,2.0,100.0
homollei_1336,4326,48.731111,-17.503889,POINT (896305.9595171411 8060815.865057763),79,0,False,Coffea_homollei,115.0,164.0,162.0,144.0,121.0,105.0,102.0,103.0,105.0,138.0,152.0,164.0,247.0,264.0,266.0,258.0,246.0,225.0,195.0,207.0,221.0,270.0,270.0,262.0,33.0,246.0,195.0,45.0,21.0,29.0,30.0,28.0,12.0,105.0,190.0,245.0,187.0,113.0,67.0,2486.0,270.0,102.0,168.0,209.0,155.0,209.0,155.0,1179.0,246.0,12.0,94.0,540.0,70.0,486.0,70.0,69.0,95.0,93.0,79.0,64.0,49.0,39.0,42.0,48.0,78.0,87.0,93.0,843.0,196.0,7.0,1090.0,14.0,214.0,7244.0,10.0,9.0,14.0,2.0,100.0
homollei_1337,4326,49.2,-17.916667,POINT (945156.8388425774 8014008.34170037),79,0,False,Coffea_homollei,169.0,216.0,212.0,198.0,178.0,163.0,158.0,155.0,157.0,189.0,203.0,215.0,263.0,297.0,302.0,287.0,276.0,255.0,230.0,232.0,245.0,280.0,291.0,297.0,73.0,352.0,359.0,209.0,142.0,151.0,146.0,127.0,77.0,141.0,248.0,333.0,227.0,86.0,59.0,2455.0,302.0,155.0,147.0,252.0,209.0,252.0,196.0,2358.0,359.0,73.0,52.0,920.0,345.0,920.0,350.0,85.0,135.0,132.0,109.0,87.0,67.0,53.0,52.0,60.0,95.0,114.0,131.0,1124.0,12.0,1.0,461.0,13.0,219.0,7501.0,10.0,6.0,14.0,2.0,77.0
homollei_1338,4326,49.203333,-17.931667,POINT (945473.0007453524 8012337.167431456),79,0,False,Coffea_homollei,174.0,219.0,215.0,203.0,182.0,166.0,163.0,160.0,161.0,194.0,208.0,219.0,268.0,301.0,303.0,291.0,277.0,258.0,236.0,239.0,250.0,284.0,295.0,300.0,78.0,366.0,384.0,241.0,165.0,171.0,163.0,143.0,89.0,148.0,252.0,348.0,231.0,86.0,60.0,2386.0,303.0,160.0,143.0,255.0,214.0,255.0,201.0,2548.0,384.0,78.0,49.0,991.0,380.0,991.0,395.0,89.0,139.0,134.0,113.0,89.0,68.0,56.0,56.0,62.0,99.0,119.0,136.0,1165.0,11.0,1.0,321.0,9.0,156.0,7510.0,10.0,11.0,16.0,2.0,13.0
homollei_1339,4326,49.26694,-16.8625,POINT (954868.9346624928 8130736.095816407),79,0,False,Coffea_homollei,157.0,200.0,195.0,181.0,159.0,146.0,144.0,145.0,147.0,175.0,187.0,199.0,255.0,286.0,286.0,278.0,263.0,244.0,220.0,224.0,236.0,274.0,284.0,283.0,59.0,331.0,298.0,182.0,109.0,115.0,112.0,99.0,61.0,116.0,234.0,329.0,215.0,91.0,64.0,2315.0,286.0,144.0,142.0,237.0,186.0,237.0,186.0,2045.0,331.0,59.0,59.0,811.0,272.0,811.0,272.0,79.0,118.0,112.0,97.0,76.0,60.0,49.0,51.0,57.0,88.0,103.0,113.0,1010.0,20.0,1.0,518.0,3.0,258.0,7855.0,10.0,11.0,14.0,2.0,87.0
homollei_1340,4326,49.266944,-16.8625,POINT (954869.3617356443 8130736.086573137),79,0,False,Coffea_homollei,157.0,200.0,195.0,181.0,159.0,146.0,144.0,145.0,147.0,175.0,187.0,199.0,255.0,286.0,286.0,278.0,263.0,244.0,220.0,224.0,236.0,274.0,284.0,283.0,59.0,331.0,298.0,182.0,109.0,115.0,112.0,99.0,61.0,116.0,234.0,329.0,215.0,91.0,64.0,2315.0,286.0,144.0,142.0,237.0,186.0,237.0,186.0,2045.0,331.0,59.0,59.0,811.0,272.0,811.0,272.0,79.0,118.0,112.0,97.0,76.0,60.0,49.0,51.0,57.0,88.0,103.0,113.0,1010.0,20.0,1.0,518.0,3.0,258.0,7855.0,10.0,11.0,14.0,2.0,87.0
humbertii_1342,4326,43.610638,-23.078725,POINT (357689.0386163351 7447088.901125943),79,1,False,Coffea_humbertii,177.0,220.0,208.0,182.0,154.0,141.0,131.0,138.0,153.0,202.0,215.0,222.0,305.0,327.0,326.0,322.0,300.0,279.0,272.0,280.0,293.0,317.0,327.0,334.0,16.0,94.0,41.0,11.0,15.0,9.0,3.0,4.0,8.0,35.0,64.0,88.0,242.0,128.0,63.0,2778.0,334.0,131.0,203.0,264.0,211.0,269.0,206.0,388.0,94.0,3.0,98.0,198.0,15.0,187.0,16.0,113.0,166.0,149.0,119.0,81.0,61.0,51.0,57.0,73.0,123.0,149.0,169.0,1317.0,929.0,12.0,28.0,2.0,259.0,7354.0,,15.0,11.0,6.0,98.0
humbertii_1343,4326,43.625805,-23.250722,POINT (359422.5018781469 7428059.36902496),79,1,False,Coffea_humbertii,177.0,221.0,209.0,181.0,155.0,144.0,134.0,139.0,155.0,203.0,217.0,224.0,300.0,326.0,324.0,320.0,298.0,278.0,271.0,276.0,289.0,313.0,327.0,334.0,15.0,84.0,36.0,10.0,17.0,10.0,4.0,4.0,8.0,32.0,55.0,77.0,242.0,124.0,62.0,2788.0,334.0,134.0,200.0,263.0,210.0,269.0,207.0,352.0,84.0,4.0,93.0,176.0,16.0,164.0,18.0,110.0,166.0,148.0,117.0,81.0,62.0,52.0,56.0,72.0,121.0,150.0,171.0,1312.0,960.0,12.0,6.0,1.0,341.0,7370.0,,3.0,6.0,6.0,9.0
humbertii_1344,4326,43.625806,-23.250722,POINT (359422.60418981465 7428059.369993826),79,1,False,Coffea_humbertii,177.0,221.0,209.0,181.0,155.0,144.0,134.0,139.0,155.0,203.0,217.0,224.0,300.0,326.0,324.0,320.0,298.0,278.0,271.0,276.0,289.0,313.0,327.0,334.0,15.0,84.0,36.0,10.0,17.0,10.0,4.0,4.0,8.0,32.0,55.0,77.0,242.0,124.0,62.0,2788.0,334.0,134.0,200.0,263.0,210.0,269.0,207.0,352.0,84.0,4.0,93.0,176.0,16.0,164.0,18.0,110.0,166.0,148.0,117.0,81.0,62.0,52.0,56.0,72.0,121.0,150.0,171.0,1312.0,960.0,12.0,6.0,1.0,341.0,7370.0,,3.0,6.0,6.0,9.0
humbertii_1345,4326,43.665555,-23.066388,POINT (363302.385971233 7448507.303666316),79,0,False,Coffea_humbertii,172.0,216.0,204.0,178.0,149.0,136.0,127.0,133.0,149.0,198.0,210.0,218.0,305.0,325.0,324.0,320.0,298.0,277.0,270.0,278.0,292.0,317.0,325.0,331.0,17.0,97.0,43.0,12.0,14.0,9.0,4.0,4.0,8.0,38.0,71.0,96.0,239.0,131.0,64.0,2784.0,331.0,127.0,204.0,261.0,208.0,266.0,203.0,413.0,97.0,4.0,99.0,210.0,16.0,205.0,17.0,111.0,160.0,144.0,115.0,79.0,59.0,50.0,56.0,71.0,120.0,143.0,163.0,1276.0,863.0,12.0,113.0,0.0,210.0,7380.0,2.0,15.0,11.0,6.0,100.0
humbertii_1346,4326,43.714444,-23.002222,POINT (368248.68293934595 7455656.6169750225),79,0,False,Coffea_humbertii,170.0,213.0,202.0,175.0,147.0,133.0,123.0,130.0,147.0,196.0,208.0,215.0,308.0,324.0,323.0,319.0,299.0,277.0,270.0,280.0,294.0,320.0,326.0,330.0,18.0,103.0,48.0,13.0,13.0,8.0,3.0,4.0,8.0,41.0,79.0,106.0,238.0,134.0,64.0,2774.0,330.0,123.0,207.0,260.0,202.0,265.0,202.0,444.0,106.0,3.0,101.0,227.0,15.0,226.0,15.0,112.0,157.0,142.0,113.0,79.0,58.0,49.0,56.0,72.0,121.0,142.0,159.0,1263.0,819.0,12.0,135.0,1.0,184.0,7371.0,5.0,15.0,7.0,6.0,30.0
humbertii_1347,4326,43.784722,-23.451389,POINT (375868.02428078617 7405986.2089773435),79,0,False,Coffea_humbertii,176.0,213.0,202.0,176.0,151.0,145.0,133.0,135.0,153.0,198.0,213.0,219.0,307.0,318.0,319.0,317.0,294.0,278.0,270.0,271.0,288.0,312.0,328.0,332.0,15.0,77.0,33.0,15.0,14.0,10.0,4.0,4.0,9.0,37.0,79.0,94.0,239.0,126.0,63.0,2676.0,332.0,133.0,199.0,267.0,208.0,267.0,205.0,391.0,94.0,4.0,96.0,210.0,17.0,210.0,18.0,115.0,152.0,139.0,112.0,78.0,63.0,52.0,54.0,71.0,117.0,148.0,165.0,1271.0,880.0,12.0,157.0,16.0,271.0,7255.0,5.0,15.0,12.0,6.0,62.0
humbertii_1348,4326,43.7975,-22.875,POINT (376646.4194813568 7469814.360957881),79,0,False,Coffea_humbertii,156.0,198.0,186.0,160.0,133.0,118.0,109.0,115.0,133.0,180.0,192.0,200.0,305.0,313.0,312.0,307.0,290.0,268.0,260.0,272.0,290.0,315.0,315.0,319.0,22.0,124.0,67.0,17.0,11.0,8.0,4.0,3.0,8.0,53.0,113.0,142.0,226.0,140.0,66.0,2712.0,319.0,109.0,210.0,253.0,190.0,253.0,190.0,572.0,142.0,3.0,106.0,308.0,15.0,308.0,15.0,104.0,137.0,123.0,99.0,72.0,53.0,45.0,51.0,68.0,109.0,123.0,138.0,1127.0,559.0,11.0,477.0,11.0,346.0,7929.0,5.0,15.0,12.0,6.0,68.0
humbertii_1349,4326,43.916667,-23.2,POINT (389138.0336376754 7433927.100324966),79,0,False,Coffea_humbertii,165.0,207.0,195.0,169.0,141.0,126.0,117.0,122.0,142.0,190.0,204.0,210.0,314.0,322.0,322.0,318.0,299.0,276.0,268.0,277.0,296.0,323.0,326.0,330.0,19.0,99.0,49.0,16.0,12.0,9.0,4.0,4.0,9.0,46.0,95.0,119.0,235.0,140.0,65.0,2828.0,330.0,117.0,213.0,263.0,197.0,263.0,197.0,481.0,119.0,4.0,101.0,260.0,17.0,260.0,17.0,113.0,150.0,136.0,109.0,77.0,56.0,47.0,52.0,71.0,119.0,139.0,155.0,1229.0,748.0,12.0,306.0,2.0,173.0,7442.0,5.0,15.0,12.0,6.0,42.0
humbertii_1350,4326,43.98333,-23.26667,POINT (396012.12167647696 7426594.985614448),79,0,False,Coffea_humbertii,167.0,209.0,197.0,171.0,142.0,127.0,117.0,122.0,143.0,191.0,206.0,211.0,318.0,324.0,325.0,321.0,302.0,279.0,271.0,279.0,299.0,326.0,330.0,332.0,19.0,98.0,49.0,16.0,12.0,9.0,4.0,4.0,9.0,47.0,98.0,122.0,237.0,141.0,66.0,2857.0,332.0,117.0,215.0,266.0,199.0,266.0,199.0,487.0,122.0,4.0,102.0,267.0,17.0,267.0,17.0,117.0,153.0,140.0,111.0,78.0,57.0,47.0,52.0,72.0,122.0,144.0,157.0,1256.0,769.0,12.0,264.0,1.0,234.0,7399.0,5.0,15.0,7.0,6.0,0.0
humbertii_1351,4326,43.983333,-23.266667,POINT (396012.4262189438 7426595.319912165),79,0,False,Coffea_humbertii,167.0,209.0,197.0,171.0,142.0,127.0,117.0,122.0,143.0,191.0,206.0,211.0,318.0,324.0,325.0,321.0,302.0,279.0,271.0,279.0,299.0,326.0,330.0,332.0,19.0,98.0,49.0,16.0,12.0,9.0,4.0,4.0,9.0,47.0,98.0,122.0,237.0,141.0,66.0,2857.0,332.0,117.0,215.0,266.0,199.0,266.0,199.0,487.0,122.0,4.0,102.0,267.0,17.0,267.0,17.0,117.0,153.0,140.0,111.0,78.0,57.0,47.0,52.0,72.0,122.0,144.0,157.0,1256.0,769.0,12.0,264.0,1.0,234.0,7399.0,5.0,15.0,7.0,6.0,0.0
humbertii_1352,4326,43.983334,-23.266667,POINT (396012.52850920596 7426595.320629209),79,0,False,Coffea_humbertii,167.0,209.0,197.0,171.0,142.0,127.0,117.0,122.0,143.0,191.0,206.0,211.0,318.0,324.0,325.0,321.0,302.0,279.0,271.0,279.0,299.0,326.0,330.0,332.0,19.0,98.0,49.0,16.0,12.0,9.0,4.0,4.0,9.0,47.0,98.0,122.0,237.0,141.0,66.0,2857.0,332.0,117.0,215.0,266.0,199.0,266.0,199.0,487.0,122.0,4.0,102.0,267.0,17.0,267.0,17.0,117.0,153.0,140.0,111.0,78.0,57.0,47.0,52.0,72.0,122.0,144.0,157.0,1256.0,769.0,12.0,264.0,1.0,234.0,7399.0,5.0,15.0,7.0,6.0,0.0
humbertii_1353,4326,44.033333,-23.216667,POINT (401090.0539111288 7432165.99147231),79,0,False,Coffea_humbertii,162.0,205.0,193.0,165.0,137.0,120.0,110.0,116.0,138.0,186.0,200.0,206.0,319.0,323.0,323.0,318.0,301.0,276.0,268.0,279.0,300.0,327.0,327.0,329.0,20.0,107.0,58.0,16.0,12.0,9.0,4.0,4.0,9.0,51.0,108.0,135.0,234.0,146.0,66.0,2887.0,329.0,110.0,219.0,262.0,194.0,262.0,194.0,533.0,135.0,4.0,104.0,294.0,17.0,294.0,17.0,115.0,149.0,135.0,106.0,76.0,54.0,45.0,51.0,72.0,119.0,137.0,150.0,1216.0,683.0,12.0,342.0,8.0,122.0,7179.0,5.0,15.0,6.0,6.0,0.0
humbertii_1354,4326,44.0525,-23.188611,POINT (403031.11863257125 7435285.07352595),79,0,False,Coffea_humbertii,162.0,203.0,192.0,165.0,136.0,119.0,109.0,115.0,137.0,186.0,199.0,206.0,321.0,322.0,323.0,319.0,301.0,277.0,268.0,280.0,301.0,329.0,328.0,330.0,20.0,109.0,61.0,17.0,12.0,9.0,4.0,4.0,8.0,52.0,111.0,138.0,234.0,147.0,66.0,2895.0,330.0,109.0,221.0,263.0,201.0,263.0,194.0,545.0,138.0,4.0,104.0,301.0,16.0,301.0,17.0,116.0,147.0,134.0,107.0,76.0,54.0,45.0,51.0,72.0,121.0,137.0,151.0,1216.0,671.0,12.0,347.0,4.0,240.0,7405.0,5.0,15.0,7.0,6.0,0.0
humbertii_1355,4326,44.052778,-23.186389,POINT (403057.9699782292 7435531.262741497),79,0,False,Coffea_humbertii,162.0,203.0,192.0,165.0,136.0,119.0,109.0,115.0,137.0,186.0,199.0,206.0,321.0,322.0,323.0,319.0,301.0,277.0,268.0,280.0,301.0,329.0,328.0,330.0,20.0,109.0,61.0,17.0,12.0,9.0,4.0,4.0,8.0,52.0,111.0,138.0,234.0,147.0,66.0,2895.0,330.0,109.0,221.0,263.0,201.0,263.0,194.0,545.0,138.0,4.0,104.0,301.0,16.0,301.0,17.0,116.0,147.0,134.0,107.0,76.0,54.0,45.0,51.0,72.0,121.0,137.0,151.0,1216.0,671.0,12.0,347.0,4.0,240.0,7405.0,5.0,15.0,7.0,6.0,0.0
humbertii_1356,4326,44.1,-23.133333,POINT (407854.827421936 7441435.847331714),79,0,False,Coffea_humbertii,157.0,199.0,187.0,162.0,132.0,113.0,104.0,111.0,133.0,181.0,195.0,201.0,320.0,320.0,320.0,316.0,300.0,274.0,265.0,279.0,301.0,328.0,325.0,326.0,22.0,116.0,69.0,17.0,11.0,9.0,4.0,4.0,8.0,55.0,120.0,149.0,231.0,149.0,66.0,2887.0,328.0,104.0,224.0,259.0,198.0,259.0,191.0,584.0,149.0,4.0,106.0,324.0,16.0,324.0,17.0,113.0,142.0,129.0,104.0,74.0,52.0,43.0,51.0,71.0,117.0,132.0,144.0,1178.0,598.0,11.0,435.0,3.0,298.0,7536.0,5.0,15.0,7.0,6.0,0.0
humbertii_1357,4326,44.1366,-23.5318,POINT (411865.5851767542 7397342.999132204),79,0,False,Coffea_humbertii,179.0,218.0,207.0,182.0,150.0,134.0,124.0,130.0,152.0,201.0,215.0,221.0,334.0,335.0,338.0,332.0,313.0,289.0,279.0,289.0,310.0,339.0,342.0,344.0,17.0,93.0,49.0,16.0,12.0,11.0,4.0,4.0,9.0,48.0,104.0,124.0,248.0,144.0,65.0,2970.0,344.0,124.0,220.0,277.0,214.0,277.0,207.0,491.0,124.0,4.0,102.0,276.0,17.0,276.0,19.0,136.0,173.0,159.0,125.0,85.0,60.0,49.0,55.0,79.0,139.0,163.0,180.0,1408.0,917.0,12.0,94.0,5.0,354.0,7585.0,1.0,15.0,12.0,6.0,74.0
humbertii_1358,4326,44.155,-23.526389,POINT (413740.3931215149 7397953.261720221),79,0,False,Coffea_humbertii,179.0,220.0,209.0,183.0,151.0,134.0,124.0,131.0,153.0,202.0,216.0,222.0,336.0,337.0,339.0,333.0,315.0,290.0,281.0,291.0,312.0,341.0,344.0,346.0,17.0,93.0,50.0,16.0,12.0,11.0,4.0,4.0,9.0,48.0,104.0,125.0,249.0,145.0,65.0,2991.0,346.0,124.0,222.0,278.0,215.0,278.0,208.0,493.0,125.0,4.0,102.0,277.0,17.0,277.0,19.0,138.0,177.0,162.0,127.0,86.0,60.0,49.0,56.0,80.0,141.0,166.0,183.0,1430.0,937.0,12.0,50.0,0.0,348.0,7310.0,6.0,15.0,6.0,6.0,44.0
humbertii_1359,4326,44.28333,-23.88333,POINT (427039.8714948565 7358505.604018118),79,0,False,Coffea_humbertii,173.0,211.0,201.0,178.0,145.0,126.0,117.0,126.0,150.0,195.0,209.0,215.0,338.0,330.0,334.0,326.0,307.0,282.0,270.0,284.0,307.0,340.0,339.0,340.0,18.0,104.0,63.0,17.0,12.0,12.0,5.0,5.0,10.0,58.0,128.0,145.0,243.0,145.0,65.0,3053.0,340.0,117.0,223.0,273.0,209.0,273.0,200.0,577.0,145.0,5.0,104.0,331.0,20.0,331.0,22.0,136.0,161.0,150.0,119.0,80.0,55.0,45.0,53.0,78.0,135.0,154.0,169.0,1340.0,763.0,12.0,289.0,1.0,238.0,7373.0,2.0,16.0,7.0,6.0,28.0
humbertii_1360,4326,44.283333,-23.883333,POINT (427040.1786009144 7358505.273410659),79,0,False,Coffea_humbertii,173.0,211.0,201.0,178.0,145.0,126.0,117.0,126.0,150.0,195.0,209.0,215.0,338.0,330.0,334.0,326.0,307.0,282.0,270.0,284.0,307.0,340.0,339.0,340.0,18.0,104.0,63.0,17.0,12.0,12.0,5.0,5.0,10.0,58.0,128.0,145.0,243.0,145.0,65.0,3053.0,340.0,117.0,223.0,273.0,209.0,273.0,200.0,577.0,145.0,5.0,104.0,331.0,20.0,331.0,22.0,136.0,161.0,150.0,119.0,80.0,55.0,45.0,53.0,78.0,135.0,154.0,169.0,1340.0,763.0,12.0,289.0,1.0,238.0,7373.0,2.0,16.0,7.0,6.0,28.0
humbertii_1361,4326,44.283333,-23.883334,POINT (427040.1791616499 7358505.162692562),79,0,False,Coffea_humbertii,173.0,211.0,201.0,178.0,145.0,126.0,117.0,126.0,150.0,195.0,209.0,215.0,338.0,330.0,334.0,326.0,307.0,282.0,270.0,284.0,307.0,340.0,339.0,340.0,18.0,104.0,63.0,17.0,12.0,12.0,5.0,5.0,10.0,58.0,128.0,145.0,243.0,145.0,65.0,3053.0,340.0,117.0,223.0,273.0,209.0,273.0,200.0,577.0,145.0,5.0,104.0,331.0,20.0,331.0,22.0,136.0,161.0,150.0,119.0,80.0,55.0,45.0,53.0,78.0,135.0,154.0,169.0,1340.0,763.0,12.0,289.0,1.0,238.0,7373.0,2.0,16.0,7.0,6.0,28.0
humbertii_1362,4326,44.35,-23.733333,POINT (433751.31839803734 7375145.447538908),79,0,False,Coffea_humbertii,177.0,216.0,205.0,181.0,148.0,126.0,117.0,126.0,152.0,199.0,211.0,218.0,349.0,336.0,340.0,333.0,313.0,287.0,275.0,291.0,315.0,350.0,345.0,346.0,18.0,109.0,67.0,16.0,12.0,12.0,5.0,5.0,9.0,62.0,132.0,154.0,248.0,150.0,64.0,3155.0,350.0,117.0,233.0,278.0,212.0,278.0,203.0,601.0,154.0,5.0,106.0,348.0,19.0,348.0,22.0,148.0,172.0,159.0,125.0,83.0,55.0,45.0,54.0,82.0,146.0,162.0,179.0,1416.0,815.0,12.0,235.0,3.0,210.0,7391.0,6.0,15.0,7.0,6.0,0.0
humbertii_1363,4326,44.383333,-23.733333,POINT (437148.7444278406 7375160.563040061),79,0,False,Coffea_humbertii,175.0,214.0,202.0,179.0,146.0,123.0,114.0,124.0,150.0,197.0,209.0,215.0,349.0,336.0,339.0,331.0,314.0,286.0,273.0,291.0,315.0,350.0,344.0,344.0,19.0,111.0,70.0,16.0,12.0,12.0,5.0,5.0,9.0,64.0,136.0,158.0,246.0,152.0,64.0,3159.0,350.0,114.0,236.0,276.0,211.0,276.0,201.0,617.0,158.0,5.0,106.0,358.0,19.0,358.0,22.0,146.0,170.0,156.0,123.0,83.0,54.0,43.0,54.0,81.0,144.0,159.0,173.0,1393.0,776.0,12.0,272.0,1.0,338.0,7404.0,6.0,16.0,6.0,6.0,0.0
humbertii_1364,4326,44.4,-23.833333,POINT (438894.2609943177 7364096.330263505),79,0,False,Coffea_humbertii,172.0,211.0,201.0,177.0,143.0,123.0,114.0,123.0,148.0,194.0,208.0,214.0,344.0,333.0,337.0,328.0,311.0,284.0,271.0,288.0,312.0,345.0,342.0,342.0,19.0,109.0,69.0,17.0,12.0,12.0,5.0,5.0,9.0,62.0,136.0,155.0,244.0,150.0,65.0,3119.0,345.0,114.0,231.0,274.0,209.0,274.0,200.0,610.0,155.0,5.0,105.0,353.0,19.0,353.0,22.0,140.0,164.0,153.0,119.0,81.0,54.0,44.0,53.0,79.0,138.0,156.0,170.0,1356.0,746.0,12.0,313.0,1.0,267.0,7394.0,6.0,16.0,7.0,6.0,0.0
humbertii_1365,4326,44.58,-22.92,POINT (456932.1646449176 7465274.693208166),79,0,False,Coffea_humbertii,149.0,192.0,180.0,155.0,122.0,100.0,91.0,99.0,123.0,174.0,188.0,193.0,335.0,322.0,323.0,317.0,309.0,281.0,270.0,287.0,312.0,342.0,330.0,325.0,26.0,136.0,104.0,20.0,10.0,8.0,4.0,5.0,8.0,65.0,155.0,189.0,229.0,165.0,65.0,2951.0,342.0,91.0,251.0,258.0,188.0,258.0,188.0,730.0,189.0,4.0,109.0,409.0,17.0,409.0,17.0,118.0,138.0,126.0,101.0,74.0,50.0,41.0,50.0,72.0,122.0,131.0,137.0,1165.0,511.0,10.0,578.0,2.0,316.0,7581.0,6.0,16.0,6.0,6.0,0.0
humbertii_1366,4326,44.583333,-22.916667,POINT (457272.8980206097 7465644.630243062),79,0,False,Coffea_humbertii,148.0,190.0,179.0,154.0,122.0,100.0,91.0,99.0,123.0,173.0,187.0,192.0,333.0,319.0,322.0,315.0,307.0,279.0,268.0,286.0,310.0,340.0,329.0,323.0,26.0,135.0,103.0,20.0,10.0,8.0,4.0,5.0,8.0,66.0,156.0,189.0,228.0,164.0,66.0,2922.0,340.0,91.0,249.0,257.0,187.0,257.0,187.0,730.0,189.0,4.0,109.0,411.0,17.0,411.0,17.0,116.0,135.0,125.0,99.0,74.0,50.0,41.0,50.0,71.0,120.0,129.0,135.0,1151.0,501.0,10.0,613.0,3.0,303.0,7623.0,6.0,16.0,6.0,6.0,0.0
humbertii_1367,4326,44.632515,-23.650485,POINT (462522.27672990534 7384420.542847861),79,0,False,Coffea_humbertii,172.0,217.0,207.0,183.0,141.0,120.0,111.0,119.0,144.0,196.0,210.0,216.0,356.0,347.0,351.0,343.0,330.0,300.0,287.0,302.0,328.0,359.0,353.0,350.0,22.0,112.0,81.0,18.0,13.0,12.0,5.0,6.0,9.0,59.0,138.0,156.0,251.0,164.0,66.0,3190.0,359.0,111.0,248.0,280.0,215.0,280.0,206.0,631.0,156.0,5.0,103.0,353.0,20.0,353.0,23.0,149.0,185.0,172.0,135.0,88.0,57.0,45.0,55.0,83.0,152.0,169.0,182.0,1478.0,847.0,12.0,143.0,1.0,312.0,7389.0,6.0,16.0,12.0,6.0,88.0
humbertii_1368,4326,44.63333,-23.66666,POINT (462609.9935729461 7382630.013139516),79,0,False,Coffea_humbertii,172.0,216.0,207.0,182.0,142.0,120.0,111.0,120.0,144.0,197.0,210.0,216.0,355.0,346.0,351.0,342.0,330.0,299.0,286.0,302.0,327.0,359.0,353.0,349.0,22.0,112.0,81.0,18.0,13.0,12.0,5.0,6.0,9.0,59.0,138.0,156.0,251.0,163.0,65.0,3184.0,359.0,111.0,248.0,280.0,215.0,280.0,206.0,631.0,156.0,5.0,103.0,353.0,20.0,353.0,23.0,148.0,183.0,173.0,133.0,89.0,56.0,45.0,55.0,83.0,153.0,169.0,181.0,1473.0,842.0,12.0,138.0,0.0,350.0,7383.0,6.0,16.0,7.0,6.0,3.0
humbertii_1369,4326,44.633333,-23.666667,POINT (462610.3014820892 7382629.2389506595),79,0,False,Coffea_humbertii,172.0,216.0,207.0,182.0,142.0,120.0,111.0,120.0,144.0,197.0,210.0,216.0,355.0,346.0,351.0,342.0,330.0,299.0,286.0,302.0,327.0,359.0,353.0,349.0,22.0,112.0,81.0,18.0,13.0,12.0,5.0,6.0,9.0,59.0,138.0,156.0,251.0,163.0,65.0,3184.0,359.0,111.0,248.0,280.0,215.0,280.0,206.0,631.0,156.0,5.0,103.0,353.0,20.0,353.0,23.0,148.0,183.0,173.0,133.0,89.0,56.0,45.0,55.0,83.0,153.0,169.0,181.0,1473.0,842.0,12.0,138.0,0.0,350.0,7383.0,6.0,16.0,7.0,6.0,3.0
humbertii_1370,4326,44.65,-23.66666,POINT (464309.8785492703 7382634.280755769),79,0,False,Coffea_humbertii,170.0,214.0,205.0,180.0,140.0,119.0,110.0,118.0,142.0,195.0,208.0,214.0,355.0,344.0,349.0,340.0,329.0,298.0,285.0,301.0,326.0,358.0,352.0,347.0,22.0,113.0,83.0,18.0,13.0,12.0,5.0,6.0,9.0,60.0,141.0,159.0,249.0,164.0,66.0,3158.0,358.0,110.0,248.0,279.0,213.0,279.0,205.0,641.0,159.0,5.0,104.0,360.0,20.0,360.0,23.0,147.0,178.0,168.0,130.0,87.0,56.0,45.0,55.0,82.0,150.0,166.0,176.0,1445.0,804.0,12.0,196.0,5.0,318.0,7526.0,6.0,6.0,7.0,6.0,6.0
humbertii_1371,4326,44.68,-22.83,POINT (467164.8675717368 7475263.408898808),79,0,False,Coffea_humbertii,149.0,188.0,177.0,153.0,123.0,103.0,94.0,102.0,124.0,172.0,183.0,189.0,332.0,316.0,318.0,312.0,305.0,279.0,268.0,285.0,309.0,338.0,326.0,318.0,27.0,134.0,100.0,21.0,10.0,8.0,4.0,5.0,8.0,69.0,161.0,192.0,227.0,162.0,66.0,2748.0,338.0,94.0,244.0,254.0,188.0,254.0,188.0,739.0,192.0,4.0,109.0,422.0,17.0,422.0,17.0,116.0,131.0,121.0,97.0,74.0,51.0,43.0,51.0,72.0,118.0,125.0,130.0,1135.0,495.0,9.0,680.0,2.0,288.0,7571.0,6.0,16.0,22.0,6.0,100.0
humbertii_1372,4326,44.68,-22.88,POINT (467176.87430427194 7469728.463659207),79,0,False,Coffea_humbertii,143.0,181.0,171.0,148.0,119.0,99.0,90.0,98.0,118.0,165.0,178.0,184.0,322.0,306.0,308.0,302.0,298.0,271.0,257.0,274.0,297.0,326.0,316.0,309.0,27.0,133.0,98.0,22.0,10.0,8.0,5.0,6.0,8.0,72.0,166.0,191.0,220.0,157.0,66.0,2701.0,326.0,90.0,236.0,246.0,181.0,246.0,181.0,746.0,191.0,5.0,108.0,429.0,19.0,429.0,19.0,109.0,121.0,113.0,91.0,71.0,50.0,41.0,48.0,66.0,108.0,116.0,122.0,1062.0,445.0,9.0,822.0,3.0,228.0,7435.0,6.0,16.0,22.0,6.0,100.0
humbertii_1373,4326,44.681028,-22.878083,POINT (467281.86004469974 7469940.902690305),79,0,False,Coffea_humbertii,143.0,181.0,171.0,148.0,119.0,99.0,90.0,98.0,118.0,165.0,178.0,184.0,322.0,306.0,308.0,302.0,298.0,271.0,257.0,274.0,297.0,326.0,316.0,309.0,27.0,133.0,98.0,22.0,10.0,8.0,5.0,6.0,8.0,72.0,166.0,191.0,220.0,157.0,66.0,2701.0,326.0,90.0,236.0,246.0,181.0,246.0,181.0,746.0,191.0,5.0,108.0,429.0,19.0,429.0,19.0,109.0,121.0,113.0,91.0,71.0,50.0,41.0,48.0,66.0,108.0,116.0,122.0,1062.0,445.0,9.0,822.0,3.0,228.0,7435.0,6.0,16.0,22.0,6.0,100.0
humbertii_1374,4326,44.683333,-22.783333,POINT (467495.80108984094 7480430.099541153),79,0,False,Coffea_humbertii,153.0,191.0,181.0,157.0,125.0,105.0,97.0,105.0,129.0,176.0,187.0,192.0,340.0,321.0,325.0,318.0,309.0,283.0,276.0,293.0,317.0,346.0,333.0,325.0,27.0,135.0,99.0,21.0,10.0,8.0,4.0,5.0,7.0,67.0,159.0,194.0,232.0,165.0,66.0,2777.0,346.0,97.0,249.0,259.0,202.0,259.0,193.0,736.0,194.0,4.0,109.0,420.0,16.0,420.0,17.0,123.0,137.0,128.0,102.0,75.0,52.0,44.0,53.0,76.0,126.0,132.0,136.0,1189.0,537.0,10.0,583.0,3.0,0.0,7677.0,6.0,16.0,22.0,6.0,99.0
humbertii_1375,4326,44.690055,-22.888583,POINT (468210.24437796004 7468780.536558478),79,0,False,Coffea_humbertii,144.0,183.0,173.0,149.0,120.0,100.0,91.0,99.0,120.0,167.0,180.0,186.0,324.0,309.0,311.0,304.0,299.0,273.0,260.0,276.0,300.0,329.0,319.0,312.0,27.0,133.0,99.0,22.0,11.0,8.0,5.0,6.0,8.0,72.0,164.0,191.0,222.0,158.0,66.0,2732.0,329.0,91.0,238.0,248.0,183.0,248.0,183.0,746.0,191.0,5.0,108.0,427.0,19.0,427.0,19.0,110.0,124.0,115.0,92.0,72.0,50.0,41.0,49.0,68.0,110.0,119.0,124.0,1080.0,453.0,9.0,788.0,4.0,123.0,7463.0,6.0,16.0,22.0,6.0,100.0
humbertii_1376,4326,44.7,-22.7,POINT (469187.9200906744 7489658.393686548),79,0,False,Coffea_humbertii,157.0,194.0,184.0,161.0,129.0,108.0,102.0,110.0,134.0,179.0,190.0,195.0,344.0,324.0,328.0,322.0,312.0,287.0,281.0,299.0,322.0,350.0,337.0,328.0,26.0,135.0,96.0,21.0,9.0,8.0,4.0,5.0,7.0,67.0,158.0,195.0,236.0,165.0,66.0,2720.0,350.0,102.0,248.0,263.0,208.0,263.0,197.0,731.0,195.0,4.0,110.0,420.0,16.0,420.0,17.0,128.0,141.0,132.0,106.0,77.0,53.0,46.0,56.0,80.0,130.0,137.0,141.0,1232.0,576.0,10.0,536.0,2.0,297.0,7569.0,6.0,16.0,7.0,6.0,10.0
humbertii_1377,4326,45.1,-20.166667,POINT (510449.473191226 7770072.003606131),79,0,False,Coffea_humbertii,187.0,215.0,205.0,196.0,150.0,130.0,122.0,140.0,163.0,201.0,209.0,215.0,347.0,319.0,323.0,322.0,317.0,311.0,295.0,303.0,329.0,342.0,333.0,319.0,37.0,249.0,169.0,28.0,7.0,2.0,3.0,3.0,7.0,84.0,223.0,309.0,249.0,143.0,63.0,2284.0,347.0,122.0,225.0,269.0,216.0,269.0,216.0,1121.0,309.0,2.0,119.0,616.0,8.0,616.0,8.0,152.0,152.0,142.0,128.0,87.0,69.0,55.0,67.0,98.0,142.0,148.0,148.0,1394.0,631.0,8.0,384.0,2.0,267.0,7629.0,6.0,17.0,7.0,19.0,100.0
humbertii_1378,4326,45.116667,-20.183333,POINT (512189.79340511357 7768226.5692138225),79,0,False,Coffea_humbertii,183.0,211.0,202.0,192.0,146.0,127.0,120.0,137.0,159.0,197.0,205.0,212.0,343.0,316.0,319.0,318.0,313.0,307.0,292.0,299.0,325.0,339.0,329.0,316.0,37.0,252.0,170.0,28.0,7.0,2.0,3.0,3.0,7.0,87.0,230.0,313.0,246.0,143.0,64.0,2266.0,343.0,120.0,223.0,266.0,213.0,266.0,213.0,1139.0,313.0,2.0,119.0,630.0,8.0,630.0,8.0,145.0,146.0,136.0,122.0,84.0,67.0,55.0,65.0,94.0,136.0,142.0,143.0,1340.0,597.0,8.0,465.0,2.0,36.0,7726.0,6.0,16.0,5.0,19.0,71.0
humblotiana_1379,4326,43.65,-12.3,POINT (353192.30645830755 8639904.09988145),79,9,False,Coffea_humblotiana,194.0,221.0,219.0,214.0,204.0,189.0,181.0,180.0,184.0,208.0,216.0,220.0,273.0,287.0,289.0,290.0,282.0,270.0,263.0,261.0,265.0,288.0,287.0,282.0,91.0,302.0,261.0,216.0,141.0,95.0,95.0,68.0,52.0,97.0,196.0,357.0,240.0,75.0,68.0,1334.0,290.0,180.0,110.0,253.0,222.0,253.0,222.0,1971.0,357.0,52.0,60.0,779.0,215.0,779.0,215.0,98.0,126.0,124.0,118.0,103.0,84.0,75.0,73.0,79.0,109.0,117.0,120.0,1231.0,53.0,4.0,,,,,,,,,
humblotiana_1380,4326,45.02758,-12.911156,POINT (502991.87316303834 8572689.006826142),79,79,False,Coffea_humblotiana,,,,,,,,,,,,,,,,,,,,,,,,,,,,,,,,,,,,,,,,,,,,,,,,,,,,,,,,,,,,,,,,,,,,,,,,,,,,,,,
humblotiana_1381,4326,45.06667,-12.71667,POINT (507237.9005636514 8594195.40968079),79,5,False,Coffea_humblotiana,197.0,218.0,218.0,216.0,207.0,195.0,187.0,185.0,189.0,210.0,216.0,217.0,275.0,283.0,285.0,287.0,274.0,260.0,249.0,249.0,261.0,285.0,287.0,278.0,57.0,259.0,195.0,114.0,56.0,27.0,24.0,18.0,24.0,95.0,192.0,320.0,238.0,68.0,66.0,1351.0,287.0,185.0,102.0,244.0,220.0,251.0,220.0,1381.0,320.0,18.0,88.0,636.0,66.0,568.0,66.0,102.0,121.0,121.0,117.0,100.0,83.0,71.0,70.0,80.0,109.0,118.0,115.0,1213.0,321.0,8.0,483.0,13.0,232.0,7573.0,,,,,
humblotiana_1382,4326,45.07651,-12.71537,POINT (508306.2040700139 8594338.874972142),79,5,False,Coffea_humblotiana,204.0,224.0,224.0,222.0,213.0,201.0,193.0,192.0,195.0,216.0,221.0,223.0,280.0,288.0,290.0,291.0,278.0,264.0,253.0,254.0,266.0,289.0,292.0,283.0,56.0,255.0,190.0,110.0,54.0,26.0,23.0,16.0,24.0,94.0,189.0,313.0,244.0,66.0,66.0,1342.0,292.0,192.0,100.0,250.0,225.0,256.0,225.0,1350.0,313.0,16.0,88.0,624.0,63.0,555.0,63.0,109.0,129.0,128.0,124.0,105.0,86.0,74.0,74.0,84.0,114.0,124.0,122.0,1279.0,371.0,8.0,324.0,10.0,222.0,7579.0,,,,,
humblotiana_1383,4326,45.095965,-12.869054,POINT (510412.0086486314 8577343.088121679),79,79,False,Coffea_humblotiana,,,,,,,,,,,,,,,,,,,,,,,,,,,,,,,,,,,,,,,,,,,,,,,,,,,,,,,,,,,,,,,,,,,,,,,,,,,,,,,
humblotiana_1384,4326,45.140836,-12.684678,POINT (515291.5127482759 8597730.004124086),79,79,False,Coffea_humblotiana,,,,,,,,,,,,,,,,,,,,,,,,,,,,,,,,,,,,,,,,,,,,,,,,,,,,,,,,,,,,,,,,,,,,,,,,,,,,,,,
humblotiana_1385,4326,45.14128,-12.95982,POINT (515323.070599152 8567303.389020931),79,5,False,Coffea_humblotiana,210.0,228.0,229.0,228.0,218.0,206.0,198.0,197.0,201.0,223.0,227.0,228.0,286.0,292.0,295.0,297.0,282.0,268.0,256.0,258.0,271.0,295.0,298.0,288.0,49.0,248.0,177.0,101.0,48.0,20.0,17.0,12.0,18.0,92.0,187.0,311.0,249.0,66.0,65.0,1380.0,298.0,197.0,101.0,255.0,230.0,261.0,230.0,1280.0,311.0,12.0,93.0,608.0,47.0,526.0,47.0,116.0,135.0,135.0,133.0,110.0,90.0,77.0,77.0,88.0,123.0,133.0,129.0,1351.0,460.0,8.0,252.0,7.0,123.0,7774.0,,,,,
humblotiana_1386,4326,45.14743,-12.8206,POINT (515998.9315705537 8582698.744490081),79,5,False,Coffea_humblotiana,213.0,232.0,233.0,232.0,223.0,210.0,202.0,201.0,205.0,226.0,231.0,232.0,288.0,295.0,298.0,300.0,285.0,269.0,258.0,260.0,273.0,297.0,302.0,291.0,51.0,247.0,176.0,102.0,47.0,21.0,19.0,13.0,21.0,91.0,184.0,300.0,252.0,64.0,64.0,1407.0,302.0,201.0,101.0,258.0,233.0,265.0,233.0,1272.0,300.0,13.0,91.0,598.0,53.0,525.0,53.0,119.0,140.0,141.0,138.0,115.0,92.0,79.0,79.0,91.0,127.0,139.0,134.0,1400.0,478.0,8.0,118.0,3.0,254.0,7882.0,,,,,
humblotiana_1387,4326,45.15794,-12.87556,POINT (517135.7415409968 8576620.300264535),79,5,False,Coffea_humblotiana,197.0,216.0,217.0,215.0,206.0,194.0,186.0,184.0,187.0,209.0,215.0,215.0,275.0,282.0,284.0,285.0,272.0,257.0,246.0,248.0,261.0,284.0,287.0,277.0,52.0,255.0,189.0,108.0,52.0,22.0,20.0,15.0,20.0,95.0,194.0,321.0,237.0,68.0,66.0,1364.0,287.0,184.0,103.0,243.0,218.0,249.0,218.0,1343.0,321.0,15.0,92.0,628.0,55.0,552.0,55.0,103.0,120.0,120.0,116.0,98.0,81.0,70.0,70.0,79.0,108.0,117.0,114.0,1199.0,343.0,8.0,509.0,16.0,46.0,8112.0,,,,,
humblotiana_1388,4326,45.16626,-12.87102,POINT (518038.7489377636 8577121.789729126),79,5,False,Coffea_humblotiana,200.0,220.0,221.0,219.0,209.0,197.0,189.0,188.0,191.0,212.0,218.0,219.0,278.0,284.0,287.0,289.0,275.0,260.0,249.0,250.0,263.0,287.0,290.0,280.0,51.0,253.0,185.0,106.0,51.0,22.0,20.0,14.0,20.0,95.0,192.0,317.0,240.0,67.0,66.0,1380.0,290.0,188.0,102.0,246.0,221.0,253.0,221.0,1326.0,317.0,14.0,92.0,621.0,54.0,544.0,54.0,106.0,123.0,124.0,121.0,101.0,83.0,72.0,71.0,81.0,111.0,121.0,118.0,1237.0,370.0,8.0,320.0,9.0,346.0,7944.0,,,,,
humblotiana_1389,4326,45.17279,-12.76447,POINT (518755.12103797 8588904.170693189),79,5,False,Coffea_humblotiana,200.0,220.0,221.0,219.0,209.0,198.0,190.0,189.0,192.0,213.0,218.0,219.0,277.0,284.0,287.0,289.0,274.0,260.0,249.0,251.0,263.0,287.0,290.0,280.0,53.0,252.0,188.0,108.0,52.0,24.0,21.0,15.0,22.0,94.0,191.0,314.0,240.0,66.0,66.0,1354.0,290.0,189.0,101.0,246.0,222.0,253.0,222.0,1334.0,314.0,15.0,90.0,619.0,58.0,548.0,58.0,105.0,123.0,124.0,121.0,101.0,83.0,72.0,72.0,82.0,112.0,121.0,118.0,1238.0,362.0,8.0,320.0,9.0,317.0,8095.0,,,,,
humblotiana_1390,4326,45.1834,-12.76532,POINT (519906.6977886991 8588809.382725306),79,5,False,Coffea_humblotiana,196.0,216.0,217.0,215.0,205.0,194.0,185.0,184.0,187.0,208.0,214.0,216.0,274.0,281.0,284.0,285.0,272.0,257.0,246.0,247.0,260.0,284.0,286.0,276.0,53.0,254.0,191.0,110.0,54.0,24.0,21.0,16.0,21.0,95.0,194.0,319.0,237.0,67.0,66.0,1368.0,286.0,184.0,102.0,243.0,218.0,249.0,218.0,1352.0,319.0,16.0,90.0,626.0,58.0,555.0,58.0,101.0,119.0,120.0,116.0,98.0,81.0,69.0,69.0,79.0,107.0,116.0,114.0,1194.0,330.0,8.0,444.0,12.0,187.0,7515.0,,,,,
humblotiana_1391,4326,47.863889,-21.3825,POINT (796967.0982798996 7632811.5735395495),79,0,False,Coffea_humblotiana,173.0,210.0,206.0,192.0,161.0,144.0,140.0,144.0,154.0,193.0,203.0,212.0,273.0,297.0,291.0,283.0,267.0,251.0,237.0,242.0,253.0,288.0,296.0,297.0,69.0,390.0,396.0,148.0,90.0,101.0,103.0,105.0,78.0,172.0,232.0,392.0,225.0,95.0,60.0,2510.0,297.0,140.0,157.0,246.0,195.0,248.0,193.0,2276.0,396.0,69.0,68.0,934.0,286.0,796.0,309.0,95.0,133.0,122.0,104.0,75.0,57.0,49.0,52.0,62.0,102.0,118.0,131.0,1104.0,26.0,1.0,201.0,15.0,48.0,7777.0,10.0,11.0,16.0,3.0,0.0
humblotiana_1392,4326,47.866667,-21.383333,POINT (797253.6520891015 7632714.03380194),79,0,False,Coffea_humblotiana,178.0,215.0,210.0,197.0,166.0,148.0,145.0,149.0,159.0,197.0,208.0,217.0,276.0,300.0,294.0,286.0,270.0,255.0,241.0,246.0,257.0,290.0,300.0,301.0,71.0,386.0,392.0,140.0,84.0,95.0,101.0,106.0,77.0,172.0,218.0,382.0,229.0,93.0,60.0,2493.0,301.0,145.0,156.0,250.0,204.0,252.0,197.0,2224.0,392.0,71.0,68.0,918.0,280.0,772.0,302.0,98.0,138.0,126.0,107.0,77.0,59.0,51.0,54.0,64.0,104.0,124.0,137.0,1145.0,27.0,1.0,78.0,6.0,11.0,7706.0,10.0,11.0,16.0,3.0,0.0
kianjavatensis_1469,4326,47.85,-21.383333,POINT (795524.3418211046 7632745.515120786),79,0,False,Coffea_kianjavatensis,169.0,206.0,201.0,188.0,157.0,139.0,136.0,139.0,150.0,189.0,199.0,208.0,270.0,294.0,287.0,279.0,264.0,247.0,233.0,238.0,249.0,285.0,293.0,294.0,66.0,393.0,398.0,155.0,96.0,107.0,105.0,104.0,79.0,170.0,246.0,401.0,221.0,96.0,60.0,2532.0,294.0,136.0,158.0,242.0,190.0,244.0,188.0,2320.0,401.0,66.0,67.0,946.0,288.0,817.0,316.0,93.0,129.0,117.0,100.0,73.0,55.0,48.0,50.0,60.0,98.0,115.0,126.0,1069.0,27.0,1.0,180.0,12.0,1.0,7902.0,10.0,11.0,16.0,3.0,0.0
kianjavatensis_1470,4326,47.85861,-21.38028,POINT (796423.8404643785 7633067.485364974),79,0,False,Coffea_kianjavatensis,175.0,212.0,208.0,195.0,163.0,146.0,142.0,147.0,156.0,195.0,205.0,214.0,275.0,299.0,292.0,284.0,268.0,253.0,240.0,245.0,255.0,289.0,298.0,299.0,69.0,388.0,394.0,143.0,86.0,97.0,102.0,105.0,78.0,172.0,225.0,389.0,227.0,94.0,60.0,2487.0,299.0,142.0,157.0,248.0,202.0,250.0,195.0,2248.0,394.0,69.0,68.0,925.0,285.0,786.0,304.0,97.0,136.0,124.0,106.0,75.0,58.0,50.0,53.0,63.0,103.0,120.0,133.0,1123.0,28.0,1.0,60.0,8.0,297.0,7501.0,10.0,11.0,16.0,3.0,0.0
kianjavatensis_1471,4326,47.866667,-21.383333,POINT (797253.6520891015 7632714.03380194),79,0,False,Coffea_kianjavatensis,178.0,215.0,210.0,197.0,166.0,148.0,145.0,149.0,159.0,197.0,208.0,217.0,276.0,300.0,294.0,286.0,270.0,255.0,241.0,246.0,257.0,290.0,300.0,301.0,71.0,386.0,392.0,140.0,84.0,95.0,101.0,106.0,77.0,172.0,218.0,382.0,229.0,93.0,60.0,2493.0,301.0,145.0,156.0,250.0,204.0,252.0,197.0,2224.0,392.0,71.0,68.0,918.0,280.0,772.0,302.0,98.0,138.0,126.0,107.0,77.0,59.0,51.0,54.0,64.0,104.0,124.0,137.0,1145.0,27.0,1.0,78.0,6.0,11.0,7706.0,10.0,11.0,16.0,3.0,0.0
kianjavatensis_1472,4326,47.939444,-21.388333,POINT (804794.5894747821 7632020.483498944),79,0,False,Coffea_kianjavatensis,176.0,214.0,210.0,196.0,166.0,149.0,144.0,148.0,158.0,196.0,207.0,216.0,273.0,299.0,292.0,283.0,268.0,253.0,240.0,244.0,254.0,288.0,297.0,299.0,72.0,379.0,392.0,146.0,93.0,103.0,107.0,111.0,80.0,173.0,217.0,376.0,227.0,92.0,59.0,2483.0,299.0,144.0,155.0,249.0,198.0,250.0,196.0,2249.0,392.0,72.0,66.0,917.0,298.0,766.0,321.0,96.0,137.0,125.0,105.0,77.0,59.0,50.0,53.0,63.0,103.0,121.0,135.0,1130.0,24.0,1.0,67.0,7.0,241.0,7247.0,10.0,11.0,16.0,3.0,0.0
lancifolia_1499,4326,47.866667,-21.383333,POINT (797253.6520891015 7632714.03380194),79,0,False,Coffea_lancifolia,178.0,215.0,210.0,197.0,166.0,148.0,145.0,149.0,159.0,197.0,208.0,217.0,276.0,300.0,294.0,286.0,270.0,255.0,241.0,246.0,257.0,290.0,300.0,301.0,71.0,386.0,392.0,140.0,84.0,95.0,101.0,106.0,77.0,172.0,218.0,382.0,229.0,93.0,60.0,2493.0,301.0,145.0,156.0,250.0,204.0,252.0,197.0,2224.0,392.0,71.0,68.0,918.0,280.0,772.0,302.0,98.0,138.0,126.0,107.0,77.0,59.0,51.0,54.0,64.0,104.0,124.0,137.0,1145.0,27.0,1.0,78.0,6.0,11.0,7706.0,10.0,11.0,16.0,3.0,0.0
lancifolia_1500,4326,49.203333,-17.931666,POINT (945473.0032543314 8012337.278310062),79,0,False,Coffea_lancifolia,174.0,219.0,215.0,203.0,182.0,166.0,163.0,160.0,161.0,194.0,208.0,219.0,268.0,301.0,303.0,291.0,277.0,258.0,236.0,239.0,250.0,284.0,295.0,300.0,78.0,366.0,384.0,241.0,165.0,171.0,163.0,143.0,89.0,148.0,252.0,348.0,231.0,86.0,60.0,2386.0,303.0,160.0,143.0,255.0,214.0,255.0,201.0,2548.0,384.0,78.0,49.0,991.0,380.0,991.0,395.0,89.0,139.0,134.0,113.0,89.0,68.0,56.0,56.0,62.0,99.0,119.0,136.0,1165.0,11.0,1.0,321.0,9.0,156.0,7510.0,10.0,11.0,16.0,2.0,13.0
lancifolia_1501,4326,49.203333,-17.931667,POINT (945473.0007453524 8012337.167431456),79,0,False,Coffea_lancifolia,174.0,219.0,215.0,203.0,182.0,166.0,163.0,160.0,161.0,194.0,208.0,219.0,268.0,301.0,303.0,291.0,277.0,258.0,236.0,239.0,250.0,284.0,295.0,300.0,78.0,366.0,384.0,241.0,165.0,171.0,163.0,143.0,89.0,148.0,252.0,348.0,231.0,86.0,60.0,2386.0,303.0,160.0,143.0,255.0,214.0,255.0,201.0,2548.0,384.0,78.0,49.0,991.0,380.0,991.0,395.0,89.0,139.0,134.0,113.0,89.0,68.0,56.0,56.0,62.0,99.0,119.0,136.0,1165.0,11.0,1.0,321.0,9.0,156.0,7510.0,10.0,11.0,16.0,2.0,13.0
leroyi_1598,4326,44.01667,-23.25,POINT (399409.9578778764 7428464.11274676),79,0,False,Coffea_leroyi,164.0,206.0,194.0,168.0,139.0,122.0,113.0,119.0,140.0,188.0,202.0,209.0,319.0,323.0,323.0,319.0,301.0,277.0,268.0,279.0,299.0,327.0,328.0,331.0,19.0,103.0,54.0,16.0,12.0,9.0,4.0,4.0,9.0,50.0,105.0,130.0,235.0,144.0,66.0,2886.0,331.0,113.0,218.0,264.0,196.0,264.0,196.0,515.0,130.0,4.0,103.0,285.0,17.0,285.0,17.0,116.0,150.0,136.0,109.0,77.0,55.0,46.0,52.0,72.0,121.0,139.0,155.0,1231.0,716.0,12.0,302.0,3.0,160.0,7360.0,5.0,15.0,7.0,6.0,0.0
leroyi_1599,4326,47.65,-21.283333,POINT (774960.9518859809 7644185.396860678),79,0,False,Coffea_leroyi,156.0,192.0,187.0,174.0,141.0,124.0,120.0,126.0,136.0,178.0,186.0,193.0,272.0,290.0,283.0,275.0,259.0,242.0,225.0,232.0,246.0,286.0,293.0,291.0,53.0,420.0,401.0,167.0,96.0,109.0,95.0,86.0,73.0,168.0,302.0,455.0,212.0,106.0,61.0,2637.0,293.0,120.0,173.0,233.0,180.0,237.0,178.0,2425.0,455.0,53.0,73.0,988.0,254.0,925.0,290.0,90.0,119.0,108.0,93.0,67.0,51.0,43.0,47.0,57.0,95.0,109.0,117.0,1001.0,37.0,1.0,461.0,7.0,228.0,7508.0,10.0,10.0,16.0,3.0,1.0
leroyi_1600,4326,47.86666,-21.38333,POINT (797252.9318571833 7632714.379403114),79,0,False,Coffea_leroyi,178.0,215.0,210.0,197.0,166.0,148.0,145.0,149.0,159.0,197.0,208.0,217.0,276.0,300.0,294.0,286.0,270.0,255.0,241.0,246.0,257.0,290.0,300.0,301.0,71.0,386.0,392.0,140.0,84.0,95.0,101.0,106.0,77.0,172.0,218.0,382.0,229.0,93.0,60.0,2493.0,301.0,145.0,156.0,250.0,204.0,252.0,197.0,2224.0,392.0,71.0,68.0,918.0,280.0,772.0,302.0,98.0,138.0,126.0,107.0,77.0,59.0,51.0,54.0,64.0,104.0,124.0,137.0,1145.0,27.0,1.0,78.0,6.0,11.0,7706.0,10.0,11.0,16.0,3.0,0.0
leroyi_1601,4326,47.866667,-21.383333,POINT (797253.6520891015 7632714.03380194),79,0,False,Coffea_leroyi,178.0,215.0,210.0,197.0,166.0,148.0,145.0,149.0,159.0,197.0,208.0,217.0,276.0,300.0,294.0,286.0,270.0,255.0,241.0,246.0,257.0,290.0,300.0,301.0,71.0,386.0,392.0,140.0,84.0,95.0,101.0,106.0,77.0,172.0,218.0,382.0,229.0,93.0,60.0,2493.0,301.0,145.0,156.0,250.0,204.0,252.0,197.0,2224.0,392.0,71.0,68.0,918.0,280.0,772.0,302.0,98.0,138.0,126.0,107.0,77.0,59.0,51.0,54.0,64.0,104.0,124.0,137.0,1145.0,27.0,1.0,78.0,6.0,11.0,7706.0,10.0,11.0,16.0,3.0,0.0
leroyi_1602,4326,47.867778,-21.375,POINT (797385.7839571048 7633635.06052695),79,0,False,Coffea_leroyi,176.0,213.0,209.0,196.0,164.0,147.0,143.0,147.0,157.0,196.0,206.0,215.0,275.0,300.0,293.0,285.0,269.0,254.0,240.0,244.0,255.0,289.0,299.0,300.0,70.0,387.0,393.0,142.0,85.0,97.0,102.0,106.0,78.0,173.0,222.0,386.0,228.0,94.0,60.0,2512.0,300.0,143.0,157.0,249.0,202.0,250.0,195.0,2241.0,393.0,70.0,68.0,922.0,284.0,781.0,305.0,97.0,137.0,125.0,107.0,76.0,59.0,50.0,53.0,63.0,103.0,122.0,135.0,1131.0,27.0,1.0,92.0,13.0,173.0,6717.0,10.0,11.0,16.0,3.0,16.0
leroyi_1603,4326,48.72222,-17.54222,POINT (895277.2792882563 8056586.4163518045),79,0,False,Coffea_leroyi,109.0,156.0,155.0,137.0,114.0,99.0,95.0,96.0,98.0,131.0,145.0,157.0,240.0,256.0,259.0,251.0,239.0,217.0,187.0,200.0,214.0,263.0,263.0,254.0,34.0,244.0,197.0,43.0,21.0,30.0,31.0,29.0,13.0,107.0,192.0,245.0,180.0,112.0,67.0,2478.0,263.0,95.0,168.0,202.0,148.0,202.0,148.0,1186.0,245.0,13.0,93.0,544.0,73.0,484.0,73.0,67.0,91.0,89.0,76.0,61.0,48.0,37.0,41.0,46.0,75.0,84.0,88.0,810.0,179.0,7.0,1332.0,16.0,290.0,7945.0,10.0,9.0,14.0,2.0,99.0
leroyi_1604,4326,48.746667,-17.484167,POINT (898003.2319196584 8062969.055546887),79,0,False,Coffea_leroyi,121.0,169.0,168.0,149.0,126.0,110.0,107.0,107.0,111.0,143.0,159.0,170.0,252.0,269.0,272.0,262.0,250.0,230.0,202.0,212.0,226.0,273.0,275.0,267.0,33.0,250.0,196.0,49.0,23.0,30.0,31.0,28.0,13.0,105.0,192.0,248.0,192.0,112.0,66.0,2488.0,275.0,107.0,168.0,214.0,160.0,214.0,160.0,1198.0,250.0,13.0,93.0,545.0,72.0,495.0,72.0,71.0,99.0,97.0,81.0,65.0,51.0,40.0,43.0,50.0,80.0,91.0,96.0,869.0,197.0,7.0,992.0,4.0,16.0,8005.0,10.0,9.0,4.0,2.0,100.0
leroyi_1605,4326,48.76777,-17.50694,POINT (900197.665745068 8060400.887027009),79,0,False,Coffea_leroyi,130.0,177.0,175.0,158.0,133.0,116.0,114.0,115.0,117.0,152.0,166.0,178.0,258.0,275.0,278.0,270.0,256.0,236.0,210.0,219.0,232.0,278.0,281.0,275.0,34.0,261.0,203.0,57.0,27.0,33.0,33.0,30.0,15.0,106.0,198.0,259.0,199.0,111.0,66.0,2500.0,281.0,114.0,167.0,221.0,167.0,222.0,167.0,1256.0,261.0,15.0,91.0,563.0,78.0,521.0,78.0,75.0,103.0,101.0,86.0,67.0,52.0,42.0,45.0,51.0,84.0,95.0,102.0,909.0,193.0,7.0,900.0,0.0,290.0,7891.0,10.0,9.0,16.0,2.0,13.0
leroyi_1606,4326,49.28583,-14.33666,POINT (962529.4980428948 8410750.839723116),79,0,False,Coffea_leroyi,122.0,161.0,161.0,153.0,131.0,107.0,103.0,106.0,107.0,140.0,153.0,163.0,267.0,278.0,276.0,273.0,262.0,247.0,222.0,227.0,243.0,283.0,280.0,281.0,44.0,289.0,270.0,117.0,46.0,39.0,35.0,35.0,25.0,105.0,243.0,311.0,197.0,127.0,70.0,2224.0,283.0,103.0,180.0,217.0,168.0,217.0,168.0,1559.0,311.0,25.0,87.0,676.0,95.0,676.0,95.0,75.0,96.0,93.0,86.0,70.0,54.0,44.0,46.0,53.0,82.0,89.0,97.0,891.0,121.0,6.0,1084.0,15.0,332.0,8277.0,10.0,9.0,14.0,14.0,85.0
leroyi_1607,4326,49.301389,-14.325556,POINT (964234.3420340328 8411950.71432919),79,0,False,Coffea_leroyi,108.0,149.0,148.0,140.0,118.0,94.0,92.0,93.0,94.0,127.0,140.0,151.0,255.0,267.0,264.0,260.0,249.0,233.0,210.0,214.0,232.0,271.0,267.0,269.0,43.0,278.0,268.0,113.0,45.0,38.0,34.0,34.0,25.0,103.0,236.0,302.0,185.0,128.0,71.0,2229.0,271.0,92.0,179.0,204.0,155.0,204.0,155.0,1519.0,302.0,25.0,86.0,659.0,93.0,659.0,93.0,69.0,90.0,86.0,79.0,65.0,50.0,42.0,43.0,50.0,76.0,82.0,90.0,827.0,102.0,6.0,1438.0,5.0,319.0,8187.0,10.0,9.0,6.0,14.0,59.0
leroyi_1608,4326,49.31111,-14.30166,POINT (965334.6274075031 8414580.604863085),79,0,False,Coffea_leroyi,103.0,143.0,143.0,135.0,113.0,90.0,88.0,89.0,89.0,122.0,136.0,146.0,250.0,261.0,259.0,254.0,244.0,228.0,205.0,209.0,227.0,266.0,261.0,263.0,43.0,274.0,267.0,111.0,44.0,37.0,34.0,34.0,25.0,103.0,236.0,300.0,180.0,127.0,71.0,2194.0,266.0,88.0,178.0,199.0,151.0,199.0,151.0,1508.0,300.0,25.0,86.0,652.0,93.0,652.0,93.0,67.0,86.0,84.0,77.0,63.0,49.0,41.0,43.0,48.0,74.0,80.0,87.0,804.0,97.0,6.0,1466.0,14.0,162.0,7496.0,10.0,9.0,14.0,14.0,100.0
leroyi_1609,4326,49.40333,-14.61111,POINT (974646.2146055878 8380078.736227233),79,0,False,Coffea_leroyi,107.0,148.0,148.0,138.0,118.0,97.0,93.0,94.0,93.0,125.0,139.0,150.0,248.0,265.0,263.0,257.0,247.0,230.0,203.0,208.0,224.0,266.0,264.0,265.0,50.0,287.0,260.0,123.0,52.0,44.0,44.0,46.0,32.0,108.0,231.0,314.0,182.0,124.0,71.0,2261.0,266.0,93.0,173.0,203.0,152.0,203.0,152.0,1591.0,314.0,32.0,81.0,670.0,122.0,670.0,122.0,67.0,89.0,87.0,78.0,65.0,51.0,41.0,43.0,48.0,74.0,81.0,88.0,817.0,54.0,4.0,1545.0,23.0,48.0,8194.0,10.0,9.0,16.0,2.0,96.0
leroyi_1610,4326,49.68888,-14.58777,POINT (1005538.5348323456 8382049.198373106),79,0,False,Coffea_leroyi,132.0,173.0,173.0,165.0,144.0,125.0,119.0,118.0,120.0,149.0,163.0,173.0,254.0,280.0,277.0,274.0,261.0,247.0,218.0,220.0,233.0,273.0,278.0,280.0,57.0,290.0,266.0,152.0,70.0,70.0,77.0,76.0,50.0,106.0,237.0,310.0,202.0,111.0,68.0,2267.0,280.0,118.0,162.0,223.0,171.0,223.0,171.0,1761.0,310.0,50.0,67.0,708.0,203.0,708.0,203.0,72.0,102.0,98.0,90.0,73.0,59.0,46.0,46.0,52.0,80.0,91.0,100.0,916.0,21.0,3.0,994.0,22.0,319.0,8176.0,10.0,9.0,14.0,2.0,95.0
leroyi_1611,4326,49.68889,-14.58778,POINT (1005539.5922004149 8382048.066788543),79,0,False,Coffea_leroyi,132.0,173.0,173.0,165.0,144.0,125.0,119.0,118.0,120.0,149.0,163.0,173.0,254.0,280.0,277.0,274.0,261.0,247.0,218.0,220.0,233.0,273.0,278.0,280.0,57.0,290.0,266.0,152.0,70.0,70.0,77.0,76.0,50.0,106.0,237.0,310.0,202.0,111.0,68.0,2267.0,280.0,118.0,162.0,223.0,171.0,223.0,171.0,1761.0,310.0,50.0,67.0,708.0,203.0,708.0,203.0,72.0,102.0,98.0,90.0,73.0,59.0,46.0,46.0,52.0,80.0,91.0,100.0,916.0,21.0,3.0,994.0,22.0,319.0,8176.0,10.0,9.0,14.0,2.0,95.0
millotii_2668,4326,47.0,-23.0,POINT (704992.1724866081 7455081.895663038),79,0,False,Coffea_millotii,156.0,192.0,185.0,169.0,136.0,116.0,115.0,123.0,134.0,173.0,187.0,193.0,280.0,290.0,283.0,274.0,258.0,236.0,226.0,237.0,253.0,290.0,291.0,291.0,50.0,281.0,256.0,73.0,43.0,51.0,42.0,44.0,32.0,125.0,254.0,306.0,212.0,110.0,62.0,2708.0,291.0,115.0,176.0,237.0,181.0,237.0,175.0,1557.0,306.0,32.0,84.0,685.0,118.0,685.0,137.0,95.0,120.0,108.0,90.0,65.0,47.0,42.0,47.0,58.0,95.0,108.0,118.0,998.0,116.0,6.0,544.0,5.0,201.0,7607.0,10.0,10.0,7.0,17.0,0.0
millotii_2669,4326,47.863889,-21.3825,POINT (796967.0982798996 7632811.5735395495),79,0,False,Coffea_millotii,173.0,210.0,206.0,192.0,161.0,144.0,140.0,144.0,154.0,193.0,203.0,212.0,273.0,297.0,291.0,283.0,267.0,251.0,237.0,242.0,253.0,288.0,296.0,297.0,69.0,390.0,396.0,148.0,90.0,101.0,103.0,105.0,78.0,172.0,232.0,392.0,225.0,95.0,60.0,2510.0,297.0,140.0,157.0,246.0,195.0,248.0,193.0,2276.0,396.0,69.0,68.0,934.0,286.0,796.0,309.0,95.0,133.0,122.0,104.0,75.0,57.0,49.0,52.0,62.0,102.0,118.0,131.0,1104.0,26.0,1.0,201.0,15.0,48.0,7777.0,10.0,11.0,16.0,3.0,0.0
millotii_2670,4326,47.866667,-21.383333,POINT (797253.6520891015 7632714.03380194),79,0,False,Coffea_millotii,178.0,215.0,210.0,197.0,166.0,148.0,145.0,149.0,159.0,197.0,208.0,217.0,276.0,300.0,294.0,286.0,270.0,255.0,241.0,246.0,257.0,290.0,300.0,301.0,71.0,386.0,392.0,140.0,84.0,95.0,101.0,106.0,77.0,172.0,218.0,382.0,229.0,93.0,60.0,2493.0,301.0,145.0,156.0,250.0,204.0,252.0,197.0,2224.0,392.0,71.0,68.0,918.0,280.0,772.0,302.0,98.0,138.0,126.0,107.0,77.0,59.0,51.0,54.0,64.0,104.0,124.0,137.0,1145.0,27.0,1.0,78.0,6.0,11.0,7706.0,10.0,11.0,16.0,3.0,0.0
millotii_2671,4326,47.867222,-21.376389,POINT (797325.2827298145 7633482.240114497),79,0,False,Coffea_millotii,176.0,213.0,209.0,196.0,164.0,147.0,143.0,147.0,157.0,196.0,206.0,215.0,275.0,300.0,293.0,285.0,269.0,254.0,240.0,244.0,255.0,289.0,299.0,300.0,70.0,387.0,393.0,142.0,85.0,97.0,102.0,106.0,78.0,173.0,222.0,386.0,228.0,94.0,60.0,2512.0,300.0,143.0,157.0,249.0,202.0,250.0,195.0,2241.0,393.0,70.0,68.0,922.0,284.0,781.0,305.0,97.0,137.0,125.0,107.0,76.0,59.0,50.0,53.0,63.0,103.0,122.0,135.0,1131.0,27.0,1.0,92.0,13.0,173.0,6717.0,10.0,11.0,16.0,3.0,16.0
millotii_2672,4326,47.8675,-21.375833,POINT (797355.2531098193 7633543.307278467),79,0,False,Coffea_millotii,176.0,213.0,209.0,196.0,164.0,147.0,143.0,147.0,157.0,196.0,206.0,215.0,275.0,300.0,293.0,285.0,269.0,254.0,240.0,244.0,255.0,289.0,299.0,300.0,70.0,387.0,393.0,142.0,85.0,97.0,102.0,106.0,78.0,173.0,222.0,386.0,228.0,94.0,60.0,2512.0,300.0,143.0,157.0,249.0,202.0,250.0,195.0,2241.0,393.0,70.0,68.0,922.0,284.0,781.0,305.0,97.0,137.0,125.0,107.0,76.0,59.0,50.0,53.0,63.0,103.0,122.0,135.0,1131.0,27.0,1.0,92.0,13.0,173.0,6717.0,10.0,11.0,16.0,3.0,16.0
millotii_2673,4326,47.868333,-21.375278,POINT (797442.8100690977 7633603.212064785),79,0,False,Coffea_millotii,176.0,213.0,209.0,196.0,164.0,147.0,143.0,147.0,157.0,196.0,206.0,215.0,275.0,300.0,293.0,285.0,269.0,254.0,240.0,244.0,255.0,289.0,299.0,300.0,70.0,387.0,393.0,142.0,85.0,97.0,102.0,106.0,78.0,173.0,222.0,386.0,228.0,94.0,60.0,2512.0,300.0,143.0,157.0,249.0,202.0,250.0,195.0,2241.0,393.0,70.0,68.0,922.0,284.0,781.0,305.0,97.0,137.0,125.0,107.0,76.0,59.0,50.0,53.0,63.0,103.0,122.0,135.0,1131.0,27.0,1.0,92.0,13.0,173.0,6717.0,10.0,11.0,16.0,3.0,16.0
millotii_2674,4326,47.870278,-21.376944,POINT (797641.2562474278 7633414.965102602),79,0,False,Coffea_millotii,176.0,213.0,209.0,196.0,164.0,147.0,143.0,147.0,157.0,196.0,206.0,215.0,275.0,300.0,293.0,285.0,269.0,254.0,240.0,244.0,255.0,289.0,299.0,300.0,70.0,387.0,393.0,142.0,85.0,97.0,102.0,106.0,78.0,173.0,222.0,386.0,228.0,94.0,60.0,2512.0,300.0,143.0,157.0,249.0,202.0,250.0,195.0,2241.0,393.0,70.0,68.0,922.0,284.0,781.0,305.0,97.0,137.0,125.0,107.0,76.0,59.0,50.0,53.0,63.0,103.0,122.0,135.0,1131.0,27.0,1.0,92.0,13.0,173.0,6717.0,10.0,11.0,16.0,3.0,16.0
millotii_2675,4326,47.941111,-21.402778,POINT (804937.5607366718 7630416.943896845),79,0,False,Coffea_millotii,170.0,207.0,203.0,189.0,159.0,141.0,137.0,141.0,151.0,189.0,200.0,209.0,267.0,292.0,286.0,277.0,262.0,246.0,231.0,236.0,247.0,283.0,291.0,293.0,69.0,384.0,397.0,160.0,105.0,115.0,111.0,110.0,81.0,171.0,238.0,388.0,221.0,92.0,59.0,2525.0,293.0,137.0,156.0,242.0,190.0,244.0,188.0,2329.0,397.0,69.0,64.0,941.0,302.0,797.0,336.0,92.0,128.0,118.0,100.0,73.0,56.0,47.0,50.0,60.0,97.0,114.0,126.0,1067.0,23.0,1.0,211.0,18.0,347.0,8061.0,10.0,11.0,16.0,3.0,18.0
millotii_2676,4326,47.9425,-21.406944,POINT (805073.0091272548 7629952.707314572),79,0,False,Coffea_millotii,165.0,203.0,199.0,185.0,155.0,139.0,136.0,138.0,147.0,185.0,197.0,205.0,263.0,289.0,283.0,275.0,258.0,243.0,228.0,233.0,244.0,279.0,288.0,289.0,68.0,384.0,396.0,165.0,110.0,120.0,114.0,110.0,82.0,170.0,246.0,390.0,217.0,93.0,60.0,2491.0,289.0,136.0,153.0,239.0,187.0,240.0,186.0,2355.0,396.0,68.0,63.0,945.0,306.0,806.0,344.0,88.0,124.0,114.0,97.0,71.0,55.0,47.0,49.0,58.0,94.0,111.0,122.0,1037.0,20.0,1.0,465.0,28.0,157.0,6070.0,10.0,11.0,4.0,3.0,47.0
millotii_2677,4326,48.292499,-18.866111,POINT (846963.4481209577 7910760.859848028),79,0,False,Coffea_millotii,125.0,170.0,163.0,149.0,123.0,105.0,102.0,102.0,109.0,147.0,160.0,169.0,252.0,273.0,269.0,258.0,245.0,225.0,196.0,204.0,221.0,271.0,274.0,271.0,45.0,297.0,231.0,84.0,52.0,61.0,62.0,54.0,40.0,130.0,261.0,313.0,190.0,111.0,64.0,2724.0,274.0,102.0,172.0,215.0,155.0,215.0,155.0,1630.0,313.0,40.0,78.0,704.0,156.0,704.0,177.0,74.0,102.0,94.0,80.0,63.0,48.0,38.0,40.0,48.0,81.0,92.0,98.0,863.0,48.0,3.0,1023.0,7.0,179.0,7592.0,10.0,9.0,14.0,2.0,60.0
millotii_2678,4326,48.2925,-18.86611,POINT (846963.5556543547 7910760.968677763),79,0,False,Coffea_millotii,125.0,170.0,163.0,149.0,123.0,105.0,102.0,102.0,109.0,147.0,160.0,169.0,252.0,273.0,269.0,258.0,245.0,225.0,196.0,204.0,221.0,271.0,274.0,271.0,45.0,297.0,231.0,84.0,52.0,61.0,62.0,54.0,40.0,130.0,261.0,313.0,190.0,111.0,64.0,2724.0,274.0,102.0,172.0,215.0,155.0,215.0,155.0,1630.0,313.0,40.0,78.0,704.0,156.0,704.0,177.0,74.0,102.0,94.0,80.0,63.0,48.0,38.0,40.0,48.0,81.0,92.0,98.0,863.0,48.0,3.0,1023.0,7.0,179.0,7592.0,10.0,9.0,14.0,2.0,60.0
millotii_2679,4326,48.31888,-18.86944,POINT (849739.0276151416 7910340.056757211),79,0,False,Coffea_millotii,124.0,169.0,162.0,148.0,122.0,104.0,100.0,101.0,108.0,145.0,158.0,168.0,250.0,271.0,267.0,257.0,244.0,223.0,194.0,201.0,220.0,269.0,271.0,269.0,46.0,299.0,233.0,85.0,53.0,64.0,65.0,56.0,42.0,129.0,259.0,312.0,189.0,110.0,64.0,2723.0,271.0,100.0,171.0,213.0,154.0,213.0,153.0,1643.0,312.0,42.0,77.0,700.0,163.0,700.0,185.0,73.0,101.0,93.0,80.0,63.0,48.0,37.0,39.0,48.0,80.0,90.0,97.0,855.0,44.0,3.0,1009.0,4.0,276.0,7805.0,11.0,7.0,14.0,2.0,66.0
millotii_2680,4326,48.318888,-18.869444,POINT (849739.8630834795 7910339.597755337),79,0,False,Coffea_millotii,124.0,169.0,162.0,148.0,122.0,104.0,100.0,101.0,108.0,145.0,158.0,168.0,250.0,271.0,267.0,257.0,244.0,223.0,194.0,201.0,220.0,269.0,271.0,269.0,46.0,299.0,233.0,85.0,53.0,64.0,65.0,56.0,42.0,129.0,259.0,312.0,189.0,110.0,64.0,2723.0,271.0,100.0,171.0,213.0,154.0,213.0,153.0,1643.0,312.0,42.0,77.0,700.0,163.0,700.0,185.0,73.0,101.0,93.0,80.0,63.0,48.0,37.0,39.0,48.0,80.0,90.0,97.0,855.0,44.0,3.0,1009.0,4.0,276.0,7805.0,11.0,7.0,14.0,2.0,66.0
millotii_2681,4326,48.556111,-19.158611,POINT (874113.995799795 7877808.812782688),79,0,False,Coffea_millotii,147.0,194.0,186.0,173.0,146.0,130.0,129.0,128.0,134.0,167.0,182.0,192.0,260.0,285.0,282.0,273.0,258.0,239.0,220.0,222.0,234.0,277.0,284.0,283.0,66.0,412.0,403.0,186.0,123.0,148.0,141.0,124.0,93.0,143.0,304.0,381.0,209.0,100.0,64.0,2514.0,285.0,128.0,157.0,232.0,177.0,232.0,177.0,2524.0,412.0,66.0,60.0,1001.0,358.0,1001.0,358.0,80.0,116.0,107.0,92.0,70.0,54.0,46.0,46.0,54.0,87.0,102.0,111.0,972.0,14.0,1.0,640.0,18.0,106.0,7313.0,10.0,11.0,14.0,2.0,37.0
millotii_2682,4326,48.88333,-17.53333,POINT (912427.4984726268 8057228.592867632),79,0,False,Coffea_millotii,147.0,194.0,191.0,175.0,151.0,134.0,131.0,132.0,135.0,169.0,183.0,194.0,266.0,288.0,290.0,281.0,267.0,248.0,224.0,230.0,243.0,283.0,290.0,288.0,44.0,293.0,246.0,100.0,54.0,57.0,56.0,51.0,29.0,117.0,218.0,292.0,213.0,105.0,66.0,2461.0,290.0,131.0,159.0,236.0,182.0,236.0,182.0,1557.0,293.0,29.0,78.0,639.0,136.0,639.0,136.0,81.0,116.0,113.0,96.0,74.0,58.0,47.0,49.0,56.0,90.0,105.0,114.0,1003.0,86.0,4.0,712.0,17.0,113.0,7026.0,10.0,11.0,16.0,2.0,1.0
millotii_2683,4326,48.89306,-17.53333,POINT (913462.1791879049 8057207.406689122),79,0,False,Coffea_millotii,147.0,195.0,192.0,176.0,152.0,135.0,133.0,133.0,136.0,169.0,183.0,195.0,266.0,289.0,291.0,282.0,268.0,248.0,225.0,231.0,244.0,283.0,290.0,289.0,45.0,296.0,248.0,103.0,56.0,59.0,57.0,52.0,30.0,118.0,219.0,293.0,214.0,105.0,66.0,2449.0,291.0,133.0,158.0,237.0,183.0,237.0,183.0,1576.0,296.0,30.0,77.0,647.0,139.0,647.0,139.0,80.0,117.0,114.0,96.0,75.0,58.0,47.0,49.0,56.0,90.0,105.0,115.0,1008.0,82.0,3.0,564.0,8.0,292.0,7792.0,10.0,11.0,16.0,2.0,1.0
millotii_2684,4326,49.198056,-18.036111,POINT (944650.4678264419 8000769.263014873),79,0,False,Coffea_millotii,174.0,219.0,214.0,202.0,182.0,166.0,163.0,160.0,161.0,193.0,208.0,219.0,267.0,299.0,301.0,288.0,276.0,256.0,234.0,238.0,250.0,283.0,294.0,299.0,79.0,367.0,394.0,238.0,165.0,175.0,169.0,147.0,90.0,148.0,254.0,350.0,231.0,85.0,60.0,2366.0,301.0,160.0,141.0,253.0,214.0,253.0,201.0,2576.0,394.0,79.0,49.0,999.0,385.0,999.0,406.0,89.0,138.0,132.0,111.0,88.0,67.0,55.0,55.0,62.0,98.0,119.0,135.0,1156.0,10.0,1.0,254.0,13.0,125.0,7332.0,10.0,11.0,4.0,2.0,0.0
millotii_2685,4326,49.20333,-17.93167,POINT (945472.6748098711 8012336.842000635),79,0,False,Coffea_millotii,174.0,219.0,215.0,203.0,182.0,166.0,163.0,160.0,161.0,194.0,208.0,219.0,268.0,301.0,303.0,291.0,277.0,258.0,236.0,239.0,250.0,284.0,295.0,300.0,78.0,366.0,384.0,241.0,165.0,171.0,163.0,143.0,89.0,148.0,252.0,348.0,231.0,86.0,60.0,2386.0,303.0,160.0,143.0,255.0,214.0,255.0,201.0,2548.0,384.0,78.0,49.0,991.0,380.0,991.0,395.0,89.0,139.0,134.0,113.0,89.0,68.0,56.0,56.0,62.0,99.0,119.0,136.0,1165.0,11.0,1.0,321.0,9.0,156.0,7510.0,10.0,11.0,16.0,2.0,13.0
millotii_2686,4326,49.203333,-17.931667,POINT (945473.0007453524 8012337.167431456),79,0,False,Coffea_millotii,174.0,219.0,215.0,203.0,182.0,166.0,163.0,160.0,161.0,194.0,208.0,219.0,268.0,301.0,303.0,291.0,277.0,258.0,236.0,239.0,250.0,284.0,295.0,300.0,78.0,366.0,384.0,241.0,165.0,171.0,163.0,143.0,89.0,148.0,252.0,348.0,231.0,86.0,60.0,2386.0,303.0,160.0,143.0,255.0,214.0,255.0,201.0,2548.0,384.0,78.0,49.0,991.0,380.0,991.0,395.0,89.0,139.0,134.0,113.0,89.0,68.0,56.0,56.0,62.0,99.0,119.0,136.0,1165.0,11.0,1.0,321.0,9.0,156.0,7510.0,10.0,11.0,16.0,2.0,13.0
millotii_2687,4326,49.45,-14.7,POINT (979491.6478622243 8370122.903799985),79,0,False,Coffea_millotii,94.0,136.0,136.0,126.0,105.0,86.0,81.0,82.0,81.0,112.0,127.0,137.0,233.0,251.0,250.0,244.0,233.0,215.0,188.0,193.0,210.0,252.0,251.0,251.0,50.0,278.0,257.0,119.0,52.0,44.0,44.0,46.0,32.0,108.0,227.0,307.0,169.0,122.0,71.0,2281.0,252.0,81.0,171.0,190.0,139.0,190.0,139.0,1564.0,307.0,32.0,80.0,654.0,122.0,654.0,122.0,62.0,83.0,81.0,73.0,60.0,48.0,38.0,40.0,45.0,69.0,76.0,82.0,764.0,39.0,4.0,1652.0,17.0,32.0,8436.0,10.0,9.0,14.0,2.0,95.0
millotii_2688,4326,49.45445,-17.704817,POINT (972728.9371479002 8036875.3977328995),79,0,False,Coffea_millotii,188.0,227.0,222.0,211.0,193.0,177.0,174.0,173.0,176.0,205.0,217.0,227.0,270.0,302.0,301.0,292.0,277.0,261.0,242.0,244.0,254.0,285.0,297.0,303.0,95.0,391.0,417.0,310.0,221.0,218.0,209.0,179.0,113.0,150.0,276.0,354.0,238.0,78.0,60.0,2200.0,303.0,173.0,130.0,259.0,222.0,259.0,210.0,2933.0,417.0,95.0,43.0,1118.0,442.0,1118.0,501.0,96.0,146.0,138.0,118.0,93.0,72.0,60.0,61.0,68.0,105.0,126.0,144.0,1232.0,1.0,1.0,49.0,7.0,170.0,7377.0,10.0,10.0,4.0,2.0,67.0
millotii_2689,4326,49.550833,-13.218889,POINT (993530.3992038402 8534169.098471293),79,0,False,Coffea_millotii,149.0,180.0,179.0,174.0,157.0,137.0,134.0,135.0,138.0,166.0,175.0,181.0,267.0,276.0,274.0,273.0,265.0,257.0,237.0,240.0,252.0,278.0,276.0,275.0,37.0,266.0,222.0,107.0,39.0,33.0,37.0,33.0,22.0,91.0,241.0,277.0,211.0,105.0,73.0,1642.0,278.0,134.0,144.0,225.0,189.0,226.0,189.0,1405.0,277.0,22.0,87.0,609.0,92.0,595.0,92.0,81.0,100.0,97.0,91.0,77.0,64.0,54.0,56.0,62.0,87.0,94.0,99.0,969.0,196.0,6.0,839.0,18.0,339.0,7857.0,10.0,9.0,14.0,1.0,100.0
millotii_2690,4326,49.733333,-15.433333,POINT (1008329.1988536721 8288147.615367182),79,0,False,Coffea_millotii,188.0,223.0,219.0,210.0,193.0,178.0,178.0,177.0,178.0,199.0,215.0,222.0,270.0,305.0,302.0,293.0,277.0,262.0,240.0,241.0,250.0,289.0,296.0,304.0,78.0,400.0,445.0,441.0,310.0,256.0,270.0,205.0,113.0,126.0,286.0,365.0,237.0,79.0,61.0,2132.0,305.0,177.0,128.0,258.0,222.0,258.0,210.0,3295.0,445.0,78.0,45.0,1286.0,444.0,1286.0,588.0,95.0,144.0,135.0,118.0,93.0,74.0,62.0,62.0,68.0,104.0,124.0,139.0,1224.0,17.0,1.0,12.0,1.0,193.0,7744.0,1.0,21.0,4.0,2.0,10.0
millotii_2691,4326,49.75,-15.48333,POINT (1009999.8215045406 8282561.460954085),79,78,False,Coffea_millotii,,,,,,,,,,,,,,,,,,,,,,,,,,,,,,,,,,,,,,,,,,,,,,,,,,,,,,,,,,,,,,,,,,,,,,,,,,,,,25.0,,
millotii_2692,4326,49.76666,-15.5,POINT (1011750.9490295218 8280672.255339981),79,2,False,Coffea_millotii,181.0,216.0,213.0,204.0,186.0,172.0,171.0,168.0,171.0,193.0,210.0,216.0,268.0,302.0,299.0,290.0,274.0,259.0,238.0,238.0,248.0,287.0,295.0,301.0,76.0,377.0,409.0,377.0,254.0,223.0,230.0,180.0,104.0,122.0,271.0,353.0,233.0,83.0,62.0,2159.0,302.0,168.0,134.0,254.0,217.0,254.0,205.0,2976.0,409.0,76.0,45.0,1163.0,406.0,1163.0,514.0,91.0,136.0,129.0,113.0,89.0,71.0,60.0,59.0,66.0,100.0,120.0,133.0,1173.0,15.0,1.0,75.0,14.0,264.0,7639.0,,6.0,14.0,,100.0
millotii_2693,4326,49.766667,-15.5,POINT (1011751.7020515209 8280672.238558915),79,2,False,Coffea_millotii,181.0,216.0,213.0,204.0,186.0,172.0,171.0,168.0,171.0,193.0,210.0,216.0,268.0,302.0,299.0,290.0,274.0,259.0,238.0,238.0,248.0,287.0,295.0,301.0,76.0,377.0,409.0,377.0,254.0,223.0,230.0,180.0,104.0,122.0,271.0,353.0,233.0,83.0,62.0,2159.0,302.0,168.0,134.0,254.0,217.0,254.0,205.0,2976.0,409.0,76.0,45.0,1163.0,406.0,1163.0,514.0,91.0,136.0,129.0,113.0,89.0,71.0,60.0,59.0,66.0,100.0,120.0,133.0,1173.0,15.0,1.0,75.0,14.0,264.0,7639.0,,6.0,14.0,,100.0
millotii_2694,4326,49.7694,-15.4944,POINT (1012059.554343913 8281286.953108297),79,2,False,Coffea_millotii,176.0,212.0,210.0,199.0,182.0,168.0,165.0,164.0,166.0,189.0,205.0,211.0,265.0,299.0,297.0,287.0,272.0,257.0,233.0,235.0,245.0,284.0,292.0,297.0,73.0,367.0,390.0,345.0,227.0,204.0,210.0,167.0,98.0,119.0,266.0,347.0,229.0,84.0,62.0,2179.0,299.0,164.0,135.0,250.0,213.0,250.0,201.0,2813.0,390.0,73.0,46.0,1102.0,384.0,1102.0,475.0,88.0,132.0,126.0,108.0,87.0,70.0,57.0,57.0,64.0,97.0,116.0,127.0,1133.0,15.0,1.0,183.0,17.0,79.0,7781.0,,6.0,14.0,,100.0
millotii_2695,4326,49.786667,-16.4525,POINT (1011467.5626294343 8174949.434287034),79,0,False,Coffea_millotii,177.0,215.0,212.0,200.0,182.0,169.0,166.0,165.0,170.0,194.0,207.0,215.0,258.0,292.0,289.0,281.0,267.0,249.0,232.0,234.0,241.0,275.0,286.0,292.0,79.0,350.0,371.0,284.0,181.0,192.0,182.0,147.0,99.0,111.0,233.0,335.0,227.0,77.0,60.0,2129.0,292.0,165.0,127.0,248.0,213.0,248.0,201.0,2564.0,371.0,79.0,47.0,1005.0,357.0,1005.0,428.0,86.0,130.0,122.0,106.0,85.0,67.0,57.0,58.0,64.0,95.0,113.0,127.0,1115.0,7.0,1.0,291.0,4.0,62.0,7830.0,10.0,11.0,14.0,2.0,96.0
millotii_2696,4326,49.7904,-16.474388,POINT (1011809.5522510451 8172511.551373301),79,0,False,Coffea_millotii,183.0,219.0,217.0,205.0,187.0,174.0,170.0,170.0,175.0,200.0,212.0,220.0,262.0,295.0,291.0,285.0,270.0,252.0,237.0,239.0,245.0,279.0,289.0,295.0,82.0,356.0,383.0,300.0,193.0,203.0,191.0,153.0,104.0,112.0,234.0,340.0,232.0,75.0,60.0,2098.0,295.0,170.0,125.0,252.0,218.0,252.0,206.0,2651.0,383.0,82.0,46.0,1039.0,369.0,1039.0,448.0,90.0,134.0,127.0,111.0,88.0,69.0,59.0,60.0,66.0,100.0,118.0,132.0,1159.0,8.0,1.0,198.0,13.0,111.0,7457.0,10.0,11.0,14.0,2.0,84.0
millotii_2697,4326,49.861111,-14.401111,POINT (1024587.2632736877 8402367.690688357),79,0,False,Coffea_millotii,161.0,199.0,199.0,193.0,173.0,157.0,148.0,147.0,151.0,177.0,190.0,199.0,266.0,295.0,291.0,287.0,276.0,264.0,240.0,240.0,250.0,281.0,291.0,295.0,66.0,266.0,251.0,168.0,84.0,91.0,104.0,106.0,64.0,100.0,219.0,291.0,223.0,98.0,66.0,2072.0,295.0,147.0,148.0,244.0,207.0,244.0,196.0,1810.0,291.0,64.0,55.0,685.0,270.0,685.0,274.0,83.0,120.0,115.0,106.0,86.0,70.0,56.0,55.0,62.0,91.0,107.0,118.0,1074.0,19.0,2.0,410.0,24.0,157.0,6554.0,10.0,9.0,14.0,14.0,100.0
millotii_2698,4326,49.86666,-15.41666,POINT (1022718.9453758032 8289676.918568408),79,6,False,Coffea_millotii,189.0,224.0,221.0,212.0,195.0,180.0,179.0,177.0,179.0,201.0,217.0,223.0,271.0,305.0,303.0,293.0,278.0,263.0,242.0,243.0,252.0,289.0,296.0,304.0,79.0,371.0,414.0,413.0,282.0,248.0,255.0,198.0,114.0,122.0,269.0,344.0,239.0,78.0,61.0,2111.0,305.0,177.0,128.0,259.0,223.0,259.0,212.0,3109.0,414.0,79.0,44.0,1198.0,434.0,1198.0,567.0,96.0,144.0,137.0,119.0,95.0,75.0,63.0,63.0,69.0,105.0,125.0,140.0,1237.0,17.0,1.0,,,,,1.0,,25.0,2.0,
millotii_2699,4326,49.95,-15.066667,POINT (1032573.7785120704 8328309.360523048),79,0,False,Coffea_millotii,134.0,175.0,174.0,165.0,146.0,131.0,124.0,122.0,123.0,150.0,165.0,175.0,242.0,275.0,273.0,265.0,253.0,237.0,207.0,210.0,222.0,262.0,270.0,274.0,64.0,290.0,282.0,192.0,105.0,109.0,114.0,106.0,69.0,107.0,227.0,301.0,198.0,100.0,65.0,2302.0,275.0,122.0,153.0,221.0,181.0,221.0,168.0,1966.0,301.0,64.0,54.0,764.0,282.0,764.0,289.0,69.0,101.0,98.0,87.0,72.0,58.0,45.0,46.0,51.0,77.0,90.0,99.0,898.0,5.0,1.0,1044.0,26.0,351.0,8265.0,10.0,9.0,14.0,2.0,98.0
millotii_2700,4326,49.96666,-15.61666,POINT (1032966.8390063938 8267236.987381329),79,0,False,Coffea_millotii,189.0,224.0,222.0,213.0,197.0,182.0,179.0,177.0,181.0,203.0,218.0,224.0,270.0,305.0,301.0,293.0,279.0,263.0,244.0,244.0,252.0,287.0,296.0,304.0,82.0,351.0,396.0,377.0,251.0,238.0,235.0,186.0,114.0,117.0,253.0,331.0,239.0,77.0,60.0,2083.0,305.0,177.0,128.0,259.0,224.0,259.0,212.0,2931.0,396.0,82.0,43.0,1124.0,417.0,1124.0,535.0,95.0,145.0,137.0,120.0,96.0,76.0,64.0,63.0,70.0,105.0,126.0,141.0,1242.0,13.0,1.0,22.0,6.0,129.0,7601.0,10.0,10.0,16.0,2.0,20.0
millotii_2701,4326,49.96666,-15.68333,POINT (1032793.3942422657 8259838.671954938),79,0,False,Coffea_millotii,172.0,211.0,207.0,198.0,181.0,168.0,163.0,162.0,165.0,187.0,203.0,210.0,259.0,295.0,292.0,283.0,269.0,252.0,230.0,232.0,241.0,278.0,286.0,294.0,77.0,336.0,366.0,315.0,203.0,201.0,198.0,162.0,102.0,113.0,244.0,323.0,226.0,82.0,61.0,2164.0,295.0,162.0,133.0,247.0,210.0,247.0,198.0,2640.0,366.0,77.0,44.0,1017.0,377.0,1017.0,462.0,84.0,128.0,121.0,106.0,86.0,69.0,56.0,56.0,63.0,93.0,111.0,125.0,1104.0,7.0,1.0,327.0,21.0,280.0,7596.0,10.0,11.0,14.0,2.0,100.0
millotii_2702,4326,49.98194,-15.62083,POINT (1034599.2158839884 8266735.733773035),79,0,False,Coffea_millotii,172.0,210.0,208.0,198.0,181.0,168.0,163.0,161.0,164.0,187.0,202.0,209.0,259.0,295.0,292.0,283.0,269.0,253.0,230.0,232.0,240.0,277.0,286.0,293.0,77.0,335.0,366.0,321.0,207.0,204.0,202.0,164.0,103.0,114.0,245.0,321.0,226.0,82.0,61.0,2161.0,295.0,161.0,134.0,247.0,210.0,247.0,198.0,2659.0,366.0,77.0,43.0,1022.0,381.0,1022.0,469.0,84.0,128.0,122.0,106.0,86.0,69.0,56.0,56.0,62.0,93.0,111.0,123.0,1101.0,7.0,1.0,306.0,16.0,329.0,8089.0,10.0,11.0,14.0,2.0,97.0
millotii_2703,4326,50.20694,-15.80555,POINT (1058293.3894898149 8245649.946468963),79,0,False,Coffea_millotii,192.0,226.0,224.0,216.0,200.0,186.0,181.0,179.0,184.0,206.0,219.0,226.0,267.0,303.0,299.0,292.0,278.0,262.0,244.0,245.0,251.0,284.0,292.0,302.0,85.0,324.0,373.0,347.0,227.0,233.0,222.0,179.0,117.0,109.0,231.0,307.0,239.0,73.0,59.0,2025.0,303.0,179.0,124.0,260.0,224.0,260.0,214.0,2754.0,373.0,85.0,41.0,1044.0,405.0,1044.0,518.0,95.0,145.0,137.0,121.0,97.0,77.0,64.0,64.0,71.0,105.0,123.0,141.0,1246.0,10.0,1.0,32.0,4.0,323.0,7850.0,9.0,10.0,14.0,2.0,76.0
millotii_2704,4326,50.225,-15.6925,POINT (1060545.9073525586 8258151.101041327),79,0,False,Coffea_millotii,192.0,226.0,224.0,216.0,200.0,186.0,182.0,180.0,184.0,206.0,219.0,226.0,268.0,303.0,300.0,292.0,279.0,263.0,245.0,246.0,252.0,285.0,293.0,303.0,84.0,320.0,368.0,353.0,231.0,234.0,225.0,180.0,118.0,110.0,232.0,304.0,240.0,74.0,60.0,2004.0,303.0,180.0,123.0,260.0,225.0,260.0,214.0,2759.0,368.0,84.0,40.0,1041.0,408.0,1041.0,523.0,95.0,145.0,137.0,121.0,98.0,78.0,65.0,65.0,71.0,105.0,124.0,142.0,1251.0,11.0,1.0,42.0,3.0,237.0,7691.0,10.0,11.0,16.0,2.0,51.0
millotii_2705,4326,50.25,-15.68333,POINT (1063259.6869843528 8259102.415066015),79,0,False,Coffea_millotii,191.0,225.0,223.0,215.0,201.0,186.0,181.0,179.0,183.0,206.0,218.0,225.0,267.0,302.0,299.0,292.0,279.0,263.0,244.0,245.0,251.0,284.0,292.0,302.0,84.0,317.0,365.0,350.0,228.0,232.0,223.0,179.0,117.0,109.0,230.0,300.0,239.0,73.0,60.0,2001.0,302.0,179.0,123.0,259.0,224.0,259.0,213.0,2734.0,365.0,84.0,40.0,1032.0,405.0,1032.0,519.0,94.0,143.0,136.0,120.0,99.0,78.0,65.0,64.0,70.0,105.0,123.0,140.0,1242.0,10.0,1.0,52.0,5.0,183.0,7629.0,10.0,10.0,14.0,2.0,65.0
perrieri_3040,4326,44.050504,-18.043941,POINT (399505.0474384375 8004695.0450102035),79,0,False,Coffea_perrieri,216.0,236.0,228.0,226.0,193.0,173.0,175.0,185.0,197.0,227.0,229.0,229.0,304.0,311.0,311.0,313.0,297.0,276.0,274.0,284.0,293.0,313.0,321.0,310.0,16.0,281.0,148.0,31.0,7.0,3.0,4.0,5.0,6.0,60.0,189.0,343.0,255.0,91.0,61.0,1931.0,321.0,173.0,148.0,267.0,227.0,271.0,227.0,1093.0,343.0,3.0,130.0,640.0,12.0,592.0,12.0,137.0,163.0,151.0,145.0,100.0,71.0,69.0,80.0,96.0,140.0,156.0,151.0,1465.0,714.0,9.0,43.0,1.0,213.0,7618.0,2.0,16.0,5.0,8.0,13.0
perrieri_3041,4326,44.145556,-22.707778,POINT (412245.6174909298 7488575.926597946),79,0,False,Coffea_perrieri,138.0,176.0,166.0,142.0,116.0,98.0,90.0,97.0,115.0,160.0,172.0,179.0,302.0,295.0,295.0,290.0,281.0,256.0,245.0,260.0,283.0,309.0,301.0,300.0,27.0,142.0,93.0,22.0,10.0,8.0,4.0,4.0,8.0,70.0,161.0,189.0,211.0,147.0,67.0,2612.0,309.0,90.0,219.0,236.0,174.0,236.0,174.0,738.0,189.0,4.0,109.0,420.0,16.0,420.0,16.0,97.0,114.0,104.0,85.0,66.0,48.0,40.0,47.0,63.0,98.0,106.0,115.0,988.0,407.0,9.0,906.0,10.0,264.0,7553.0,9.0,18.0,22.0,6.0,100.0
perrieri_3042,4326,44.156111,-22.718056,POINT (413336.17977458896 7487444.3116107825),79,0,False,Coffea_perrieri,135.0,173.0,163.0,138.0,114.0,96.0,89.0,94.0,113.0,157.0,169.0,176.0,298.0,291.0,291.0,286.0,277.0,253.0,241.0,255.0,279.0,304.0,296.0,295.0,27.0,142.0,93.0,22.0,10.0,8.0,4.0,5.0,8.0,71.0,164.0,189.0,207.0,145.0,67.0,2572.0,304.0,89.0,215.0,232.0,171.0,232.0,171.0,743.0,189.0,4.0,109.0,424.0,17.0,424.0,17.0,95.0,110.0,102.0,83.0,65.0,47.0,40.0,45.0,62.0,95.0,102.0,111.0,963.0,389.0,9.0,1026.0,4.0,147.0,7417.0,9.0,18.0,9.0,6.0,51.0
perrieri_3043,4326,44.263056,-22.845833,POINT (424389.89161773876 7473357.517090762),79,0,False,Coffea_perrieri,153.0,194.0,182.0,157.0,126.0,106.0,99.0,105.0,129.0,177.0,189.0,195.0,329.0,321.0,322.0,318.0,302.0,277.0,271.0,287.0,311.0,338.0,328.0,326.0,25.0,135.0,88.0,19.0,9.0,8.0,4.0,4.0,8.0,61.0,142.0,179.0,230.0,159.0,66.0,2848.0,338.0,99.0,239.0,258.0,190.0,258.0,190.0,682.0,179.0,4.0,109.0,382.0,16.0,382.0,16.0,116.0,139.0,127.0,102.0,73.0,50.0,44.0,52.0,74.0,121.0,130.0,139.0,1173.0,541.0,10.0,511.0,20.0,64.0,7633.0,9.0,18.0,7.0,6.0,19.0
perrieri_3044,4326,44.272222,-22.853611,POINT (425334.6020387369 7472501.129658243),79,0,False,Coffea_perrieri,158.0,199.0,187.0,161.0,130.0,110.0,102.0,109.0,133.0,182.0,194.0,200.0,336.0,327.0,329.0,324.0,308.0,281.0,278.0,294.0,317.0,344.0,335.0,332.0,24.0,133.0,85.0,19.0,9.0,8.0,3.0,4.0,8.0,59.0,136.0,175.0,236.0,161.0,66.0,2887.0,344.0,102.0,242.0,264.0,195.0,264.0,195.0,663.0,175.0,3.0,109.0,370.0,15.0,370.0,15.0,123.0,147.0,135.0,107.0,75.0,51.0,45.0,54.0,77.0,128.0,138.0,148.0,1235.0,599.0,11.0,417.0,2.0,118.0,7415.0,7.0,16.0,4.0,6.0,24.0
perrieri_3045,4326,44.287778,-22.820556,POINT (426912.9520842602 7476168.222233592),79,0,False,Coffea_perrieri,155.0,195.0,183.0,158.0,127.0,107.0,99.0,107.0,130.0,178.0,190.0,195.0,332.0,322.0,324.0,319.0,304.0,278.0,273.0,290.0,314.0,340.0,330.0,328.0,25.0,136.0,88.0,19.0,9.0,8.0,4.0,4.0,8.0,61.0,142.0,181.0,232.0,160.0,66.0,2843.0,340.0,99.0,241.0,260.0,192.0,260.0,192.0,685.0,181.0,4.0,110.0,384.0,16.0,384.0,16.0,119.0,140.0,129.0,103.0,73.0,51.0,44.0,53.0,75.0,123.0,132.0,141.0,1189.0,553.0,10.0,529.0,13.0,345.0,7973.0,7.0,18.0,6.0,6.0,18.0
perrieri_3046,4326,44.288056,-22.820833,POINT (426941.62881102914 7476137.694961881),79,0,False,Coffea_perrieri,155.0,195.0,183.0,158.0,127.0,107.0,99.0,107.0,130.0,178.0,190.0,195.0,332.0,322.0,324.0,319.0,304.0,278.0,273.0,290.0,314.0,340.0,330.0,328.0,25.0,136.0,88.0,19.0,9.0,8.0,4.0,4.0,8.0,61.0,142.0,181.0,232.0,160.0,66.0,2843.0,340.0,99.0,241.0,260.0,192.0,260.0,192.0,685.0,181.0,4.0,110.0,384.0,16.0,384.0,16.0,119.0,140.0,129.0,103.0,73.0,51.0,44.0,53.0,75.0,123.0,132.0,141.0,1189.0,553.0,10.0,529.0,13.0,345.0,7973.0,7.0,18.0,6.0,6.0,18.0
perrieri_3047,4326,44.324103,-18.035903,POINT (428460.9159202189 8005711.63349002),79,0,False,Coffea_perrieri,211.0,231.0,224.0,221.0,185.0,165.0,167.0,178.0,192.0,222.0,225.0,225.0,315.0,313.0,313.0,316.0,304.0,286.0,283.0,293.0,305.0,321.0,323.0,312.0,26.0,291.0,176.0,42.0,7.0,2.0,4.0,6.0,9.0,82.0,210.0,362.0,255.0,103.0,65.0,1866.0,323.0,165.0,158.0,267.0,228.0,271.0,228.0,1217.0,362.0,2.0,123.0,679.0,12.0,654.0,12.0,143.0,160.0,149.0,143.0,100.0,72.0,70.0,81.0,101.0,142.0,154.0,149.0,1469.0,677.0,8.0,98.0,2.0,223.0,7656.0,9.0,18.0,6.0,8.0,0.0
perrieri_3048,4326,44.47222,-17.93972,POINT (444108.22822919185 8016404.290082602),79,0,False,Coffea_perrieri,204.0,223.0,218.0,214.0,177.0,157.0,159.0,170.0,185.0,214.0,218.0,219.0,318.0,309.0,310.0,314.0,305.0,288.0,285.0,294.0,308.0,322.0,319.0,307.0,35.0,305.0,203.0,50.0,7.0,2.0,4.0,6.0,12.0,100.0,232.0,371.0,251.0,110.0,66.0,1792.0,322.0,157.0,165.0,263.0,225.0,266.0,225.0,1327.0,371.0,2.0,118.0,711.0,12.0,703.0,12.0,140.0,148.0,141.0,136.0,96.0,71.0,68.0,79.0,99.0,136.0,144.0,140.0,1402.0,612.0,8.0,226.0,7.0,256.0,7610.0,7.0,16.0,5.0,8.0,83.0
perrieri_3049,4326,44.472222,-17.939722,POINT (444108.44066143275 8016404.069405051),79,0,False,Coffea_perrieri,204.0,223.0,218.0,214.0,177.0,157.0,159.0,170.0,185.0,214.0,218.0,219.0,318.0,309.0,310.0,314.0,305.0,288.0,285.0,294.0,308.0,322.0,319.0,307.0,35.0,305.0,203.0,50.0,7.0,2.0,4.0,6.0,12.0,100.0,232.0,371.0,251.0,110.0,66.0,1792.0,322.0,157.0,165.0,263.0,225.0,266.0,225.0,1327.0,371.0,2.0,118.0,711.0,12.0,703.0,12.0,140.0,148.0,141.0,136.0,96.0,71.0,68.0,79.0,99.0,136.0,144.0,140.0,1402.0,612.0,8.0,226.0,7.0,256.0,7610.0,7.0,16.0,5.0,8.0,83.0
perrieri_3050,4326,44.516667,-18.027778,POINT (448840.6253517031 8006674.421943056),79,0,False,Coffea_perrieri,195.0,214.0,209.0,204.0,169.0,149.0,149.0,160.0,176.0,205.0,210.0,210.0,313.0,302.0,303.0,307.0,299.0,283.0,278.0,288.0,303.0,316.0,312.0,301.0,38.0,303.0,206.0,54.0,7.0,2.0,4.0,6.0,12.0,107.0,240.0,370.0,243.0,112.0,67.0,1783.0,316.0,149.0,167.0,259.0,217.0,259.0,217.0,1349.0,370.0,2.0,116.0,717.0,12.0,717.0,12.0,129.0,135.0,129.0,123.0,90.0,67.0,63.0,73.0,92.0,125.0,132.0,128.0,1292.0,536.0,8.0,340.0,15.0,56.0,7835.0,7.0,6.0,5.0,8.0,100.0
perrieri_3051,4326,44.56194,-18.11139,POINT (453654.65719434153 7997435.553621855),79,0,False,Coffea_perrieri,200.0,219.0,214.0,209.0,173.0,153.0,153.0,165.0,182.0,211.0,214.0,215.0,320.0,308.0,309.0,312.0,304.0,288.0,284.0,294.0,309.0,323.0,317.0,307.0,39.0,300.0,205.0,54.0,6.0,2.0,4.0,6.0,12.0,109.0,240.0,369.0,249.0,113.0,67.0,1810.0,323.0,153.0,170.0,264.0,225.0,264.0,222.0,1346.0,369.0,2.0,116.0,718.0,12.0,718.0,12.0,138.0,144.0,137.0,130.0,94.0,70.0,66.0,77.0,98.0,135.0,138.0,136.0,1368.0,579.0,8.0,272.0,9.0,170.0,7307.0,7.0,6.0,5.0,8.0,68.0
perrieri_3052,4326,44.561944,-18.111388,POINT (453655.07986227487 7997435.775907729),79,0,False,Coffea_perrieri,200.0,219.0,214.0,209.0,173.0,153.0,153.0,165.0,182.0,211.0,214.0,215.0,320.0,308.0,309.0,312.0,304.0,288.0,284.0,294.0,309.0,323.0,317.0,307.0,39.0,300.0,205.0,54.0,6.0,2.0,4.0,6.0,12.0,109.0,240.0,369.0,249.0,113.0,67.0,1810.0,323.0,153.0,170.0,264.0,225.0,264.0,222.0,1346.0,369.0,2.0,116.0,718.0,12.0,718.0,12.0,138.0,144.0,137.0,130.0,94.0,70.0,66.0,77.0,98.0,135.0,138.0,136.0,1368.0,579.0,8.0,272.0,9.0,170.0,7307.0,7.0,6.0,5.0,8.0,68.0
perrieri_3053,4326,44.561944,-18.111389,POINT (453655.0801252412 7997435.6652677115),79,0,False,Coffea_perrieri,200.0,219.0,214.0,209.0,173.0,153.0,153.0,165.0,182.0,211.0,214.0,215.0,320.0,308.0,309.0,312.0,304.0,288.0,284.0,294.0,309.0,323.0,317.0,307.0,39.0,300.0,205.0,54.0,6.0,2.0,4.0,6.0,12.0,109.0,240.0,369.0,249.0,113.0,67.0,1810.0,323.0,153.0,170.0,264.0,225.0,264.0,222.0,1346.0,369.0,2.0,116.0,718.0,12.0,718.0,12.0,138.0,144.0,137.0,130.0,94.0,70.0,66.0,77.0,98.0,135.0,138.0,136.0,1368.0,579.0,8.0,272.0,9.0,170.0,7307.0,7.0,6.0,5.0,8.0,68.0
perrieri_3054,4326,44.791667,-19.141667,POINT (478091.55900699616 7883484.226403832),79,0,False,Coffea_perrieri,208.0,228.0,221.0,215.0,178.0,156.0,148.0,163.0,187.0,223.0,225.0,226.0,344.0,328.0,328.0,331.0,326.0,310.0,306.0,315.0,330.0,349.0,337.0,327.0,37.0,261.0,170.0,40.0,7.0,2.0,2.0,6.0,11.0,94.0,210.0,331.0,262.0,129.0,64.0,2039.0,349.0,148.0,201.0,281.0,233.0,281.0,233.0,1171.0,331.0,2.0,117.0,635.0,10.0,635.0,10.0,170.0,174.0,161.0,152.0,108.0,77.0,68.0,82.0,113.0,172.0,169.0,166.0,1616.0,746.0,8.0,62.0,2.0,266.0,7606.0,7.0,5.0,7.0,8.0,10.0
perrieri_3055,4326,45.116667,-16.216667,POINT (512468.8527984641 8207094.340897022),79,0,False,Coffea_perrieri,214.0,238.0,236.0,232.0,199.0,175.0,175.0,183.0,198.0,231.0,239.0,237.0,323.0,314.0,318.0,327.0,324.0,314.0,307.0,311.0,318.0,327.0,326.0,311.0,11.0,346.0,209.0,45.0,9.0,2.0,1.0,4.0,4.0,66.0,166.0,394.0,265.0,105.0,69.0,1491.0,327.0,175.0,152.0,272.0,244.0,278.0,244.0,1257.0,394.0,1.0,134.0,751.0,7.0,626.0,7.0,151.0,166.0,165.0,165.0,124.0,92.0,85.0,93.0,113.0,157.0,172.0,159.0,1648.0,848.0,9.0,10.0,1.0,266.0,7741.0,2.0,16.0,6.0,8.0,9.0
perrieri_3056,4326,45.365556,-21.188611,POINT (537944.0601335384 7656934.283102252),79,0,False,Coffea_perrieri,163.0,196.0,185.0,172.0,129.0,107.0,106.0,120.0,142.0,181.0,191.0,197.0,326.0,302.0,305.0,300.0,290.0,275.0,262.0,274.0,300.0,326.0,317.0,303.0,31.0,215.0,143.0,23.0,8.0,3.0,3.0,3.0,8.0,83.0,244.0,282.0,227.0,140.0,64.0,2617.0,326.0,106.0,220.0,252.0,190.0,252.0,190.0,1046.0,282.0,3.0,119.0,609.0,9.0,609.0,9.0,121.0,126.0,117.0,101.0,70.0,52.0,45.0,54.0,76.0,117.0,124.0,124.0,1131.0,476.0,8.0,686.0,16.0,212.0,6663.0,6.0,22.0,22.0,18.0,8.0
perrieri_3057,4326,45.375278,-22.153056,POINT (538695.0066782292 7550183.945195066),79,0,False,Coffea_perrieri,172.0,204.0,195.0,179.0,142.0,120.0,115.0,128.0,149.0,191.0,201.0,207.0,335.0,317.0,319.0,311.0,306.0,285.0,270.0,286.0,306.0,339.0,331.0,318.0,26.0,148.0,95.0,20.0,10.0,4.0,3.0,4.0,7.0,80.0,170.0,207.0,238.0,143.0,63.0,2673.0,339.0,115.0,224.0,264.0,200.0,264.0,200.0,774.0,207.0,3.0,113.0,457.0,11.0,457.0,11.0,132.0,143.0,133.0,110.0,80.0,56.0,46.0,58.0,79.0,131.0,140.0,142.0,1256.0,580.0,9.0,522.0,4.0,285.0,7602.0,6.0,18.0,6.0,18.0,0.0
perrieri_3058,4326,45.375278,-22.486389,POINT (538603.2248409083 7513286.641513546),79,0,False,Coffea_perrieri,149.0,182.0,175.0,155.0,131.0,112.0,104.0,112.0,127.0,166.0,179.0,186.0,306.0,291.0,293.0,283.0,289.0,268.0,245.0,259.0,275.0,306.0,302.0,291.0,32.0,156.0,94.0,28.0,13.0,3.0,3.0,4.0,7.0,91.0,159.0,202.0,216.0,135.0,67.0,2331.0,306.0,104.0,202.0,238.0,183.0,238.0,183.0,792.0,202.0,3.0,107.0,452.0,10.0,452.0,10.0,104.0,113.0,107.0,87.0,74.0,55.0,43.0,50.0,63.0,98.0,109.0,113.0,1021.0,409.0,9.0,977.0,16.0,226.0,6979.0,6.0,22.0,23.0,18.0,3.0
perrieri_3059,4326,45.985053,-17.067958,POINT (604818.6700343543 8112662.606182978),79,0,False,Coffea_perrieri,210.0,226.0,224.0,220.0,188.0,166.0,166.0,176.0,192.0,222.0,223.0,224.0,348.0,323.0,327.0,333.0,333.0,322.0,313.0,323.0,336.0,349.0,336.0,321.0,41.0,328.0,273.0,50.0,6.0,2.0,2.0,8.0,10.0,128.0,255.0,470.0,266.0,127.0,69.0,1517.0,349.0,166.0,183.0,279.0,248.0,279.0,244.0,1573.0,470.0,2.0,121.0,853.0,10.0,853.0,12.0,175.0,164.0,162.0,158.0,121.0,91.0,82.0,96.0,122.0,172.0,165.0,156.0,1670.0,775.0,8.0,175.0,7.0,31.0,7933.0,7.0,20.0,7.0,8.0,52.0
perrieri_3060,4326,45.989,-17.06269,POINT (605241.6544511776 8113243.330755414),79,0,False,Coffea_perrieri,210.0,226.0,224.0,220.0,188.0,166.0,166.0,176.0,192.0,222.0,224.0,224.0,348.0,324.0,328.0,333.0,333.0,322.0,313.0,323.0,336.0,349.0,336.0,321.0,41.0,330.0,274.0,49.0,6.0,2.0,2.0,8.0,9.0,128.0,255.0,470.0,266.0,127.0,69.0,1526.0,349.0,166.0,183.0,279.0,248.0,279.0,244.0,1574.0,470.0,2.0,121.0,853.0,10.0,853.0,12.0,175.0,165.0,163.0,158.0,121.0,91.0,82.0,96.0,122.0,172.0,166.0,156.0,1674.0,777.0,8.0,169.0,5.0,223.0,7472.0,7.0,20.0,5.0,8.0,21.0
perrieri_3061,4326,45.989986,-17.052635,POINT (605352.2245996634 8114355.277964734),79,0,False,Coffea_perrieri,211.0,227.0,224.0,221.0,189.0,167.0,167.0,176.0,193.0,223.0,224.0,224.0,348.0,324.0,327.0,333.0,333.0,323.0,314.0,324.0,336.0,349.0,336.0,321.0,41.0,330.0,273.0,49.0,5.0,2.0,2.0,8.0,9.0,128.0,254.0,470.0,267.0,126.0,69.0,1500.0,349.0,167.0,182.0,279.0,248.0,279.0,245.0,1571.0,470.0,2.0,121.0,852.0,9.0,852.0,12.0,176.0,166.0,162.0,159.0,122.0,92.0,84.0,97.0,123.0,173.0,166.0,156.0,1681.0,785.0,8.0,130.0,2.0,42.0,7790.0,7.0,20.0,1.0,8.0,15.0
perrieri_3062,4326,45.993359,-17.044592,POINT (605715.7257931107 8115243.328301542),79,0,False,Coffea_perrieri,211.0,227.0,225.0,221.0,189.0,167.0,167.0,177.0,193.0,223.0,225.0,225.0,348.0,324.0,328.0,334.0,334.0,323.0,314.0,324.0,336.0,349.0,337.0,322.0,40.0,331.0,273.0,49.0,5.0,2.0,2.0,7.0,9.0,127.0,253.0,469.0,267.0,126.0,69.0,1513.0,349.0,167.0,182.0,280.0,249.0,280.0,245.0,1567.0,469.0,2.0,122.0,849.0,9.0,849.0,11.0,176.0,166.0,164.0,160.0,123.0,92.0,83.0,97.0,123.0,173.0,169.0,158.0,1690.0,791.0,8.0,144.0,11.0,129.0,7456.0,7.0,20.0,5.0,8.0,54.0
perrieri_3063,4326,46.015693,-17.117573,POINT (608050.7222855763 8107156.467825541),79,0,False,Coffea_perrieri,212.0,227.0,225.0,221.0,189.0,167.0,167.0,177.0,194.0,223.0,224.0,225.0,350.0,326.0,329.0,335.0,334.0,323.0,315.0,325.0,338.0,351.0,338.0,323.0,42.0,327.0,277.0,48.0,5.0,2.0,2.0,8.0,9.0,128.0,259.0,475.0,268.0,128.0,69.0,1531.0,351.0,167.0,184.0,280.0,249.0,280.0,245.0,1582.0,475.0,2.0,121.0,862.0,9.0,862.0,12.0,180.0,168.0,165.0,162.0,123.0,92.0,84.0,98.0,126.0,175.0,169.0,159.0,1705.0,798.0,8.0,137.0,2.0,39.0,7796.0,7.0,6.0,4.0,8.0,17.0
perrieri_3064,4326,46.015711,-17.117819,POINT (608052.495283464 8107129.240210309),79,0,False,Coffea_perrieri,212.0,227.0,225.0,221.0,189.0,167.0,167.0,177.0,194.0,223.0,224.0,225.0,350.0,326.0,329.0,335.0,334.0,323.0,315.0,325.0,338.0,351.0,338.0,323.0,42.0,327.0,277.0,48.0,5.0,2.0,2.0,8.0,9.0,128.0,259.0,475.0,268.0,128.0,69.0,1531.0,351.0,167.0,184.0,280.0,249.0,280.0,245.0,1582.0,475.0,2.0,121.0,862.0,9.0,862.0,12.0,180.0,168.0,165.0,162.0,123.0,92.0,84.0,98.0,126.0,175.0,169.0,159.0,1705.0,798.0,8.0,137.0,2.0,39.0,7796.0,7.0,6.0,4.0,8.0,17.0
perrieri_3065,4326,46.109722,-24.310833,POINT (612602.9442835674 7310910.256040464),79,0,False,Coffea_perrieri,162.0,197.0,187.0,171.0,122.0,105.0,106.0,120.0,135.0,174.0,192.0,198.0,321.0,327.0,321.0,311.0,293.0,262.0,266.0,276.0,303.0,322.0,333.0,330.0,27.0,117.0,105.0,31.0,17.0,17.0,11.0,9.0,14.0,95.0,178.0,183.0,230.0,149.0,65.0,3035.0,333.0,105.0,228.0,258.0,201.0,258.0,189.0,804.0,183.0,9.0,96.0,456.0,34.0,456.0,37.0,118.0,147.0,130.0,107.0,66.0,45.0,44.0,53.0,72.0,109.0,136.0,146.0,1178.0,453.0,10.0,427.0,13.0,161.0,6633.0,9.0,22.0,7.0,6.0,0.0
perrieri_3066,4326,46.145833,-24.303611,POINT (616274.0138389035 7311680.2718815375),79,0,False,Coffea_perrieri,164.0,199.0,189.0,173.0,123.0,106.0,106.0,120.0,135.0,175.0,194.0,200.0,324.0,330.0,324.0,313.0,295.0,264.0,269.0,278.0,304.0,325.0,336.0,333.0,27.0,119.0,107.0,32.0,17.0,18.0,11.0,9.0,14.0,94.0,176.0,183.0,232.0,150.0,65.0,3087.0,336.0,106.0,230.0,260.0,202.0,260.0,190.0,807.0,183.0,9.0,96.0,453.0,34.0,453.0,38.0,121.0,151.0,134.0,109.0,67.0,45.0,45.0,53.0,72.0,111.0,139.0,149.0,1201.0,463.0,10.0,372.0,12.0,271.0,7183.0,9.0,22.0,12.0,6.0,99.0
perrieri_3067,4326,46.15777,-24.33638,POINT (617455.2353885227 7308041.618179116),79,0,False,Coffea_perrieri,166.0,202.0,192.0,176.0,126.0,107.0,108.0,122.0,137.0,179.0,197.0,203.0,326.0,333.0,328.0,317.0,298.0,268.0,273.0,282.0,307.0,329.0,339.0,337.0,27.0,120.0,106.0,31.0,17.0,20.0,12.0,10.0,15.0,90.0,168.0,177.0,235.0,151.0,65.0,3108.0,339.0,107.0,232.0,264.0,204.0,264.0,193.0,793.0,177.0,10.0,93.0,435.0,37.0,435.0,42.0,123.0,156.0,139.0,113.0,69.0,45.0,45.0,54.0,74.0,116.0,144.0,155.0,1238.0,490.0,10.0,233.0,2.0,235.0,7307.0,9.0,6.0,12.0,6.0,99.0
perrieri_3068,4326,46.333889,-24.560833,POINT (635084.8917711123 7283025.482374048),79,0,False,Coffea_perrieri,161.0,203.0,192.0,174.0,127.0,113.0,112.0,122.0,136.0,179.0,196.0,203.0,317.0,329.0,323.0,314.0,294.0,267.0,267.0,275.0,299.0,324.0,331.0,331.0,30.0,119.0,95.0,31.0,22.0,30.0,17.0,14.0,18.0,80.0,143.0,150.0,232.0,146.0,66.0,3007.0,331.0,112.0,219.0,260.0,201.0,260.0,192.0,749.0,150.0,14.0,82.0,373.0,49.0,373.0,61.0,114.0,154.0,135.0,110.0,68.0,48.0,46.0,52.0,70.0,113.0,137.0,150.0,1203.0,460.0,11.0,253.0,1.0,247.0,7366.0,10.0,18.0,7.0,6.0,0.0
perrieri_3069,4326,46.473056,-25.023333,POINT (648628.1582743296 7231660.343782023),79,0,False,Coffea_perrieri,167.0,218.0,210.0,185.0,150.0,130.0,123.0,128.0,142.0,191.0,209.0,217.0,319.0,337.0,335.0,328.0,312.0,282.0,273.0,282.0,301.0,329.0,336.0,337.0,30.0,91.0,77.0,27.0,40.0,57.0,34.0,26.0,23.0,57.0,92.0,97.0,243.0,141.0,66.0,3015.0,337.0,123.0,214.0,269.0,208.0,269.0,203.0,651.0,97.0,23.0,51.0,246.0,83.0,246.0,117.0,117.0,175.0,160.0,126.0,86.0,56.0,48.0,53.0,70.0,123.0,152.0,169.0,1340.0,689.0,11.0,38.0,2.0,246.0,7214.0,10.0,6.0,12.0,5.0,63.0
perrieri_3070,4326,46.599722,-24.793889,POINT (661709.4533303161 7256927.456371114),79,0,False,Coffea_perrieri,163.0,209.0,200.0,179.0,141.0,126.0,122.0,127.0,141.0,184.0,201.0,209.0,305.0,323.0,318.0,310.0,293.0,268.0,262.0,269.0,288.0,315.0,322.0,325.0,40.0,136.0,129.0,43.0,45.0,61.0,39.0,34.0,29.0,80.0,134.0,154.0,233.0,133.0,65.0,2850.0,325.0,122.0,203.0,259.0,201.0,259.0,195.0,924.0,154.0,29.0,60.0,368.0,102.0,368.0,134.0,108.0,154.0,138.0,111.0,74.0,53.0,47.0,51.0,67.0,110.0,134.0,151.0,1203.0,290.0,10.0,139.0,3.0,149.0,7145.0,10.0,6.0,12.0,6.0,100.0
perrieri_3071,4326,46.6,-24.8,POINT (661729.6310659264 7256250.311009459),79,0,False,Coffea_perrieri,163.0,209.0,200.0,179.0,141.0,126.0,122.0,127.0,141.0,184.0,201.0,209.0,305.0,323.0,318.0,310.0,293.0,268.0,262.0,269.0,288.0,315.0,322.0,325.0,40.0,136.0,129.0,43.0,45.0,61.0,39.0,34.0,29.0,80.0,134.0,154.0,233.0,133.0,65.0,2850.0,325.0,122.0,203.0,259.0,201.0,259.0,195.0,924.0,154.0,29.0,60.0,368.0,102.0,368.0,134.0,108.0,154.0,138.0,111.0,74.0,53.0,47.0,51.0,67.0,110.0,134.0,151.0,1203.0,290.0,10.0,139.0,3.0,149.0,7145.0,10.0,6.0,12.0,6.0,100.0
perrieri_3072,4326,46.60223,-24.80373,POINT (661950.2327868177 7255834.555691512),79,0,False,Coffea_perrieri,164.0,210.0,202.0,180.0,142.0,127.0,122.0,128.0,142.0,185.0,202.0,210.0,306.0,324.0,320.0,311.0,294.0,269.0,264.0,270.0,289.0,316.0,323.0,326.0,40.0,136.0,131.0,43.0,46.0,63.0,39.0,35.0,30.0,79.0,132.0,153.0,234.0,133.0,65.0,2858.0,326.0,122.0,204.0,260.0,202.0,260.0,196.0,927.0,153.0,30.0,60.0,364.0,104.0,364.0,137.0,109.0,155.0,140.0,112.0,75.0,53.0,48.0,52.0,68.0,111.0,136.0,152.0,1216.0,299.0,10.0,135.0,4.0,267.0,7102.0,10.0,6.0,12.0,6.0,100.0
perrieri_3073,4326,46.603611,-24.806111,POINT (662086.7480779089 7255569.211479658),79,0,False,Coffea_perrieri,164.0,210.0,201.0,181.0,142.0,128.0,123.0,129.0,143.0,184.0,202.0,210.0,306.0,323.0,319.0,310.0,293.0,268.0,263.0,269.0,289.0,315.0,323.0,324.0,41.0,138.0,133.0,44.0,47.0,63.0,41.0,36.0,31.0,80.0,134.0,155.0,234.0,132.0,65.0,2829.0,324.0,123.0,201.0,259.0,202.0,259.0,196.0,943.0,155.0,31.0,59.0,369.0,108.0,369.0,140.0,109.0,155.0,139.0,112.0,74.0,54.0,48.0,52.0,68.0,110.0,136.0,151.0,1212.0,282.0,10.0,128.0,4.0,212.0,7154.0,10.0,6.0,12.0,6.0,98.0
perrieri_3074,4326,46.611944,-24.806111,POINT (662929.1598642055 7255559.291154195),79,0,False,Coffea_perrieri,164.0,210.0,201.0,181.0,142.0,128.0,123.0,129.0,143.0,184.0,202.0,210.0,306.0,323.0,319.0,310.0,293.0,268.0,263.0,269.0,289.0,315.0,323.0,324.0,41.0,138.0,133.0,44.0,47.0,63.0,41.0,36.0,31.0,80.0,134.0,155.0,234.0,132.0,65.0,2829.0,324.0,123.0,201.0,259.0,202.0,259.0,196.0,943.0,155.0,31.0,59.0,369.0,108.0,369.0,140.0,109.0,155.0,139.0,112.0,74.0,54.0,48.0,52.0,68.0,110.0,136.0,151.0,1212.0,282.0,10.0,128.0,4.0,212.0,7154.0,10.0,6.0,12.0,6.0,98.0
perrieri_3075,4326,46.639722,-25.023333,POINT (665447.2146653433 7231467.0431410335),79,0,False,Coffea_perrieri,166.0,213.0,206.0,184.0,151.0,134.0,128.0,132.0,145.0,188.0,205.0,213.0,296.0,318.0,315.0,308.0,292.0,267.0,257.0,263.0,281.0,307.0,316.0,319.0,40.0,119.0,118.0,42.0,57.0,71.0,50.0,43.0,34.0,72.0,114.0,136.0,233.0,122.0,64.0,2784.0,319.0,128.0,191.0,258.0,201.0,258.0,196.0,896.0,136.0,34.0,48.0,322.0,127.0,322.0,164.0,104.0,153.0,140.0,113.0,79.0,56.0,47.0,51.0,66.0,108.0,133.0,149.0,1203.0,324.0,10.0,126.0,3.0,316.0,7346.0,10.0,6.0,7.0,5.0,79.0
perrieri_3076,4326,46.673333,-24.798889,POINT (669145.0586935519 7256284.505210571),79,0,False,Coffea_perrieri,164.0,207.0,200.0,180.0,143.0,128.0,123.0,129.0,143.0,183.0,200.0,208.0,298.0,316.0,312.0,304.0,287.0,263.0,256.0,262.0,282.0,309.0,316.0,318.0,46.0,153.0,152.0,51.0,54.0,69.0,47.0,43.0,35.0,87.0,145.0,172.0,230.0,126.0,64.0,2778.0,318.0,123.0,195.0,255.0,199.0,255.0,193.0,1054.0,172.0,35.0,58.0,404.0,125.0,404.0,159.0,105.0,147.0,133.0,108.0,73.0,53.0,47.0,51.0,67.0,106.0,129.0,144.0,1169.0,196.0,7.0,177.0,11.0,154.0,6728.0,10.0,6.0,12.0,6.0,82.0
perrieri_3077,4326,46.783333,-22.316667,POINT (683686.9111723022 7531036.031000691),79,0,False,Coffea_perrieri,155.0,190.0,183.0,169.0,138.0,118.0,114.0,121.0,133.0,174.0,185.0,190.0,286.0,288.0,283.0,275.0,259.0,236.0,226.0,237.0,258.0,296.0,293.0,290.0,29.0,166.0,149.0,24.0,18.0,22.0,18.0,17.0,19.0,90.0,182.0,238.0,212.0,113.0,62.0,2682.0,296.0,114.0,182.0,238.0,181.0,238.0,175.0,972.0,238.0,17.0,98.0,510.0,54.0,510.0,57.0,97.0,117.0,107.0,91.0,66.0,47.0,41.0,47.0,60.0,98.0,108.0,115.0,999.0,313.0,8.0,682.0,2.0,65.0,7579.0,10.0,22.0,7.0,17.0,0.0
perrieri_3078,4326,47.01973,-16.763061,POINT (715292.3355482183 8145561.28358515),79,0,False,Coffea_perrieri,216.0,231.0,228.0,224.0,204.0,185.0,181.0,188.0,198.0,229.0,229.0,228.0,358.0,330.0,328.0,337.0,338.0,329.0,318.0,329.0,341.0,355.0,342.0,327.0,36.0,378.0,286.0,59.0,5.0,1.0,3.0,3.0,2.0,119.0,267.0,445.0,273.0,124.0,70.0,1313.0,358.0,181.0,177.0,281.0,255.0,285.0,255.0,1604.0,445.0,1.0,122.0,859.0,7.0,831.0,7.0,196.0,177.0,167.0,167.0,140.0,109.0,94.0,108.0,131.0,189.0,180.0,166.0,1829.0,908.0,8.0,42.0,1.0,320.0,7739.0,6.0,18.0,6.0,20.0,0.0
perrieri_3079,4326,47.781762,-14.79531,POINT (799445.7802546229 8362456.057627623),79,0,False,Coffea_perrieri,203.0,222.0,224.0,216.0,198.0,181.0,174.0,176.0,186.0,215.0,220.0,222.0,333.0,307.0,316.0,324.0,320.0,309.0,303.0,310.0,321.0,327.0,318.0,307.0,39.0,361.0,240.0,69.0,4.0,2.0,2.0,3.0,5.0,150.0,278.0,433.0,259.0,113.0,71.0,1177.0,333.0,174.0,159.0,268.0,242.0,268.0,242.0,1586.0,433.0,2.0,118.0,861.0,7.0,670.0,7.0,149.0,142.0,150.0,145.0,121.0,96.0,85.0,91.0,108.0,142.0,143.0,140.0,1518.0,675.0,7.0,185.0,4.0,54.0,7925.0,6.0,16.0,2.0,9.0,43.0
perrieri_3080,4326,47.863889,-21.3825,POINT (796967.0982798996 7632811.5735395495),79,0,False,Coffea_perrieri,173.0,210.0,206.0,192.0,161.0,144.0,140.0,144.0,154.0,193.0,203.0,212.0,273.0,297.0,291.0,283.0,267.0,251.0,237.0,242.0,253.0,288.0,296.0,297.0,69.0,390.0,396.0,148.0,90.0,101.0,103.0,105.0,78.0,172.0,232.0,392.0,225.0,95.0,60.0,2510.0,297.0,140.0,157.0,246.0,195.0,248.0,193.0,2276.0,396.0,69.0,68.0,934.0,286.0,796.0,309.0,95.0,133.0,122.0,104.0,75.0,57.0,49.0,52.0,62.0,102.0,118.0,131.0,1104.0,26.0,1.0,201.0,15.0,48.0,7777.0,10.0,11.0,16.0,3.0,0.0
perrieri_3081,4326,47.867222,-21.376389,POINT (797325.2827298145 7633482.240114497),79,0,False,Coffea_perrieri,176.0,213.0,209.0,196.0,164.0,147.0,143.0,147.0,157.0,196.0,206.0,215.0,275.0,300.0,293.0,285.0,269.0,254.0,240.0,244.0,255.0,289.0,299.0,300.0,70.0,387.0,393.0,142.0,85.0,97.0,102.0,106.0,78.0,173.0,222.0,386.0,228.0,94.0,60.0,2512.0,300.0,143.0,157.0,249.0,202.0,250.0,195.0,2241.0,393.0,70.0,68.0,922.0,284.0,781.0,305.0,97.0,137.0,125.0,107.0,76.0,59.0,50.0,53.0,63.0,103.0,122.0,135.0,1131.0,27.0,1.0,92.0,13.0,173.0,6717.0,10.0,11.0,16.0,3.0,16.0
perrieri_3082,4326,49.76667,-14.28333,POINT (1014644.5765683387 8415647.875472417),79,0,False,Coffea_perrieri,152.0,191.0,191.0,185.0,164.0,146.0,139.0,138.0,141.0,169.0,182.0,191.0,266.0,291.0,287.0,285.0,273.0,261.0,236.0,236.0,248.0,281.0,288.0,291.0,60.0,269.0,247.0,146.0,72.0,74.0,83.0,85.0,52.0,104.0,231.0,290.0,218.0,104.0,68.0,2102.0,291.0,138.0,153.0,238.0,189.0,238.0,189.0,1713.0,290.0,52.0,62.0,662.0,220.0,662.0,220.0,80.0,114.0,109.0,102.0,82.0,67.0,53.0,53.0,59.0,88.0,102.0,112.0,1026.0,38.0,3.0,617.0,25.0,279.0,7545.0,10.0,9.0,16.0,14.0,71.0
pervilleana_3083,4326,44.28417,-17.54361,POINT (424026.1871600385 8060163.433476245),79,0,False,Coffea_pervilleana,209.0,231.0,228.0,221.0,184.0,167.0,166.0,176.0,191.0,222.0,228.0,230.0,319.0,314.0,316.0,320.0,310.0,297.0,293.0,298.0,309.0,323.0,324.0,313.0,25.0,316.0,190.0,37.0,8.0,3.0,3.0,5.0,9.0,72.0,201.0,362.0,257.0,106.0,67.0,1765.0,324.0,166.0,158.0,269.0,232.0,273.0,232.0,1231.0,362.0,3.0,126.0,703.0,11.0,635.0,11.0,144.0,160.0,155.0,147.0,102.0,79.0,74.0,83.0,102.0,144.0,158.0,155.0,1508.0,716.0,8.0,91.0,2.0,65.0,7729.0,9.0,18.0,7.0,8.0,27.0
pervilleana_3084,4326,44.2843,-17.543506,POINT (424039.94182844 8060174.991797281),79,0,False,Coffea_pervilleana,209.0,231.0,228.0,221.0,184.0,167.0,166.0,176.0,191.0,222.0,228.0,230.0,319.0,314.0,316.0,320.0,310.0,297.0,293.0,298.0,309.0,323.0,324.0,313.0,25.0,316.0,190.0,37.0,8.0,3.0,3.0,5.0,9.0,72.0,201.0,362.0,257.0,106.0,67.0,1765.0,324.0,166.0,158.0,269.0,232.0,273.0,232.0,1231.0,362.0,3.0,126.0,703.0,11.0,635.0,11.0,144.0,160.0,155.0,147.0,102.0,79.0,74.0,83.0,102.0,144.0,158.0,155.0,1508.0,716.0,8.0,91.0,2.0,65.0,7729.0,9.0,18.0,7.0,8.0,27.0
pervilleana_3085,4326,44.30139,-18.01528,POINT (426048.19479896803 8007984.497489377),79,0,False,Coffea_pervilleana,212.0,232.0,225.0,223.0,187.0,167.0,168.0,180.0,193.0,223.0,226.0,227.0,315.0,314.0,314.0,317.0,304.0,287.0,284.0,294.0,305.0,321.0,323.0,312.0,25.0,291.0,174.0,41.0,7.0,2.0,4.0,5.0,9.0,79.0,207.0,361.0,256.0,102.0,65.0,1849.0,323.0,167.0,156.0,268.0,230.0,272.0,230.0,1205.0,361.0,2.0,124.0,677.0,11.0,647.0,11.0,144.0,162.0,151.0,146.0,101.0,74.0,70.0,83.0,101.0,143.0,155.0,151.0,1485.0,693.0,8.0,71.0,5.0,143.0,7600.0,9.0,18.0,6.0,8.0,0.0
pervilleana_3086,4326,44.301506,-18.015404,POINT (426060.52627860074 8007970.82406396),79,0,False,Coffea_pervilleana,212.0,232.0,225.0,223.0,187.0,167.0,168.0,180.0,193.0,223.0,226.0,227.0,315.0,314.0,314.0,317.0,304.0,287.0,284.0,294.0,305.0,321.0,323.0,312.0,25.0,291.0,174.0,41.0,7.0,2.0,4.0,5.0,9.0,79.0,207.0,361.0,256.0,102.0,65.0,1849.0,323.0,167.0,156.0,268.0,230.0,272.0,230.0,1205.0,361.0,2.0,124.0,677.0,11.0,647.0,11.0,144.0,162.0,151.0,146.0,101.0,74.0,70.0,83.0,101.0,143.0,155.0,151.0,1485.0,693.0,8.0,71.0,5.0,143.0,7600.0,9.0,18.0,6.0,8.0,0.0
pervilleana_3087,4326,44.315803,-18.033509,POINT (427581.40448936203 8005973.284074227),79,0,False,Coffea_pervilleana,212.0,232.0,225.0,222.0,186.0,166.0,168.0,178.0,193.0,223.0,226.0,227.0,315.0,314.0,314.0,317.0,305.0,287.0,284.0,293.0,305.0,322.0,324.0,313.0,26.0,290.0,175.0,41.0,7.0,2.0,4.0,5.0,9.0,81.0,208.0,361.0,256.0,102.0,65.0,1879.0,324.0,166.0,158.0,268.0,229.0,272.0,229.0,1209.0,361.0,2.0,124.0,677.0,11.0,650.0,11.0,144.0,162.0,151.0,145.0,101.0,73.0,70.0,81.0,101.0,144.0,156.0,152.0,1484.0,687.0,8.0,86.0,3.0,355.0,7783.0,9.0,18.0,6.0,8.0,0.0
pervilleana_3088,4326,44.31583,-18.03361,POINT (427584.3037171829 8005962.119704753),79,0,False,Coffea_pervilleana,212.0,232.0,225.0,222.0,186.0,166.0,168.0,178.0,193.0,223.0,226.0,227.0,315.0,314.0,314.0,317.0,305.0,287.0,284.0,293.0,305.0,322.0,324.0,313.0,26.0,290.0,175.0,41.0,7.0,2.0,4.0,5.0,9.0,81.0,208.0,361.0,256.0,102.0,65.0,1879.0,324.0,166.0,158.0,268.0,229.0,272.0,229.0,1209.0,361.0,2.0,124.0,677.0,11.0,650.0,11.0,144.0,162.0,151.0,145.0,101.0,73.0,70.0,81.0,101.0,144.0,156.0,152.0,1484.0,687.0,8.0,86.0,3.0,355.0,7783.0,9.0,18.0,6.0,8.0,0.0
pervilleana_3089,4326,44.324308,-18.035903,POINT (428482.61458970286 8005711.7127337),79,0,False,Coffea_pervilleana,211.0,231.0,224.0,221.0,185.0,165.0,167.0,178.0,192.0,222.0,225.0,225.0,315.0,313.0,313.0,316.0,304.0,286.0,283.0,293.0,305.0,321.0,323.0,312.0,26.0,291.0,176.0,42.0,7.0,2.0,4.0,6.0,9.0,82.0,210.0,362.0,255.0,103.0,65.0,1866.0,323.0,165.0,158.0,267.0,228.0,271.0,228.0,1217.0,362.0,2.0,123.0,679.0,12.0,654.0,12.0,143.0,160.0,149.0,143.0,100.0,72.0,70.0,81.0,101.0,142.0,154.0,149.0,1469.0,677.0,8.0,98.0,2.0,223.0,7656.0,9.0,18.0,6.0,8.0,0.0
pervilleana_3090,4326,44.433333,-18.941667,POINT (440336.8344187051 7905531.171704822),79,0,False,Coffea_pervilleana,210.0,230.0,222.0,217.0,182.0,160.0,154.0,168.0,188.0,223.0,226.0,227.0,328.0,322.0,321.0,325.0,316.0,298.0,293.0,302.0,316.0,335.0,330.0,321.0,24.0,256.0,140.0,34.0,7.0,2.0,3.0,6.0,8.0,76.0,200.0,318.0,258.0,116.0,64.0,2036.0,335.0,154.0,181.0,273.0,229.0,277.0,229.0,1074.0,318.0,2.0,123.0,598.0,11.0,594.0,11.0,155.0,169.0,155.0,148.0,105.0,74.0,66.0,79.0,104.0,156.0,162.0,160.0,1539.0,747.0,9.0,54.0,1.0,137.0,7583.0,2.0,16.0,6.0,8.0,73.0
pervilleana_3091,4326,44.497196,-18.032096,POINT (446780.9327773554 8006191.189642539),79,0,False,Coffea_pervilleana,203.0,222.0,216.0,212.0,177.0,157.0,157.0,168.0,184.0,214.0,217.0,218.0,318.0,309.0,309.0,313.0,305.0,289.0,284.0,294.0,308.0,322.0,318.0,307.0,36.0,301.0,201.0,51.0,7.0,2.0,4.0,6.0,12.0,102.0,233.0,370.0,250.0,110.0,67.0,1783.0,322.0,157.0,165.0,262.0,224.0,266.0,224.0,1325.0,370.0,2.0,118.0,707.0,12.0,705.0,12.0,139.0,147.0,138.0,133.0,96.0,72.0,67.0,78.0,99.0,136.0,142.0,139.0,1392.0,603.0,8.0,229.0,2.0,10.0,7708.0,6.0,16.0,6.0,8.0,3.0
pervilleana_3092,4326,44.516667,-18.061111,POINT (448850.262265863 8002986.464598102),79,0,False,Coffea_pervilleana,200.0,219.0,214.0,210.0,174.0,154.0,154.0,165.0,181.0,211.0,215.0,216.0,317.0,307.0,308.0,312.0,303.0,286.0,283.0,292.0,307.0,321.0,317.0,306.0,37.0,301.0,202.0,52.0,7.0,2.0,4.0,6.0,12.0,105.0,236.0,369.0,248.0,112.0,67.0,1814.0,321.0,154.0,167.0,264.0,222.0,264.0,222.0,1333.0,369.0,2.0,117.0,710.0,12.0,710.0,12.0,136.0,143.0,136.0,131.0,94.0,69.0,66.0,76.0,97.0,133.0,139.0,136.0,1362.0,580.0,8.0,243.0,4.0,231.0,7572.0,7.0,16.0,5.0,8.0,42.0
pervilleana_3093,4326,44.561388,-18.117777,POINT (453597.9384242575 7996728.756666439),79,0,False,Coffea_pervilleana,200.0,218.0,213.0,209.0,173.0,153.0,153.0,165.0,181.0,211.0,214.0,215.0,319.0,307.0,308.0,312.0,304.0,288.0,284.0,294.0,309.0,322.0,317.0,306.0,39.0,300.0,205.0,54.0,7.0,2.0,4.0,6.0,12.0,109.0,239.0,369.0,248.0,113.0,67.0,1788.0,322.0,153.0,169.0,264.0,222.0,264.0,222.0,1346.0,369.0,2.0,116.0,717.0,12.0,717.0,12.0,138.0,142.0,135.0,130.0,94.0,70.0,66.0,77.0,98.0,134.0,139.0,136.0,1362.0,576.0,8.0,346.0,4.0,25.0,7781.0,7.0,6.0,5.0,8.0,91.0
pervilleana_3094,4326,44.561389,-18.117778,POINT (453598.0444822846 7996728.646278196),79,0,False,Coffea_pervilleana,200.0,218.0,213.0,209.0,173.0,153.0,153.0,165.0,181.0,211.0,214.0,215.0,319.0,307.0,308.0,312.0,304.0,288.0,284.0,294.0,309.0,322.0,317.0,306.0,39.0,300.0,205.0,54.0,7.0,2.0,4.0,6.0,12.0,109.0,239.0,369.0,248.0,113.0,67.0,1788.0,322.0,153.0,169.0,264.0,222.0,264.0,222.0,1346.0,369.0,2.0,116.0,717.0,12.0,717.0,12.0,138.0,142.0,135.0,130.0,94.0,70.0,66.0,77.0,98.0,134.0,139.0,136.0,1362.0,576.0,8.0,346.0,4.0,25.0,7781.0,7.0,6.0,5.0,8.0,91.0
pervilleana_3095,4326,44.56139,-18.11778,POINT (453598.1508037 7996728.425249859),79,0,False,Coffea_pervilleana,200.0,218.0,213.0,209.0,173.0,153.0,153.0,165.0,181.0,211.0,214.0,215.0,319.0,307.0,308.0,312.0,304.0,288.0,284.0,294.0,309.0,322.0,317.0,306.0,39.0,300.0,205.0,54.0,7.0,2.0,4.0,6.0,12.0,109.0,239.0,369.0,248.0,113.0,67.0,1788.0,322.0,153.0,169.0,264.0,222.0,264.0,222.0,1346.0,369.0,2.0,116.0,717.0,12.0,717.0,12.0,138.0,142.0,135.0,130.0,94.0,70.0,66.0,77.0,98.0,134.0,139.0,136.0,1362.0,576.0,8.0,346.0,4.0,25.0,7781.0,7.0,6.0,5.0,8.0,91.0
pervilleana_3096,4326,44.775,-18.683333,POINT (476274.2891389216 7934195.533748148),79,0,False,Coffea_pervilleana,195.0,213.0,207.0,201.0,167.0,145.0,140.0,154.0,176.0,207.0,210.0,211.0,329.0,311.0,312.0,316.0,311.0,293.0,289.0,299.0,316.0,333.0,321.0,311.0,45.0,287.0,192.0,55.0,7.0,2.0,4.0,6.0,13.0,115.0,239.0,345.0,248.0,126.0,65.0,1930.0,333.0,140.0,193.0,265.0,220.0,265.0,220.0,1310.0,345.0,2.0,113.0,699.0,12.0,699.0,12.0,142.0,142.0,134.0,127.0,94.0,68.0,62.0,74.0,99.0,140.0,139.0,137.0,1362.0,562.0,8.0,321.0,6.0,211.0,7576.0,7.0,6.0,6.0,8.0,47.0
pervilleana_3097,4326,45.35,-16.433333,POINT (537365.4732744806 8183098.48396958),79,0,False,Coffea_pervilleana,207.0,229.0,228.0,224.0,190.0,165.0,166.0,174.0,189.0,222.0,230.0,228.0,325.0,310.0,315.0,323.0,322.0,312.0,304.0,309.0,318.0,327.0,324.0,308.0,17.0,340.0,226.0,53.0,8.0,2.0,2.0,5.0,6.0,87.0,189.0,410.0,260.0,112.0,69.0,1504.0,327.0,165.0,162.0,267.0,238.0,273.0,238.0,1345.0,410.0,2.0,128.0,767.0,9.0,686.0,9.0,147.0,153.0,153.0,152.0,116.0,86.0,80.0,88.0,107.0,148.0,160.0,147.0,1542.0,747.0,8.0,131.0,1.0,202.0,7737.0,7.0,22.0,6.0,8.0,2.0
pervilleana_3098,4326,45.920397,-17.077081,POINT (597933.4077761312 8111686.841934608),79,0,False,Coffea_pervilleana,204.0,220.0,218.0,214.0,181.0,158.0,159.0,169.0,185.0,215.0,217.0,218.0,342.0,318.0,322.0,327.0,327.0,316.0,307.0,317.0,330.0,343.0,330.0,316.0,42.0,323.0,269.0,53.0,6.0,2.0,2.0,8.0,11.0,132.0,254.0,461.0,260.0,128.0,69.0,1548.0,343.0,158.0,185.0,273.0,241.0,273.0,237.0,1563.0,461.0,2.0,119.0,847.0,10.0,847.0,12.0,161.0,153.0,151.0,146.0,112.0,84.0,77.0,89.0,113.0,157.0,153.0,145.0,1547.0,688.0,8.0,274.0,3.0,146.0,7699.0,7.0,20.0,5.0,8.0,36.0
pervilleana_3099,4326,45.923007,-17.07882,POINT (598210.23044008 8111493.13068094),79,0,False,Coffea_pervilleana,203.0,221.0,219.0,214.0,182.0,159.0,160.0,170.0,186.0,216.0,217.0,219.0,342.0,319.0,323.0,327.0,328.0,316.0,308.0,318.0,331.0,344.0,330.0,316.0,42.0,324.0,270.0,52.0,6.0,2.0,2.0,8.0,10.0,131.0,255.0,463.0,261.0,128.0,69.0,1530.0,344.0,159.0,185.0,273.0,242.0,273.0,238.0,1565.0,463.0,2.0,120.0,849.0,10.0,849.0,12.0,160.0,155.0,153.0,146.0,114.0,85.0,78.0,90.0,114.0,159.0,153.0,146.0,1558.0,697.0,8.0,249.0,3.0,238.0,7755.0,7.0,20.0,7.0,8.0,44.0
pervilleana_3100,4326,46.70604,-19.373383,POINT (679177.018879099 7856972.6210744865),79,0,False,Coffea_pervilleana,117.0,155.0,153.0,135.0,104.0,85.0,82.0,94.0,100.0,138.0,154.0,158.0,279.0,265.0,264.0,263.0,252.0,237.0,227.0,246.0,264.0,275.0,272.0,265.0,69.0,296.0,305.0,84.0,21.0,8.0,8.0,8.0,18.0,156.0,293.0,345.0,191.0,136.0,69.0,2099.0,279.0,82.0,197.0,210.0,161.0,210.0,161.0,1611.0,345.0,8.0,101.0,794.0,24.0,794.0,24.0,82.0,92.0,88.0,77.0,59.0,46.0,41.0,49.0,58.0,79.0,88.0,91.0,856.0,205.0,6.0,1285.0,2.0,46.0,7917.0,10.0,12.0,6.0,19.0,0.0
pervilleana_3101,4326,46.816667,-16.3,POINT (694102.97550531 8197015.95680036),79,0,False,Coffea_pervilleana,202.0,221.0,221.0,214.0,192.0,170.0,165.0,171.0,184.0,218.0,218.0,220.0,350.0,321.0,321.0,324.0,327.0,321.0,310.0,319.0,334.0,347.0,333.0,321.0,27.0,339.0,259.0,56.0,3.0,1.0,2.0,3.0,4.0,113.0,247.0,440.0,263.0,127.0,69.0,1424.0,350.0,165.0,185.0,272.0,247.0,276.0,242.0,1494.0,440.0,1.0,124.0,806.0,6.0,800.0,6.0,167.0,156.0,152.0,143.0,121.0,95.0,82.0,91.0,115.0,165.0,156.0,151.0,1600.0,773.0,8.0,115.0,5.0,357.0,7936.0,6.0,18.0,5.0,20.0,100.0
pervilleana_3102,4326,47.866667,-21.383333,POINT (797253.6520891015 7632714.03380194),79,0,False,Coffea_pervilleana,178.0,215.0,210.0,197.0,166.0,148.0,145.0,149.0,159.0,197.0,208.0,217.0,276.0,300.0,294.0,286.0,270.0,255.0,241.0,246.0,257.0,290.0,300.0,301.0,71.0,386.0,392.0,140.0,84.0,95.0,101.0,106.0,77.0,172.0,218.0,382.0,229.0,93.0,60.0,2493.0,301.0,145.0,156.0,250.0,204.0,252.0,197.0,2224.0,392.0,71.0,68.0,918.0,280.0,772.0,302.0,98.0,138.0,126.0,107.0,77.0,59.0,51.0,54.0,64.0,104.0,124.0,137.0,1145.0,27.0,1.0,78.0,6.0,11.0,7706.0,10.0,11.0,16.0,3.0,0.0
pervilleana_3103,4326,47.8675,-21.376389,POINT (797354.1285826379 7633481.713490407),79,0,False,Coffea_pervilleana,176.0,213.0,209.0,196.0,164.0,147.0,143.0,147.0,157.0,196.0,206.0,215.0,275.0,300.0,293.0,285.0,269.0,254.0,240.0,244.0,255.0,289.0,299.0,300.0,70.0,387.0,393.0,142.0,85.0,97.0,102.0,106.0,78.0,173.0,222.0,386.0,228.0,94.0,60.0,2512.0,300.0,143.0,157.0,249.0,202.0,250.0,195.0,2241.0,393.0,70.0,68.0,922.0,284.0,781.0,305.0,97.0,137.0,125.0,107.0,76.0,59.0,50.0,53.0,63.0,103.0,122.0,135.0,1131.0,27.0,1.0,92.0,13.0,173.0,6717.0,10.0,11.0,16.0,3.0,16.0
pervilleana_3104,4326,48.25,-13.33333,POINT (852128.0575230313 8523697.136921985),79,0,False,Coffea_pervilleana,215.0,233.0,234.0,228.0,214.0,202.0,193.0,193.0,203.0,227.0,228.0,233.0,299.0,302.0,307.0,304.0,294.0,283.0,277.0,277.0,292.0,309.0,307.0,302.0,66.0,420.0,282.0,131.0,49.0,35.0,26.0,30.0,38.0,163.0,324.0,452.0,256.0,79.0,68.0,1344.0,309.0,193.0,116.0,267.0,237.0,268.0,237.0,2016.0,452.0,26.0,94.0,939.0,91.0,833.0,91.0,129.0,147.0,150.0,138.0,114.0,94.0,83.0,83.0,101.0,137.0,141.0,145.0,1467.0,369.0,7.0,217.0,8.0,104.0,7819.0,7.0,13.0,7.0,24.0,2.0
pervilleana_3105,4326,48.3,-13.41666,POINT (857427.6638231493 8514396.399066638),79,78,False,Coffea_pervilleana,,,,,,,,,,,,,,,,,,,,,,,,,,,,,,,,,,,,,,,,,,,,,,,,,,,,,,,,,,,,,,,,,,,,,,,,,,,,,25.0,,
pervilleana_3106,4326,48.313333,-13.423611,POINT (858862.8799262763 8513607.153614525),79,8,False,Coffea_pervilleana,217.0,235.0,236.0,230.0,215.0,202.0,193.0,194.0,205.0,229.0,231.0,235.0,303.0,305.0,310.0,307.0,298.0,287.0,281.0,281.0,296.0,312.0,311.0,304.0,70.0,433.0,285.0,136.0,51.0,36.0,27.0,32.0,41.0,171.0,335.0,469.0,259.0,81.0,68.0,1358.0,312.0,193.0,119.0,270.0,239.0,270.0,239.0,2086.0,469.0,27.0,94.0,975.0,95.0,854.0,95.0,133.0,152.0,155.0,142.0,117.0,96.0,84.0,85.0,104.0,141.0,147.0,149.0,1512.0,372.0,7.0,,,,,,,25.0,,
pervilleana_3107,4326,48.31388,-13.42111,POINT (858925.9073838781 8513883.35780484),79,8,False,Coffea_pervilleana,217.0,235.0,236.0,230.0,215.0,202.0,193.0,194.0,205.0,229.0,231.0,235.0,303.0,305.0,310.0,307.0,298.0,287.0,281.0,281.0,296.0,312.0,311.0,304.0,70.0,433.0,285.0,136.0,51.0,36.0,27.0,32.0,41.0,171.0,335.0,469.0,259.0,81.0,68.0,1358.0,312.0,193.0,119.0,270.0,239.0,270.0,239.0,2086.0,469.0,27.0,94.0,975.0,95.0,854.0,95.0,133.0,152.0,155.0,142.0,117.0,96.0,84.0,85.0,104.0,141.0,147.0,149.0,1512.0,372.0,7.0,,,,,,,25.0,,
pervilleana_3108,4326,48.31389,-13.42111,POINT (858926.9915683912 8513883.343233537),79,8,False,Coffea_pervilleana,217.0,235.0,236.0,230.0,215.0,202.0,193.0,194.0,205.0,229.0,231.0,235.0,303.0,305.0,310.0,307.0,298.0,287.0,281.0,281.0,296.0,312.0,311.0,304.0,70.0,433.0,285.0,136.0,51.0,36.0,27.0,32.0,41.0,171.0,335.0,469.0,259.0,81.0,68.0,1358.0,312.0,193.0,119.0,270.0,239.0,270.0,239.0,2086.0,469.0,27.0,94.0,975.0,95.0,854.0,95.0,133.0,152.0,155.0,142.0,117.0,96.0,84.0,85.0,104.0,141.0,147.0,149.0,1512.0,372.0,7.0,,,,,,,25.0,,
pervilleana_3109,4326,48.32222,-13.40833,POINT (859849.1835322996 8515286.664657084),79,1,False,Coffea_pervilleana,202.0,222.0,224.0,217.0,202.0,188.0,178.0,181.0,190.0,214.0,218.0,222.0,297.0,297.0,302.0,300.0,291.0,281.0,273.0,274.0,289.0,305.0,303.0,297.0,59.0,413.0,283.0,124.0,43.0,29.0,22.0,26.0,32.0,157.0,322.0,450.0,248.0,87.0,68.0,1371.0,305.0,178.0,127.0,259.0,229.0,260.0,229.0,1960.0,450.0,22.0,97.0,929.0,77.0,820.0,77.0,119.0,134.0,137.0,126.0,105.0,87.0,75.0,77.0,93.0,124.0,130.0,132.0,1343.0,349.0,7.0,378.0,10.0,358.0,7975.0,10.0,6.0,5.0,,93.0
pervilleana_3110,4326,48.333333,-13.416667,POINT (861041.6417217404 8514347.027169812),79,7,False,Coffea_pervilleana,212.0,231.0,232.0,226.0,210.0,198.0,188.0,190.0,200.0,224.0,226.0,231.0,302.0,303.0,307.0,305.0,295.0,286.0,278.0,280.0,294.0,310.0,308.0,303.0,66.0,428.0,285.0,132.0,48.0,34.0,25.0,30.0,38.0,166.0,330.0,464.0,255.0,83.0,68.0,1353.0,310.0,188.0,122.0,267.0,236.0,267.0,236.0,2046.0,464.0,25.0,95.0,960.0,89.0,845.0,89.0,129.0,146.0,148.0,137.0,112.0,94.0,81.0,83.0,100.0,135.0,140.0,144.0,1455.0,365.0,7.0,,,,,10.0,,25.0,,
pervilleana_3111,4326,48.666667,-13.587777,POINT (896904.5278259984 8494876.075315997),79,0,False,Coffea_pervilleana,210.0,232.0,234.0,227.0,208.0,189.0,178.0,186.0,194.0,223.0,228.0,229.0,319.0,311.0,315.0,317.0,311.0,304.0,295.0,298.0,307.0,323.0,320.0,310.0,55.0,440.0,285.0,131.0,42.0,30.0,22.0,27.0,30.0,151.0,316.0,474.0,261.0,99.0,68.0,1379.0,323.0,178.0,145.0,268.0,241.0,272.0,241.0,2003.0,474.0,22.0,100.0,969.0,79.0,856.0,79.0,141.0,155.0,158.0,149.0,122.0,98.0,83.0,90.0,104.0,146.0,153.0,148.0,1552.0,452.0,7.0,19.0,3.0,351.0,7932.0,6.0,19.0,7.0,11.0,13.0
pervilleana_3112,4326,49.16667,-12.53333,POINT (953032.947391506 8610891.275012875),79,0,False,Coffea_pervilleana,140.0,167.0,167.0,163.0,149.0,131.0,128.0,128.0,130.0,154.0,162.0,168.0,249.0,259.0,257.0,254.0,247.0,236.0,222.0,223.0,235.0,258.0,258.0,256.0,26.0,271.0,229.0,100.0,29.0,24.0,31.0,24.0,16.0,74.0,226.0,306.0,197.0,97.0,74.0,1486.0,259.0,128.0,131.0,209.0,177.0,211.0,177.0,1356.0,306.0,16.0,97.0,606.0,71.0,600.0,71.0,74.0,90.0,87.0,82.0,71.0,59.0,52.0,53.0,58.0,78.0,83.0,87.0,881.0,225.0,7.0,1167.0,3.0,344.0,8265.0,9.0,8.0,7.0,12.0,93.0
pervilleana_3113,4326,49.36583,-12.37888,POINT (975006.5888685924 8627664.81945074),79,0,False,Coffea_pervilleana,201.0,222.0,222.0,219.0,209.0,193.0,186.0,186.0,191.0,213.0,220.0,222.0,290.0,304.0,301.0,300.0,297.0,285.0,274.0,275.0,280.0,300.0,307.0,299.0,18.0,281.0,187.0,75.0,17.0,21.0,26.0,22.0,13.0,52.0,183.0,316.0,249.0,85.0,70.0,1302.0,307.0,186.0,121.0,256.0,232.0,261.0,232.0,1211.0,316.0,13.0,109.0,615.0,61.0,543.0,61.0,112.0,139.0,134.0,128.0,114.0,92.0,80.0,80.0,88.0,119.0,134.0,133.0,1359.0,572.0,8.0,277.0,11.0,175.0,7910.0,6.0,20.0,7.0,1.0,33.0
resinosa_3306,4326,47.0,-23.0,POINT (704992.1724866081 7455081.895663038),79,0,False,Coffea_resinosa,156.0,192.0,185.0,169.0,136.0,116.0,115.0,123.0,134.0,173.0,187.0,193.0,280.0,290.0,283.0,274.0,258.0,236.0,226.0,237.0,253.0,290.0,291.0,291.0,50.0,281.0,256.0,73.0,43.0,51.0,42.0,44.0,32.0,125.0,254.0,306.0,212.0,110.0,62.0,2708.0,291.0,115.0,176.0,237.0,181.0,237.0,175.0,1557.0,306.0,32.0,84.0,685.0,118.0,685.0,137.0,95.0,120.0,108.0,90.0,65.0,47.0,42.0,47.0,58.0,95.0,108.0,118.0,998.0,116.0,6.0,544.0,5.0,201.0,7607.0,10.0,10.0,7.0,17.0,0.0
resinosa_3307,4326,47.683333,-23.183333,POINT (774689.0495582593 7433651.614332899),79,0,False,Coffea_resinosa,185.0,224.0,216.0,199.0,176.0,155.0,151.0,151.0,166.0,201.0,215.0,221.0,278.0,306.0,299.0,286.0,277.0,256.0,244.0,250.0,259.0,289.0,297.0,303.0,108.0,350.0,286.0,168.0,171.0,145.0,142.0,126.0,83.0,161.0,280.0,338.0,233.0,90.0,58.0,2479.0,306.0,151.0,155.0,255.0,203.0,255.0,201.0,2358.0,350.0,83.0,46.0,804.0,351.0,804.0,413.0,103.0,151.0,134.0,108.0,84.0,60.0,52.0,54.0,66.0,105.0,126.0,142.0,1191.0,0.0,0.0,12.0,2.0,276.0,7297.0,9.0,19.0,16.0,4.0,0.0
resinosa_3308,4326,47.699444,-23.175556,POINT (776355.1456912265 7434482.672752829),79,0,False,Coffea_resinosa,186.0,224.0,217.0,200.0,176.0,156.0,152.0,151.0,167.0,201.0,215.0,221.0,278.0,306.0,299.0,286.0,277.0,256.0,244.0,250.0,259.0,288.0,296.0,302.0,109.0,349.0,289.0,172.0,174.0,148.0,145.0,128.0,84.0,160.0,278.0,337.0,233.0,89.0,57.0,2458.0,306.0,151.0,155.0,255.0,203.0,255.0,201.0,2373.0,349.0,84.0,45.0,810.0,357.0,810.0,421.0,104.0,151.0,135.0,109.0,84.0,61.0,52.0,54.0,66.0,104.0,125.0,141.0,1192.0,0.0,0.0,12.0,0.0,174.0,7360.0,9.0,12.0,15.0,4.0,7.0
resinosa_3309,4326,47.70027,-23.17666,POINT (776437.4805357857 7434358.793032329),79,0,False,Coffea_resinosa,186.0,224.0,217.0,200.0,176.0,156.0,152.0,151.0,167.0,201.0,215.0,221.0,278.0,306.0,299.0,286.0,277.0,256.0,244.0,250.0,259.0,288.0,296.0,302.0,109.0,349.0,289.0,172.0,174.0,148.0,145.0,128.0,84.0,160.0,278.0,337.0,233.0,89.0,57.0,2458.0,306.0,151.0,155.0,255.0,203.0,255.0,201.0,2373.0,349.0,84.0,45.0,810.0,357.0,810.0,421.0,104.0,151.0,135.0,109.0,84.0,61.0,52.0,54.0,66.0,104.0,125.0,141.0,1192.0,0.0,0.0,12.0,0.0,174.0,7360.0,9.0,12.0,15.0,4.0,7.0
resinosa_3310,4326,47.700278,-23.178611,POINT (776434.2876125993 7434142.631072203),79,0,False,Coffea_resinosa,186.0,224.0,217.0,200.0,176.0,156.0,152.0,151.0,167.0,201.0,215.0,221.0,278.0,306.0,299.0,286.0,277.0,256.0,244.0,250.0,259.0,288.0,296.0,302.0,109.0,349.0,289.0,172.0,174.0,148.0,145.0,128.0,84.0,160.0,278.0,337.0,233.0,89.0,57.0,2458.0,306.0,151.0,155.0,255.0,203.0,255.0,201.0,2373.0,349.0,84.0,45.0,810.0,357.0,810.0,421.0,104.0,151.0,135.0,109.0,84.0,61.0,52.0,54.0,66.0,104.0,125.0,141.0,1192.0,0.0,0.0,12.0,0.0,174.0,7360.0,9.0,12.0,15.0,4.0,7.0
resinosa_3311,4326,47.70111,-23.17222,POINT (776532.6517142393 7434849.093065027),79,0,False,Coffea_resinosa,186.0,224.0,217.0,200.0,176.0,156.0,152.0,151.0,167.0,201.0,215.0,221.0,278.0,306.0,299.0,286.0,277.0,256.0,244.0,250.0,259.0,288.0,296.0,302.0,109.0,349.0,289.0,172.0,174.0,148.0,145.0,128.0,84.0,160.0,278.0,337.0,233.0,89.0,57.0,2458.0,306.0,151.0,155.0,255.0,203.0,255.0,201.0,2373.0,349.0,84.0,45.0,810.0,357.0,810.0,421.0,104.0,151.0,135.0,109.0,84.0,61.0,52.0,54.0,66.0,104.0,125.0,141.0,1192.0,0.0,0.0,12.0,0.0,174.0,7360.0,9.0,12.0,15.0,4.0,7.0
resinosa_3312,4326,47.701944,-23.175278,POINT (776611.7866381853 7434508.718005167),79,0,False,Coffea_resinosa,186.0,224.0,217.0,200.0,176.0,156.0,152.0,151.0,167.0,201.0,215.0,221.0,278.0,306.0,299.0,286.0,277.0,256.0,244.0,250.0,259.0,288.0,296.0,302.0,109.0,349.0,289.0,172.0,174.0,148.0,145.0,128.0,84.0,160.0,278.0,337.0,233.0,89.0,57.0,2458.0,306.0,151.0,155.0,255.0,203.0,255.0,201.0,2373.0,349.0,84.0,45.0,810.0,357.0,810.0,421.0,104.0,151.0,135.0,109.0,84.0,61.0,52.0,54.0,66.0,104.0,125.0,141.0,1192.0,0.0,0.0,12.0,0.0,174.0,7360.0,9.0,12.0,15.0,4.0,7.0
resinosa_3313,4326,47.70638,-23.17222,POINT (777072.459374704 7434839.061933706),79,0,False,Coffea_resinosa,186.0,224.0,216.0,200.0,177.0,156.0,152.0,151.0,167.0,201.0,216.0,222.0,278.0,306.0,299.0,286.0,277.0,255.0,244.0,250.0,259.0,287.0,296.0,302.0,110.0,348.0,289.0,174.0,176.0,148.0,146.0,128.0,84.0,160.0,277.0,337.0,233.0,89.0,57.0,2465.0,306.0,151.0,155.0,255.0,203.0,255.0,201.0,2377.0,348.0,84.0,45.0,811.0,358.0,811.0,422.0,104.0,151.0,134.0,109.0,85.0,60.0,52.0,54.0,66.0,104.0,126.0,142.0,1192.0,0.0,0.0,13.0,0.0,308.0,7382.0,9.0,21.0,15.0,4.0,12.0
resinosa_3314,4326,47.70666,-23.1775,POINT (777090.2567903516 7434253.567531984),79,0,False,Coffea_resinosa,186.0,224.0,216.0,200.0,177.0,156.0,152.0,151.0,167.0,201.0,216.0,222.0,278.0,306.0,299.0,286.0,277.0,255.0,244.0,250.0,259.0,287.0,296.0,302.0,110.0,348.0,289.0,174.0,176.0,148.0,146.0,128.0,84.0,160.0,277.0,337.0,233.0,89.0,57.0,2465.0,306.0,151.0,155.0,255.0,203.0,255.0,201.0,2377.0,348.0,84.0,45.0,811.0,358.0,811.0,422.0,104.0,151.0,134.0,109.0,85.0,60.0,52.0,54.0,66.0,104.0,126.0,142.0,1192.0,0.0,0.0,13.0,0.0,308.0,7382.0,9.0,21.0,15.0,4.0,12.0
resinosa_3315,4326,47.724167,-23.170278,POINT (778898.4273240004 7435020.213109655),79,0,False,Coffea_resinosa,186.0,225.0,216.0,200.0,177.0,156.0,152.0,152.0,167.0,201.0,216.0,222.0,277.0,305.0,299.0,285.0,276.0,255.0,244.0,250.0,258.0,287.0,296.0,302.0,110.0,346.0,292.0,177.0,177.0,149.0,147.0,128.0,84.0,159.0,275.0,337.0,233.0,88.0,57.0,2462.0,305.0,152.0,153.0,255.0,203.0,255.0,201.0,2381.0,346.0,84.0,45.0,815.0,359.0,815.0,424.0,103.0,151.0,134.0,108.0,84.0,60.0,52.0,54.0,66.0,104.0,126.0,142.0,1191.0,0.0,0.0,46.0,8.0,263.0,7236.0,9.0,21.0,16.0,4.0,0.0
resinosa_3316,4326,47.727056,-23.013667,POINT (779518.5001933372 7452365.359357076),79,0,False,Coffea_resinosa,185.0,225.0,216.0,200.0,177.0,157.0,153.0,151.0,167.0,200.0,216.0,222.0,275.0,304.0,298.0,284.0,274.0,253.0,243.0,248.0,257.0,284.0,293.0,300.0,110.0,334.0,328.0,187.0,173.0,146.0,143.0,122.0,81.0,153.0,261.0,340.0,232.0,87.0,56.0,2451.0,304.0,151.0,153.0,254.0,203.0,254.0,200.0,2378.0,340.0,81.0,46.0,849.0,346.0,849.0,411.0,102.0,150.0,134.0,108.0,83.0,60.0,53.0,54.0,66.0,101.0,124.0,140.0,1180.0,0.0,0.0,45.0,7.0,123.0,7141.0,10.0,7.0,14.0,4.0,90.0
resinosa_3317,4326,47.733333,-23.166667,POINT (779844.8451066222 7435402.666992562),79,0,False,Coffea_resinosa,185.0,224.0,216.0,199.0,177.0,156.0,152.0,151.0,166.0,201.0,215.0,222.0,276.0,305.0,298.0,284.0,277.0,254.0,243.0,249.0,257.0,287.0,295.0,302.0,111.0,346.0,292.0,179.0,178.0,150.0,147.0,129.0,85.0,159.0,275.0,337.0,232.0,88.0,57.0,2472.0,305.0,151.0,154.0,254.0,203.0,254.0,200.0,2388.0,346.0,85.0,44.0,817.0,361.0,817.0,426.0,102.0,150.0,134.0,107.0,85.0,60.0,52.0,54.0,65.0,104.0,125.0,142.0,1185.0,0.0,0.0,13.0,3.0,324.0,7458.0,9.0,21.0,4.0,4.0,51.0
resinosa_3318,4326,47.753611,-23.089722,POINT (782083.1109208111 7443888.286225902),79,1,False,Coffea_resinosa,186.0,226.0,217.0,201.0,179.0,159.0,154.0,152.0,168.0,202.0,217.0,224.0,275.0,305.0,298.0,285.0,276.0,255.0,244.0,249.0,258.0,285.0,295.0,302.0,113.0,338.0,309.0,189.0,183.0,151.0,149.0,128.0,84.0,156.0,265.0,336.0,233.0,86.0,56.0,2451.0,305.0,152.0,153.0,255.0,204.0,255.0,202.0,2401.0,338.0,84.0,44.0,836.0,361.0,836.0,428.0,102.0,152.0,134.0,108.0,85.0,62.0,53.0,54.0,66.0,103.0,126.0,143.0,1194.0,0.0,0.0,4.0,1.0,296.0,7386.0,2.0,,16.0,4.0,46.0
resinosa_3319,4326,47.755,-23.09,POINT (782224.8968948638 7443854.800482531),79,1,False,Coffea_resinosa,186.0,226.0,217.0,201.0,179.0,159.0,154.0,152.0,168.0,202.0,217.0,224.0,275.0,305.0,298.0,285.0,276.0,255.0,244.0,249.0,258.0,285.0,295.0,302.0,113.0,338.0,309.0,189.0,183.0,151.0,149.0,128.0,84.0,156.0,265.0,336.0,233.0,86.0,56.0,2451.0,305.0,152.0,153.0,255.0,204.0,255.0,202.0,2401.0,338.0,84.0,44.0,836.0,361.0,836.0,428.0,102.0,152.0,134.0,108.0,85.0,62.0,53.0,54.0,66.0,103.0,126.0,143.0,1194.0,0.0,0.0,4.0,1.0,296.0,7386.0,2.0,,16.0,4.0,46.0
resinosa_3320,4326,47.757778,-23.083889,POINT (782522.4195798635 7444526.464216628),79,1,False,Coffea_resinosa,186.0,226.0,217.0,201.0,179.0,159.0,154.0,152.0,168.0,202.0,217.0,223.0,275.0,305.0,298.0,285.0,276.0,255.0,244.0,249.0,257.0,285.0,294.0,302.0,113.0,337.0,311.0,190.0,183.0,151.0,149.0,128.0,84.0,155.0,265.0,336.0,233.0,86.0,56.0,2446.0,305.0,152.0,153.0,255.0,204.0,255.0,202.0,2402.0,337.0,84.0,44.0,838.0,361.0,838.0,428.0,102.0,152.0,134.0,109.0,85.0,62.0,53.0,54.0,66.0,103.0,125.0,143.0,1193.0,0.0,0.0,10.0,1.0,231.0,7330.0,9.0,,15.0,4.0,42.0
resinosa_3321,4326,47.76444,-23.08277,POINT (783207.6286408062 7444637.52665315),79,6,False,Coffea_resinosa,186.0,226.0,218.0,201.0,179.0,159.0,154.0,153.0,168.0,202.0,217.0,224.0,275.0,305.0,299.0,284.0,276.0,255.0,244.0,249.0,257.0,285.0,294.0,302.0,113.0,336.0,311.0,192.0,185.0,152.0,150.0,128.0,84.0,155.0,264.0,336.0,233.0,86.0,56.0,2452.0,305.0,153.0,152.0,255.0,204.0,255.0,202.0,2406.0,336.0,84.0,44.0,839.0,362.0,839.0,430.0,102.0,152.0,136.0,108.0,85.0,62.0,53.0,54.0,66.0,103.0,125.0,143.0,1194.0,0.0,0.0,,,,,2.0,,16.0,,5.0
resinosa_3322,4326,47.764444,-23.082778,POINT (783208.0218699167 7444636.632565059),79,6,False,Coffea_resinosa,186.0,226.0,218.0,201.0,179.0,159.0,154.0,153.0,168.0,202.0,217.0,224.0,275.0,305.0,299.0,284.0,276.0,255.0,244.0,249.0,257.0,285.0,294.0,302.0,113.0,336.0,311.0,192.0,185.0,152.0,150.0,128.0,84.0,155.0,264.0,336.0,233.0,86.0,56.0,2452.0,305.0,153.0,152.0,255.0,204.0,255.0,202.0,2406.0,336.0,84.0,44.0,839.0,362.0,839.0,430.0,102.0,152.0,136.0,108.0,85.0,62.0,53.0,54.0,66.0,103.0,125.0,143.0,1194.0,0.0,0.0,,,,,2.0,,16.0,,5.0
resinosa_3323,4326,47.77,-23.04,POINT (783867.3495643341 7449365.253219774),79,0,False,Coffea_resinosa,186.0,227.0,218.0,201.0,180.0,159.0,155.0,153.0,168.0,203.0,218.0,224.0,275.0,305.0,299.0,284.0,276.0,254.0,244.0,249.0,257.0,285.0,294.0,301.0,113.0,332.0,320.0,194.0,184.0,151.0,149.0,126.0,83.0,153.0,259.0,336.0,233.0,85.0,56.0,2456.0,305.0,153.0,152.0,255.0,204.0,255.0,202.0,2400.0,336.0,83.0,44.0,846.0,358.0,846.0,426.0,102.0,152.0,136.0,108.0,86.0,61.0,53.0,54.0,66.0,104.0,126.0,142.0,1196.0,0.0,0.0,2.0,1.0,213.0,7336.0,9.0,21.0,7.0,4.0,1.0
resinosa_3324,4326,47.771282,-23.045858,POINT (783986.5024528251 7448713.751088722),79,0,False,Coffea_resinosa,186.0,227.0,218.0,201.0,180.0,159.0,155.0,153.0,168.0,203.0,218.0,224.0,275.0,305.0,299.0,284.0,276.0,254.0,244.0,249.0,257.0,285.0,294.0,301.0,113.0,333.0,318.0,194.0,184.0,151.0,149.0,127.0,83.0,153.0,260.0,336.0,233.0,85.0,56.0,2456.0,305.0,153.0,152.0,255.0,204.0,255.0,202.0,2401.0,336.0,83.0,44.0,845.0,359.0,845.0,427.0,102.0,152.0,136.0,108.0,86.0,61.0,53.0,54.0,66.0,104.0,126.0,142.0,1196.0,0.0,0.0,4.0,2.0,275.0,7405.0,9.0,21.0,16.0,4.0,40.0
resinosa_3325,4326,47.77305,-23.04138,POINT (784177.1830345219 7449206.436604118),79,1,False,Coffea_resinosa,187.0,227.0,219.0,201.0,180.0,160.0,155.0,153.0,169.0,202.0,218.0,224.0,275.0,305.0,299.0,284.0,276.0,254.0,244.0,249.0,257.0,284.0,294.0,301.0,115.0,331.0,320.0,196.0,186.0,152.0,151.0,127.0,84.0,153.0,258.0,335.0,234.0,85.0,56.0,2448.0,305.0,153.0,152.0,255.0,204.0,255.0,202.0,2408.0,335.0,84.0,43.0,847.0,362.0,847.0,430.0,103.0,152.0,137.0,108.0,86.0,62.0,53.0,54.0,66.0,102.0,126.0,142.0,1197.0,0.0,0.0,7.0,1.0,188.0,7355.0,2.0,,6.0,4.0,4.0
resinosa_3326,4326,47.773055,-23.042499,POINT (784175.3453126305 7449082.451882856),79,1,False,Coffea_resinosa,187.0,227.0,219.0,201.0,180.0,160.0,155.0,153.0,169.0,202.0,218.0,224.0,275.0,305.0,299.0,284.0,276.0,254.0,244.0,249.0,257.0,284.0,294.0,301.0,115.0,331.0,320.0,196.0,186.0,152.0,151.0,127.0,84.0,153.0,258.0,335.0,234.0,85.0,56.0,2448.0,305.0,153.0,152.0,255.0,204.0,255.0,202.0,2408.0,335.0,84.0,43.0,847.0,362.0,847.0,430.0,103.0,152.0,137.0,108.0,86.0,62.0,53.0,54.0,66.0,102.0,126.0,142.0,1197.0,0.0,0.0,7.0,1.0,188.0,7355.0,2.0,,6.0,4.0,4.0
resinosa_3327,4326,47.773056,-23.041389,POINT (784177.7793355898 7449205.427823051),79,1,False,Coffea_resinosa,187.0,227.0,219.0,201.0,180.0,160.0,155.0,153.0,169.0,202.0,218.0,224.0,275.0,305.0,299.0,284.0,276.0,254.0,244.0,249.0,257.0,284.0,294.0,301.0,115.0,331.0,320.0,196.0,186.0,152.0,151.0,127.0,84.0,153.0,258.0,335.0,234.0,85.0,56.0,2448.0,305.0,153.0,152.0,255.0,204.0,255.0,202.0,2408.0,335.0,84.0,43.0,847.0,362.0,847.0,430.0,103.0,152.0,137.0,108.0,86.0,62.0,53.0,54.0,66.0,102.0,126.0,142.0,1197.0,0.0,0.0,7.0,1.0,188.0,7355.0,2.0,,6.0,4.0,4.0
resinosa_3328,4326,47.8675,-21.375833,POINT (797355.2531098193 7633543.307278467),79,0,False,Coffea_resinosa,176.0,213.0,209.0,196.0,164.0,147.0,143.0,147.0,157.0,196.0,206.0,215.0,275.0,300.0,293.0,285.0,269.0,254.0,240.0,244.0,255.0,289.0,299.0,300.0,70.0,387.0,393.0,142.0,85.0,97.0,102.0,106.0,78.0,173.0,222.0,386.0,228.0,94.0,60.0,2512.0,300.0,143.0,157.0,249.0,202.0,250.0,195.0,2241.0,393.0,70.0,68.0,922.0,284.0,781.0,305.0,97.0,137.0,125.0,107.0,76.0,59.0,50.0,53.0,63.0,103.0,122.0,135.0,1131.0,27.0,1.0,92.0,13.0,173.0,6717.0,10.0,11.0,16.0,3.0,16.0
resinosa_3329,4326,48.343055,-18.791944,POINT (852450.7416638725 7918878.308459453),79,0,False,Coffea_resinosa,124.0,169.0,163.0,150.0,124.0,106.0,100.0,101.0,107.0,146.0,159.0,169.0,251.0,272.0,268.0,258.0,247.0,226.0,193.0,202.0,220.0,270.0,273.0,272.0,47.0,301.0,242.0,85.0,53.0,63.0,64.0,57.0,41.0,129.0,256.0,314.0,190.0,111.0,64.0,2760.0,273.0,100.0,173.0,214.0,153.0,214.0,153.0,1652.0,314.0,41.0,77.0,699.0,162.0,699.0,162.0,73.0,101.0,94.0,81.0,64.0,49.0,37.0,39.0,47.0,80.0,91.0,99.0,861.0,44.0,3.0,1016.0,8.0,0.0,7730.0,10.0,7.0,14.0,2.0,96.0
resinosa_3330,4326,48.43388,-20.95027,POINT (857157.3842089139 7679526.09288253),79,0,False,Coffea_resinosa,184.0,223.0,220.0,208.0,183.0,165.0,160.0,158.0,168.0,202.0,214.0,225.0,267.0,298.0,292.0,284.0,268.0,251.0,243.0,245.0,254.0,286.0,295.0,298.0,83.0,369.0,384.0,235.0,201.0,188.0,154.0,142.0,99.0,151.0,229.0,349.0,232.0,80.0,57.0,2346.0,298.0,158.0,140.0,254.0,218.0,254.0,203.0,2584.0,384.0,83.0,47.0,988.0,392.0,988.0,484.0,95.0,142.0,131.0,112.0,84.0,63.0,56.0,56.0,66.0,104.0,124.0,140.0,1178.0,12.0,1.0,2.0,0.0,137.0,7490.0,2.0,21.0,16.0,3.0,14.0
resinosa_3331,4326,48.482222,-20.801944,POINT (862546.49456094 7695855.550765952),79,1,False,Coffea_resinosa,186.0,224.0,220.0,208.0,185.0,166.0,162.0,159.0,169.0,203.0,215.0,225.0,268.0,298.0,292.0,283.0,269.0,249.0,243.0,245.0,254.0,285.0,295.0,296.0,79.0,369.0,398.0,244.0,207.0,200.0,157.0,144.0,101.0,148.0,232.0,361.0,233.0,79.0,57.0,2316.0,298.0,159.0,139.0,254.0,219.0,254.0,204.0,2640.0,398.0,79.0,48.0,1011.0,393.0,1011.0,501.0,97.0,143.0,131.0,112.0,85.0,63.0,57.0,56.0,66.0,104.0,124.0,138.0,1181.0,18.0,1.0,4.0,1.0,241.0,7521.0,,21.0,16.0,3.0,73.0
resinosa_3332,4326,48.48527,-20.76222,POINT (862959.2639645257 7700251.067593895),79,0,False,Coffea_resinosa,186.0,224.0,220.0,209.0,185.0,166.0,163.0,160.0,170.0,203.0,216.0,226.0,268.0,297.0,291.0,285.0,269.0,249.0,244.0,245.0,255.0,285.0,295.0,297.0,78.0,369.0,402.0,246.0,207.0,202.0,157.0,144.0,101.0,146.0,232.0,364.0,233.0,79.0,57.0,2303.0,297.0,160.0,137.0,254.0,219.0,254.0,204.0,2648.0,402.0,78.0,48.0,1017.0,391.0,1017.0,503.0,97.0,142.0,130.0,113.0,85.0,63.0,57.0,56.0,67.0,104.0,125.0,140.0,1185.0,19.0,1.0,8.0,1.0,275.0,7513.0,2.0,21.0,15.0,3.0,55.0
resinosa_3333,4326,48.4875,-20.73944,POINT (863246.2277114298 7702770.623389309),79,0,False,Coffea_resinosa,186.0,225.0,220.0,208.0,185.0,167.0,164.0,159.0,169.0,203.0,215.0,225.0,268.0,297.0,291.0,283.0,269.0,249.0,244.0,244.0,254.0,285.0,295.0,296.0,77.0,369.0,404.0,247.0,208.0,203.0,158.0,145.0,101.0,146.0,233.0,365.0,233.0,79.0,57.0,2295.0,297.0,159.0,138.0,254.0,219.0,254.0,204.0,2656.0,404.0,77.0,48.0,1020.0,392.0,1020.0,506.0,97.0,143.0,130.0,112.0,85.0,63.0,58.0,56.0,66.0,104.0,124.0,138.0,1181.0,20.0,1.0,13.0,0.0,243.0,7514.0,2.0,21.0,15.0,3.0,90.0
resinosa_3334,4326,48.53333,-20.58333,POINT (868401.212355021 7719968.12617358),79,0,False,Coffea_resinosa,188.0,226.0,221.0,209.0,187.0,170.0,166.0,161.0,172.0,204.0,217.0,227.0,267.0,296.0,290.0,284.0,269.0,248.0,245.0,244.0,256.0,283.0,294.0,295.0,74.0,372.0,415.0,258.0,217.0,217.0,161.0,147.0,104.0,140.0,231.0,373.0,234.0,76.0,56.0,2243.0,296.0,161.0,135.0,254.0,220.0,254.0,205.0,2709.0,415.0,74.0,48.0,1045.0,391.0,1045.0,525.0,97.0,143.0,130.0,113.0,86.0,64.0,59.0,56.0,68.0,103.0,125.0,139.0,1188.0,23.0,1.0,6.0,1.0,317.0,7562.0,2.0,21.0,16.0,3.0,8.0
resinosa_3335,4326,48.554167,-20.3725,POINT (871083.6199276892 7743286.659036701),79,0,False,Coffea_resinosa,189.0,226.0,221.0,209.0,186.0,170.0,167.0,163.0,173.0,206.0,218.0,228.0,270.0,297.0,293.0,286.0,272.0,252.0,246.0,246.0,256.0,285.0,295.0,297.0,72.0,378.0,415.0,255.0,208.0,202.0,162.0,140.0,103.0,131.0,239.0,366.0,235.0,78.0,58.0,2230.0,297.0,163.0,134.0,255.0,221.0,255.0,207.0,2671.0,415.0,72.0,50.0,1048.0,374.0,1048.0,504.0,99.0,143.0,132.0,114.0,87.0,65.0,59.0,57.0,68.0,106.0,126.0,141.0,1203.0,27.0,1.0,5.0,1.0,2.0,7543.0,6.0,19.0,16.0,3.0,1.0
resinosa_3336,4326,48.60583,-20.35944,POINT (876514.7936214907 7744616.5225164965),79,0,False,Coffea_resinosa,189.0,227.0,221.0,210.0,186.0,170.0,167.0,164.0,174.0,206.0,219.0,228.0,268.0,297.0,292.0,286.0,271.0,252.0,244.0,246.0,256.0,283.0,295.0,296.0,73.0,379.0,415.0,260.0,215.0,206.0,167.0,143.0,105.0,130.0,238.0,363.0,235.0,77.0,57.0,2234.0,297.0,164.0,133.0,255.0,221.0,255.0,207.0,2694.0,415.0,73.0,49.0,1054.0,378.0,1054.0,516.0,98.0,144.0,132.0,114.0,86.0,65.0,58.0,58.0,69.0,104.0,127.0,140.0,1201.0,25.0,1.0,8.0,3.0,292.0,7574.0,1.0,21.0,16.0,3.0,32.0
resinosa_3337,4326,48.605833,-20.359444,POINT (876515.097472524 7744616.072313964),79,0,False,Coffea_resinosa,189.0,227.0,221.0,210.0,186.0,170.0,167.0,164.0,174.0,206.0,219.0,228.0,268.0,297.0,292.0,286.0,271.0,252.0,244.0,246.0,256.0,283.0,295.0,296.0,73.0,379.0,415.0,260.0,215.0,206.0,167.0,143.0,105.0,130.0,238.0,363.0,235.0,77.0,57.0,2234.0,297.0,164.0,133.0,255.0,221.0,255.0,207.0,2694.0,415.0,73.0,49.0,1054.0,378.0,1054.0,516.0,98.0,144.0,132.0,114.0,86.0,65.0,58.0,58.0,69.0,104.0,127.0,140.0,1201.0,25.0,1.0,8.0,3.0,292.0,7574.0,1.0,21.0,16.0,3.0,32.0
resinosa_3338,4326,48.7,-13.58,POINT (900530.2787016315 8495683.113346167),79,0,False,Coffea_resinosa,204.0,226.0,229.0,222.0,204.0,184.0,174.0,181.0,189.0,218.0,222.0,224.0,317.0,309.0,312.0,314.0,309.0,301.0,291.0,294.0,303.0,321.0,317.0,308.0,51.0,431.0,284.0,126.0,40.0,28.0,20.0,24.0,27.0,148.0,315.0,460.0,257.0,101.0,69.0,1391.0,321.0,174.0,147.0,264.0,238.0,268.0,237.0,1954.0,460.0,20.0,101.0,942.0,71.0,841.0,72.0,135.0,147.0,150.0,141.0,118.0,94.0,79.0,85.0,98.0,140.0,144.0,142.0,1480.0,438.0,7.0,40.0,7.0,292.0,7875.0,6.0,18.0,5.0,11.0,39.0
resinosa_3339,4326,49.0,-17.0,POINT (926061.8652484254 8116091.631643504),79,0,False,Coffea_resinosa,130.0,178.0,173.0,156.0,132.0,119.0,115.0,118.0,120.0,150.0,164.0,176.0,243.0,272.0,275.0,265.0,250.0,229.0,200.0,209.0,222.0,266.0,274.0,268.0,39.0,264.0,224.0,88.0,49.0,55.0,58.0,54.0,28.0,107.0,212.0,277.0,196.0,103.0,64.0,2513.0,275.0,115.0,160.0,216.0,164.0,219.0,164.0,1455.0,277.0,28.0,77.0,596.0,140.0,576.0,140.0,70.0,103.0,100.0,84.0,66.0,52.0,41.0,45.0,50.0,79.0,92.0,98.0,886.0,71.0,3.0,908.0,18.0,148.0,7058.0,10.0,9.0,14.0,2.0,85.0
resinosa_3340,4326,49.13333,-18.85,POINT (935721.9581842328 7910685.459815653),79,0,False,Coffea_resinosa,188.0,229.0,223.0,212.0,192.0,176.0,174.0,170.0,177.0,207.0,221.0,229.0,272.0,302.0,299.0,290.0,277.0,261.0,246.0,247.0,257.0,286.0,296.0,302.0,81.0,399.0,513.0,251.0,203.0,236.0,206.0,180.0,123.0,139.0,234.0,354.0,238.0,78.0,59.0,2183.0,302.0,170.0,132.0,259.0,224.0,259.0,211.0,2919.0,513.0,81.0,50.0,1163.0,442.0,1163.0,509.0,97.0,149.0,137.0,118.0,92.0,71.0,61.0,60.0,70.0,106.0,128.0,145.0,1241.0,16.0,1.0,20.0,2.0,253.0,7584.0,6.0,19.0,6.0,2.0,1.0
resinosa_3341,4326,49.133333,-18.85,POINT (935722.2748717116 7910685.452421288),79,0,False,Coffea_resinosa,188.0,229.0,223.0,212.0,192.0,176.0,174.0,170.0,177.0,207.0,221.0,229.0,272.0,302.0,299.0,290.0,277.0,261.0,246.0,247.0,257.0,286.0,296.0,302.0,81.0,399.0,513.0,251.0,203.0,236.0,206.0,180.0,123.0,139.0,234.0,354.0,238.0,78.0,59.0,2183.0,302.0,170.0,132.0,259.0,224.0,259.0,211.0,2919.0,513.0,81.0,50.0,1163.0,442.0,1163.0,509.0,97.0,149.0,137.0,118.0,92.0,71.0,61.0,60.0,70.0,106.0,128.0,145.0,1241.0,16.0,1.0,20.0,2.0,253.0,7584.0,6.0,19.0,6.0,2.0,1.0
resinosa_3342,4326,49.141667,-18.816667,POINT (936688.431989203 7914360.736307044),79,0,False,Coffea_resinosa,188.0,229.0,223.0,213.0,193.0,177.0,174.0,170.0,177.0,207.0,222.0,229.0,272.0,302.0,299.0,291.0,277.0,261.0,245.0,247.0,257.0,287.0,296.0,302.0,81.0,398.0,514.0,250.0,202.0,235.0,207.0,180.0,123.0,140.0,235.0,355.0,239.0,77.0,58.0,2195.0,302.0,170.0,132.0,259.0,224.0,259.0,211.0,2920.0,514.0,81.0,50.0,1162.0,443.0,1162.0,510.0,97.0,148.0,137.0,119.0,92.0,72.0,61.0,60.0,70.0,107.0,129.0,145.0,1243.0,16.0,1.0,38.0,3.0,270.0,7573.0,6.0,21.0,16.0,2.0,42.0
resinosa_3343,4326,49.141667,-18.8175,POINT (936686.2747382382 7914268.376260653),79,0,False,Coffea_resinosa,188.0,229.0,223.0,213.0,193.0,177.0,174.0,170.0,177.0,207.0,222.0,229.0,272.0,302.0,299.0,291.0,277.0,261.0,245.0,247.0,257.0,287.0,296.0,302.0,81.0,398.0,514.0,250.0,202.0,235.0,207.0,180.0,123.0,140.0,235.0,355.0,239.0,77.0,58.0,2195.0,302.0,170.0,132.0,259.0,224.0,259.0,211.0,2920.0,514.0,81.0,50.0,1162.0,443.0,1162.0,510.0,97.0,148.0,137.0,119.0,92.0,72.0,61.0,60.0,70.0,107.0,129.0,145.0,1243.0,16.0,1.0,38.0,3.0,270.0,7573.0,6.0,21.0,16.0,2.0,42.0
resinosa_3344,4326,49.166667,-12.483333,POINT (953120.0678196969 8616433.416868836),79,0,False,Coffea_resinosa,167.0,193.0,193.0,189.0,176.0,158.0,154.0,154.0,159.0,182.0,189.0,192.0,270.0,279.0,279.0,276.0,269.0,261.0,247.0,248.0,259.0,280.0,280.0,277.0,21.0,289.0,221.0,97.0,21.0,20.0,28.0,21.0,14.0,64.0,216.0,324.0,222.0,93.0,74.0,1393.0,280.0,154.0,126.0,229.0,203.0,234.0,203.0,1336.0,324.0,14.0,104.0,634.0,63.0,607.0,63.0,87.0,106.0,104.0,98.0,85.0,71.0,62.0,62.0,70.0,93.0,100.0,103.0,1048.0,346.0,8.0,735.0,17.0,84.0,7848.0,9.0,8.0,14.0,12.0,100.0
resinosa_3345,4326,49.23388,-18.595,POINT (947008.7347414009 7938710.59530902),79,0,False,Coffea_resinosa,190.0,230.0,225.0,215.0,196.0,181.0,177.0,172.0,179.0,209.0,224.0,231.0,273.0,303.0,299.0,290.0,277.0,261.0,244.0,247.0,258.0,289.0,297.0,303.0,88.0,394.0,501.0,268.0,208.0,238.0,222.0,187.0,122.0,145.0,253.0,366.0,240.0,76.0,58.0,2190.0,303.0,172.0,131.0,260.0,225.0,260.0,212.0,2992.0,501.0,88.0,47.0,1163.0,454.0,1163.0,531.0,99.0,150.0,139.0,119.0,94.0,73.0,61.0,60.0,71.0,109.0,131.0,147.0,1260.0,11.0,1.0,14.0,1.0,234.0,7606.0,2.0,21.0,15.0,2.0,24.0
resinosa_3346,4326,49.234,-18.595139,POINT (947021.0588626126 7938694.882673698),79,0,False,Coffea_resinosa,190.0,230.0,225.0,215.0,196.0,181.0,177.0,172.0,179.0,209.0,224.0,231.0,273.0,303.0,299.0,290.0,277.0,261.0,244.0,247.0,258.0,289.0,297.0,303.0,88.0,394.0,501.0,268.0,208.0,238.0,222.0,187.0,122.0,145.0,253.0,366.0,240.0,76.0,58.0,2190.0,303.0,172.0,131.0,260.0,225.0,260.0,212.0,2992.0,501.0,88.0,47.0,1163.0,454.0,1163.0,531.0,99.0,150.0,139.0,119.0,94.0,73.0,61.0,60.0,71.0,109.0,131.0,147.0,1260.0,11.0,1.0,14.0,1.0,234.0,7606.0,2.0,21.0,15.0,2.0,24.0
resinosa_3347,4326,49.256667,-18.565556,POINT (949495.5412336814 7941918.554668624),79,1,False,Coffea_resinosa,190.0,230.0,225.0,216.0,197.0,181.0,177.0,173.0,179.0,209.0,224.0,231.0,273.0,303.0,299.0,290.0,277.0,259.0,243.0,247.0,257.0,288.0,296.0,302.0,89.0,394.0,499.0,272.0,211.0,240.0,226.0,189.0,122.0,145.0,256.0,367.0,240.0,75.0,57.0,2193.0,303.0,173.0,130.0,260.0,225.0,260.0,212.0,3010.0,499.0,89.0,47.0,1165.0,456.0,1165.0,537.0,99.0,150.0,139.0,120.0,94.0,72.0,61.0,61.0,70.0,109.0,130.0,146.0,1257.0,10.0,1.0,8.0,3.0,115.0,7582.0,2.0,,16.0,2.0,34.0
resinosa_3348,4326,49.38333,-17.28333,POINT (966246.2111063303 8083795.086417586),79,0,False,Coffea_resinosa,183.0,221.0,217.0,205.0,185.0,169.0,169.0,169.0,171.0,201.0,211.0,221.0,270.0,301.0,301.0,293.0,277.0,261.0,242.0,244.0,253.0,284.0,296.0,301.0,93.0,391.0,377.0,283.0,192.0,184.0,173.0,153.0,105.0,145.0,279.0,349.0,235.0,83.0,63.0,2178.0,301.0,169.0,132.0,256.0,220.0,256.0,208.0,2724.0,391.0,93.0,46.0,1051.0,403.0,1051.0,431.0,94.0,140.0,134.0,115.0,89.0,70.0,60.0,60.0,67.0,102.0,121.0,137.0,1196.0,1.0,1.0,55.0,4.0,161.0,7569.0,10.0,12.0,16.0,2.0,8.0
resinosa_3349,4326,49.39166,-17.28333,POINT (967133.6957309884 8083774.855403699),79,0,False,Coffea_resinosa,185.0,222.0,218.0,206.0,186.0,170.0,170.0,169.0,172.0,202.0,212.0,222.0,271.0,301.0,301.0,293.0,278.0,261.0,242.0,244.0,254.0,285.0,297.0,301.0,94.0,393.0,381.0,287.0,196.0,188.0,176.0,156.0,107.0,146.0,280.0,349.0,235.0,82.0,62.0,2181.0,301.0,169.0,132.0,256.0,221.0,256.0,208.0,2753.0,393.0,94.0,45.0,1061.0,409.0,1061.0,439.0,95.0,141.0,135.0,116.0,90.0,70.0,60.0,60.0,67.0,103.0,123.0,138.0,1204.0,1.0,1.0,52.0,8.0,153.0,7430.0,10.0,12.0,16.0,2.0,12.0
resinosa_3350,4326,49.4,-17.28333,POINT (968022.253984275 8083754.561281942),79,0,False,Coffea_resinosa,187.0,224.0,219.0,207.0,188.0,172.0,172.0,173.0,174.0,204.0,214.0,225.0,273.0,303.0,302.0,294.0,279.0,263.0,245.0,247.0,255.0,285.0,299.0,303.0,96.0,397.0,385.0,294.0,201.0,192.0,180.0,159.0,109.0,146.0,282.0,351.0,237.0,82.0,62.0,2149.0,303.0,172.0,131.0,258.0,223.0,258.0,211.0,2792.0,397.0,96.0,45.0,1076.0,414.0,1076.0,448.0,97.0,144.0,136.0,117.0,91.0,71.0,61.0,62.0,68.0,104.0,125.0,142.0,1225.0,1.0,1.0,14.0,1.0,351.0,7722.0,10.0,21.0,16.0,2.0,28.0
resinosa_3351,4326,49.405833,-17.688889,POINT (967602.4266189564 8038763.60339047),79,0,False,Coffea_resinosa,185.0,225.0,221.0,209.0,190.0,174.0,172.0,171.0,173.0,204.0,215.0,225.0,270.0,303.0,302.0,293.0,278.0,261.0,242.0,245.0,254.0,286.0,297.0,302.0,93.0,389.0,407.0,298.0,211.0,207.0,198.0,172.0,110.0,150.0,273.0,353.0,237.0,80.0,61.0,2220.0,303.0,171.0,132.0,258.0,222.0,258.0,209.0,2861.0,407.0,93.0,44.0,1094.0,432.0,1094.0,480.0,94.0,145.0,138.0,118.0,92.0,71.0,60.0,61.0,67.0,105.0,125.0,141.0,1222.0,1.0,1.0,60.0,5.0,158.0,7521.0,10.0,10.0,16.0,2.0,3.0
resinosa_3352,4326,49.41083,-17.28777,POINT (969164.8275264167 8083235.752707667),79,0,False,Coffea_resinosa,186.0,224.0,220.0,207.0,189.0,173.0,171.0,172.0,175.0,204.0,214.0,224.0,271.0,303.0,302.0,294.0,279.0,263.0,244.0,246.0,255.0,285.0,298.0,303.0,96.0,397.0,387.0,296.0,204.0,194.0,182.0,160.0,110.0,146.0,283.0,351.0,237.0,82.0,62.0,2165.0,303.0,171.0,132.0,258.0,222.0,258.0,210.0,2806.0,397.0,96.0,44.0,1080.0,416.0,1080.0,452.0,95.0,144.0,137.0,117.0,92.0,72.0,60.0,61.0,69.0,104.0,125.0,141.0,1223.0,0.0,0.0,17.0,1.0,294.0,7703.0,1.0,21.0,15.0,2.0,100.0
resinosa_3353,4326,49.410833,-17.287778,POINT (969165.1268116132 8083234.858178162),79,0,False,Coffea_resinosa,186.0,224.0,220.0,207.0,189.0,173.0,171.0,172.0,175.0,204.0,214.0,224.0,271.0,303.0,302.0,294.0,279.0,263.0,244.0,246.0,255.0,285.0,298.0,303.0,96.0,397.0,387.0,296.0,204.0,194.0,182.0,160.0,110.0,146.0,283.0,351.0,237.0,82.0,62.0,2165.0,303.0,171.0,132.0,258.0,222.0,258.0,210.0,2806.0,397.0,96.0,44.0,1080.0,416.0,1080.0,452.0,95.0,144.0,137.0,117.0,92.0,72.0,60.0,61.0,69.0,104.0,125.0,141.0,1223.0,0.0,0.0,17.0,1.0,294.0,7703.0,1.0,21.0,15.0,2.0,100.0
resinosa_3354,4326,49.49166,-17.675,POINT (976763.4133229593 8040088.358195232),79,0,False,Coffea_resinosa,189.0,228.0,224.0,213.0,194.0,178.0,176.0,175.0,177.0,208.0,219.0,229.0,270.0,303.0,302.0,293.0,277.0,261.0,243.0,245.0,254.0,286.0,297.0,303.0,97.0,394.0,420.0,316.0,227.0,222.0,214.0,181.0,115.0,149.0,279.0,353.0,239.0,77.0,60.0,2210.0,303.0,175.0,128.0,260.0,224.0,260.0,211.0,2967.0,420.0,97.0,42.0,1130.0,445.0,1130.0,510.0,96.0,148.0,140.0,120.0,93.0,72.0,61.0,62.0,68.0,107.0,128.0,145.0,1246.0,0.0,0.0,15.0,1.0,322.0,7702.0,1.0,21.0,16.0,2.0,0.0
resinosa_3355,4326,49.58333,-16.9,POINT (988558.4856777114 8125818.106557046),79,0,False,Coffea_resinosa,193.0,227.0,223.0,214.0,194.0,179.0,179.0,180.0,183.0,208.0,220.0,227.0,265.0,297.0,292.0,287.0,272.0,256.0,242.0,242.0,250.0,279.0,291.0,296.0,96.0,417.0,444.0,426.0,291.0,278.0,270.0,209.0,132.0,138.0,266.0,396.0,237.0,70.0,59.0,2015.0,297.0,179.0,118.0,256.0,223.0,256.0,212.0,3363.0,444.0,96.0,43.0,1287.0,479.0,1287.0,611.0,96.0,142.0,131.0,117.0,91.0,71.0,63.0,64.0,70.0,103.0,124.0,138.0,1216.0,0.0,1.0,14.0,7.0,145.0,7521.0,1.0,19.0,16.0,2.0,5.0
resinosa_3356,4326,49.606667,-13.258056,POINT (999517.0551808084 8529713.93662722),79,0,False,Coffea_resinosa,160.0,191.0,189.0,185.0,167.0,147.0,144.0,146.0,149.0,176.0,185.0,191.0,275.0,283.0,281.0,282.0,274.0,265.0,246.0,250.0,260.0,285.0,284.0,283.0,40.0,267.0,216.0,110.0,42.0,35.0,40.0,36.0,24.0,91.0,239.0,272.0,220.0,103.0,73.0,1609.0,285.0,144.0,141.0,234.0,199.0,235.0,199.0,1412.0,272.0,24.0,84.0,602.0,100.0,593.0,100.0,87.0,108.0,104.0,99.0,83.0,68.0,58.0,60.0,67.0,93.0,100.0,106.0,1040.0,211.0,7.0,648.0,26.0,177.0,7594.0,10.0,9.0,14.0,1.0,90.0
resinosa_3357,4326,49.6067,-13.2581,POINT (999520.5502611361 8529708.990281457),79,0,False,Coffea_resinosa,160.0,191.0,189.0,185.0,167.0,147.0,144.0,146.0,149.0,176.0,185.0,191.0,275.0,283.0,281.0,282.0,274.0,265.0,246.0,250.0,260.0,285.0,284.0,283.0,40.0,267.0,216.0,110.0,42.0,35.0,40.0,36.0,24.0,91.0,239.0,272.0,220.0,103.0,73.0,1609.0,285.0,144.0,141.0,234.0,199.0,235.0,199.0,1412.0,272.0,24.0,84.0,602.0,100.0,593.0,100.0,87.0,108.0,104.0,99.0,83.0,68.0,58.0,60.0,67.0,93.0,100.0,106.0,1040.0,211.0,7.0,648.0,26.0,177.0,7594.0,10.0,9.0,14.0,1.0,90.0
resinosa_3358,4326,49.66666,-15.46666,POINT (1001074.7566815815 8284607.73523326),79,0,False,Coffea_resinosa,189.0,223.0,220.0,210.0,192.0,177.0,178.0,176.0,178.0,200.0,217.0,223.0,275.0,307.0,305.0,295.0,279.0,264.0,243.0,244.0,254.0,293.0,300.0,306.0,76.0,400.0,436.0,415.0,286.0,237.0,250.0,190.0,106.0,125.0,284.0,369.0,239.0,81.0,62.0,2148.0,307.0,176.0,131.0,260.0,224.0,260.0,212.0,3174.0,436.0,76.0,46.0,1251.0,421.0,1251.0,546.0,98.0,145.0,138.0,119.0,93.0,74.0,63.0,62.0,69.0,107.0,128.0,142.0,1244.0,22.0,1.0,6.0,1.0,161.0,7770.0,1.0,21.0,16.0,2.0,23.0
resinosa_3359,4326,49.66666,-16.86666,POINT (997545.0090620955 8129307.278147745),79,0,False,Coffea_resinosa,197.0,229.0,227.0,217.0,199.0,184.0,183.0,183.0,187.0,213.0,224.0,230.0,265.0,296.0,292.0,286.0,272.0,256.0,242.0,242.0,250.0,280.0,292.0,297.0,90.0,415.0,455.0,417.0,291.0,271.0,263.0,198.0,127.0,129.0,259.0,377.0,239.0,66.0,58.0,2001.0,297.0,183.0,114.0,257.0,225.0,257.0,214.0,3292.0,455.0,90.0,44.0,1287.0,454.0,1287.0,588.0,98.0,142.0,134.0,118.0,93.0,73.0,64.0,64.0,71.0,107.0,127.0,141.0,1238.0,8.0,1.0,4.0,1.0,168.0,7670.0,1.0,21.0,16.0,2.0,0.0
resinosa_3360,4326,49.678333,-16.765833,POINT (999056.6788974418 8140462.722277711),79,0,False,Coffea_resinosa,196.0,229.0,226.0,216.0,198.0,183.0,182.0,182.0,187.0,212.0,223.0,229.0,266.0,298.0,293.0,287.0,272.0,256.0,243.0,244.0,251.0,282.0,293.0,298.0,88.0,403.0,439.0,392.0,269.0,256.0,246.0,187.0,123.0,126.0,252.0,372.0,239.0,68.0,58.0,2008.0,298.0,182.0,116.0,258.0,226.0,258.0,214.0,3153.0,439.0,88.0,44.0,1234.0,436.0,1234.0,556.0,98.0,144.0,134.0,118.0,93.0,73.0,64.0,65.0,72.0,107.0,127.0,141.0,1240.0,10.0,1.0,19.0,1.0,111.0,7712.0,1.0,19.0,16.0,2.0,99.0
resinosa_3361,4326,49.681278,-16.867389,POINT (999104.5170429867 8129189.366791048),79,0,False,Coffea_resinosa,197.0,230.0,228.0,218.0,200.0,185.0,183.0,183.0,188.0,213.0,224.0,230.0,264.0,297.0,292.0,286.0,272.0,255.0,242.0,242.0,250.0,280.0,291.0,297.0,88.0,415.0,457.0,415.0,293.0,271.0,263.0,196.0,126.0,127.0,258.0,374.0,239.0,65.0,57.0,2012.0,297.0,183.0,114.0,258.0,226.0,258.0,214.0,3283.0,457.0,88.0,45.0,1287.0,449.0,1287.0,585.0,97.0,144.0,135.0,119.0,94.0,73.0,64.0,64.0,72.0,107.0,127.0,141.0,1241.0,9.0,1.0,9.0,1.0,121.0,7701.0,1.0,21.0,16.0,2.0,0.0
resinosa_3362,4326,49.68333,-15.825,POINT (1001989.8494829243 8244818.1929459125),79,0,False,Coffea_resinosa,189.0,224.0,222.0,211.0,193.0,179.0,176.0,175.0,180.0,203.0,218.0,224.0,278.0,308.0,306.0,298.0,283.0,267.0,250.0,250.0,258.0,294.0,302.0,308.0,78.0,358.0,376.0,303.0,187.0,186.0,180.0,147.0,94.0,114.0,250.0,351.0,241.0,84.0,63.0,2098.0,308.0,175.0,133.0,261.0,226.0,261.0,214.0,2624.0,376.0,78.0,48.0,1037.0,355.0,1037.0,421.0,100.0,147.0,141.0,122.0,96.0,76.0,64.0,64.0,71.0,109.0,130.0,144.0,1268.0,22.0,1.0,60.0,5.0,124.0,7634.0,10.0,12.0,16.0,2.0,6.0
resinosa_3363,4326,49.7,-15.46666,POINT (1004661.5030160582 8284529.373307271),79,78,False,Coffea_resinosa,,,,,,,,,,,,,,,,,,,,,,,,,,,,,,,,,,,,,,,,,,,,,,,,,,,,,,,,,,,,,,,,,,,,,,,,,,,,,25.0,,
resinosa_3364,4326,49.7,-15.88333,POINT (1003634.7435142059 8238307.442785221),79,1,False,Coffea_resinosa,189.0,225.0,222.0,213.0,193.0,179.0,177.0,176.0,181.0,204.0,219.0,225.0,278.0,308.0,305.0,299.0,284.0,266.0,251.0,252.0,259.0,294.0,302.0,308.0,80.0,353.0,372.0,296.0,181.0,185.0,177.0,146.0,95.0,113.0,246.0,348.0,242.0,83.0,63.0,2081.0,308.0,176.0,132.0,262.0,227.0,262.0,216.0,2592.0,372.0,80.0,48.0,1021.0,354.0,1021.0,418.0,99.0,148.0,140.0,124.0,96.0,75.0,65.0,65.0,72.0,109.0,131.0,145.0,1275.0,19.0,1.0,35.0,6.0,253.0,7653.0,,11.0,16.0,2.0,4.0
resinosa_3365,4326,49.70611,-16.76055,POINT (1002039.2629539109 8140978.508391662),79,0,False,Coffea_resinosa,197.0,229.0,227.0,217.0,199.0,184.0,183.0,182.0,187.0,212.0,223.0,231.0,266.0,298.0,293.0,287.0,273.0,256.0,244.0,243.0,250.0,281.0,292.0,299.0,87.0,403.0,443.0,393.0,272.0,257.0,248.0,187.0,123.0,124.0,251.0,368.0,239.0,67.0,57.0,2017.0,299.0,182.0,117.0,258.0,225.0,258.0,214.0,3156.0,443.0,87.0,45.0,1239.0,434.0,1239.0,558.0,98.0,144.0,135.0,119.0,94.0,73.0,65.0,64.0,71.0,107.0,127.0,143.0,1244.0,11.0,1.0,13.0,1.0,213.0,7688.0,1.0,21.0,16.0,2.0,59.0
resinosa_3366,4326,49.706111,-16.760556,POINT (1002039.3540316921 8140977.840236956),79,0,False,Coffea_resinosa,197.0,229.0,227.0,217.0,199.0,184.0,183.0,182.0,187.0,212.0,223.0,231.0,266.0,298.0,293.0,287.0,273.0,256.0,244.0,243.0,250.0,281.0,292.0,299.0,87.0,403.0,443.0,393.0,272.0,257.0,248.0,187.0,123.0,124.0,251.0,368.0,239.0,67.0,57.0,2017.0,299.0,182.0,117.0,258.0,225.0,258.0,214.0,3156.0,443.0,87.0,45.0,1239.0,434.0,1239.0,558.0,98.0,144.0,135.0,119.0,94.0,73.0,65.0,64.0,71.0,107.0,127.0,143.0,1244.0,11.0,1.0,13.0,1.0,213.0,7688.0,1.0,21.0,16.0,2.0,59.0
resinosa_3367,4326,49.70972,-16.76111,POINT (1002423.623921355 8140907.22037609),79,0,False,Coffea_resinosa,197.0,229.0,227.0,217.0,199.0,184.0,183.0,182.0,187.0,212.0,223.0,231.0,266.0,298.0,293.0,287.0,273.0,256.0,244.0,243.0,250.0,281.0,292.0,299.0,87.0,403.0,443.0,393.0,272.0,257.0,248.0,187.0,123.0,124.0,251.0,368.0,239.0,67.0,57.0,2017.0,299.0,182.0,117.0,258.0,225.0,258.0,214.0,3156.0,443.0,87.0,45.0,1239.0,434.0,1239.0,558.0,98.0,144.0,135.0,119.0,94.0,73.0,65.0,64.0,71.0,107.0,127.0,143.0,1244.0,11.0,1.0,13.0,1.0,213.0,7688.0,1.0,21.0,16.0,2.0,59.0
resinosa_3368,4326,49.71666,-15.9,POINT (1005381.6377907357 8236417.841457187),79,1,False,Coffea_resinosa,191.0,225.0,223.0,213.0,194.0,180.0,178.0,177.0,182.0,205.0,220.0,226.0,279.0,309.0,306.0,299.0,284.0,267.0,252.0,253.0,260.0,294.0,302.0,309.0,81.0,351.0,373.0,298.0,182.0,188.0,180.0,148.0,96.0,113.0,244.0,347.0,242.0,83.0,63.0,2063.0,309.0,177.0,132.0,262.0,228.0,262.0,217.0,2601.0,373.0,81.0,47.0,1022.0,357.0,1022.0,424.0,101.0,149.0,141.0,124.0,97.0,76.0,66.0,65.0,73.0,110.0,131.0,147.0,1285.0,20.0,1.0,25.0,4.0,97.0,7733.0,,21.0,16.0,2.0,18.0
resinosa_3369,4326,49.72388,-16.70194,POINT (1004093.2227953245 8147435.43887864),79,5,False,Coffea_resinosa,197.0,230.0,228.0,218.0,199.0,185.0,184.0,183.0,189.0,214.0,224.0,231.0,268.0,299.0,295.0,289.0,274.0,258.0,246.0,246.0,253.0,283.0,293.0,300.0,87.0,395.0,435.0,379.0,259.0,249.0,238.0,181.0,121.0,122.0,247.0,364.0,241.0,68.0,58.0,1986.0,300.0,183.0,117.0,259.0,228.0,259.0,216.0,3077.0,435.0,87.0,45.0,1209.0,424.0,1209.0,540.0,99.0,145.0,137.0,120.0,94.0,74.0,66.0,65.0,73.0,109.0,128.0,144.0,1260.0,12.0,1.0,,,,,1.0,21.0,25.0,2.0,
resinosa_3370,4326,49.72416,-16.70194,POINT (1004123.1590553704 8147434.727885678),79,5,False,Coffea_resinosa,197.0,230.0,228.0,218.0,199.0,185.0,184.0,183.0,189.0,214.0,224.0,231.0,268.0,299.0,295.0,289.0,274.0,258.0,246.0,246.0,253.0,283.0,293.0,300.0,87.0,395.0,435.0,379.0,259.0,249.0,238.0,181.0,121.0,122.0,247.0,364.0,241.0,68.0,58.0,1986.0,300.0,183.0,117.0,259.0,228.0,259.0,216.0,3077.0,435.0,87.0,45.0,1209.0,424.0,1209.0,540.0,99.0,145.0,137.0,120.0,94.0,74.0,66.0,65.0,73.0,109.0,128.0,144.0,1260.0,12.0,1.0,,,,,1.0,21.0,25.0,2.0,
resinosa_3371,4326,49.73333,-16.69166,POINT (1005130.7088737527 8148551.878993404),79,1,False,Coffea_resinosa,197.0,230.0,228.0,217.0,199.0,185.0,184.0,184.0,188.0,214.0,224.0,231.0,268.0,299.0,294.0,289.0,274.0,257.0,246.0,246.0,252.0,284.0,293.0,300.0,87.0,394.0,433.0,377.0,257.0,248.0,237.0,180.0,120.0,121.0,247.0,363.0,240.0,68.0,58.0,1989.0,300.0,184.0,116.0,259.0,228.0,259.0,216.0,3064.0,433.0,87.0,45.0,1204.0,421.0,1204.0,537.0,99.0,145.0,136.0,120.0,94.0,74.0,66.0,66.0,72.0,110.0,128.0,144.0,1259.0,12.0,1.0,6.0,1.0,253.0,,1.0,21.0,16.0,2.0,9.0
resinosa_3372,4326,49.74166,-16.69166,POINT (1006021.3754067889 8148530.67752729),79,5,False,Coffea_resinosa,198.0,230.0,228.0,218.0,200.0,186.0,184.0,184.0,188.0,214.0,224.0,231.0,268.0,299.0,294.0,289.0,274.0,258.0,246.0,246.0,251.0,283.0,293.0,300.0,87.0,394.0,435.0,378.0,258.0,249.0,238.0,181.0,120.0,121.0,246.0,361.0,241.0,68.0,58.0,1983.0,300.0,184.0,116.0,259.0,227.0,259.0,216.0,3068.0,435.0,87.0,45.0,1207.0,422.0,1207.0,539.0,99.0,145.0,136.0,120.0,94.0,75.0,66.0,66.0,72.0,109.0,128.0,144.0,1260.0,12.0,1.0,,,,,1.0,21.0,25.0,2.0,
resinosa_3373,4326,49.81666,-16.56666,POINT (1014375.4461288308 8162206.936667246),79,0,False,Coffea_resinosa,196.0,230.0,228.0,218.0,200.0,185.0,183.0,183.0,188.0,213.0,224.0,230.0,269.0,301.0,296.0,290.0,276.0,258.0,247.0,247.0,253.0,284.0,294.0,301.0,87.0,375.0,417.0,350.0,233.0,234.0,221.0,171.0,116.0,115.0,239.0,349.0,241.0,69.0,59.0,2005.0,301.0,183.0,118.0,260.0,228.0,260.0,216.0,2907.0,417.0,87.0,45.0,1142.0,402.0,1142.0,508.0,99.0,147.0,138.0,121.0,96.0,74.0,66.0,66.0,73.0,109.0,129.0,144.0,1265.0,12.0,1.0,12.0,3.0,358.0,7748.0,10.0,12.0,7.0,2.0,3.0
resinosa_3374,4326,49.85,-16.45,POINT (1018255.1143545879 8175064.928245131),79,0,False,Coffea_resinosa,196.0,230.0,229.0,218.0,200.0,186.0,183.0,182.0,188.0,213.0,224.0,231.0,272.0,303.0,299.0,293.0,279.0,262.0,250.0,250.0,255.0,286.0,296.0,304.0,88.0,361.0,401.0,329.0,213.0,224.0,209.0,165.0,113.0,113.0,234.0,343.0,242.0,72.0,59.0,2006.0,304.0,182.0,122.0,262.0,229.0,262.0,218.0,2793.0,401.0,88.0,44.0,1091.0,391.0,1091.0,487.0,100.0,148.0,141.0,123.0,97.0,76.0,67.0,66.0,73.0,110.0,130.0,147.0,1284.0,12.0,1.0,8.0,1.0,43.0,7748.0,10.0,21.0,7.0,2.0,0.0
resinosa_3375,4326,49.93333,-15.35833,POINT (1030043.3173509802 8295985.879482672),79,0,False,Coffea_resinosa,178.0,213.0,211.0,203.0,186.0,172.0,168.0,165.0,168.0,191.0,205.0,212.0,264.0,298.0,296.0,287.0,273.0,258.0,234.0,236.0,245.0,282.0,290.0,297.0,75.0,342.0,373.0,347.0,227.0,213.0,216.0,174.0,105.0,117.0,254.0,325.0,230.0,82.0,61.0,2119.0,298.0,165.0,133.0,251.0,214.0,251.0,202.0,2768.0,373.0,75.0,43.0,1062.0,396.0,1062.0,495.0,88.0,131.0,126.0,111.0,89.0,72.0,58.0,58.0,64.0,97.0,114.0,127.0,1141.0,13.0,1.0,263.0,23.0,160.0,6731.0,10.0,10.0,14.0,2.0,12.0
resinosa_3376,4326,50.1875,-14.31666,POINT (1060103.0223329074 8410969.72690052),79,0,False,Coffea_resinosa,195.0,227.0,228.0,221.0,206.0,190.0,183.0,180.0,185.0,209.0,221.0,226.0,278.0,308.0,306.0,297.0,287.0,274.0,263.0,261.0,269.0,290.0,302.0,305.0,80.0,208.0,220.0,214.0,103.0,114.0,137.0,152.0,84.0,77.0,144.0,256.0,246.0,80.0,63.0,1791.0,308.0,180.0,128.0,264.0,246.0,264.0,223.0,1789.0,256.0,77.0,41.0,642.0,305.0,642.0,373.0,101.0,149.0,145.0,128.0,106.0,84.0,73.0,70.0,79.0,109.0,132.0,143.0,1322.0,57.0,3.0,19.0,1.0,160.0,7809.0,2.0,21.0,7.0,2.0,47.0
richardii_3405,4326,47.863889,-21.3825,POINT (796967.0982798996 7632811.5735395495),79,0,False,Coffea_richardii,173.0,210.0,206.0,192.0,161.0,144.0,140.0,144.0,154.0,193.0,203.0,212.0,273.0,297.0,291.0,283.0,267.0,251.0,237.0,242.0,253.0,288.0,296.0,297.0,69.0,390.0,396.0,148.0,90.0,101.0,103.0,105.0,78.0,172.0,232.0,392.0,225.0,95.0,60.0,2510.0,297.0,140.0,157.0,246.0,195.0,248.0,193.0,2276.0,396.0,69.0,68.0,934.0,286.0,796.0,309.0,95.0,133.0,122.0,104.0,75.0,57.0,49.0,52.0,62.0,102.0,118.0,131.0,1104.0,26.0,1.0,201.0,15.0,48.0,7777.0,10.0,11.0,16.0,3.0,0.0
richardii_3406,4326,47.8675,-21.376389,POINT (797354.1285826379 7633481.713490407),79,0,False,Coffea_richardii,176.0,213.0,209.0,196.0,164.0,147.0,143.0,147.0,157.0,196.0,206.0,215.0,275.0,300.0,293.0,285.0,269.0,254.0,240.0,244.0,255.0,289.0,299.0,300.0,70.0,387.0,393.0,142.0,85.0,97.0,102.0,106.0,78.0,173.0,222.0,386.0,228.0,94.0,60.0,2512.0,300.0,143.0,157.0,249.0,202.0,250.0,195.0,2241.0,393.0,70.0,68.0,922.0,284.0,781.0,305.0,97.0,137.0,125.0,107.0,76.0,59.0,50.0,53.0,63.0,103.0,122.0,135.0,1131.0,27.0,1.0,92.0,13.0,173.0,6717.0,10.0,11.0,16.0,3.0,16.0
richardii_3407,4326,48.950556,-19.044722,POINT (915945.569570035 7889539.748178162),79,0,False,Coffea_richardii,186.0,226.0,220.0,209.0,187.0,172.0,170.0,167.0,174.0,205.0,219.0,227.0,273.0,302.0,300.0,291.0,279.0,263.0,248.0,249.0,257.0,286.0,297.0,301.0,77.0,408.0,493.0,248.0,190.0,227.0,189.0,170.0,119.0,136.0,238.0,360.0,237.0,82.0,60.0,2174.0,302.0,167.0,135.0,258.0,223.0,258.0,210.0,2855.0,493.0,77.0,51.0,1149.0,425.0,1149.0,478.0,97.0,146.0,136.0,116.0,90.0,71.0,61.0,60.0,69.0,105.0,128.0,143.0,1228.0,20.0,1.0,37.0,3.0,221.0,7501.0,10.0,10.0,7.0,2.0,0.0
richardii_3408,4326,48.9525,-18.824722,POINT (916697.3160538282 7913923.561604584),79,0,False,Coffea_richardii,179.0,221.0,215.0,204.0,182.0,166.0,164.0,161.0,167.0,199.0,213.0,222.0,273.0,301.0,298.0,289.0,276.0,260.0,242.0,244.0,255.0,288.0,296.0,301.0,75.0,402.0,498.0,225.0,163.0,200.0,179.0,162.0,113.0,138.0,243.0,364.0,234.0,85.0,61.0,2270.0,301.0,161.0,140.0,254.0,219.0,254.0,205.0,2762.0,498.0,75.0,55.0,1125.0,413.0,1125.0,454.0,94.0,141.0,131.0,112.0,87.0,68.0,57.0,57.0,66.0,104.0,123.0,139.0,1186.0,19.0,1.0,143.0,10.0,274.0,7580.0,10.0,10.0,14.0,2.0,99.0
richardii_3409,4326,49.0,-17.0,POINT (926061.8652484254 8116091.631643504),79,0,False,Coffea_richardii,130.0,178.0,173.0,156.0,132.0,119.0,115.0,118.0,120.0,150.0,164.0,176.0,243.0,272.0,275.0,265.0,250.0,229.0,200.0,209.0,222.0,266.0,274.0,268.0,39.0,264.0,224.0,88.0,49.0,55.0,58.0,54.0,28.0,107.0,212.0,277.0,196.0,103.0,64.0,2513.0,275.0,115.0,160.0,216.0,164.0,219.0,164.0,1455.0,277.0,28.0,77.0,596.0,140.0,576.0,140.0,70.0,103.0,100.0,84.0,66.0,52.0,41.0,45.0,50.0,79.0,92.0,98.0,886.0,71.0,3.0,908.0,18.0,148.0,7058.0,10.0,9.0,14.0,2.0,85.0
richardii_3410,4326,49.21,-18.006389,POINT (945992.4587991934 8004035.999129224),79,0,False,Coffea_richardii,176.0,220.0,217.0,205.0,184.0,168.0,164.0,162.0,164.0,196.0,210.0,220.0,269.0,301.0,303.0,291.0,278.0,258.0,237.0,240.0,252.0,285.0,296.0,301.0,81.0,374.0,402.0,257.0,178.0,185.0,176.0,155.0,95.0,151.0,254.0,357.0,233.0,85.0,60.0,2362.0,303.0,162.0,141.0,256.0,216.0,256.0,203.0,2665.0,402.0,81.0,48.0,1033.0,401.0,1033.0,426.0,90.0,140.0,136.0,114.0,90.0,68.0,56.0,56.0,64.0,100.0,121.0,137.0,1179.0,9.0,1.0,270.0,13.0,161.0,7330.0,10.0,11.0,16.0,2.0,2.0
richardii_3411,4326,49.242218,-18.198825,POINT (948918.7691388514 7982619.843175204),79,0,False,Coffea_richardii,188.0,229.0,224.0,215.0,196.0,179.0,176.0,173.0,177.0,207.0,222.0,230.0,276.0,304.0,301.0,292.0,278.0,261.0,245.0,249.0,260.0,291.0,300.0,305.0,93.0,391.0,460.0,295.0,214.0,229.0,224.0,186.0,115.0,157.0,272.0,383.0,240.0,78.0,59.0,2196.0,305.0,173.0,132.0,260.0,226.0,260.0,213.0,3019.0,460.0,93.0,45.0,1146.0,458.0,1146.0,525.0,99.0,150.0,139.0,121.0,94.0,72.0,61.0,62.0,71.0,109.0,132.0,148.0,1264.0,6.0,1.0,15.0,1.0,269.0,7648.0,10.0,10.0,1.0,2.0,0.0
richardii_3412,4326,49.2425,-18.040833,POINT (949352.8393566874 8000137.957094863),79,0,False,Coffea_richardii,181.0,223.0,219.0,208.0,188.0,172.0,169.0,166.0,169.0,199.0,214.0,224.0,272.0,302.0,302.0,291.0,278.0,260.0,241.0,243.0,255.0,287.0,297.0,303.0,87.0,385.0,426.0,289.0,205.0,210.0,199.0,174.0,107.0,156.0,257.0,368.0,235.0,83.0,60.0,2276.0,303.0,166.0,137.0,257.0,219.0,257.0,207.0,2863.0,426.0,87.0,45.0,1100.0,437.0,1100.0,480.0,94.0,143.0,136.0,116.0,91.0,70.0,59.0,58.0,66.0,103.0,124.0,141.0,1207.0,7.0,1.0,184.0,7.0,303.0,7773.0,10.0,10.0,16.0,2.0,2.0
richardii_3413,4326,49.25027,-18.55944,POINT (948835.0796586431 7942612.761677308),79,0,False,Coffea_richardii,190.0,230.0,224.0,216.0,197.0,180.0,176.0,173.0,178.0,209.0,223.0,230.0,273.0,303.0,299.0,290.0,277.0,259.0,243.0,247.0,257.0,289.0,296.0,303.0,88.0,394.0,498.0,270.0,208.0,238.0,224.0,188.0,121.0,146.0,256.0,368.0,240.0,75.0,58.0,2202.0,303.0,173.0,130.0,260.0,225.0,260.0,212.0,2999.0,498.0,88.0,47.0,1162.0,455.0,1162.0,533.0,99.0,150.0,138.0,120.0,95.0,72.0,61.0,61.0,70.0,109.0,130.0,146.0,1256.0,11.0,1.0,23.0,1.0,252.0,7622.0,2.0,21.0,15.0,2.0,69.0
richardii_3414,4326,49.25611,-18.56527,POINT (949437.3876831792 7941951.664507931),79,1,False,Coffea_richardii,190.0,230.0,225.0,216.0,197.0,181.0,177.0,173.0,179.0,209.0,224.0,231.0,273.0,303.0,299.0,290.0,277.0,259.0,243.0,247.0,257.0,288.0,296.0,302.0,89.0,394.0,499.0,272.0,211.0,240.0,226.0,189.0,122.0,145.0,256.0,367.0,240.0,75.0,57.0,2193.0,303.0,173.0,130.0,260.0,225.0,260.0,212.0,3010.0,499.0,89.0,47.0,1165.0,456.0,1165.0,537.0,99.0,150.0,139.0,120.0,94.0,72.0,61.0,61.0,70.0,109.0,130.0,146.0,1257.0,10.0,1.0,8.0,3.0,115.0,7582.0,2.0,,16.0,2.0,34.0
richardii_3415,4326,49.25666,-18.56555,POINT (949494.8167221749 7941919.237540592),79,1,False,Coffea_richardii,190.0,230.0,225.0,216.0,197.0,181.0,177.0,173.0,179.0,209.0,224.0,231.0,273.0,303.0,299.0,290.0,277.0,259.0,243.0,247.0,257.0,288.0,296.0,302.0,89.0,394.0,499.0,272.0,211.0,240.0,226.0,189.0,122.0,145.0,256.0,367.0,240.0,75.0,57.0,2193.0,303.0,173.0,130.0,260.0,225.0,260.0,212.0,3010.0,499.0,89.0,47.0,1165.0,456.0,1165.0,537.0,99.0,150.0,139.0,120.0,94.0,72.0,61.0,61.0,70.0,109.0,130.0,146.0,1257.0,10.0,1.0,8.0,3.0,115.0,7582.0,2.0,,16.0,2.0,34.0
richardii_3416,4326,49.256667,-18.565556,POINT (949495.5412336814 7941918.554668624),79,1,False,Coffea_richardii,190.0,230.0,225.0,216.0,197.0,181.0,177.0,173.0,179.0,209.0,224.0,231.0,273.0,303.0,299.0,290.0,277.0,259.0,243.0,247.0,257.0,288.0,296.0,302.0,89.0,394.0,499.0,272.0,211.0,240.0,226.0,189.0,122.0,145.0,256.0,367.0,240.0,75.0,57.0,2193.0,303.0,173.0,130.0,260.0,225.0,260.0,212.0,3010.0,499.0,89.0,47.0,1165.0,456.0,1165.0,537.0,99.0,150.0,139.0,120.0,94.0,72.0,61.0,61.0,70.0,109.0,130.0,146.0,1257.0,10.0,1.0,8.0,3.0,115.0,7582.0,2.0,,16.0,2.0,34.0
richardii_3417,4326,49.308889,-17.956667,POINT (956612.5788492411 8009308.1712304),79,0,False,Coffea_richardii,184.0,225.0,221.0,209.0,190.0,173.0,171.0,169.0,171.0,201.0,215.0,225.0,272.0,303.0,302.0,292.0,278.0,260.0,242.0,244.0,256.0,286.0,297.0,304.0,90.0,388.0,427.0,308.0,219.0,220.0,208.0,182.0,112.0,157.0,258.0,368.0,237.0,81.0,60.0,2255.0,304.0,169.0,135.0,258.0,221.0,258.0,208.0,2937.0,427.0,90.0,44.0,1123.0,451.0,1123.0,502.0,95.0,145.0,138.0,117.0,92.0,70.0,59.0,59.0,67.0,103.0,125.0,143.0,1220.0,5.0,1.0,98.0,2.0,10.0,7681.0,10.0,10.0,16.0,2.0,0.0
richardii_3418,4326,49.3125,-16.865833,POINT (959725.33345798 8130260.664054372),79,0,False,Coffea_richardii,157.0,199.0,195.0,181.0,159.0,146.0,144.0,145.0,147.0,176.0,188.0,199.0,253.0,284.0,284.0,276.0,261.0,242.0,218.0,223.0,234.0,272.0,283.0,282.0,60.0,332.0,304.0,191.0,116.0,122.0,119.0,104.0,64.0,116.0,235.0,327.0,214.0,89.0,64.0,2319.0,284.0,144.0,140.0,236.0,199.0,236.0,185.0,2090.0,332.0,60.0,57.0,827.0,284.0,827.0,287.0,79.0,116.0,111.0,96.0,75.0,60.0,49.0,51.0,57.0,88.0,103.0,113.0,1004.0,19.0,1.0,483.0,9.0,312.0,7982.0,10.0,11.0,16.0,2.0,67.0
richardii_3419,4326,49.318056,-17.913889,POINT (957695.8092033232 8014029.288636876),79,0,False,Coffea_richardii,181.0,223.0,219.0,207.0,188.0,171.0,169.0,167.0,169.0,199.0,213.0,224.0,269.0,302.0,301.0,291.0,276.0,259.0,240.0,242.0,253.0,284.0,295.0,302.0,89.0,383.0,415.0,293.0,207.0,209.0,199.0,174.0,107.0,154.0,260.0,361.0,235.0,82.0,60.0,2278.0,302.0,167.0,135.0,257.0,219.0,257.0,206.0,2851.0,415.0,89.0,44.0,1091.0,435.0,1091.0,480.0,92.0,143.0,136.0,115.0,90.0,70.0,59.0,58.0,66.0,101.0,122.0,141.0,1198.0,3.0,1.0,183.0,13.0,257.0,7597.0,10.0,10.0,16.0,2.0,8.0
richardii_3420,4326,49.3275,-17.965278,POINT (958565.5558909739 8008307.284068234),79,0,False,Coffea_richardii,182.0,224.0,219.0,209.0,188.0,173.0,170.0,168.0,170.0,201.0,214.0,225.0,269.0,301.0,300.0,291.0,276.0,258.0,239.0,242.0,253.0,285.0,295.0,302.0,90.0,385.0,424.0,302.0,215.0,218.0,209.0,181.0,110.0,156.0,262.0,366.0,235.0,80.0,60.0,2275.0,302.0,168.0,134.0,257.0,219.0,257.0,207.0,2918.0,424.0,90.0,44.0,1111.0,447.0,1111.0,500.0,93.0,143.0,135.0,117.0,90.0,70.0,58.0,59.0,66.0,103.0,123.0,141.0,1203.0,3.0,1.0,163.0,21.0,316.0,7862.0,10.0,10.0,16.0,2.0,19.0
richardii_3421,4326,49.340278,-18.057222,POINT (959682.4050804448 7998079.441623897),79,0,False,Coffea_richardii,186.0,227.0,222.0,213.0,192.0,176.0,174.0,172.0,174.0,204.0,218.0,228.0,272.0,303.0,300.0,291.0,276.0,258.0,243.0,245.0,256.0,287.0,297.0,304.0,96.0,391.0,450.0,326.0,235.0,242.0,235.0,198.0,119.0,160.0,271.0,381.0,238.0,78.0,59.0,2232.0,304.0,172.0,132.0,259.0,223.0,259.0,210.0,3104.0,450.0,96.0,42.0,1167.0,477.0,1167.0,552.0,96.0,147.0,137.0,119.0,92.0,70.0,61.0,61.0,68.0,105.0,127.0,145.0,1234.0,0.0,1.0,50.0,4.0,131.0,7600.0,10.0,10.0,16.0,2.0,0.0
richardii_3422,4326,49.370938,-17.429905,POINT (964555.3227809344 8067570.567769784),79,0,False,Coffea_richardii,182.0,223.0,217.0,205.0,185.0,169.0,168.0,169.0,170.0,200.0,211.0,221.0,271.0,303.0,303.0,294.0,279.0,262.0,243.0,245.0,254.0,285.0,298.0,302.0,94.0,388.0,378.0,273.0,187.0,181.0,169.0,152.0,105.0,149.0,279.0,344.0,235.0,84.0,62.0,2214.0,303.0,168.0,135.0,257.0,220.0,257.0,208.0,2699.0,388.0,94.0,45.0,1039.0,406.0,1039.0,426.0,94.0,144.0,135.0,116.0,90.0,70.0,59.0,60.0,67.0,102.0,123.0,138.0,1203.0,0.0,1.0,46.0,3.0,205.0,7699.0,10.0,10.0,16.0,2.0,1.0
richardii_3423,4326,49.380748,-17.500201,POINT (965420.3928740595 8059750.983680808),79,0,False,Coffea_richardii,183.0,223.0,217.0,206.0,186.0,170.0,168.0,168.0,170.0,201.0,212.0,222.0,270.0,302.0,302.0,294.0,278.0,261.0,242.0,244.0,253.0,285.0,298.0,302.0,93.0,387.0,383.0,276.0,192.0,185.0,175.0,156.0,105.0,148.0,277.0,345.0,235.0,83.0,62.0,2240.0,302.0,168.0,134.0,257.0,220.0,257.0,207.0,2722.0,387.0,93.0,45.0,1046.0,409.0,1046.0,436.0,94.0,143.0,135.0,117.0,90.0,70.0,59.0,60.0,66.0,103.0,124.0,139.0,1203.0,1.0,1.0,85.0,3.0,189.0,7598.0,10.0,11.0,16.0,2.0,1.0
richardii_3424,4326,49.38333,-17.28333,POINT (966246.2111063303 8083795.086417586),79,0,False,Coffea_richardii,183.0,221.0,217.0,205.0,185.0,169.0,169.0,169.0,171.0,201.0,211.0,221.0,270.0,301.0,301.0,293.0,277.0,261.0,242.0,244.0,253.0,284.0,296.0,301.0,93.0,391.0,377.0,283.0,192.0,184.0,173.0,153.0,105.0,145.0,279.0,349.0,235.0,83.0,63.0,2178.0,301.0,169.0,132.0,256.0,220.0,256.0,208.0,2724.0,391.0,93.0,46.0,1051.0,403.0,1051.0,431.0,94.0,140.0,134.0,115.0,89.0,70.0,60.0,60.0,67.0,102.0,121.0,137.0,1196.0,1.0,1.0,55.0,4.0,161.0,7569.0,10.0,12.0,16.0,2.0,8.0
richardii_3425,4326,49.4,-17.28333,POINT (968022.253984275 8083754.561281942),79,0,False,Coffea_richardii,187.0,224.0,219.0,207.0,188.0,172.0,172.0,173.0,174.0,204.0,214.0,225.0,273.0,303.0,302.0,294.0,279.0,263.0,245.0,247.0,255.0,285.0,299.0,303.0,96.0,397.0,385.0,294.0,201.0,192.0,180.0,159.0,109.0,146.0,282.0,351.0,237.0,82.0,62.0,2149.0,303.0,172.0,131.0,258.0,223.0,258.0,211.0,2792.0,397.0,96.0,45.0,1076.0,414.0,1076.0,448.0,97.0,144.0,136.0,117.0,91.0,71.0,61.0,62.0,68.0,104.0,125.0,142.0,1225.0,1.0,1.0,14.0,1.0,351.0,7722.0,10.0,21.0,16.0,2.0,28.0
richardii_3426,4326,49.410833,-17.287778,POINT (969165.1268116132 8083234.858178162),79,0,False,Coffea_richardii,186.0,224.0,220.0,207.0,189.0,173.0,171.0,172.0,175.0,204.0,214.0,224.0,271.0,303.0,302.0,294.0,279.0,263.0,244.0,246.0,255.0,285.0,298.0,303.0,96.0,397.0,387.0,296.0,204.0,194.0,182.0,160.0,110.0,146.0,283.0,351.0,237.0,82.0,62.0,2165.0,303.0,171.0,132.0,258.0,222.0,258.0,210.0,2806.0,397.0,96.0,44.0,1080.0,416.0,1080.0,452.0,95.0,144.0,137.0,117.0,92.0,72.0,60.0,61.0,69.0,104.0,125.0,141.0,1223.0,0.0,0.0,17.0,1.0,294.0,7703.0,1.0,21.0,15.0,2.0,100.0
richardii_3427,4326,49.411718,-17.780204,POINT (967990.0274516237 8028621.888939859),79,0,False,Coffea_richardii,188.0,228.0,223.0,212.0,193.0,178.0,175.0,173.0,176.0,206.0,218.0,228.0,272.0,304.0,303.0,294.0,278.0,262.0,244.0,246.0,256.0,287.0,298.0,304.0,95.0,391.0,422.0,312.0,222.0,220.0,211.0,181.0,114.0,153.0,272.0,361.0,239.0,79.0,60.0,2209.0,304.0,173.0,131.0,260.0,224.0,260.0,211.0,2954.0,422.0,95.0,43.0,1125.0,448.0,1125.0,506.0,97.0,149.0,140.0,120.0,93.0,73.0,61.0,61.0,69.0,106.0,127.0,145.0,1247.0,2.0,1.0,32.0,5.0,98.0,7645.0,10.0,10.0,4.0,2.0,0.0
richardii_3428,4326,49.422757,-17.667906,POINT (969456.200641623 8041048.491123244),79,0,False,Coffea_richardii,187.0,227.0,222.0,211.0,192.0,176.0,174.0,172.0,175.0,205.0,217.0,227.0,272.0,303.0,303.0,294.0,278.0,262.0,244.0,245.0,255.0,286.0,298.0,304.0,95.0,391.0,410.0,303.0,215.0,210.0,201.0,173.0,111.0,150.0,276.0,353.0,238.0,79.0,60.0,2217.0,304.0,172.0,132.0,260.0,223.0,260.0,210.0,2888.0,410.0,95.0,43.0,1104.0,434.0,1104.0,485.0,96.0,147.0,139.0,119.0,93.0,72.0,61.0,61.0,68.0,105.0,127.0,144.0,1238.0,1.0,1.0,32.0,2.0,15.0,7726.0,10.0,10.0,16.0,2.0,0.0
richardii_3429,4326,49.43333,-17.7,POINT (970496.4866465975 8037462.6894503925),79,0,False,Coffea_richardii,187.0,227.0,222.0,211.0,192.0,176.0,174.0,173.0,175.0,206.0,217.0,226.0,270.0,303.0,302.0,293.0,277.0,261.0,243.0,245.0,254.0,286.0,297.0,303.0,95.0,391.0,414.0,306.0,218.0,214.0,205.0,176.0,112.0,150.0,275.0,354.0,238.0,79.0,60.0,2210.0,303.0,173.0,130.0,259.0,223.0,259.0,210.0,2910.0,414.0,95.0,43.0,1111.0,438.0,1111.0,493.0,95.0,147.0,138.0,119.0,92.0,72.0,61.0,61.0,68.0,106.0,126.0,143.0,1233.0,0.0,1.0,55.0,6.0,277.0,7692.0,10.0,10.0,16.0,2.0,0.0
richardii_3430,4326,49.45,-17.7,POINT (972268.542701771 8037420.838315336),79,0,False,Coffea_richardii,187.0,227.0,222.0,211.0,192.0,177.0,174.0,173.0,175.0,205.0,217.0,227.0,270.0,302.0,301.0,292.0,277.0,261.0,242.0,244.0,254.0,285.0,297.0,303.0,95.0,391.0,416.0,309.0,221.0,217.0,208.0,178.0,113.0,150.0,276.0,354.0,238.0,78.0,60.0,2207.0,303.0,173.0,130.0,259.0,222.0,259.0,210.0,2928.0,416.0,95.0,43.0,1116.0,441.0,1116.0,499.0,95.0,146.0,138.0,118.0,92.0,72.0,60.0,61.0,68.0,105.0,126.0,144.0,1231.0,0.0,1.0,33.0,4.0,297.0,7720.0,10.0,10.0,16.0,2.0,41.0
richardii_3431,4326,49.45833,-17.70305,POINT (973146.0317633711 8037061.5963748),79,0,False,Coffea_richardii,188.0,227.0,222.0,211.0,193.0,177.0,175.0,173.0,175.0,205.0,217.0,227.0,270.0,302.0,301.0,292.0,277.0,261.0,242.0,244.0,254.0,284.0,296.0,303.0,96.0,392.0,418.0,312.0,223.0,219.0,210.0,179.0,113.0,150.0,277.0,354.0,238.0,78.0,60.0,2193.0,303.0,173.0,130.0,259.0,222.0,259.0,210.0,2943.0,418.0,96.0,43.0,1122.0,442.0,1122.0,502.0,96.0,146.0,138.0,118.0,93.0,72.0,61.0,61.0,68.0,104.0,125.0,144.0,1231.0,0.0,1.0,50.0,5.0,147.0,7457.0,10.0,19.0,14.0,2.0,59.0
richardii_3432,4326,49.459444,-17.705556,POINT (973257.8605314721 8036780.852303771),79,0,False,Coffea_richardii,189.0,228.0,223.0,212.0,194.0,178.0,176.0,174.0,176.0,206.0,218.0,228.0,271.0,303.0,302.0,293.0,278.0,261.0,243.0,245.0,255.0,285.0,297.0,304.0,96.0,393.0,420.0,314.0,225.0,221.0,212.0,181.0,114.0,150.0,278.0,355.0,239.0,77.0,59.0,2197.0,304.0,174.0,130.0,260.0,223.0,260.0,211.0,2959.0,420.0,96.0,43.0,1127.0,445.0,1127.0,507.0,97.0,148.0,139.0,119.0,94.0,73.0,61.0,61.0,68.0,105.0,127.0,145.0,1243.0,1.0,1.0,31.0,5.0,180.0,7633.0,10.0,19.0,16.0,2.0,5.0
richardii_3433,4326,49.506512,-17.636398,POINT (978444.8855269325 8044332.1273346525),79,78,False,Coffea_richardii,,,,,,,,,,,,,,,,,,,,,,,,,,,,,,,,,,,,,,,,,,,,,,,,,,,,,,,,,,,,,,,,,,,,,,,,,,,,,25.0,,
richardii_3434,4326,49.551854,-17.665406,POINT (983189.349037017 8040998.838499),79,78,False,Coffea_richardii,,,,,,,,,,,,,,,,,,,,,,,,,,,,,,,,,,,,,,,,,,,,,,,,,,,,,,,,,,,,,,,,,,,,,,,,,,,,,25.0,,
richardii_3435,4326,49.555672,-17.626077,POINT (983700.7096328198 8045351.397982563),79,78,False,Coffea_richardii,,,,,,,,,,,,,,,,,,,,,,,,,,,,,,,,,,,,,,,,,,,,,,,,,,,,,,,,,,,,,,,,,,,,,,,,,,,,,25.0,,
richardii_3436,4326,49.583333,-16.916667,POINT (988515.7009830992 8123969.385441968),79,1,False,Coffea_richardii,193.0,227.0,224.0,214.0,195.0,179.0,180.0,179.0,182.0,208.0,220.0,227.0,265.0,297.0,293.0,287.0,273.0,257.0,242.0,241.0,249.0,279.0,292.0,296.0,96.0,418.0,444.0,426.0,290.0,277.0,269.0,209.0,131.0,138.0,267.0,395.0,237.0,70.0,59.0,2038.0,297.0,179.0,118.0,257.0,223.0,257.0,212.0,3360.0,444.0,96.0,43.0,1288.0,478.0,1288.0,609.0,96.0,142.0,133.0,117.0,92.0,72.0,64.0,63.0,69.0,103.0,125.0,138.0,1218.0,0.0,1.0,28.0,9.0,30.0,7857.0,1.0,19.0,13.0,,0.0
richardii_3437,4326,49.71666,-15.91666,POINT (1005339.8391760665 8234569.667968566),79,1,False,Coffea_richardii,190.0,226.0,223.0,213.0,194.0,180.0,177.0,176.0,182.0,205.0,219.0,226.0,279.0,309.0,306.0,299.0,284.0,267.0,252.0,253.0,260.0,294.0,302.0,309.0,81.0,349.0,369.0,293.0,178.0,187.0,177.0,146.0,96.0,113.0,242.0,346.0,242.0,83.0,62.0,2079.0,309.0,176.0,133.0,262.0,228.0,262.0,216.0,2577.0,369.0,81.0,47.0,1011.0,355.0,1011.0,419.0,100.0,150.0,141.0,124.0,97.0,76.0,65.0,65.0,73.0,110.0,131.0,147.0,1284.0,19.0,1.0,34.0,4.0,231.0,7726.0,,21.0,16.0,2.0,9.0
richardii_3438,4326,49.866667,-15.3,POINT (1023011.6072809633 8302620.8030133825),79,0,False,Coffea_richardii,149.0,188.0,188.0,178.0,160.0,146.0,140.0,138.0,139.0,165.0,180.0,189.0,251.0,284.0,282.0,274.0,262.0,245.0,217.0,219.0,230.0,271.0,279.0,283.0,66.0,317.0,314.0,234.0,136.0,136.0,141.0,123.0,77.0,111.0,239.0,318.0,210.0,94.0,64.0,2259.0,284.0,138.0,146.0,232.0,193.0,232.0,180.0,2212.0,318.0,66.0,51.0,865.0,311.0,865.0,341.0,75.0,110.0,107.0,94.0,77.0,62.0,49.0,49.0,54.0,83.0,98.0,108.0,974.0,9.0,1.0,621.0,15.0,180.0,7277.0,10.0,9.0,14.0,2.0,100.0
richardii_3439,4326,49.86667,-15.3,POINT (1023011.9303583587 8302620.795754407),79,0,False,Coffea_richardii,149.0,188.0,188.0,178.0,160.0,146.0,140.0,138.0,139.0,165.0,180.0,189.0,251.0,284.0,282.0,274.0,262.0,245.0,217.0,219.0,230.0,271.0,279.0,283.0,66.0,317.0,314.0,234.0,136.0,136.0,141.0,123.0,77.0,111.0,239.0,318.0,210.0,94.0,64.0,2259.0,284.0,138.0,146.0,232.0,193.0,232.0,180.0,2212.0,318.0,66.0,51.0,865.0,311.0,865.0,341.0,75.0,110.0,107.0,94.0,77.0,62.0,49.0,49.0,54.0,83.0,98.0,108.0,974.0,9.0,1.0,621.0,15.0,180.0,7277.0,10.0,9.0,14.0,2.0,100.0
richardii_3440,4326,49.990556,-14.112778,POINT (1039275.2577874459 8434063.747020287),79,0,False,Coffea_richardii,191.0,224.0,222.0,216.0,200.0,183.0,177.0,176.0,181.0,206.0,217.0,223.0,282.0,308.0,304.0,300.0,290.0,278.0,262.0,262.0,271.0,294.0,303.0,306.0,77.0,224.0,211.0,162.0,92.0,95.0,110.0,124.0,67.0,95.0,180.0,256.0,244.0,87.0,65.0,1792.0,308.0,176.0,132.0,262.0,231.0,262.0,221.0,1693.0,256.0,67.0,44.0,597.0,286.0,597.0,301.0,101.0,146.0,138.0,126.0,104.0,83.0,70.0,69.0,78.0,111.0,129.0,141.0,1302.0,64.0,4.0,106.0,6.0,177.0,7588.0,10.0,10.0,16.0,1.0,2.0
richardii_3441,4326,50.0,-14.1,POINT (1040328.305517196 8435459.9292005),79,0,False,Coffea_richardii,187.0,220.0,219.0,213.0,196.0,179.0,173.0,172.0,176.0,201.0,213.0,219.0,279.0,305.0,301.0,297.0,287.0,275.0,259.0,259.0,267.0,291.0,300.0,303.0,77.0,223.0,210.0,155.0,90.0,94.0,108.0,121.0,66.0,97.0,184.0,253.0,241.0,87.0,66.0,1808.0,305.0,172.0,133.0,259.0,227.0,259.0,217.0,1678.0,253.0,66.0,44.0,588.0,284.0,588.0,295.0,98.0,140.0,134.0,122.0,100.0,81.0,68.0,67.0,75.0,106.0,125.0,135.0,1256.0,51.0,4.0,69.0,5.0,240.0,7673.0,10.0,10.0,16.0,1.0,22.0
richardii_3442,4326,50.007222,-14.100833,POINT (1041108.5474184861 8435350.805197896),79,0,False,Coffea_richardii,182.0,216.0,215.0,209.0,192.0,175.0,169.0,167.0,172.0,197.0,209.0,215.0,276.0,302.0,298.0,295.0,284.0,272.0,255.0,255.0,264.0,289.0,297.0,300.0,75.0,222.0,210.0,150.0,89.0,93.0,106.0,119.0,65.0,99.0,187.0,251.0,237.0,89.0,65.0,1835.0,302.0,167.0,135.0,255.0,224.0,255.0,213.0,1666.0,251.0,65.0,45.0,582.0,283.0,582.0,290.0,94.0,135.0,129.0,118.0,97.0,78.0,65.0,64.0,72.0,103.0,120.0,130.0,1213.0,40.0,4.0,244.0,9.0,150.0,7596.0,10.0,6.0,14.0,1.0,17.0
richardii_3443,4326,50.016389,-14.101111,POINT (1042100.7731690232 8435298.740363352),79,0,False,Coffea_richardii,182.0,216.0,214.0,208.0,192.0,174.0,169.0,167.0,172.0,197.0,209.0,214.0,275.0,302.0,298.0,294.0,284.0,272.0,254.0,254.0,264.0,288.0,297.0,300.0,76.0,221.0,209.0,149.0,90.0,93.0,107.0,119.0,66.0,98.0,187.0,250.0,237.0,89.0,65.0,1836.0,302.0,167.0,135.0,255.0,223.0,255.0,213.0,1665.0,250.0,66.0,44.0,579.0,283.0,579.0,292.0,94.0,135.0,128.0,117.0,97.0,78.0,65.0,64.0,73.0,102.0,120.0,130.0,1209.0,38.0,4.0,297.0,9.0,341.0,8098.0,10.0,6.0,14.0,1.0,74.0
richardii_3444,4326,50.03972,-14.10777,POINT (1044611.9442610986 8434505.57675879),79,0,False,Coffea_richardii,185.0,219.0,217.0,211.0,194.0,177.0,172.0,170.0,174.0,200.0,211.0,217.0,277.0,304.0,299.0,295.0,285.0,273.0,257.0,257.0,264.0,289.0,299.0,301.0,77.0,218.0,209.0,155.0,91.0,95.0,110.0,123.0,67.0,97.0,181.0,249.0,239.0,87.0,65.0,1823.0,304.0,170.0,134.0,257.0,225.0,257.0,215.0,1672.0,249.0,67.0,43.0,582.0,287.0,582.0,300.0,96.0,139.0,131.0,120.0,98.0,79.0,67.0,66.0,73.0,104.0,123.0,132.0,1234.0,41.0,4.0,206.0,20.0,187.0,6815.0,10.0,6.0,14.0,1.0,74.0
richardii_3445,4326,50.041667,-14.101389,POINT (1044838.0523195444 8435209.185751595),79,0,False,Coffea_richardii,184.0,218.0,216.0,211.0,194.0,177.0,171.0,170.0,173.0,199.0,210.0,217.0,276.0,303.0,299.0,295.0,285.0,273.0,257.0,256.0,264.0,289.0,298.0,301.0,77.0,218.0,208.0,153.0,91.0,95.0,109.0,123.0,67.0,97.0,183.0,248.0,239.0,88.0,66.0,1821.0,303.0,170.0,133.0,257.0,225.0,257.0,215.0,1669.0,248.0,67.0,43.0,579.0,287.0,579.0,299.0,95.0,137.0,130.0,120.0,98.0,79.0,67.0,66.0,72.0,104.0,121.0,133.0,1228.0,40.0,4.0,261.0,13.0,7.0,8107.0,10.0,6.0,14.0,1.0,87.0
richardii_3446,4326,50.042222,-14.108333,POINT (1044881.596650799 8434437.26987867),79,0,False,Coffea_richardii,185.0,219.0,217.0,211.0,194.0,177.0,172.0,170.0,174.0,200.0,211.0,217.0,277.0,304.0,299.0,295.0,285.0,273.0,257.0,257.0,264.0,289.0,299.0,301.0,77.0,218.0,209.0,155.0,91.0,95.0,110.0,123.0,67.0,97.0,181.0,249.0,239.0,87.0,65.0,1823.0,304.0,170.0,134.0,257.0,225.0,257.0,215.0,1672.0,249.0,67.0,43.0,582.0,287.0,582.0,300.0,96.0,139.0,131.0,120.0,98.0,79.0,67.0,66.0,73.0,104.0,123.0,132.0,1234.0,41.0,4.0,206.0,20.0,187.0,6815.0,10.0,6.0,14.0,1.0,74.0
tetragona_3606,4326,44.315803,-18.033509,POINT (427581.40448936203 8005973.284074227),79,0,False,Coffea_tetragona,212.0,232.0,225.0,222.0,186.0,166.0,168.0,178.0,193.0,223.0,226.0,227.0,315.0,314.0,314.0,317.0,305.0,287.0,284.0,293.0,305.0,322.0,324.0,313.0,26.0,290.0,175.0,41.0,7.0,2.0,4.0,5.0,9.0,81.0,208.0,361.0,256.0,102.0,65.0,1879.0,324.0,166.0,158.0,268.0,229.0,272.0,229.0,1209.0,361.0,2.0,124.0,677.0,11.0,650.0,11.0,144.0,162.0,151.0,145.0,101.0,73.0,70.0,81.0,101.0,144.0,156.0,152.0,1484.0,687.0,8.0,86.0,3.0,355.0,7783.0,9.0,18.0,6.0,8.0,0.0
tetragona_3607,4326,44.31583,-18.03361,POINT (427584.3037171829 8005962.119704753),79,0,False,Coffea_tetragona,212.0,232.0,225.0,222.0,186.0,166.0,168.0,178.0,193.0,223.0,226.0,227.0,315.0,314.0,314.0,317.0,305.0,287.0,284.0,293.0,305.0,322.0,324.0,313.0,26.0,290.0,175.0,41.0,7.0,2.0,4.0,5.0,9.0,81.0,208.0,361.0,256.0,102.0,65.0,1879.0,324.0,166.0,158.0,268.0,229.0,272.0,229.0,1209.0,361.0,2.0,124.0,677.0,11.0,650.0,11.0,144.0,162.0,151.0,145.0,101.0,73.0,70.0,81.0,101.0,144.0,156.0,152.0,1484.0,687.0,8.0,86.0,3.0,355.0,7783.0,9.0,18.0,6.0,8.0,0.0
tetragona_3608,4326,44.324308,-18.035903,POINT (428482.61458970286 8005711.7127337),79,0,False,Coffea_tetragona,211.0,231.0,224.0,221.0,185.0,165.0,167.0,178.0,192.0,222.0,225.0,225.0,315.0,313.0,313.0,316.0,304.0,286.0,283.0,293.0,305.0,321.0,323.0,312.0,26.0,291.0,176.0,42.0,7.0,2.0,4.0,6.0,9.0,82.0,210.0,362.0,255.0,103.0,65.0,1866.0,323.0,165.0,158.0,267.0,228.0,271.0,228.0,1217.0,362.0,2.0,123.0,679.0,12.0,654.0,12.0,143.0,160.0,149.0,143.0,100.0,72.0,70.0,81.0,101.0,142.0,154.0,149.0,1469.0,677.0,8.0,98.0,2.0,223.0,7656.0,9.0,18.0,6.0,8.0,0.0
tetragona_3609,4326,44.32444,-18.03583,POINT (428496.55692883144 8005719.840669438),79,0,False,Coffea_tetragona,211.0,231.0,224.0,221.0,185.0,165.0,167.0,178.0,192.0,222.0,225.0,225.0,315.0,313.0,313.0,316.0,304.0,286.0,283.0,293.0,305.0,321.0,323.0,312.0,26.0,291.0,176.0,42.0,7.0,2.0,4.0,6.0,9.0,82.0,210.0,362.0,255.0,103.0,65.0,1866.0,323.0,165.0,158.0,267.0,228.0,271.0,228.0,1217.0,362.0,2.0,123.0,679.0,12.0,654.0,12.0,143.0,160.0,149.0,143.0,100.0,72.0,70.0,81.0,101.0,142.0,154.0,149.0,1469.0,677.0,8.0,98.0,2.0,223.0,7656.0,9.0,18.0,6.0,8.0,0.0
tetragona_3610,4326,44.497196,-18.032096,POINT (446780.9327773554 8006191.189642539),79,0,False,Coffea_tetragona,203.0,222.0,216.0,212.0,177.0,157.0,157.0,168.0,184.0,214.0,217.0,218.0,318.0,309.0,309.0,313.0,305.0,289.0,284.0,294.0,308.0,322.0,318.0,307.0,36.0,301.0,201.0,51.0,7.0,2.0,4.0,6.0,12.0,102.0,233.0,370.0,250.0,110.0,67.0,1783.0,322.0,157.0,165.0,262.0,224.0,266.0,224.0,1325.0,370.0,2.0,118.0,707.0,12.0,705.0,12.0,139.0,147.0,138.0,133.0,96.0,72.0,67.0,78.0,99.0,136.0,142.0,139.0,1392.0,603.0,8.0,229.0,2.0,10.0,7708.0,6.0,16.0,6.0,8.0,3.0
tetragona_3611,4326,44.50722,-18.04778,POINT (447846.5620615654 8004458.766966996),79,0,False,Coffea_tetragona,198.0,218.0,213.0,209.0,172.0,152.0,153.0,165.0,180.0,209.0,213.0,214.0,315.0,305.0,307.0,311.0,301.0,285.0,281.0,291.0,305.0,319.0,315.0,304.0,37.0,301.0,203.0,52.0,7.0,2.0,4.0,6.0,12.0,105.0,237.0,370.0,247.0,111.0,67.0,1799.0,319.0,152.0,167.0,262.0,221.0,262.0,221.0,1336.0,370.0,2.0,117.0,712.0,12.0,712.0,12.0,133.0,141.0,135.0,130.0,92.0,68.0,65.0,76.0,95.0,130.0,136.0,133.0,1339.0,567.0,8.0,259.0,8.0,208.0,7361.0,7.0,16.0,6.0,8.0,62.0
tetragona_3612,4326,44.507222,-18.047778,POINT (447846.77314645547 8004458.9888110105),79,0,False,Coffea_tetragona,198.0,218.0,213.0,209.0,172.0,152.0,153.0,165.0,180.0,209.0,213.0,214.0,315.0,305.0,307.0,311.0,301.0,285.0,281.0,291.0,305.0,319.0,315.0,304.0,37.0,301.0,203.0,52.0,7.0,2.0,4.0,6.0,12.0,105.0,237.0,370.0,247.0,111.0,67.0,1799.0,319.0,152.0,167.0,262.0,221.0,262.0,221.0,1336.0,370.0,2.0,117.0,712.0,12.0,712.0,12.0,133.0,141.0,135.0,130.0,92.0,68.0,65.0,76.0,95.0,130.0,136.0,133.0,1339.0,567.0,8.0,259.0,8.0,208.0,7361.0,7.0,16.0,6.0,8.0,62.0
tetragona_3613,4326,44.516667,-18.061111,POINT (448850.262265863 8002986.464598102),79,0,False,Coffea_tetragona,200.0,219.0,214.0,210.0,174.0,154.0,154.0,165.0,181.0,211.0,215.0,216.0,317.0,307.0,308.0,312.0,303.0,286.0,283.0,292.0,307.0,321.0,317.0,306.0,37.0,301.0,202.0,52.0,7.0,2.0,4.0,6.0,12.0,105.0,236.0,369.0,248.0,112.0,67.0,1814.0,321.0,154.0,167.0,264.0,222.0,264.0,222.0,1333.0,369.0,2.0,117.0,710.0,12.0,710.0,12.0,136.0,143.0,136.0,131.0,94.0,69.0,66.0,76.0,97.0,133.0,139.0,136.0,1362.0,580.0,8.0,243.0,4.0,231.0,7572.0,7.0,16.0,5.0,8.0,42.0
tetragona_3614,4326,47.78667,-15.03306,POINT (799644.7017545627 8336126.299508565),79,0,False,Coffea_tetragona,197.0,221.0,223.0,212.0,191.0,170.0,164.0,168.0,180.0,212.0,217.0,220.0,338.0,313.0,319.0,325.0,321.0,309.0,300.0,308.0,324.0,337.0,327.0,312.0,30.0,367.0,237.0,65.0,3.0,1.0,2.0,2.0,4.0,129.0,259.0,439.0,258.0,121.0,69.0,1488.0,338.0,164.0,174.0,266.0,236.0,270.0,236.0,1538.0,439.0,1.0,122.0,836.0,5.0,827.0,5.0,149.0,147.0,152.0,142.0,116.0,89.0,78.0,85.0,106.0,148.0,149.0,143.0,1510.0,681.0,8.0,201.0,5.0,98.0,7806.0,6.0,16.0,5.0,9.0,33.0
tetragona_3615,4326,47.866667,-21.033333,POINT (797956.022682552 7671486.503199329),79,0,False,Coffea_tetragona,162.0,200.0,195.0,182.0,152.0,135.0,131.0,134.0,143.0,183.0,193.0,202.0,271.0,293.0,286.0,277.0,262.0,245.0,230.0,235.0,248.0,287.0,294.0,294.0,58.0,372.0,413.0,166.0,105.0,120.0,106.0,104.0,78.0,178.0,279.0,436.0,218.0,100.0,61.0,2564.0,294.0,131.0,163.0,238.0,186.0,242.0,185.0,2415.0,436.0,58.0,67.0,951.0,288.0,893.0,330.0,90.0,124.0,113.0,97.0,71.0,54.0,46.0,49.0,58.0,97.0,112.0,123.0,1041.0,32.0,1.0,336.0,7.0,211.0,7237.0,10.0,10.0,16.0,3.0,9.0
tetragona_3616,4326,47.8675,-21.374722,POINT (797357.5000579713 7633666.384065246),79,0,False,Coffea_tetragona,176.0,213.0,209.0,196.0,164.0,147.0,143.0,147.0,157.0,196.0,206.0,215.0,275.0,300.0,293.0,285.0,269.0,254.0,240.0,244.0,255.0,289.0,299.0,300.0,70.0,387.0,393.0,142.0,85.0,97.0,102.0,106.0,78.0,173.0,222.0,386.0,228.0,94.0,60.0,2512.0,300.0,143.0,157.0,249.0,202.0,250.0,195.0,2241.0,393.0,70.0,68.0,922.0,284.0,781.0,305.0,97.0,137.0,125.0,107.0,76.0,59.0,50.0,53.0,63.0,103.0,122.0,135.0,1131.0,27.0,1.0,92.0,13.0,173.0,6717.0,10.0,11.0,16.0,3.0,16.0
tetragona_3617,4326,47.99,-13.77,POINT (823342.0013366424 8475700.793631122),79,0,False,Coffea_tetragona,208.0,227.0,228.0,223.0,207.0,194.0,183.0,185.0,194.0,219.0,224.0,227.0,307.0,302.0,308.0,310.0,302.0,292.0,286.0,288.0,298.0,310.0,307.0,301.0,60.0,398.0,275.0,111.0,35.0,18.0,14.0,20.0,25.0,169.0,310.0,475.0,255.0,91.0,71.0,1230.0,310.0,183.0,127.0,264.0,238.0,266.0,238.0,1910.0,475.0,14.0,102.0,954.0,52.0,784.0,52.0,130.0,142.0,146.0,139.0,115.0,95.0,82.0,85.0,99.0,131.0,137.0,139.0,1445.0,465.0,7.0,122.0,7.0,58.0,7938.0,6.0,18.0,7.0,10.0,72.0
tetragona_3618,4326,47.99889,-13.77222,POINT (824301.0935500936 8475442.996531986),79,0,False,Coffea_tetragona,204.0,224.0,225.0,219.0,204.0,191.0,180.0,182.0,191.0,216.0,221.0,224.0,305.0,299.0,306.0,308.0,300.0,290.0,284.0,286.0,296.0,308.0,305.0,299.0,58.0,396.0,276.0,110.0,34.0,18.0,14.0,19.0,24.0,168.0,311.0,471.0,252.0,92.0,71.0,1222.0,308.0,180.0,128.0,262.0,235.0,263.0,235.0,1899.0,471.0,14.0,103.0,950.0,51.0,782.0,51.0,126.0,137.0,141.0,134.0,112.0,93.0,80.0,83.0,96.0,127.0,133.0,135.0,1403.0,450.0,7.0,267.0,13.0,176.0,7291.0,6.0,18.0,14.0,10.0,96.0
tetragona_3619,4326,48.5,-13.78333,POINT (878529.3005786965 8473479.052998535),79,0,False,Coffea_tetragona,202.0,225.0,227.0,220.0,200.0,182.0,170.0,179.0,186.0,215.0,221.0,222.0,316.0,307.0,311.0,314.0,308.0,300.0,291.0,295.0,301.0,318.0,315.0,307.0,58.0,429.0,283.0,128.0,42.0,27.0,20.0,26.0,30.0,161.0,319.0,483.0,255.0,102.0,69.0,1387.0,318.0,170.0,148.0,263.0,236.0,267.0,236.0,2006.0,483.0,20.0,100.0,970.0,73.0,840.0,73.0,133.0,145.0,148.0,140.0,114.0,92.0,78.0,85.0,95.0,134.0,142.0,140.0,1451.0,409.0,7.0,55.0,4.0,111.0,7729.0,6.0,18.0,5.0,22.0,29.0
tetragona_3620,4326,48.80222,-13.79638,POINT (911233.0194181908 8471535.419926984),79,0,False,Coffea_tetragona,123.0,157.0,158.0,150.0,129.0,108.0,103.0,106.0,108.0,140.0,151.0,157.0,267.0,267.0,267.0,264.0,255.0,243.0,227.0,231.0,246.0,277.0,270.0,268.0,32.0,293.0,280.0,94.0,29.0,21.0,16.0,15.0,13.0,104.0,264.0,319.0,194.0,124.0,71.0,1854.0,277.0,103.0,174.0,210.0,170.0,210.0,169.0,1480.0,319.0,13.0,101.0,687.0,44.0,667.0,52.0,76.0,90.0,89.0,82.0,68.0,54.0,47.0,49.0,55.0,80.0,85.0,89.0,869.0,226.0,6.0,1128.0,34.0,267.0,7295.0,10.0,9.0,14.0,22.0,96.0
tsirananae_3690,4326,47.863972,-21.382389,POINT (796975.9344399704 7632823.713043112),79,0,False,Coffea_tsirananae,173.0,210.0,206.0,192.0,161.0,144.0,140.0,144.0,154.0,193.0,203.0,212.0,273.0,297.0,291.0,283.0,267.0,251.0,237.0,242.0,253.0,288.0,296.0,297.0,69.0,390.0,396.0,148.0,90.0,101.0,103.0,105.0,78.0,172.0,232.0,392.0,225.0,95.0,60.0,2510.0,297.0,140.0,157.0,246.0,195.0,248.0,193.0,2276.0,396.0,69.0,68.0,934.0,286.0,796.0,309.0,95.0,133.0,122.0,104.0,75.0,57.0,49.0,52.0,62.0,102.0,118.0,131.0,1104.0,26.0,1.0,201.0,15.0,48.0,7777.0,10.0,11.0,16.0,3.0,0.0
tsirananae_3691,4326,49.086389,-12.923056,POINT (943610.5519767608 8567830.90029506),79,0,False,Coffea_tsirananae,209.0,227.0,230.0,224.0,211.0,191.0,183.0,187.0,195.0,222.0,224.0,226.0,317.0,309.0,312.0,314.0,311.0,304.0,292.0,295.0,305.0,323.0,319.0,307.0,29.0,392.0,263.0,104.0,19.0,19.0,17.0,17.0,14.0,88.0,255.0,416.0,259.0,98.0,70.0,1254.0,323.0,183.0,140.0,265.0,242.0,270.0,242.0,1633.0,416.0,14.0,112.0,837.0,48.0,759.0,53.0,138.0,148.0,151.0,143.0,125.0,100.0,85.0,89.0,104.0,145.0,148.0,142.0,1523.0,625.0,8.0,134.0,9.0,233.0,7686.0,7.0,22.0,5.0,13.0,13.0
tsirananae_3692,4326,49.093889,-12.921389,POINT (944428.9510579077 8568002.632460257),79,0,False,Coffea_tsirananae,209.0,228.0,230.0,224.0,211.0,192.0,183.0,188.0,195.0,223.0,225.0,227.0,317.0,309.0,312.0,313.0,311.0,304.0,293.0,296.0,305.0,323.0,319.0,307.0,29.0,390.0,261.0,104.0,19.0,19.0,18.0,17.0,14.0,86.0,254.0,415.0,260.0,97.0,69.0,1239.0,323.0,183.0,140.0,266.0,243.0,270.0,242.0,1626.0,415.0,14.0,112.0,834.0,49.0,755.0,54.0,138.0,149.0,151.0,142.0,125.0,101.0,85.0,90.0,103.0,146.0,149.0,143.0,1528.0,628.0,8.0,100.0,2.0,189.0,7877.0,7.0,22.0,2.0,13.0,26.0
tsirananae_3693,4326,49.116667,-12.916667,POINT (946913.9830070704 8568486.291150538),79,0,False,Coffea_tsirananae,207.0,226.0,228.0,223.0,209.0,190.0,182.0,186.0,193.0,221.0,223.0,225.0,316.0,308.0,310.0,313.0,310.0,303.0,291.0,294.0,304.0,322.0,318.0,306.0,29.0,386.0,259.0,104.0,19.0,19.0,18.0,17.0,14.0,86.0,253.0,410.0,258.0,98.0,70.0,1248.0,322.0,182.0,140.0,264.0,241.0,269.0,241.0,1614.0,410.0,14.0,111.0,825.0,49.0,749.0,54.0,136.0,146.0,147.0,141.0,122.0,99.0,84.0,88.0,102.0,143.0,146.0,141.0,1501.0,613.0,8.0,145.0,5.0,60.0,7944.0,7.0,22.0,5.0,13.0,7.0
tsirananae_3694,4326,49.133333,-12.9,POINT (948755.9469311959 8570304.558604289),79,0,False,Coffea_tsirananae,205.0,225.0,226.0,221.0,207.0,188.0,181.0,184.0,191.0,218.0,221.0,223.0,313.0,307.0,309.0,310.0,307.0,301.0,289.0,291.0,301.0,319.0,316.0,305.0,28.0,376.0,255.0,104.0,19.0,19.0,19.0,17.0,14.0,84.0,250.0,401.0,256.0,98.0,71.0,1250.0,319.0,181.0,138.0,263.0,239.0,267.0,239.0,1586.0,401.0,14.0,110.0,805.0,50.0,735.0,55.0,132.0,144.0,144.0,137.0,119.0,97.0,83.0,86.0,99.0,138.0,142.0,138.0,1465.0,590.0,8.0,181.0,5.0,4.0,8033.0,7.0,22.0,2.0,12.0,0.0
tsirananae_3695,4326,49.15,-12.233333,POINT (951735.0036611798 8644173.615044871),79,77,False,Coffea_tsirananae,,,,,,,,,,,,,,,,,,,,,,,,,,,,,,,,,,,,,,,,,,,,,,,,,,,,,,,,,,,,,,,,,,,,,,,,,,,,23.0,25.0,,
tsirananae_3696,4326,49.166667,-12.233333,POINT (953552.1656945965 8644145.619727332),79,0,False,Coffea_tsirananae,223.0,241.0,240.0,239.0,231.0,217.0,207.0,207.0,212.0,234.0,239.0,240.0,302.0,317.0,312.0,312.0,312.0,296.0,290.0,290.0,291.0,312.0,322.0,311.0,17.0,293.0,181.0,61.0,17.0,23.0,21.0,20.0,11.0,48.0,165.0,327.0,266.0,78.0,67.0,1228.0,322.0,207.0,115.0,272.0,249.0,276.0,249.0,1184.0,327.0,11.0,114.0,637.0,52.0,535.0,52.0,135.0,170.0,160.0,155.0,143.0,112.0,98.0,97.0,104.0,146.0,167.0,160.0,1653.0,778.0,9.0,15.0,3.0,190.0,7822.0,7.0,23.0,6.0,12.0,0.0
tsirananae_3697,4326,49.201725,-12.347115,POINT (957177.3163527008 8631473.27732848),79,0,False,Coffea_tsirananae,223.0,240.0,240.0,239.0,231.0,216.0,206.0,206.0,212.0,234.0,240.0,240.0,304.0,318.0,313.0,314.0,314.0,298.0,292.0,292.0,294.0,314.0,324.0,312.0,18.0,303.0,185.0,61.0,16.0,22.0,21.0,20.0,11.0,52.0,172.0,335.0,267.0,80.0,67.0,1230.0,324.0,206.0,118.0,272.0,250.0,277.0,250.0,1216.0,335.0,11.0,115.0,656.0,52.0,549.0,52.0,137.0,170.0,162.0,158.0,145.0,113.0,98.0,98.0,106.0,148.0,170.0,161.0,1670.0,784.0,8.0,51.0,8.0,26.0,8001.0,7.0,23.0,7.0,12.0,0.0
tsirananae_3698,4326,49.21111,-12.17833,POINT (958492.770916003 8650167.71906347),79,0,False,Coffea_tsirananae,216.0,234.0,234.0,233.0,225.0,210.0,200.0,201.0,205.0,226.0,234.0,234.0,296.0,312.0,307.0,307.0,306.0,290.0,283.0,284.0,285.0,306.0,316.0,306.0,16.0,283.0,178.0,61.0,16.0,22.0,22.0,20.0,11.0,46.0,162.0,318.0,260.0,78.0,67.0,1264.0,316.0,200.0,116.0,266.0,243.0,271.0,243.0,1155.0,318.0,11.0,114.0,617.0,53.0,522.0,53.0,125.0,157.0,149.0,145.0,132.0,104.0,90.0,91.0,96.0,133.0,155.0,149.0,1533.0,707.0,8.0,82.0,13.0,272.0,7765.0,6.0,23.0,5.0,12.0,17.0
tsirananae_3699,4326,49.218611,-12.165556,POINT (959332.8350570735 8651571.060893547),79,0,False,Coffea_tsirananae,219.0,236.0,237.0,235.0,228.0,213.0,204.0,203.0,208.0,230.0,236.0,236.0,297.0,313.0,309.0,308.0,309.0,292.0,286.0,286.0,286.0,308.0,319.0,308.0,16.0,282.0,176.0,60.0,16.0,22.0,22.0,20.0,11.0,46.0,161.0,316.0,262.0,78.0,67.0,1250.0,319.0,203.0,116.0,268.0,245.0,273.0,245.0,1148.0,316.0,11.0,114.0,614.0,53.0,518.0,53.0,128.0,160.0,154.0,147.0,138.0,107.0,94.0,93.0,98.0,138.0,160.0,153.0,1576.0,735.0,8.0,91.0,4.0,239.0,7837.0,6.0,23.0,6.0,12.0,4.0
tsirananae_3700,4326,49.219958,-12.50737,POINT (958882.377205497 8613676.766727574),79,0,False,Coffea_tsirananae,167.0,191.0,193.0,188.0,174.0,157.0,153.0,154.0,158.0,180.0,187.0,192.0,270.0,278.0,279.0,276.0,269.0,261.0,247.0,248.0,258.0,279.0,280.0,276.0,22.0,287.0,221.0,99.0,21.0,20.0,29.0,22.0,14.0,65.0,217.0,321.0,221.0,93.0,73.0,1376.0,280.0,153.0,127.0,229.0,203.0,234.0,203.0,1338.0,321.0,14.0,103.0,630.0,65.0,607.0,65.0,88.0,105.0,105.0,97.0,84.0,71.0,62.0,62.0,70.0,92.0,99.0,103.0,1042.0,338.0,7.0,731.0,6.0,189.0,8019.0,9.0,8.0,7.0,1.0,47.0
tsirananae_3701,4326,49.220055,-12.254734,POINT (959336.040209731 8641682.768303737),79,77,False,Coffea_tsirananae,,,,,,,,,,,,,,,,,,,,,,,,,,,,,,,,,,,,,,,,,,,,,,,,,,,,,,,,,,,,,,,,,,,,,,,,,,,,23.0,25.0,,
tsirananae_3702,4326,49.25,-12.25,POINT (962609.1747068497 8642156.25813164),79,0,False,Coffea_tsirananae,221.0,238.0,238.0,238.0,230.0,215.0,205.0,205.0,210.0,231.0,238.0,239.0,300.0,316.0,311.0,312.0,311.0,294.0,288.0,289.0,289.0,310.0,321.0,310.0,16.0,289.0,176.0,58.0,15.0,22.0,21.0,20.0,11.0,47.0,162.0,321.0,264.0,78.0,67.0,1254.0,321.0,205.0,116.0,270.0,247.0,275.0,247.0,1158.0,321.0,11.0,115.0,626.0,52.0,523.0,52.0,132.0,166.0,157.0,154.0,141.0,109.0,95.0,96.0,101.0,141.0,164.0,158.0,1621.0,767.0,9.0,52.0,1.0,41.0,7932.0,9.0,17.0,6.0,12.0,0.0
tsirananae_3703,4326,49.25,-12.266667,POINT (962580.020670874 8640308.56629311),79,0,False,Coffea_tsirananae,220.0,238.0,237.0,237.0,230.0,215.0,204.0,204.0,209.0,231.0,238.0,238.0,300.0,316.0,310.0,311.0,311.0,295.0,289.0,289.0,289.0,310.0,321.0,310.0,16.0,291.0,177.0,57.0,15.0,22.0,21.0,20.0,11.0,47.0,163.0,323.0,264.0,79.0,67.0,1247.0,321.0,204.0,117.0,270.0,247.0,274.0,247.0,1163.0,323.0,11.0,115.0,630.0,52.0,525.0,52.0,131.0,166.0,155.0,152.0,141.0,110.0,95.0,95.0,101.0,141.0,164.0,157.0,1615.0,764.0,9.0,67.0,1.0,10.0,7936.0,7.0,17.0,6.0,12.0,0.0
tsirananae_3704,4326,49.251149,-12.267834,POINT (962703.2476591539 8640177.215098938),79,0,False,Coffea_tsirananae,220.0,238.0,237.0,237.0,230.0,215.0,204.0,204.0,209.0,231.0,238.0,238.0,300.0,316.0,310.0,311.0,311.0,295.0,289.0,289.0,289.0,310.0,321.0,310.0,16.0,291.0,177.0,57.0,15.0,22.0,21.0,20.0,11.0,47.0,163.0,323.0,264.0,79.0,67.0,1247.0,321.0,204.0,117.0,270.0,247.0,274.0,247.0,1163.0,323.0,11.0,115.0,630.0,52.0,525.0,52.0,131.0,166.0,155.0,152.0,141.0,110.0,95.0,95.0,101.0,141.0,164.0,157.0,1615.0,764.0,9.0,67.0,1.0,10.0,7936.0,7.0,17.0,6.0,12.0,0.0
tsirananae_3705,4326,49.251716,-12.382886,POINT (962562.6489019138 8627421.601399792),79,0,False,Coffea_tsirananae,213.0,232.0,232.0,230.0,222.0,206.0,197.0,196.0,203.0,225.0,231.0,232.0,299.0,312.0,308.0,308.0,308.0,293.0,285.0,285.0,288.0,309.0,318.0,307.0,17.0,301.0,188.0,63.0,14.0,21.0,22.0,19.0,11.0,52.0,177.0,334.0,259.0,83.0,68.0,1271.0,318.0,196.0,122.0,265.0,242.0,270.0,242.0,1219.0,334.0,11.0,115.0,652.0,52.0,552.0,52.0,125.0,155.0,149.0,143.0,132.0,103.0,90.0,89.0,97.0,135.0,154.0,148.0,1525.0,698.0,8.0,83.0,4.0,290.0,7884.0,9.0,8.0,7.0,1.0,9.0
tsirananae_3706,4326,49.266346,-12.314212,POINT (964278.4639289188 8635009.46026732),79,0,False,Coffea_tsirananae,222.0,240.0,239.0,239.0,231.0,216.0,206.0,206.0,211.0,233.0,240.0,239.0,302.0,317.0,312.0,313.0,314.0,297.0,291.0,291.0,291.0,313.0,324.0,312.0,17.0,294.0,177.0,57.0,15.0,22.0,21.0,20.0,11.0,49.0,165.0,326.0,266.0,79.0,67.0,1251.0,324.0,206.0,118.0,272.0,249.0,276.0,249.0,1174.0,326.0,11.0,115.0,637.0,52.0,540.0,52.0,135.0,169.0,159.0,156.0,145.0,112.0,98.0,97.0,103.0,146.0,170.0,160.0,1655.0,789.0,9.0,51.0,1.0,132.0,7898.0,1.0,4.0,6.0,1.0,0.0
tsirananae_3707,4326,49.281018,-12.403209,POINT (965719.7549195476 8625117.42829332),79,0,False,Coffea_tsirananae,208.0,228.0,228.0,225.0,216.0,200.0,192.0,192.0,197.0,220.0,226.0,228.0,296.0,308.0,305.0,305.0,304.0,290.0,281.0,281.0,285.0,306.0,313.0,304.0,18.0,297.0,191.0,68.0,14.0,21.0,23.0,20.0,11.0,52.0,181.0,332.0,255.0,84.0,70.0,1280.0,313.0,192.0,121.0,262.0,238.0,266.0,238.0,1228.0,332.0,11.0,113.0,647.0,54.0,556.0,54.0,120.0,148.0,142.0,136.0,124.0,98.0,85.0,85.0,93.0,129.0,144.0,142.0,1451.0,646.0,8.0,184.0,3.0,313.0,7969.0,9.0,8.0,7.0,1.0,3.0
tsirananae_3708,4326,49.286155,-12.355806,POINT (966363.9915189231 8630363.731884366),79,0,False,Coffea_tsirananae,219.0,237.0,237.0,234.0,228.0,212.0,202.0,202.0,208.0,230.0,236.0,237.0,301.0,316.0,311.0,311.0,312.0,295.0,289.0,289.0,290.0,312.0,322.0,311.0,17.0,297.0,180.0,55.0,14.0,22.0,21.0,19.0,11.0,51.0,170.0,329.0,264.0,81.0,67.0,1269.0,322.0,202.0,120.0,270.0,246.0,274.0,246.0,1186.0,329.0,11.0,116.0,643.0,51.0,550.0,51.0,131.0,165.0,156.0,149.0,140.0,108.0,94.0,94.0,101.0,142.0,163.0,157.0,1606.0,753.0,8.0,113.0,3.0,40.0,7977.0,9.0,23.0,6.0,1.0,0.0
tsirananae_3709,4326,49.297935,-12.30587,POINT (967736.7949204224 8635879.310895983),79,0,False,Coffea_tsirananae,221.0,238.0,238.0,237.0,231.0,215.0,204.0,204.0,210.0,232.0,239.0,238.0,301.0,317.0,312.0,312.0,313.0,296.0,289.0,290.0,290.0,312.0,323.0,311.0,17.0,291.0,176.0,55.0,14.0,22.0,20.0,20.0,11.0,48.0,164.0,323.0,265.0,79.0,67.0,1273.0,323.0,204.0,119.0,271.0,247.0,275.0,247.0,1161.0,323.0,11.0,116.0,631.0,51.0,535.0,51.0,133.0,167.0,158.0,153.0,144.0,111.0,95.0,96.0,102.0,144.0,168.0,158.0,1633.0,778.0,9.0,66.0,1.0,290.0,7918.0,9.0,4.0,13.0,1.0,0.0
tsirananae_3710,4326,49.299349,-12.17709,POINT (968118.5360298271 8650154.135006022),79,6,False,Coffea_tsirananae,223.0,241.0,241.0,240.0,233.0,219.0,209.0,208.0,213.0,234.0,241.0,241.0,300.0,318.0,312.0,313.0,312.0,296.0,290.0,289.0,290.0,311.0,322.0,312.0,17.0,276.0,170.0,60.0,18.0,25.0,23.0,22.0,12.0,46.0,158.0,310.0,267.0,76.0,67.0,1245.0,322.0,208.0,114.0,272.0,249.0,277.0,249.0,1137.0,310.0,12.0,112.0,603.0,57.0,506.0,57.0,133.0,171.0,162.0,158.0,145.0,114.0,99.0,97.0,104.0,145.0,169.0,162.0,1663.0,786.0,9.0,,,,,,4.0,25.0,12.0,
tsirananae_3711,4326,49.322106,-12.239535,POINT (970490.0001921058 8643191.472560259),79,78,False,Coffea_tsirananae,,,,,,,,,,,,,,,,,,,,,,,,,,,,,,,,,,,,,,,,,,,,,,,,,,,,,,,,,,,,,,,,,,,,,,,,,,,,,25.0,,
tsirananae_3712,4326,49.322727,-12.338667,POINT (970380.8853054564 8632199.716197923),79,0,False,Coffea_tsirananae,221.0,239.0,238.0,238.0,231.0,215.0,205.0,205.0,210.0,232.0,239.0,239.0,302.0,317.0,312.0,313.0,314.0,297.0,291.0,291.0,291.0,312.0,323.0,312.0,18.0,290.0,176.0,58.0,15.0,23.0,22.0,21.0,12.0,50.0,167.0,322.0,266.0,80.0,68.0,1249.0,323.0,205.0,118.0,271.0,248.0,276.0,248.0,1174.0,322.0,12.0,114.0,630.0,55.0,524.0,55.0,134.0,168.0,158.0,155.0,145.0,111.0,97.0,97.0,102.0,144.0,168.0,160.0,1645.0,771.0,9.0,40.0,5.0,295.0,7956.0,7.0,23.0,6.0,1.0,0.0
tsirananae_3713,4326,49.322867,-12.37262,POINT (970335.2553443364 8628435.124171881),79,0,False,Coffea_tsirananae,201.0,222.0,221.0,219.0,210.0,193.0,186.0,185.0,191.0,214.0,219.0,222.0,291.0,304.0,300.0,299.0,297.0,285.0,274.0,274.0,279.0,300.0,306.0,299.0,18.0,287.0,190.0,74.0,16.0,20.0,25.0,21.0,12.0,51.0,183.0,321.0,249.0,85.0,70.0,1303.0,306.0,185.0,121.0,256.0,231.0,260.0,231.0,1218.0,321.0,12.0,110.0,626.0,58.0,551.0,58.0,112.0,139.0,133.0,127.0,115.0,92.0,80.0,79.0,87.0,120.0,133.0,133.0,1356.0,579.0,8.0,281.0,11.0,62.0,7842.0,6.0,20.0,6.0,1.0,1.0
tsirananae_3714,4326,49.333392,-12.276174,POINT (971655.3476471183 8639109.547239406),79,78,False,Coffea_tsirananae,,,,,,,,,,,,,,,,,,,,,,,,,,,,,,,,,,,,,,,,,,,,,,,,,,,,,,,,,,,,,,,,,,,,,,,,,,,,,25.0,,
tsirananae_3715,4326,49.336944,-12.3225,POINT (971959.6525379058 8633967.094771545),79,0,False,Coffea_tsirananae,214.0,232.0,232.0,231.0,224.0,207.0,199.0,198.0,203.0,226.0,233.0,233.0,297.0,312.0,307.0,307.0,308.0,292.0,285.0,284.0,286.0,308.0,317.0,307.0,17.0,287.0,178.0,60.0,15.0,22.0,22.0,20.0,11.0,49.0,169.0,319.0,260.0,81.0,68.0,1272.0,317.0,198.0,119.0,265.0,242.0,270.0,242.0,1169.0,319.0,11.0,114.0,623.0,53.0,537.0,53.0,125.0,155.0,148.0,143.0,133.0,103.0,91.0,89.0,96.0,135.0,155.0,149.0,1527.0,703.0,8.0,155.0,15.0,249.0,7621.0,6.0,23.0,7.0,1.0,34.0
tsirananae_3716,4326,49.3375,-12.323889,POINT (972017.7710497924 8633812.113639003),79,0,False,Coffea_tsirananae,208.0,228.0,228.0,226.0,218.0,202.0,193.0,193.0,199.0,221.0,228.0,228.0,294.0,308.0,304.0,304.0,303.0,289.0,280.0,280.0,283.0,304.0,313.0,304.0,17.0,284.0,181.0,65.0,16.0,22.0,24.0,21.0,12.0,50.0,173.0,318.0,255.0,82.0,69.0,1285.0,313.0,193.0,120.0,261.0,238.0,266.0,238.0,1183.0,318.0,12.0,111.0,619.0,57.0,530.0,57.0,118.0,148.0,141.0,136.0,125.0,99.0,85.0,85.0,93.0,128.0,146.0,142.0,1451.0,645.0,8.0,299.0,18.0,123.0,7208.0,5.0,23.0,5.0,1.0,40.0
tsirananae_3717,4326,49.340235,-12.302029,POINT (972355.1505723498 8636230.935855007),79,6,False,Coffea_tsirananae,224.0,242.0,242.0,241.0,233.0,218.0,208.0,208.0,213.0,236.0,241.0,242.0,303.0,319.0,314.0,315.0,314.0,299.0,292.0,292.0,292.0,314.0,324.0,314.0,18.0,283.0,172.0,60.0,17.0,24.0,23.0,22.0,13.0,49.0,165.0,316.0,268.0,78.0,67.0,1258.0,324.0,208.0,116.0,274.0,250.0,278.0,250.0,1162.0,316.0,13.0,112.0,617.0,58.0,515.0,58.0,137.0,174.0,165.0,161.0,147.0,115.0,99.0,99.0,105.0,150.0,171.0,165.0,1693.0,796.0,9.0,,,,,7.0,4.0,25.0,,
tsirananae_3718,4326,49.352042,-12.383784,POINT (973494.9223408515 8627145.654388934),79,0,False,Coffea_tsirananae,205.0,226.0,226.0,224.0,215.0,198.0,191.0,191.0,196.0,218.0,225.0,226.0,293.0,307.0,303.0,303.0,301.0,288.0,279.0,279.0,283.0,304.0,311.0,303.0,18.0,286.0,186.0,70.0,16.0,22.0,25.0,21.0,12.0,51.0,180.0,320.0,253.0,84.0,70.0,1281.0,311.0,191.0,120.0,260.0,236.0,264.0,236.0,1207.0,320.0,12.0,110.0,624.0,58.0,542.0,58.0,116.0,145.0,139.0,134.0,121.0,96.0,84.0,84.0,91.0,126.0,142.0,139.0,1422.0,620.0,8.0,255.0,11.0,36.0,8066.0,6.0,20.0,7.0,1.0,2.0
tsirananae_3719,4326,49.35305,-12.37361,POINT (973623.1924143073 8628271.887355782),79,0,False,Coffea_tsirananae,205.0,225.0,225.0,223.0,213.0,197.0,190.0,189.0,194.0,217.0,224.0,225.0,292.0,306.0,302.0,302.0,300.0,287.0,278.0,278.0,281.0,302.0,310.0,302.0,18.0,285.0,186.0,71.0,16.0,21.0,25.0,22.0,12.0,51.0,180.0,319.0,252.0,84.0,69.0,1293.0,310.0,189.0,121.0,259.0,235.0,263.0,235.0,1206.0,319.0,12.0,110.0,622.0,59.0,542.0,59.0,115.0,143.0,137.0,132.0,119.0,95.0,83.0,83.0,89.0,123.0,140.0,138.0,1404.0,607.0,8.0,250.0,14.0,331.0,8092.0,6.0,20.0,5.0,1.0,47.0
tsirananae_3720,4326,49.353056,-12.373611,POINT (973623.8445715362 8628271.765814653),79,0,False,Coffea_tsirananae,205.0,225.0,225.0,223.0,213.0,197.0,190.0,189.0,194.0,217.0,224.0,225.0,292.0,306.0,302.0,302.0,300.0,287.0,278.0,278.0,281.0,302.0,310.0,302.0,18.0,285.0,186.0,71.0,16.0,21.0,25.0,22.0,12.0,51.0,180.0,319.0,252.0,84.0,69.0,1293.0,310.0,189.0,121.0,259.0,235.0,263.0,235.0,1206.0,319.0,12.0,110.0,622.0,59.0,542.0,59.0,115.0,143.0,137.0,132.0,119.0,95.0,83.0,83.0,89.0,123.0,140.0,138.0,1404.0,607.0,8.0,250.0,14.0,331.0,8092.0,6.0,20.0,5.0,1.0,47.0
tsirananae_3721,4326,49.355849,-12.251702,POINT (974147.8238659615 8641783.286370104),79,0,False,Coffea_tsirananae,219.0,236.0,236.0,235.0,229.0,213.0,204.0,204.0,208.0,230.0,237.0,238.0,298.0,315.0,309.0,310.0,311.0,294.0,287.0,288.0,287.0,309.0,320.0,310.0,17.0,277.0,170.0,58.0,16.0,23.0,23.0,22.0,12.0,47.0,161.0,310.0,263.0,79.0,68.0,1254.0,320.0,204.0,116.0,269.0,246.0,274.0,246.0,1136.0,310.0,12.0,112.0,604.0,57.0,518.0,57.0,129.0,162.0,153.0,149.0,140.0,108.0,94.0,95.0,99.0,139.0,162.0,157.0,1594.0,741.0,9.0,79.0,2.0,108.0,7900.0,7.0,16.0,6.0,1.0,0.0
tsirananae_3722,4326,49.35805,-12.35083,POINT (974209.3759546173 8630788.703325663),79,0,False,Coffea_tsirananae,207.0,226.0,226.0,224.0,215.0,200.0,192.0,191.0,197.0,219.0,225.0,226.0,293.0,307.0,303.0,303.0,301.0,288.0,279.0,279.0,282.0,303.0,311.0,302.0,18.0,282.0,183.0,68.0,16.0,21.0,25.0,22.0,12.0,51.0,177.0,317.0,254.0,83.0,69.0,1260.0,311.0,191.0,120.0,260.0,236.0,264.0,236.0,1192.0,317.0,12.0,110.0,617.0,59.0,533.0,59.0,117.0,145.0,139.0,134.0,121.0,97.0,85.0,84.0,91.0,126.0,142.0,138.0,1424.0,625.0,8.0,160.0,11.0,284.0,7929.0,6.0,20.0,5.0,1.0,55.0
tsirananae_3723,4326,49.358333,-12.366667,POINT (974211.5802193963 8629032.287675096),79,0,False,Coffea_tsirananae,199.0,221.0,221.0,217.0,208.0,191.0,185.0,184.0,190.0,211.0,218.0,220.0,289.0,303.0,299.0,298.0,296.0,284.0,273.0,273.0,278.0,299.0,305.0,298.0,18.0,280.0,188.0,76.0,17.0,21.0,27.0,22.0,13.0,52.0,183.0,315.0,248.0,85.0,70.0,1300.0,305.0,184.0,121.0,255.0,230.0,259.0,230.0,1212.0,315.0,13.0,108.0,613.0,62.0,544.0,62.0,110.0,138.0,132.0,125.0,113.0,91.0,79.0,79.0,86.0,117.0,131.0,131.0,1337.0,558.0,8.0,178.0,22.0,257.0,7175.0,6.0,20.0,5.0,1.0,46.0
tsirananae_3724,4326,49.366667,-12.366667,POINT (975119.9734525975 8629017.445573822),79,0,False,Coffea_tsirananae,204.0,225.0,225.0,222.0,213.0,197.0,190.0,189.0,194.0,217.0,223.0,224.0,291.0,307.0,303.0,301.0,300.0,287.0,278.0,278.0,281.0,302.0,310.0,301.0,18.0,281.0,184.0,70.0,16.0,22.0,25.0,22.0,12.0,51.0,179.0,316.0,252.0,84.0,69.0,1286.0,310.0,189.0,121.0,258.0,235.0,263.0,235.0,1196.0,316.0,12.0,110.0,615.0,59.0,535.0,59.0,114.0,144.0,138.0,130.0,119.0,95.0,84.0,83.0,89.0,123.0,139.0,136.0,1400.0,605.0,8.0,225.0,15.0,134.0,7613.0,5.0,23.0,5.0,1.0,65.0
tsirananae_3725,4326,49.370555,-12.051886,POINT (976107.9081917845 8663911.926439818),79,78,False,Coffea_tsirananae,,,,,,,,,,,,,,,,,,,,,,,,,,,,,,,,,,,,,,,,,,,,,,,,,,,,,,,,,,,,,,,,,,,,,,,,,,,,,25.0,,
tsirananae_3726,4326,49.371244,-12.226533,POINT (975871.8191408159 8644546.725111166),79,6,False,Coffea_tsirananae,224.0,241.0,241.0,240.0,234.0,218.0,209.0,208.0,213.0,235.0,242.0,241.0,301.0,318.0,313.0,313.0,314.0,297.0,291.0,291.0,290.0,312.0,324.0,312.0,18.0,274.0,168.0,60.0,18.0,25.0,24.0,23.0,13.0,47.0,161.0,307.0,267.0,77.0,66.0,1252.0,324.0,208.0,116.0,272.0,250.0,277.0,250.0,1138.0,307.0,13.0,110.0,599.0,60.0,502.0,60.0,135.0,171.0,163.0,158.0,148.0,113.0,99.0,99.0,103.0,147.0,172.0,162.0,1676.0,789.0,9.0,,,,,2.0,,25.0,1.0,
tsirananae_3727,4326,49.389809,-12.366895,POINT (977642.0487593433 8628950.801429057),79,0,False,Coffea_tsirananae,205.0,225.0,225.0,223.0,214.0,198.0,190.0,190.0,195.0,218.0,224.0,225.0,293.0,306.0,303.0,302.0,301.0,288.0,278.0,278.0,282.0,302.0,310.0,302.0,19.0,280.0,183.0,71.0,17.0,22.0,26.0,23.0,13.0,51.0,180.0,314.0,253.0,84.0,70.0,1275.0,310.0,190.0,120.0,259.0,235.0,264.0,235.0,1199.0,314.0,13.0,109.0,613.0,62.0,534.0,62.0,116.0,143.0,138.0,132.0,120.0,96.0,83.0,83.0,90.0,124.0,140.0,137.0,1410.0,607.0,8.0,263.0,12.0,291.0,7963.0,5.0,23.0,5.0,1.0,55.0
tsirananae_3728,4326,49.397008,-12.255726,POINT (978628.8604573454 8641264.21378152),79,8,False,Coffea_tsirananae,224.0,241.0,241.0,240.0,234.0,218.0,208.0,208.0,212.0,235.0,241.0,241.0,302.0,318.0,313.0,313.0,314.0,298.0,291.0,291.0,291.0,312.0,324.0,313.0,18.0,273.0,168.0,62.0,19.0,26.0,24.0,24.0,13.0,48.0,162.0,306.0,267.0,78.0,67.0,1251.0,324.0,208.0,116.0,273.0,250.0,277.0,250.0,1143.0,306.0,13.0,109.0,597.0,61.0,503.0,61.0,136.0,171.0,163.0,158.0,148.0,114.0,99.0,99.0,103.0,147.0,171.0,163.0,1677.0,782.0,9.0,,,,,,,25.0,,
vatovavyensis_3729,4326,47.866667,-21.383333,POINT (797253.6520891015 7632714.03380194),79,0,False,Coffea_vatovavyensis,178.0,215.0,210.0,197.0,166.0,148.0,145.0,149.0,159.0,197.0,208.0,217.0,276.0,300.0,294.0,286.0,270.0,255.0,241.0,246.0,257.0,290.0,300.0,301.0,71.0,386.0,392.0,140.0,84.0,95.0,101.0,106.0,77.0,172.0,218.0,382.0,229.0,93.0,60.0,2493.0,301.0,145.0,156.0,250.0,204.0,252.0,197.0,2224.0,392.0,71.0,68.0,918.0,280.0,772.0,302.0,98.0,138.0,126.0,107.0,77.0,59.0,51.0,54.0,64.0,104.0,124.0,137.0,1145.0,27.0,1.0,78.0,6.0,11.0,7706.0,10.0,11.0,16.0,3.0,0.0
vatovavyensis_3730,4326,47.933333,-21.4,POINT (804136.3625319668 7630739.814647073),79,0,False,Coffea_vatovavyensis,170.0,207.0,203.0,189.0,159.0,141.0,137.0,141.0,151.0,189.0,200.0,209.0,267.0,292.0,286.0,277.0,262.0,246.0,231.0,236.0,247.0,283.0,291.0,293.0,69.0,384.0,397.0,160.0,105.0,115.0,111.0,110.0,81.0,171.0,238.0,388.0,221.0,92.0,59.0,2525.0,293.0,137.0,156.0,242.0,190.0,244.0,188.0,2329.0,397.0,69.0,64.0,941.0,302.0,797.0,336.0,92.0,128.0,118.0,100.0,73.0,56.0,47.0,50.0,60.0,97.0,114.0,126.0,1067.0,23.0,1.0,211.0,18.0,347.0,8061.0,10.0,11.0,16.0,3.0,18.0
vianneyi_3732,4326,47.863972,-21.382389,POINT (796975.9344399704 7632823.713043112),79,0,False,Coffea_vianneyi,173.0,210.0,206.0,192.0,161.0,144.0,140.0,144.0,154.0,193.0,203.0,212.0,273.0,297.0,291.0,283.0,267.0,251.0,237.0,242.0,253.0,288.0,296.0,297.0,69.0,390.0,396.0,148.0,90.0,101.0,103.0,105.0,78.0,172.0,232.0,392.0,225.0,95.0,60.0,2510.0,297.0,140.0,157.0,246.0,195.0,248.0,193.0,2276.0,396.0,69.0,68.0,934.0,286.0,796.0,309.0,95.0,133.0,122.0,104.0,75.0,57.0,49.0,52.0,62.0,102.0,118.0,131.0,1104.0,26.0,1.0,201.0,15.0,48.0,7777.0,10.0,11.0,16.0,3.0,0.0
vianneyi_3733,4326,47.866667,-21.383333,POINT (797253.6520891015 7632714.03380194),79,0,False,Coffea_vianneyi,178.0,215.0,210.0,197.0,166.0,148.0,145.0,149.0,159.0,197.0,208.0,217.0,276.0,300.0,294.0,286.0,270.0,255.0,241.0,246.0,257.0,290.0,300.0,301.0,71.0,386.0,392.0,140.0,84.0,95.0,101.0,106.0,77.0,172.0,218.0,382.0,229.0,93.0,60.0,2493.0,301.0,145.0,156.0,250.0,204.0,252.0,197.0,2224.0,392.0,71.0,68.0,918.0,280.0,772.0,302.0,98.0,138.0,126.0,107.0,77.0,59.0,51.0,54.0,64.0,104.0,124.0,137.0,1145.0,27.0,1.0,78.0,6.0,11.0,7706.0,10.0,11.0,16.0,3.0,0.0
vianneyi_3734,4326,47.867861,-21.377889,POINT (797388.5523752098 7633314.85921484),79,0,False,Coffea_vianneyi,176.0,213.0,209.0,196.0,164.0,147.0,143.0,147.0,157.0,196.0,206.0,215.0,275.0,300.0,293.0,285.0,269.0,254.0,240.0,244.0,255.0,289.0,299.0,300.0,70.0,387.0,393.0,142.0,85.0,97.0,102.0,106.0,78.0,173.0,222.0,386.0,228.0,94.0,60.0,2512.0,300.0,143.0,157.0,249.0,202.0,250.0,195.0,2241.0,393.0,70.0,68.0,922.0,284.0,781.0,305.0,97.0,137.0,125.0,107.0,76.0,59.0,50.0,53.0,63.0,103.0,122.0,135.0,1131.0,27.0,1.0,92.0,13.0,173.0,6717.0,10.0,11.0,16.0,3.0,16.0
